ACCESSNO,ACQVALUE,APPNOTES,APPRAISOR,AUTHORX,CALLNO,CAPTION,CATBY,CATDATE,CLASSES,COLLECTION,CONDDATE,CONDEXAM,CONDITION,CONDNOTES,CONTROLNO,COPYNO,CREATOR,CREDIT,CURVALMAX,CURVALUE,DATASET,DATE,DESCRIP,DISPVALUE,EARLYDATE,EDITION,EVENT,EXHIBITNO,EXHLABEL1,EXHLABEL2,EXHLABEL3,EXHLABEL4,EXHSTART,FLAGDATE,FLAGNOTES,FLAGREASON,GPARENT,HOMELOC,IMAGENO,INSCOMP,INSDATE,INSPHONE,INSPREMIUM,INSREP,INSVALUE,INVNBY,INVNDATE,ISBN,ISSN,LANGUAGE,LATDEG,LATEDATE,LCCN,LEGAL,LOANCOND,LOANDUE,LOANINNO,LOANNO,LOCFIELD1,LOCFIELD2,LOCFIELD3,LOCFIELD4,LOCFIELD5,LOCFIELD6,LONGDEG,MAINTCYCLE,MAINTDATE,MAINTNOTE,NOTES,OBJECTID,OBJNAME,OBJNAME2,OBJNAME3,OBJNAMES,OLDNO,OTHERNO,PARENT,PEOPLE,PHYSDESC,POLICYNO,PROVENANCE,PUBLISHER,PUBNOTES,PUBPLACE,RECAS,RECDATE,RECFROM,RELNOTES,SERIES,SERIESX,SITE,SITENO,SITESADDED,SPINELBL,STATUS,STATUSBY,STATUSDATE,STERMS,SUBJECTS,TEMPAUTHOR,TEMPBY,TEMPDATE,TEMPLOC,TEMPNOTES,TEMPREASON,TEMPUNTIL,TITLE,TITLEX,TLOCFIELD1,TLOCFIELD2,TLOCFIELD3,TLOCFIELD4,TLOCFIELD5,TLOCFIELD6,UDF1,UDF10,UDF11,UDF12,UDF13,UDF14,UDF15,UDF16,UDF17,UDF18,UDF19,UDF2,UDF20,UDF21,UDF22,UDF3,UDF4,UDF5,UDF6,UDF7,UDF8,UDF9,UPDATED,UPDATEDBY,VALUEDATE,WEBINCLUDE
B1,0,,,,,,pes,2001-10-14 00:00:00,,Osborne Homestead Museum,/ /,,Good,,,1,"Stall,Sylvanus",,0,0,,1901,,,1901,,,0,,,,,/ /,/ / : : AM,,,8: Communication Artifact,living room case by front frenchdoors,0,,/ /,,,,0,,/ /,,,,0,0,,,,/ /,,0,,,,,,,0,,/ /,,,B1,book,,,,,,Documentary Artifact,,284 p.,,,Vir,,Philadelphia,,,,,self and sex,,,,,,Shelf,,/ /,,"sexual health, male physical health, male",,,/ /,,,,,What a Man of Forty-five Ought to Know,,,,,,,,,,,,0,0,0,0,0,/ /,/ /,,/ /,,,,,,,,,,2001-10-14 14:29:00,,/ /,.F.
B2,0,,,,,,pes,2001-10-14 00:00:00,,Osborne Homestead Museum,/ /,,Good,,,1,Aristophanes,,0,0,,n.d.,,,0,,,0,,,,,/ /,/ / : : AM,,,8: Communication Artifact,living room case by front frenchdoors,0,,/ /,,,,0,,/ /,,,,0,0,,,,/ /,,0,,,,,,,0,,/ /,,,B2,book,,,,,,Documentary Artifact,,281 p.,,,E.P. Dutton,,New York,,,,,,,,,,,Shelf,,/ /,,"drama, greek",,,/ /,,,,,"The Archanians, the Knights,and the Birds",,,,,,,,,,,,0,0,0,0,0,/ /,/ /,,/ /,,,,,,,,,,2001-10-14 14:28:00,,/ /,.F.
B3,0,,,,,,pes,2001-10-14 00:00:00,,Osborne Homestead Museum Collection,/ /,,Good,,,1,"Kobbe,Gustav",,0,0,,1932,,,1932,,,0,,,,,/ /,/ / : : AM,,,8: Communication Artifact,living room case by front frenchdoors,0,,/ /,,,,0,,/ /,,,,0,0,,,,/ /,,0,,,,,,,0,,/ /,,,B3,book,,,,,,Documentary Artifact,,211 p.,,,G. Schrimer,,New York,,,,,,,,,,,Shelf,,/ /,,"opera, german",,,/ /,,,,,Wagner's Music-dramas Analysed,"with the leading motives Nibelung, Tristan, Mastersingers, Parsifal",,,,,,,,,,,0,0,0,0,0,/ /,/ /,,/ /,,,,,,,,,,2023-04-08 15:18:00,Unknown,/ /,.F.
B4,0,,,,,,pes,2001-10-14 00:00:00,,Osborne Homestead Museum,/ /,,Good,,,1,"Balesier, Charles W.",,0,0,,1884,,,1884,,,0,,,,,/ /,/ / : : AM,,,8: Communication Artifact,living room case by front frenchdoors,0,,/ /,,,,0,,/ /,,,,0,0,,,,/ /,,0,,,,,,,0,,/ /,,,B4,book,,,,,,Documentary Artifact,,296 p.,,,R. Worthington,,New York,,,,,,,,,,,Shelf,,/ /,,"biography, political",,,/ /,,,,,James G. Blaine: A Sketch of His Life,with a brief record of the life of John Logan,,,,,,,,,,,0,0,0,0,0,/ /,/ /,,/ /,,,,,,,,,,2001-10-14 14:27:00,,/ /,.F.
OHM B5,0,,,,,,pes,2001-10-14 00:00:00,,Osborne Homestead Museum,/ /,,Good,,,0,"Lippmann, Walter",,0,0,,1914,,,1914,,,0,,,,,/ /,/ / : : AM,,,8: Communication Artifact,living room case by front frenchdoors,0,,/ /,,,,0,,/ /,,,,0,0,,,,/ /,,0,,,,,,,0,,/ /,,,OHM B5,book,,,,,,Documentary Artifact,,334 p.,,,Mit chell Kennerley,,New York,,,,,,,,,,,Shelf,,/ /,,Politics,,,/ /,,,,,Drift & Mastery,an Attempt to Diagnose the Current Unrest,,,,,,,,,,,0,0,0,0,0,/ /,/ /,,/ /,,,,,,,,,,2007-06-01 13:07:00,Unknown,/ /,.F.
OHM B6,0,,,,,,,2001-10-14 00:00:00,,Osborne Homestead Museum,/ /,,Good,,,0,"Huneker, James",,0,0,,1913,,,1913,,,0,,,,,/ /,/ / : : AM,,,8: Communication Artifact,Living room case by front frenchdoors,0,,/ /,,,,0,,/ /,,,,0,0,,,,/ /,,0,,,,,,,0,,/ /,,,OHM B6,book,,,,,,Documentary Artifact,,195 p.,,,Theodore Presser,,Philadelphia,,,,,,,,,,,Shelf,,/ /,,"Music, essays",,,/ /,,,,,Old Fogy: His Musical Opinions and Grotesques,,,,,,,,,,,,0,0,0,0,0,/ /,/ /,,/ /,,,,,,,,,,2006-05-19 12:35:00,,/ /,.F.
OHM B7,0,,,,,,pes,2001-10-14 00:00:00,,Osborne Homestead Museum,/ /,,Good,,,0,"Doyle, Arthur Conan",,0,0,,1919,,,1919,,,0,,,,,/ /,/ / : : AM,,,8: Communication Artifact,livingroom case by front frenchdoors,0,,/ /,,,,0,,/ /,,,,0,0,,,,/ /,,0,,,,,,,0,,/ /,,,OHM B7,book,,,,,,Documentary Artifact,,160 p.,,,George H. Doran,,New York,,,,,,,,,,,Shelf,,/ /,,"civilization, future",,,/ /,,,,,The Vital Message,,,,,,,,,,,,0,0,0,0,0,/ /,/ /,,/ /,,,,,,,,,,2006-05-19 12:29:00,,/ /,.F.
OHM B8,0,,,,,,pe,2001-10-14 00:00:00,,Osborne Homestead Museum,/ /,,Good,,,0,,,0,0,,1921,,,1921,,,0,,,,,/ /,/ / : : AM,,,8: Communication Artifact,"left bookcase in living room, row 3",0,,/ /,,,,0,,/ /,,,,0,0,,,,/ /,,0,,,,,,,0,,/ /,,,OHM B8,Book,,,,,,Documentary Artifact,,928 p.,,,Porter E. Sargent,,Boston,,,,,Sargent's Handbook Series,,,,,,Shelf,,/ /,,"travel, new england history, new england",,,/ /,,,,,"A Handbook of New England, 1921",,,,,,,,,,,,0,0,0,0,0,/ /,/ /,,/ /,,,,,,,,,,2010-07-11 12:52:00,Unknown,/ /,.F.
OHM B9,0,,,,,,pes,2001-10-14 00:00:00,,Osborne Homestead Museum,/ /,,Good,,,0,"Higginson, Thomas Wentworth",,0,0,,1898,,,1898,,,0,,,,,/ /,/ / : : AM,,,8: Communication Artifact,livingroom case by front frenchdoors,0,,/ /,,,,0,,/ /,,,,0,0,,,,/ /,,0,,,,,,,0,,/ /,,,OHM B9,book,,,,,,Documentary Artifact,,364 p.,,,Riverside Press,,Boston,,,,,,,,,,,Shelf,,/ /,,memoirs,,,/ /,,,,,Cheerful Yesterdays,,,,,,,,,,,,0,0,0,0,0,/ /,/ /,,/ /,,,,,,,,,,2006-05-19 14:00:00,,/ /,.F.
B10,0,,,,,,pes,2001-10-18 00:00:00,,Osborne Homestead Museum,/ /,,Good,,,1,Automobile Association,,0,0,,1950,,,1950,,,0,,,,,/ /,/ / : : AM,,,8: Communication Artifact,case in living room by front french doors,0,,/ /,,,,0,,/ /,,,,0,0,,,,/ /,,0,,,,,,,0,,/ /,,,B10,book,,,,,,Documentary Artifact,,60 p.,,,The Automobile Association,,London,,,,,,,,,,,Shelf,,/ /,,"England, road travel Wales, road travel",,,/ /,,,,,Road Book of England & Wales,"With gazetter, itineraries, maps and town plans",,,,,,,,,,,0,0,0,0,0,/ /,/ /,,/ /,,,,,,,,,,2001-10-18 10:04:00,,/ /,.F.
B11,0,,,,,,pes,2001-10-18 00:00:00,,Osborne Homestead Museum,/ /,,Good,,,1,"Schauffler, Robert Haven",,0,0,,1942,,,1942,,,0,,,,,/ /,/ / : : AM,,,8: Communication Artifact,living room case by front frenchdoors,0,,/ /,,,,0,,/ /,,,,0,0,,,,/ /,,0,,,,,,,0,,/ /,,,B11,book,,,,,,Documentary Artifact,,156 p.,,,Henry Holt,,New York,,,,,,,,,,,Shelf,,/ /,,fiction,,,/ /,,,,,Fiddler's Folly and Encores,,,,,,,,,,,,0,0,0,0,0,/ /,/ /,,/ /,,,,,,,,,,2001-10-18 10:11:00,,/ /,.F.
B12,0,,,,,,pes,2001-10-18 00:00:00,,Osborne Homestead Museum,/ /,,Good,,,1,"Leacock, Stephen",,0,0,,1922,,,1922,,,0,,,,,/ /,/ / : : AM,,,8: Communication Artifact,living room case by front frenchdoors,0,,/ /,,,,0,,/ /,,,,0,0,,,,/ /,,0,,,,,,,0,,/ /,,,B12,book,,,,,,Documentary Artifact,,264 p.,,,"Dodd, Mead",,New York,,,,,,,,,,,Shelf,,/ /,,"England, travel",,,/ /,,,,,My Discovery of England,,,,,,,,,,,,0,0,0,0,0,/ /,/ /,,/ /,,,,,,,,,,2001-10-18 10:16:00,,/ /,.F.
B13,0,,,,,,pes,2001-10-18 00:00:00,,Osborne Homestead Museum,/ /,,Good,,,1,"Beebe, William",,0,0,,1927,,,1927,,,0,,,,,/ /,/ / : : AM,,,8: Communication Artifact,living room case by front frenchdoors,0,,/ /,,,,0,,/ /,,,,0,0,,,,/ /,,0,,,,,,,0,,/ /,,,B13,book,,,,,,Documentary Artifact,,248 p.,,,G.P.Putnam,,New York,,,,,,,,,,,Shelf,,/ /,,"Far East, travel",,,/ /,,,,,Pheasant Jungles,,,,,,,,,,,,0,0,0,0,0,/ /,/ /,,/ /,,,,,,,,,,2001-10-18 10:20:00,,/ /,.F.
B14,0,,,,,,pes,2001-10-18 00:00:00,,Osborne Homestead Museum,/ /,,Good,,,1,"Graham, Winifred",,0,0,,n.d.,,,0,4th edition,,0,,,,,/ /,/ / : : AM,,,8: Communication Artifact,living room case by front frenchdoors,0,,/ /,,,,0,,/ /,,,,0,0,,,,/ /,,0,,,,,,,0,,/ /,,,B14,book,,,,,,Documentary Artifact,,140 p.,,,Hutchinson and Co.,,London,,,,,,,,,,,Shelf,,/ /,,spiritualism,,,/ /,,,,,My Letters from Heaven,Being messages from the unseen world given in automatic writing by Robert George Graham,,,,,,,,,,,0,0,0,0,0,/ /,/ /,,/ /,,,,,,,,,,2001-10-18 10:28:00,,/ /,.F.
B15,0,,,,,,pes,2001-10-18 00:00:00,,Osborne Homestead Museum,/ /,,Good,,,1,"De Vere, M. Schele",,0,0,,1871,,,1871,3rd. edition,,0,,,,,/ /,/ / : : AM,,,8: Communication Artifact,living room case by front frenchdoors,0,,/ /,,,,0,,/ /,,,,0,0,,,,/ /,,0,,,,,,,0,,/ /,,,B15,book,,,,,,Documentary Artifact,,365 p.,,,Charles Scribner & Co.,,New York,,,,,,,,,,,Shelf,,/ /,,"language, English",,,/ /,,,,,Studies in English,Glimpses of the inner life of our language,,,,,,,,,,,0,0,0,0,0,/ /,/ /,,/ /,,,,,,,,,,2001-10-18 10:33:00,,/ /,.F.
OHM B16,0,,,,,,pes,2001-10-18 00:00:00,,Osborne Homestead Museum,/ /,,Good,,,1,"Northend, Mary H.",,0,0,,1912,,,1912,,,0,,,,,/ /,/ / : : AM,,,8: Communication Artifact,livingroom case by front frenchdoors,0,,/ /,,,,0,,/ /,,,,0,0,,,,/ /,,0,,,,,,,0,,/ /,,,OHM B16,book,,,,,,Documentary Artifact,,252 p.,,,"Little, Brown",,Boston,,,,,,,,,,,Shelf,,/ /,,"Architecture, Colonial Furnishings, Colonial",,,/ /,,,,,Colonial Homes and their Furnishings,,,,,,,,,,,,0,0,0,0,0,/ /,/ /,,/ /,,,,,,,,,,2006-05-19 14:02:00,,/ /,.F.
B17,0,,,,,,pes,2001-10-18 00:00:00,,Osborne Homestead Museum,/ /,,Good,,,1,"Eberlein, Harold D. and McClure, Abbot",,0,0,,1927,,,1927,,,0,,,,,/ /,/ / : : AM,,,8: Communication Artifact,LIBRARY Case 8 Row 2,0,,/ /,,,,0,,/ /,,,,0,0,,,,/ /,,0,,,,,,,0,,/ /,,Chapter on early lace by Mabel Foster Bainbridge Chapter on sandwich glass by Lenore Wheeler Williams,B17,book,,,,,,Documentary Artifact,,390 p.,,,Halcyon House,,New York,,,,,,,,,,,Shelf,,/ /,,"furnishing, American antiques, American",,,/ /,,,,,The Practical Book of American Antiques,,,,,,,,,,,,0,0,0,0,0,/ /,/ /,,/ /,,,,,,,,,,2010-07-11 13:44:00,Unknown,/ /,.F.
B18,0,,,,,,pes,2001-10-18 00:00:00,,Osborne Homestead Museum,/ /,,Good,,,1,"Holloway, Edward Stratton",,0,0,,1937,,,1937,,,0,,,,,/ /,/ / : : AM,,,8: Communication Artifact,LIBRARY Case 8 Row 2,0,,/ /,,,,0,,/ /,,,,0,0,,,,/ /,,0,,,,,,,0,,/ /,,,B18,book,,,,,,Documentary Artifact,,200 p.,,,Halcyon House,,New York,,,,,,,,,,,Shelf,,/ /,,"furnishings, Federal furnishings, Colonial furnishings, American",,,/ /,,,,,The Practical Book of American Furniture and Decoration: Colonial & Federal,,,,,,,,,,,,0,0,0,0,0,/ /,/ /,,/ /,,,,,,,,,,2010-07-11 13:46:00,Unknown,/ /,.F.
OHM B19,0,,,,,,pes,2001-10-18 00:00:00,,Osborne Homestead Museum Collection,/ /,,Good,,,1,"Singleton, Esther and Sturgis, Russell",,0,0,,1913,,,1913,,,0,,,,,/ /,/ / : : AM,,,8: Communication Artifact,livingroom case by front frenchdoors,0,,/ /,,,,0,,/ /,,,,0,0,,,,/ /,,0,,,,,,,0,,/ /,,,OHM B19,book,,,,,,Documentary Artifact,,664 p.,,,,,New York,,,,,,,,,,,Shelf,,/ /,,"furnishings, American furnishings, Colonial furnishings, Federal",,,/ /,,,,,The Furniture of Our Forefathers,,,,,,,,,,,,0,0,0,0,0,/ /,/ /,,/ /,,,,,,,,,,2023-04-08 15:23:00,Unknown,/ /,.F.
B20,0,,,,,,pes,2001-10-18 00:00:00,,Osborne Homestead Museum,/ /,,Good,,,0,"Rose, Mary Swartz",,0,0,,1926,,,1926,revised edition from c1924,,0,,,,,/ /,/ / : : AM,,,8: Communication Artifact,livingroom case by front frenchdoors,0,,/ /,,,,0,,/ /,,,,0,0,,,,/ /,,0,,,,,,,0,,/ /,,,B20,book,,,,,,Documentary Artifact,,487 p.,,,Macmillan,,New York,,,,,,,,,,,Shelf,,/ /,,nutrition recipes menus,,,/ /,,,,,Feeding the Family,,,,,,,,,,,,0,0,0,0,0,/ /,/ /,,/ /,,,,,,,,,,2001-10-18 11:09:00,,/ /,.F.
B21,0,,,,,,pes,2001-10-18 00:00:00,,Osborne Homestead Museum Collection,/ /,,Good,,,1,"Snaith, J.C.",,0,0,,1924,,,1924,,,0,,,,,/ /,/ / : : AM,,,8: Communication Artifact,living room case by front frenchdoors,0,,/ /,,,,0,,/ /,,,,0,0,,,,/ /,,0,,,,,,,0,,/ /,,,B21,book,,,,,,Documentary Artifact,,374 p.,,,D. Appleton,,New York,,,,,,,,,,,Shelf,,/ /,,fiction,,,/ /,,,,,There is a Tide,,,,,,,,,,,,0,0,0,0,0,/ /,/ /,,/ /,,,,,,,,,,2023-04-08 15:18:00,Unknown,/ /,.F.
OHM B22,0,,,,,,pes,2001-10-18 00:00:00,,Osborne Homestead Museum,/ /,,Poor,badly waterstained,,1,"Crabb, George",,0,0,,1917,,,1917,,,0,,,,,/ /,/ / : : AM,,,8: Communication Artifact,livingroom case by front frenchdoors,0,,/ /,,,,0,,/ /,,,,0,0,,,,/ /,,0,,,,,,,0,,/ /,,Inroduction by John H. Finley,OHM B22,book,,,,,,Documentary Artifact,,717 p.,,,Grosset and Dunlap,,New York,,,,,,,,,,,Shelf,,/ /,,"language, English synonymes",,,/ /,,,,,Crabb's English Synonymes,,,,,,,,,,,,0,0,0,0,0,/ /,/ /,,/ /,,,,,,,,,,2006-05-19 12:43:00,,/ /,.F.
OHM B23,0,,,,,,pes,2001-10-18 00:00:00,,Osborne Homestead Museum,/ /,,Fair,,,1,"Keetels, Jean Gustave",,0,0,,1869,,,1869,,,0,,,,,/ /,/ / : : AM,,,8: Communication Artifact,livingroom case by front frenchdoors,0,,/ /,,,,0,,/ /,,,,0,0,,,,/ /,,0,,,,,,,0,,/ /,,"signed by Frances Eliza Osborne, Ansonia, Conn., Oct. 15, 1897 spine is missing",OHM B23,book,,,,,,Documentary Artifact,,192 p.,,,Sheldon & Co.,,New York,,,,,Progressive French Series,,,,,,Shelf,,/ /,,"language, French",,,/ /,,,,,Oral Method with French in Three Parts,,,,,,,,,,,,0,0,0,0,0,/ /,/ /,,/ /,,,,,,,,,,2006-05-19 12:42:00,,/ /,.F.
B24,0,,,,,,pes,2001-10-18 00:00:00,,Osborne Homestead Museum,/ /,,Good,,,1,"Ficke, Arthur Davison",,0,0,,n.d.,,,0,,,0,,,,,/ /,/ / : : AM,,,8: Communication Artifact,LIBRARY Case 7 Row 5,0,,/ /,,,,0,,/ /,,,,0,0,,,,/ /,,0,,,,,,,0,,/ /,,,B24,book,,,,,,Documentary Artifact,,456 p.,,,Frederick A. Stokes,,New York,,,,,,,,,,,Shelf,,/ /,,"prints, Japanese art, Japanese Japan",,,/ /,,,,,Chats on Japanese Prints,,,,,,,,,,,,0,0,0,0,0,/ /,/ /,,/ /,,,,,,,,,,2010-07-25 13:06:00,Unknown,/ /,.F.
B25,0,,,,,,pes,2001-10-18 00:00:00,,Osborne Homestead Museum,/ /,,Good,,,1,"De Koven, Anna",,0,0,,1920,,,1920,,,0,,,,,/ /,/ / : : AM,,,8: Communication Artifact,"right case in living room, row 4",0,,/ /,,,,0,,/ /,,,,0,0,,,,/ /,,0,,,,,,,0,,/ /,,,B25,book,,,,,,Documentary Artifact,,273 p.,,,Dutton,,New York,,,,,,,,,,,Shelf,,/ /,,spiritualism,,,/ /,,,,,A Cloud of Witnesses,,,,,,,,,,,,0,0,0,0,0,/ /,/ /,,/ /,,,,,,,,,,2010-07-11 12:54:00,Unknown,/ /,.F.
B26,0,,,,,,pes,2001-10-19 00:00:00,,Osborne Homestead Museum Collection,/ /,,Good,,,0,"Hill, J. Arthur",,0,0,,1919,,,1919,,,0,,,,,/ /,/ / : : AM,,,8: Communication Artifact,livingroom case by front frenchdoors,0,,/ /,,,,0,,/ /,,,,0,0,,,,/ /,,0,,,,,,,0,,/ /,,,B26,book,,,,,,Documentary Artifact,,316 p.,,,George D. Doran,,New York,,,,,,,,,,,Shelf,,/ /,,spiritalism,,,/ /,,,,,"Spiritalism: Its History, Phenomena, and Doctrine",,,,,,,,,,,,0,0,0,0,0,/ /,/ /,,/ /,,,,,,,,,,2023-04-08 15:33:00,Unknown,/ /,.F.
B27,0,,,,,,pes,2001-10-19 00:00:00,,Osborne Homestead Museum,/ /,,Good,,,0,"Chadwick, George",,0,0,,1921,,,1921,,,0,,,,,/ /,/ / : : AM,,,8: Communication Artifact,livingroom case by front frenchdoors,0,,/ /,,,,0,,/ /,,,,0,0,,,,/ /,,0,,,,,,,0,,/ /,,,B27,book,,,,,,Documentary Artifact,,26 p.,,,Yale Univ. Press,,New Haven,,,,,,,,,,,Shelf,,/ /,,biography,,,/ /,,,,,"Horatio Parker, 1863-1920",,,,,,,,,,,,0,0,0,0,0,/ /,/ /,,/ /,,,,,,,,,,2001-10-19 10:08:00,,/ /,.F.
B28,0,,,,,,pes,2001-10-19 00:00:00,,Osborne Homestead Museum,/ /,,Good,,,1,"Crowell, Norman H.",,0,0,,1907,,,1907,,,0,,,,,/ /,/ / : : AM,,,8: Communication Artifact,livingroom case by front french doors,0,,/ /,,,,0,,/ /,,,,0,0,,,,/ /,,0,,,,,,,0,,/ /,,,B28,book,,,,,,Documentary Artifact,,189 p.,,,Outing,,New York,,,,,,,,,,,Shelf,,/ /,,"sports, male",,,/ /,,,,,The Sportsman's Primer,,,,,,,,,,,,0,0,0,0,0,/ /,/ /,,/ /,,,,,,,,,,2001-10-19 10:18:00,,/ /,.F.
B29,0,,,,,,pes,2001-10-19 00:00:00,,Osborne Homestead Museum,/ /,,Good,,,1,"Molloy, Leo T.",,0,0,,1964,,,1964,,,0,,,,,/ /,/ / : : AM,,,8: Communication Artifact,livingroom case by front frenchdoors,0,,/ /,,,,0,,/ /,,,,0,0,,,,/ /,,0,,,,,,,0,,/ /,,,B29,book,,,,,,Documentary Artifact,,244 p.,,,Hull Book Fund,,Derby,,,,,,,,,,,Shelf,,/ /,,,,,/ /,,,,,"Commodore Isaac Hull, U.S.N.",,,,,,,,,,,,0,0,0,0,0,/ /,/ /,,/ /,,,,,,,,,,2001-10-19 10:21:00,,/ /,.F.
B30,0,,,,,,pes,2001-10-19 00:00:00,,Osborne Homestead Museum,/ /,,Good,,,1,"Meynell, Esther",,0,0,,1937,,,1937,,,0,,,,,/ /,/ / : : AM,,,8: Communication Artifact,LIBRARY Case 8 Row 2,0,,/ /,,,,0,,/ /,,,,0,0,,,,/ /,,0,,,,,,,0,,/ /,,,B30,book,,,,,,Documentary Artifact,,246 p.,,,Macmillan,,New York,,,,,,,,,,,Shelf,,/ /,,"travel, England",,,/ /,,,,,Sussex Cottage,,,,,,,,,,,,0,0,0,0,0,/ /,/ /,,/ /,,,,,,,,,,2010-07-11 13:19:00,Unknown,/ /,.F.
B31,0,,,,,,pes,2001-10-19 00:00:00,,Osborne Homestead Museum,/ /,,Good,,,1,"Weaver, Louise Bennett and LaCron, Helen Cowles",,0,0,,1917,,,1917,,,0,,,,,/ /,/ / : : AM,,,8: Communication Artifact,livingroom case by front frenchdoors,0,,/ /,,,,0,,/ /,,,,0,0,,,,/ /,,0,,,,,,,0,,/ /,,,B31,book,,,,,,Documentary Artifact,,479 p.,,,A.L. Burt,,New York,,,,,,,,,,,Shelf,,/ /,,recipes menus cookbook,,,/ /,,,,,A Thousand Ways to Please a Husband,With Bettina's Best Recipes,,,,,,,,,,,0,0,0,0,0,/ /,/ /,,/ /,,,,,,,,,,2001-10-19 10:37:00,,/ /,.F.
B32,0,,,,,,pes,2001-10-19 00:00:00,,Osborne Homestead Museum,/ /,,Good,,,1,"Cameron, Margaret",,0,0,,1919,,,1919,,,0,,,,,/ /,/ / : : AM,,,8: Communication Artifact,livingroom case by front frenchdoors,0,,/ /,,,,0,,/ /,,,,0,0,,,,/ /,,0,,,,,,,0,,/ /,,,B32,book,,,,,,Documentary Artifact,,313 p.,,,George D. Doran,,New York,,,,,,,,,,,Shelf,,/ /,,spiritualism,,,/ /,,,,,The Seven Purposes: An Experience in Psychic Phenomena,,,,,,,,,,,,0,0,0,0,0,/ /,/ /,,/ /,,,,,,,,,,2001-10-19 10:41:00,,/ /,.F.
B33,0,,,,,,pes,2001-10-19 00:00:00,,Osborne Homestead Museum,/ /,,Good,,,1,"La Varre, William",,0,0,,1935,,,1935,,,0,,,,,/ /,/ / : : AM,,,8: Communication Artifact,livingroom case by front frenchdoors,0,,/ /,,,,0,,/ /,,,,0,0,,,,/ /,,0,,,,,,,0,,/ /,,"Autographed by author: William LaVerre Derby Feb. 2, 1938",B33,book,,,,,,Documentary Artifact,,298 p.,,,Fleming H. Revell,,New York,,,,,,,,,,,Shelf,,/ /,,"travel, South America",,,/ /,,,,,"Gold, Diamonds, and Orchids",,,,,,,,,,,,0,0,0,0,0,/ /,/ /,,/ /,,,,,,,,,,2001-10-19 10:47:00,,/ /,.F.
B34,0,,,,,,pes,2001-10-19 00:00:00,,Osborne Homestead Museum,/ /,,Good,,,1,"Franzos, Karl Emil",,0,0,,1888,,,1888,,,0,,,,,/ /,/ / : : AM,,,8: Communication Artifact,livingroom case by front frenchdoors,0,,/ /,,,,0,,/ /,,,,0,0,,,,/ /,,0,,,,,,,0,,/ /,,,B34,book,,,,,,Documentary Artifact,,531 p.,,,Harper,,New York,,,,,,,,,,,Shelf,,/ /,,fiction,,,/ /,,,,,For the Right,,,,,,,,,,,,0,0,0,0,0,/ /,/ /,,/ /,,,,,,,,,,2001-10-19 10:54:00,,/ /,.F.
B35,0,,,,,,pes,2001-10-19 00:00:00,,Osborne Homestead Museum,/ /,,Good,,,1,"Gaboriau, Emile",,0,0,,1900,,,1900,,,0,,,,,/ /,/ / : : AM,,,8: Communication Artifact,livingroom case by front frenchdoors,0,,/ /,,,,0,,/ /,,,,0,0,,,,/ /,,0,,,,,,,0,,/ /,,,B35,book,,,,,,Documentary Artifact,,436 p.,,,Scribner,,New York,,,,,,,,,,,Shelf,,/ /,,fiction,,,/ /,,,,,The Widow Lerouge,,,,,,,,,,,,0,0,0,0,0,/ /,/ /,,/ /,,,,,,,,,,2001-10-19 11:04:00,,/ /,.F.
B36,0,,,,,,pes,2001-10-19 00:00:00,,Osborne Homestead Museum,/ /,,Good,,,1,"Fromm, Bella",,0,0,,1942,,,1942,,,0,,,,,/ /,/ / : : AM,,,8: Communication Artifact,livingroom case by front frenchdoors,0,,/ /,,,,0,,/ /,,,,0,0,,,,/ /,,0,,,,,,,0,,/ /,,,B36,book,,,,,,Documentary Artifact,,332 p.,,,Harper,,New York,,,,,,,,,,,Shelf,,/ /,,,,,/ /,,,,,Blood and Banquets: A Berlin Social Diary,,,,,,,,,,,,0,0,0,0,0,/ /,/ /,,/ /,,,,,,,,,,2001-10-19 11:07:00,,/ /,.F.
B37,0,,,,,,pes,2001-10-19 00:00:00,,Osborne Homestead Museum,/ /,,Good,,,1,"Cram, Ralph Adams",,0,0,,1930,,,1930,,,0,,,,,/ /,/ / : : AM,,,8: Communication Artifact,LIBRARY Case 8 Row 2,0,,/ /,,,,0,,/ /,,,,0,0,,,,/ /,,0,,,,,,,0,,/ /,,,B37,book,,,,,,Documentary Artifact,,242 p.,,,The Japanese Society,,New York,,,,,,,,,,,Shelf,,/ /,,"architecture, Japan",,,/ /,,,,,Impressions of Japanese Architecture and the Allied Arts,,,,,,,,,,,,0,0,0,0,0,/ /,/ /,,/ /,,,,,,,,,,2010-07-11 13:23:00,Unknown,/ /,.F.
B38,0,,,,,,pes,2001-10-19 00:00:00,,Osborne Homestead Museum,/ /,,Fair,,,1,The Bird,,0,0,,1869,,,1869,,,0,,,,,/ /,/ / : : AM,,,8: Communication Artifact,livingroom case by the front frenchdoors,0,,/ /,,,,0,,/ /,,,,0,0,,,,/ /,,0,,,,,,,0,,/ /,,,B38,book,,,,,,Documentary Artifact,,340 p.,,,T. Nelson,,New York,,,,,,,,,,,Shelf,,/ /,,birds,,,/ /,,,,,,,,,,,,,,,,,0,0,0,0,0,/ /,/ /,,/ /,,,,,,,,,,2001-10-19 11:36:00,,/ /,.F.
B39,0,,,,,,pes,2001-10-19 00:00:00,,Osborne Homestead Museum,/ /,,Good,,,0,"Lodge, Sir Oliver",,0,0,,1919,,,1919,,,0,,,,,/ /,/ / : : AM,,,8: Communication Artifact,livingroom case by front frenchdoors,0,,/ /,,,,0,,/ /,,,,0,0,,,,/ /,,0,,,,,,,0,,/ /,,,B39,book,,,,,,Documentary Artifact,,299 p.,,,George Doran,,New York,,,,,,,,,,,Shelf,,/ /,,,,,/ /,,,,,Christopher: A Study in Human Personaltiy,,,,,,,,,,,,0,0,0,0,0,/ /,/ /,,/ /,,,,,,,,,,2001-10-19 11:40:00,,/ /,.F.
B40,0,,,,,,pes,2001-10-19 00:00:00,,Osborne Homestead Museum,/ /,,Good,,,1,"Benton, Caroline French",,0,0,,1911,,,1911,,,0,,,,,/ /,/ / : : AM,,,8: Communication Artifact,livingroom case by front frenchdoors,0,,/ /,,,,0,,/ /,,,,0,0,,,,/ /,,0,,,,,,,0,,/ /,,,B40,book,,,,,,Documentary Artifact,,251 p.,,,Dana Estes,,Boston,,,,,,,,,,,Shelf,,/ /,,menus etiquette,,,/ /,,,,,,,,,,,,,,,,,0,0,0,0,0,/ /,/ /,,/ /,,,,,,,,,,2001-10-19 11:44:00,,/ /,.F.
B41,0,,,,,,pes,2001-10-19 00:00:00,,Osborne Homestead Museum,/ /,,Good,,,1,"smith, Dodie",,0,0,,1049,,,1049,,,0,,,,,/ /,/ / : : AM,,,8: Communication Artifact,livingroom case by front frenchdoors,0,,/ /,,,,0,,/ /,,,,0,0,,,,/ /,,0,,,,,,,0,,/ /,,inscription reads--Mrs. F.O. Kellogg Best Wishes for 1950 From: Ada F. Kirk,B41,book,,,,,,Documentary Artifact,,338 p.,,,William Heinemann,,London,,,,,,,,,,,Shelf,,/ /,,fiction,,,/ /,,,,,I Capture the Castle,,,,,,,,,,,,0,0,0,0,0,/ /,/ /,,/ /,,,,,,,,,,2001-10-21 13:34:00,,/ /,.F.
B42,0,,,,,,pes,2001-10-19 00:00:00,,Osborne Homestead Museum,/ /,,Good,,,1,"Bartlett, John",,0,0,,1914,,,1914,"10th ed., revised Ed. Nathan Haskell",,0,,,,,/ /,/ / : : AM,,,8: Communication Artifact,LIBRARY Case 8 Row 2,0,,/ /,,,,0,,/ /,,,,0,0,,,,/ /,,0,,,,,,,0,,/ /,,,B42,book,,,,,,Documentary Artifact,,1454 p.,,,"Little, Brown",,Boston,,,,,,,,,,,Shelf,,/ /,,quotations,,,/ /,,,,,Familiar Quotations,,,,,,,,,,,,0,0,0,0,0,/ /,/ /,,/ /,,,,,,,,,,2010-07-11 14:05:00,Unknown,/ /,.F.
B43,0,,,,,,pes,2001-10-19 00:00:00,,Osborne Homestead Museum,/ /,,Good,,,1,"Holt, Emily",,0,0,,1920,,,1920,,,0,,,,,/ /,/ / : : AM,,,8: Communication Artifact,livingroom case by front frenchdoors,0,,/ /,,,,0,,/ /,,,,0,0,,,,/ /,,0,,,,,,,0,,/ /,,,B43,book,,,,,,Documentary Artifact,,276 p.,,,Doubleday,,New York,,,,,,,,,,,Shelf,,/ /,,,,,/ /,,,,,Everyman's Encyclopedia of Etiquette,"What to Do, What to Say, What to Write, What to Wear: A Book of Manners for Everyday Use",,,,,,,,,,,0,0,0,0,0,/ /,/ /,,/ /,,,,,,,,,,2001-11-15 11:15:00,,/ /,.F.
B44,0,,,,,,pes,2001-10-19 00:00:00,,Osborne Homestead Museum,/ /,,Good,,,1,"Lippmann, Walter",,0,0,,1929,,,1929,,,0,,,,,/ /,/ / : : AM,,,8: Communication Artifact,livingroom case by front frenchdoors,0,,/ /,,,,0,,/ /,,,,0,0,,,,/ /,,0,,,,,,,0,,/ /,,,B44,book,,,,,,Documentary Artifact,,348 p.,,,Macmillan,,New York,,,,,,,,,,,Shelf,,/ /,,,,,/ /,,,,,A Preface to Morals,,,,,,,,,,,,0,0,0,0,0,/ /,/ /,,/ /,,,,,,,,,,2001-10-19 12:27:00,,/ /,.F.
B45,0,,,,,,pes,2001-10-19 00:00:00,,Osborne Homestead Museum,/ /,,Good,,,1,"Weaver, Louise Bennett and LeCron, Helen Cowles",,0,0,,1922,,,1922,,,0,,,,,/ /,/ / : : AM,,,8: Communication Artifact,livingroom case by front frenchdoors,0,,/ /,,,,0,,/ /,,,,0,0,,,,/ /,,0,,,,,,,0,,/ /,,,B45,book,,,,,,Documentary Artifact,,397 p.,,,A.L. Burt,,New York,,,,,,,,,,,Shelf,,/ /,,recipes menus nutrition,,,/ /,,,,,A Thousand Ways to Please a Family: with Bettina's Best Recipes,,,,,,,,,,,,0,0,0,0,0,/ /,/ /,,/ /,,,,,,,,,,2001-10-19 12:31:00,,/ /,.F.
B46,0,,,,,,pes,2001-10-21 00:00:00,,Osborne Homestead Museum,/ /,,Good,,,1,"Bancroft, Hubert Howe",,0,0,,1914,,,1914,,,0,,,,,/ /,/ / : : AM,,,8: Communication Artifact,livingroom case by front frenchdoors,0,,/ /,,,,0,,/ /,,,,0,0,,,,/ /,,0,,,,,,,0,,/ /,,,B46,book,,,,,,Documentary Artifact,,581 p.,,,Bancroft,,New York,,,,,,,,,,,Shelf,,/ /,,"history, Mexico",,,/ /,,,,,History of Mexico,,,,,,,,,,,,0,0,0,0,0,/ /,/ /,,/ /,,,,,,,,,,2001-10-21 12:26:00,,/ /,.F.
B47,0,,,,,,pes,2001-10-21 00:00:00,,Osborne Homestead Museum,/ /,,Good,,,1,"Berlitz, M.D.",,0,0,,1918,,,1918,new American,,0,,,,,/ /,/ / : : AM,,,8: Communication Artifact,livingroom case by front frenchdoors,0,,/ /,,,,0,,/ /,,,,0,0,,,,/ /,,0,,,,,,,0,,/ /,,,B47,book,,,,,,Documentary Artifact,,153 p.,,,M.D. Berlitz,,New York,,,,,,,,,,,Shelf,,/ /,,"languare, French",,,/ /,,,,,Deuxieme Livre,"Nouvelle Edition Americaine, Revue et Completement Remainee",,,,,,,,,,,0,0,0,0,0,/ /,/ /,,/ /,,,,,,,,,,2001-10-21 12:30:00,,/ /,.F.
OHM B48,0,,,,,,pes,2001-10-21 00:00:00,,Osborne Homestead Museum,/ /,,Good,,,1,"Herford, Oliver",,0,0,,1918,,,1918,,,0,,,,,/ /,/ / : : AM,,,8: Communication Artifact,livingroom case by front frenchdoors,0,,/ /,,,,0,,/ /,,,,0,0,,,,/ /,,0,,,,,,,0,,/ /,,,OHM B48,book,,,,,,Documentary Artifact,,134 p.,,,George H. Doran,,New York,,,,,,,,,,,Shelf,,/ /,,light verse World War I,,,/ /,,,,,The Laughing Willow,,,,,,,,,,,,0,0,0,0,0,/ /,/ /,,/ /,,,,,,,,,,2007-06-01 13:11:00,Unknown,/ /,.F.
OHM B49,0,,,,,,pes,2001-10-21 00:00:00,,Osborne Homestead Museum,/ /,,Excellent,,,1,"Ybarra, Thomas",,0,0,,1908,,,1908,,,0,,,,,/ /,/ / : : AM,,,8: Communication Artifact,livingroom case by front frenchdoors,0,,/ /,,,,0,,/ /,,,,0,0,,,,/ /,,0,,,,,,,0,,/ /,,"Henry Mayer, illustrator",OHM B49,book,,,,,,Documentary Artifact,,102 p.,,,Henry Holt,,New York,,,,,,,,,,,Shelf,,/ /,,"songs, novelty songs, naval",,,/ /,,,,,Davy Jones's Yarns and Other Salted Songs,,,,,,,,,,,,0,0,0,0,0,/ /,/ /,,/ /,,,,,,,,,,2007-06-01 13:09:00,Unknown,/ /,.F.
OHM B50,0,,,,,,pes,2001-10-21 00:00:00,,Osborne Homestead Museum,/ /,,Fair,spine stained and top torn,,0,"Morison, Elizabeth and Lamont, Frances",,0,0,,1911,,,1911,,,0,,,,,/ /,/ / : : AM,,,8: Communication Artifact,LIBRARY Case 5/Row 2,0,,/ /,,,,0,,/ /,,,,0,0,,,,/ /,,0,,,,,,,0,,/ /,,,OHM B50,book,,,,,,Documentary Artifact,,162 p.,,,Macmillan,,London,,,,,,,,,,,Shelf,,/ /,,fiction,,,/ /,,,,,An Adventure,,,,,,,,,,,,0,0,0,0,0,/ /,/ /,,/ /,,,,,,,,,,2010-08-15 14:13:00,Unknown,/ /,.F.
OHM B51,0,,,,,,pes,2001-10-21 00:00:00,,Osborne Homestead Museum,/ /,,Fair,stained pages and cover,,0,"Morley, Christopher",,0,0,,1927,,,1927,,,0,,,,,/ /,/ / : : AM,,,8: Communication Artifact,livingroom case by front frenchdoors,0,,/ /,,,,0,,/ /,,,,0,0,,,,/ /,,0,,,,,,,0,,/ /,,"Jeanette Warmuth, illustraor",OHM B51,book,,,,,,Documentary Artifact,,235 p.,,,"Doubleday, Page",,New York,,,,,,,,,,,Shelf,,/ /,,short stories,,,/ /,,,,,I Know a Secret,,,,,,,,,,,,0,0,0,0,0,/ /,/ /,,/ /,,,,,,,,,,2006-06-02 14:19:00,,/ /,.F.
OHM B52,0,,,,,,pes,2001-10-21 00:00:00,,Osborne Homestead Museum,/ /,,Good,,,0,"Johns, Rowland, editor",,0,0,,1932,,,1932,first,,0,,,,,/ /,/ / : : AM,,,8: Communication Artifact,livingroom case by front frenchdoors,0,,/ /,,,,0,,/ /,,,,0,0,,,,/ /,,0,,,,,,,0,,/ /,,,OHM B52,book,,,,,,Documentary Artifact,,85 p.,,,Dutton,,New York,,,,,Our Friend the Dog,,,,,,Shelf,,/ /,,"dogs, cairn",,,/ /,,,,,Our Friend the Cairn,,,,,,,,,,,,0,0,0,0,0,/ /,/ /,,/ /,,,,,,,,,,2006-05-19 12:42:00,,/ /,.F.
OHM B53,0,,,,,,pes,2001-10-21 00:00:00,,Osborne Homestead Museum,/ /,,Good,,,1,"Gilbert, W.S.",,0,0,,1925,,,1925,,,0,,,,,/ /,/ / : : AM,,,8: Communication Artifact,livingroom case by front frenchdoors,0,,/ /,,,,0,,/ /,,,,0,0,,,,/ /,,0,,,,,,,0,,/ /,,Introduction By Gilbert Gabriel,OHM B53,book,,,,,,Documentary Artifact,,218 p. soft leather cover,,,Modern Library,,New York,,,,,The Modern Library,,,,,,Shelf,,/ /,,"plays theater, musical",,,/ /,,,,,H.M.S. Pinafore and Other Plays,,,,,,,,,,,,0,0,0,0,0,/ /,/ /,,/ /,,,,,,,,,,2006-06-02 10:15:00,,/ /,.F.
OHM B54,0,,,,,,pes,2001-10-21 00:00:00,,Osborne Homestead Museum,/ /,,Fair,stained near spine,,0,"""Various""",,0,0,,1884,,,1884,V,,0,,,,,/ /,/ / : : AM,,,8: Communication Artifact,livingroom case by front frenchdoor,0,,/ /,,,,0,,/ /,,,,0,0,,,,/ /,,0,,,,,,,0,,/ /,,signed in pencil--Mr. W.F. Osborne 1886,OHM B54,book,,,,,,Documentary Artifact,,191 p.,,,Scribner,,New York,,,,,Stories by American Authors,,,,,,Shelf,,/ /,,short stories,,,/ /,,,,,"Stories by American Authors, #V",,,,,,,,,,,,0,0,0,0,0,/ /,/ /,,/ /,,,,,,,,,,2006-05-26 11:37:00,,/ /,.F.
OHM B55,0,,,,,,pes,2001-10-21 00:00:00,,Osborne Homestead Museum,/ /,,Good,,,0,"Mackail, J.W., translator",,0,0,,1908,,,1908,,,0,,,,,/ /,/ / : : AM,,,8: Communication Artifact,livingroom case by front frenchdoors,0,,/ /,,,,0,,/ /,,,,0,0,,,,/ /,,0,,,,,,,0,,/ /,,,OHM B55,Book,,,,,,Documentary Artifact,,170 p.,,,"Longmans, Green & Co.",,New York,,,,,,,,,,,Shelf,,/ /,,"epigrams, Greek",,,/ /,,,,,Select Epigrams from the Greek Anthology,,,,,,,,,,,,0,0,0,0,0,/ /,/ /,,/ /,,,,,,,,,,2006-05-19 14:27:00,,/ /,.F.
OHM B56,0,,,,,,pes,2001-10-21 00:00:00,,Osborne Homestead Museum,/ /,,Good,,,1,"Landon, Judson S.",,0,0,,1889,,,1889,,,0,,,,,/ /,/ / : : AM,,,8: Communication Artifact,livingroom case by front frenchdoors,0,,/ /,,,,0,,/ /,,,,0,0,,,,/ /,,0,,,,,,,0,,/ /,,,OHM B56,book,,,,,,Documentary Artifact,,389 p.,,,"Houghton, Mifflin",,Boston,,,,,,,,,,,Shelf,,/ /,,"government, United States constitution, United States history, United States",,,/ /,,,,,The Constitutional History and Government of the United States,A Series of Lectures,,,,,,,,,,,0,0,0,0,0,/ /,/ /,,/ /,,,,,,,,,,2006-05-19 14:25:00,,/ /,.F.
OHM B57,0,,,,,,pes,2001-10-21 00:00:00,,Osborne Homestead Museum,/ /,,Good,,,1,"Harland, Marion",,0,0,,1908,,,1908,,,0,,,,,/ /,/ / : : AM,,,8: Communication Artifact,livingroom case by front frenchdoors,0,,/ /,,,,0,,/ /,,,,0,0,,,,/ /,,0,,,,,,,0,,/ /,,"Mary Taylor, illustrator",OHM B57,book,,,,,,Documentary Artifact,,439 p.,,,Bobbs-Merrill,,Indianapolis,,,,,,,,,,,Shelf,,/ /,,housekeeping chores cleaning,,,/ /,,,,,The Housekeeper's Week,,,,,,,,,,,,0,0,0,0,0,/ /,/ /,,/ /,,,,,,,,,,2006-05-19 12:36:00,,/ /,.F.
OHM B58,0,,,,,,pes,2001-10-21 00:00:00,,Osborne Homestead Museum,/ /,,Poor,very stained and warped covers,,0,"Webster, Noah and Campbell, Loomis J.",,0,0,,1877,,,1877,,,0,,,,,/ /,/ / : : AM,,,8: Communication Artifact,livingroom case by front frenchdoors,0,,/ /,,,,0,,/ /,,,,0,0,,,,/ /,,0,,,,,,,0,,/ /,,,OHM B58,Book,,,,,,Documentary Artifact,,320 p.,,,American Book Co.,,New York,,,,,,,,,,,Shelf,,/ /,,dictionary,,,/ /,,,,,Webster's Handy Dictionary,A Handy Dictionary of the English Languaue,,,,,,,,,,,0,0,0,0,0,/ /,/ /,,/ /,,,,,,,,,,2010-08-08 13:37:00,Unknown,/ /,.F.
OHM B59,0,,,,,,pes,2001-10-21 00:00:00,,Osborne Homestead Museum,/ /,,Good,,,1,"Barrie, J.M.",,0,0,,1893,,,1893,,,0,,,,,/ /,/ / : : AM,,,8: Communication Artifact,livingroom case by front frenchdoors,0,,/ /,,,,0,,/ /,,,,0,0,,,,/ /,,0,,,,,,,0,,/ /,,,OHM B59,book,,,,,,Documentary Artifact,,285 p.,,,Henry Altemus,,Philadelphia,,,,,,,,,,,Shelf,,/ /,,fiction,,,/ /,,,,,A Window in Thurms,,,,,,,,,,,,0,0,0,0,0,/ /,/ /,,/ /,,,,,,,,,,2006-05-19 12:36:00,,/ /,.F.
OHM B60,0,,,,,,pes,2001-10-21 00:00:00,,Osborne Homestead Museum,/ /,,Good,,,1,"Maupassant, Guy",,0,0,,1917,,,1917,,,0,,,,,/ /,/ / : : AM,,,8: Communication Artifact,livingroom case by front frenchdoors,0,,/ /,,,,0,,/ /,,,,0,0,,,,/ /,,0,,,,,,,0,,/ /,,,OHM B60,book,,,,,,Documentary Artifact,,246 p.,,,Harper,,New York,,,,,,,,,,,Shelf,,/ /,,short stories,,,/ /,,,,,The Second Odd Number,Thirteen Tales,,,,,,,,,,,0,0,0,0,0,/ /,/ /,,/ /,,,,,,,,,,2006-05-19 12:35:00,,/ /,.F.
OHM B61,0,,,,,,pes,2001-10-21 00:00:00,,Osborne Homestead Museum,/ /,,Good,,,1,"Burgess, Gelett and Johnson, Burges",,0,0,,1913,,,1913,,,0,,,,,/ /,/ / : : AM,,,8: Communication Artifact,livingroom case by front frenchdoors,0,,/ /,,,,0,,/ /,,,,0,0,,,,/ /,,0,,,,,,,0,,/ /,,"inscribed H & B This may denote Howard and Barber Dept. Store, Downtown Derby",OHM B61,book,,,,,,Documentary Artifact,,n.p.,,,McClurg and Co.,,Chicago,,,,,,,,,,,Shelf,,/ /,,light verse,,,/ /,,,,,The Cat's Elegy,,,,,,,,,,,,0,0,0,0,0,/ /,/ /,,/ /,,,,,,,,,,2006-05-19 12:35:00,,/ /,.F.
OHM B62,0,,,,,,pes,2001-10-21 00:00:00,,Osborne Homestead Museum,/ /,,Good,,,1,"Ashford, Daisy",,0,0,,1919,,,1919,,,0,,,,,/ /,/ / : : AM,,,8: Communication Artifact,livingroom case by front frenchdoors,0,,/ /,,,,0,,/ /,,,,0,0,,,,/ /,,0,,,,,,,0,,/ /,,Preface by J.M. Barrie,OHM B62,book,,,,,,Documentary Artifact,,105 p.,,,George H. Doran,,New York,,,,,,,,,,,Shelf,,/ /,,fiction,,,/ /,,,,,The Young Visitors,"or, Mr. Salteena's Plan",,,,,,,,,,,0,0,0,0,0,/ /,/ /,,/ /,,,,,,,,,,2006-05-19 12:34:00,,/ /,.F.
OHM B63,0,,,,,,pes,2001-10-21 00:00:00,,Osborne Homestead Museum,/ /,,Good,includes paper cover,,1,"Nicolson, Harold",,0,0,,1934,,,1934,American,,0,,,,,/ /,/ / : : AM,,,8: Communication Artifact,livingroom case by front frenchdoors,0,,/ /,,,,0,,/ /,,,,0,0,,,,/ /,,0,,,,,,,0,,/ /,,,OHM B63,book,,,,,,Documentary Artifact,,223 p.,,,Oxford University Press,,New York,,,,,the World's Classics,,,,,,Shelf,,/ /,,short stories,,,/ /,,,,,Some People,,,,,,,,,,,,0,0,0,0,0,/ /,/ /,,/ /,,,,,,,,,,2006-05-19 12:32:00,,/ /,.F.
OHM B64,0,,,,,,pes,2001-10-21 00:00:00,,Osborne Homestead Museum,/ /,,Good,,,1,"Thurston, Carl H.P.",,0,0,,1916,,,1916,,,0,,,,,/ /,/ / : : AM,,,8: Communication Artifact,livingroom case by front frenchdoors,0,,/ /,,,,0,,/ /,,,,0,0,,,,/ /,,0,,,,,,,0,,/ /,,,OHM B64,book,,,,,,Documentary Artifact,,291 p.,,,"Dood, Mead",,New York,,,,,,,,,,,Shelf,,/ /,,art interpretation art appreciation art history,,,/ /,,,,,The Art of Looking at Pictures,An Introduction to the Old Masters,,,,,,,,,,,0,0,0,0,0,/ /,/ /,,/ /,,,,,,,,,,2006-05-19 12:32:00,,/ /,.F.
OHM B65,0,,,,,,pes,2001-10-21 00:00:00,,Osborne Homestead Museum,/ /,,Good,,,1,"Walker, Francis A.",,0,0,,1895,,,1895,,,0,,,,,/ /,/ / : : AM,,,8: Communication Artifact,livingroom case by front frenchdoors,0,,/ /,,,,0,,/ /,,,,0,0,,,,/ /,,0,,,,,,,0,,/ /,,,OHM B65,book,,,,,,Documentary Artifact,,332 p.,,,Scribner,,New York,,,,,The American History Series,,,,,,Shelf,,/ /,,"history, United States",,,/ /,,,,,"The Making of the Nation, 1783-1817",,,,,,,,,,,,0,0,0,0,0,/ /,/ /,,/ /,,,,,,,,,,2006-05-19 12:31:00,,/ /,.F.
OHM B66,0,,,,,,pes,2001-10-21 00:00:00,,Osborne Homestead Museum,/ /,,Good,spine stained,,1,"Kreymborg, Alfred",,0,0,,1916,,,1916,,,0,,,,,/ /,/ / : : AM,,,8: Communication Artifact,livingroom case by front frenchdoors,0,,/ /,,,,0,,/ /,,,,0,0,,,,/ /,,0,,,,,,,0,,/ /,,,OHM B66,book,,,,,,Documentary Artifact,,142 p.,,,Knopf,,New York,,,,,,,,,,,Shelf,,/ /,,poetry,,,/ /,,,,,Mushrooms: A Book of Free Forms,,,,,,,,,,,,0,0,0,0,0,/ /,/ /,,/ /,,,,,,,,,,2006-05-19 12:31:00,,/ /,.F.
OHM B67,0,,,,,,pes,2001-10-28 00:00:00,,Osborne Homestead Museum,/ /,,Good,,,1,"Howe, M.A. DeWolfe",,0,0,,1898,,,1898,,,0,,,,,/ /,/ / : : AM,,,8: Communication Artifact,livingroom case by front frenchdoors,0,,/ /,,,,0,,/ /,,,,0,0,,,,/ /,,0,,,,,,,0,,/ /,,,OHM B67,Book,,,,,,Documentary Artifact,,295 p.,,,"Dood, Mead",,New York,,,,,,,,,,,Shelf,,/ /,,"biographies, authors authors, 19th century",,,/ /,,,,,American Book men,"Sketches, chiefly biographical, of certain writers of the 19th century",,,,,,,,,,,0,0,0,0,0,/ /,/ /,,/ /,,,,,,,,,,2006-05-19 12:30:00,,/ /,.F.
OHM B68,0,,,,,,pes,2001-10-28 00:00:00,,Osborne Homestead Museum,/ /,,Good,,,1,"Faulkner, Edward H.",,0,0,,1943,,,1943,,,0,,,,,/ /,/ / : : AM,,,8: Communication Artifact,livingroom case by front frenchdoors,0,,/ /,,,,0,,/ /,,,,0,0,,,,/ /,,0,,,,,,,0,,/ /,,,OHM B68,book,,,,,,Documentary Artifact,,155 p.,,,Grosset,,New York,,,,,,,,,,,Shelf,,/ /,,fiction,,,/ /,,,,,Plowman's Folly,,,,,,,,,,,,0,0,0,0,0,/ /,/ /,,/ /,,,,,,,,,,2006-05-19 12:30:00,,/ /,.F.
OHM B69,0,,,,,,pes,2001-10-28 00:00:00,,Osborne Homestead Museum,/ /,,Good,,,1,"Maxwell, W.B.",,0,0,,1910,,,1910,,,0,,,,,/ /,/ / : : AM,,,8: Communication Artifact,livingroom case by front frenchdoors,0,,/ /,,,,0,,/ /,,,,0,0,,,,/ /,,0,,,,,,,0,,/ /,,,OHM B69,book,,,,,,Documentary Artifact,,392 p.,,,D. Appleton,,New York,,,,,,,,,,,Shelf,,/ /,,fiction,,,/ /,,,,,The Rest Cure: A Novel,,,,,,,,,,,,0,0,0,0,0,/ /,/ /,,/ /,,,,,,,,,,2006-05-19 12:30:00,,/ /,.F.
OHM B70,0,,,,,,pes,2001-10-28 00:00:00,,Osborne Homestead Museum,/ /,,Good,,,1,"Doyle, Arthur Conan",,0,0,,1918,,,1918,,,0,,,,,/ /,/ / : : AM,,,8: Communication Artifact,livingroom case by front frenchdoors,0,,/ /,,,,0,,/ /,,,,0,0,,,,/ /,,0,,,,,,,0,,/ /,,,OHM B70,book,,,,,,Documentary Artifact,,122 p.,,,George H. Doran,,New York,,,,,,,,,,,Shelf,,/ /,,spiritualism,,,/ /,,,,,The New Revelation,,,,,,,,,,,,0,0,0,0,0,/ /,/ /,,/ /,,,,,,,,,,2006-05-19 12:29:00,,/ /,.F.
OHM B71,0,,,,,,pes,2001-10-28 00:00:00,,Osborne Homestead Museum,/ /,,Good,,,1,"Graham, Harry",,0,0,,1910,,,1910,,,0,,,,,/ /,/ / : : AM,,,8: Communication Artifact,livingroom case by front frenchdoors,0,,/ /,,,,0,,/ /,,,,0,0,,,,/ /,,0,,,,,,,0,,/ /,,,OHM B71,book,,,,,,Documentary Artifact,,306 p.,,,Duffield,,New York,,,,,,,,,,,Shelf,,/ /,,"essays, humorous",,,/ /,,,,,The Bolster Book: A Book for the Bedside,Compiled from the occasional writings of Reginald Drake Biffin,,,,,,,,,,,0,0,0,0,0,/ /,/ /,,/ /,,,,,,,,,,2006-05-19 12:28:00,,/ /,.F.
OHM B72,0,,,,,,pes,2001-10-28 00:00:00,,Osborne Homestead Museum,/ /,,Good,,,1,"Berlitz, M.D.",,0,0,,1897,,,1897,"Nouvelle edition, revue et augmentee",,0,,,,,/ /,/ / : : AM,,,8: Communication Artifact,livingroom case by front frenchdoors,0,,/ /,,,,0,,/ /,,,,0,0,,,,/ /,,0,,,,,,,0,,/ /,,"signed in pencil--Waldo S. Kellogg 12/16/98 on 1st page, top",OHM B72,book,,,,,,Documentary Artifact,,82 p.,,,Berlitz et cie,,New York,,,,,Premier Livre,,,,,,Shelf,,/ /,,"language, French French language, lessons",,,/ /,,,,,Methode Berlitz: Pour L'enseigement des Langues Modernes,Partie Francaie,,,,,,,,,,,0,0,0,0,0,/ /,/ /,,/ /,,,,,,,,,,2006-05-19 12:28:00,,/ /,.F.
OHM B73,0,,,,,,pe,2001-10-28 00:00:00,,Osborne Homestead Museum,/ /,,Good,,,1,"Locke, William J.",,0,0,,1924,,,1924,,,0,,,,,/ /,/ / : : AM,,,8: Communication Artifact,livingroom case by front frenchdoors,0,,/ /,,,,0,,/ /,,,,0,0,,,,/ /,,0,,,,,,,0,,/ /,,,OHM B73,book,,,,,,Documentary Artifact,,370 p.,,,"Dodd, Mead",,New York,,,,,,,,,,,Shelf,,/ /,,fiction,,,/ /,,,,,The Coming of Amos,,,,,,,,,,,,0,0,0,0,0,/ /,/ /,,/ /,,,,,,,,,,2006-05-19 12:27:00,,/ /,.F.
OHM B74,0,,,,,,pes,2001-11-01 00:00:00,,Osborne Homestead Museum,/ /,,Fair,stained cover,,1,"Carroll, Lewis",,0,0,,1899,,,1899,,,0,,,,,/ /,/ / : : AM,,,8: Communication Artifact,livingroom case by front frenchdoors,0,,/ /,,,,0,,/ /,,,,0,0,,,,/ /,,0,,,,,,,0,,/ /,,,OHM B74,book,,,,,,Documentary Artifact,,202 p.,,,Henry Altemus,,Philadelphia,,,,,,,,,,,Shelf,,/ /,,"nursery story fiction, juvenile",,,/ /,,,,,Alice's Adventures in Wonderland,,,,,,,,,,,,0,0,0,0,0,/ /,/ /,,/ /,,,,,,,,,,2006-05-19 12:27:00,,/ /,.F.
OHM B75,0,,,,,,pes,2001-11-01 00:00:00,,Osborne Homestead Museum,/ /,,Good,"not on paper, typed book inventory",,1,"Marshall, Bruce",,0,0,,1954,,,1954,,,0,,,,,/ /,/ / : : AM,,,8: Communication Artifact,livingroom case by front frenchdoors,0,,/ /,,,,0,,/ /,,,,0,0,,,,/ /,,0,,,,,,,0,,/ /,,"signed on flyleaf ""To dear Mrs. Kellogg From Ada Kink",OHM B75,book,,,,,,Documentary Artifact,,104 p.,,,Constable and Co.,,London,,,,,,,,,,,Shelf,,/ /,,cats,,,/ /,,,,,Thoughts of My Cats,,,,,,,,,,,,0,0,0,0,0,/ /,/ /,,/ /,,,,,,,,,,2006-05-19 12:26:00,,/ /,.F.
OHM B76,0,,,,,,pes,2001-11-01 00:00:00,,Osborne Homestead Museum,/ /,,Good,"not on paper, typed book inventory",,1,"Beecher, Eunice",,0,0,,n.d.,,,0,,,0,,,,,/ /,/ / : : AM,,,8: Communication Artifact,livingroom case by from frenchdoors,0,,/ /,,,,0,,/ /,,,,0,0,,,,/ /,,0,,,,,,,0,,/ /,,,OHM B76,book,,,,,,Documentary Artifact,,107 p.,,,"Small, Maynard and Co.",,Boston,,,,,,,,,,,Shelf,,/ /,,household management,,,/ /,,,,,The Law of a Household,,,,,,,,,,,,0,0,0,0,0,/ /,/ /,,/ /,,,,,,,,,,2006-05-19 12:25:00,,/ /,.F.
OHM B77,0,,,,,,pes,2001-11-01 00:00:00,,Osborne Homestead Museum,/ /,,Good,"not on paper, typed book inventory",,1,"Delafield, E.M.",,0,0,,1937,,,1937,,,0,,,,,/ /,/ / : : AM,,,8: Communication Artifact,livingroom case by front frenchdoors,0,,/ /,,,,0,,/ /,,,,0,0,,,,/ /,,0,,,,,,,0,,/ /,,inscribed by author (name only),OHM B77,book,,,,,,Documentary Artifact,,344 p.,,,Harper and Bros.,,New York,,,,,,,,,,,Shelf,,/ /,,"Soviet Union Soviet Union, travel",,,/ /,,,,,I Visit the Soviets,,,,,,,,,,,,0,0,0,0,0,/ /,/ /,,/ /,,,,,,,,,,2006-05-19 12:26:00,,/ /,.F.
OHM B78,0,,,,,,pes,2001-11-01 00:00:00,,Osborne Homestead Museum,/ /,,Good,,,1,"Henry, O.",,0,0,,1917,,,1917,,,0,,,,,/ /,/ / : : AM,,,8: Communication Artifact,livingroom case by front frenchdoors,0,,/ /,,,,0,,/ /,,,,0,0,,,,/ /,,0,,,,,,,0,,/ /,,,OHM B78,book,,,,,,Documentary Artifact,,283 p.,,,Doubleday for Review of Reviews,,New York,,,,,one of six vols.,,,,,,Shelf,,/ /,,fiction,,,/ /,,,,,Sixes and Sevens,,,,,,,,,,,,0,0,0,0,0,/ /,/ /,,/ /,,,,,,,,,,2006-05-19 12:25:00,,/ /,.F.
OHM B79,0,,,,,,pes,2001-11-01 00:00:00,,Osborne Homestead Museum Collection,/ /,,Good,,,1,"Henry, O.",,0,0,,1917,,,1917,,,0,,,,,/ /,/ / : : AM,,,8: Communication Artifact,livingroom case by front frenchdoors,0,,/ /,,,,0,,/ /,,,,0,0,,,,/ /,,0,,,,,,,0,,/ /,,flyleaf has telephone number for State Farm Employment 2-9174,OHM B79,book,,,,,,Documentary Artifact,,310 p.,,,Doubleday fro Review of Reviews,,New York,,,,,one of six vols.,,,,,,Shelf,,/ /,,fiction,,,/ /,,,,,Strictly Business,,,,,,,,,,,,0,0,0,0,0,/ /,/ /,,/ /,,,,,,,,,,2023-04-08 15:19:00,Unknown,/ /,.F.
OHM B80,0,,,,,,pes,2001-11-01 00:00:00,,Osborne Homestead Museum,/ /,,Good,,,1,"Henry, O.",,0,0,,1917,,,1917,,,0,,,,,/ /,/ / : : AM,,,8: Communication Artifact,Livingroom case by front frenchdoors,0,,/ /,,,,0,,/ /,,,,0,0,,,,/ /,,0,,,,,,,0,,/ /,,,OHM B80,book,,,,,,Documentary Artifact,,257 p.,,,Doubleday for Review of Reviews,,New York,,,,,one of six vols.,,,,,,Shelf,,/ /,,fiction,,,/ /,,,,,Options,,,,,,,,,,,,0,0,0,0,0,/ /,/ /,,/ /,,,,,,,,,,2006-05-19 12:23:00,,/ /,.F.
OHM B81,0,,,,,,pes,2001-11-01 00:00:00,,Osborne Homestead Museum,/ /,,Good,,,1,"Henry, O.",,0,0,,1917,,,1917,,,0,,,,,/ /,/ / : : AM,,,8: Communication Artifact,livingroom case by front frenchdoors,0,,/ /,,,,0,,/ /,,,,0,0,,,,/ /,,0,,,,,,,0,,/ /,,,OHM B81,book,,,,,,Documentary Artifact,,260 p.,,,Doubleday for Review of Reviews,,New York,,,,,one of six vols.,,,,,,Shelf,,/ /,,fiction,,,/ /,,,,,The Trimmed Lamp,,,,,,,,,,,,0,0,0,0,0,/ /,/ /,,/ /,,,,,,,,,,2006-05-19 12:23:00,,/ /,.F.
OHM B82,0,,,,,,pes,2001-11-01 00:00:00,,Osborne Homestead Museum,/ /,,Good,,,1,"Henry, O.",,0,0,,1917,,,1917,,,0,,,,,/ /,/ / : : AM,,,8: Communication Artifact,livingroom case by front frenchdoors,0,,/ /,,,,0,,/ /,,,,0,0,,,,/ /,,0,,,,,,,0,,/ /,,,OHM B82,book,,,,,,Documentary Artifact,,244 p.,,,Doubleday for Review of Reviews,,New York,,,,,one of six vols.,,,,,,Shelf,,/ /,,fiction,,,/ /,,,,,The Voice of the City,,,,,,,,,,,,0,0,0,0,0,/ /,/ /,,/ /,,,,,,,,,,2006-05-19 12:24:00,,/ /,.F.
OHM B83,0,,,,,,pes,2001-11-01 00:00:00,,Osborne Homestead Museum,/ /,,Good,,,1,"Henry, O.",,0,0,,1917,,,1917,,,0,,,,,/ /,/ / : : AM,,,8: Communication Artifact,livingroom case by front frenchdoors,0,,/ /,,,,0,,/ /,,,,0,0,,,,/ /,,0,,,,,,,0,,/ /,,,OHM B83,book,,,,,,Documentary Artifact,,237 p.,,,Doubleday for Review of Reviews,,New York,,,,,one of six vols.,,,,,,Shelf,,/ /,,fiction,,,/ /,,,,,The Gentle Grafter,,,,,,,,,,,,0,0,0,0,0,/ /,/ /,,/ /,,,,,,,,,,2006-05-19 12:22:00,,/ /,.F.
OHM B84,0,,,,,,pes,2001-11-01 00:00:00,,Osborne Homestead Museum,/ /,,Good,"not on paper, typed book inventory",,1,A.E.,,0,0,,1928,,,1928,,,0,,,,,/ /,/ / : : AM,,,8: Communication Artifact,livingroom case by front frenchdoors,0,,/ /,,,,0,,/ /,,,,0,0,,,,/ /,,0,,,,,,,0,,/ /,,breeding notes on small sheets in front cover,OHM B84,book,,,,,,Documentary Artifact,,175 p.,,,Macmillan and Co.,,London,,,,,,,,,,,Shelf,,/ /,,"spiritualism folklore, Celtic",,,/ /,,,,,The Candle of Vision,,,,,,,,,,,,0,0,0,0,0,/ /,/ /,,/ /,,,,,,,,,,2006-05-19 12:21:00,,/ /,.F.
OHM B85,0,,,,,,pes,2001-11-01 00:00:00,,Osborne Homestead Museum,/ /,,Good,,,1,"Gregory, Lady",,0,0,,1920,,,1920,,,0,,,,,/ /,/ / : : AM,,,8: Communication Artifact,livingroom case by front frenchdoors,0,,/ /,,,,0,,/ /,,,,0,0,,,,/ /,,0,,,,,,,0,,/ /,,,OHM B85,book,,,,,,Documentary Artifact,,293 p.,,,G.P. Putnam's Sons,,New York,,,,,Vol. 1 oftwo vols.,,,,,,Shelf,,/ /,,"spiritualism folklore, Ireland Ireland",,,/ /,,,,,V isions and Beliefs in the West of Ireland,With two essays and notes by W.B. Yeats,,,,,,,,,,,0,0,0,0,0,/ /,/ /,,/ /,,,,,,,,,,2006-05-19 12:21:00,,/ /,.F.
OHM B86,0,,,,,,pes,2001-11-01 00:00:00,,Osborne Homestead Museum,/ /,,Fair,some staining throughout,,1,"Gregory, Lady",,0,0,,1920,,,1920,,,0,,,,,/ /,/ / : : AM,,,8: Communication Artifact,livingroom case by front frenchdoors,0,,/ /,,,,0,,/ /,,,,0,0,,,,/ /,,0,,,,,,,0,,/ /,,,OHM B86,book,,,,,,Documentary Artifact,,343 p.,,,G.P. Putnam's Sons,,New York,,,,,Vol. 2 of two vols.,,,,,,Shelf,,/ /,,"spiritualism folklore, Ireland Ireland",,,/ /,,,,,Visions and Beliefs in the West of Ireland,with two essays and notes by W. B. Yeats,,,,,,,,,,,0,0,0,0,0,/ /,/ /,,/ /,,,,,,,,,,2006-05-19 12:21:00,,/ /,.F.
OHM B87,0,,,,,,pes,2001-11-01 00:00:00,,Osborne Homestead Museum,/ /,,Fair,stained and mildewed,,1,"Doughty, Charles E.",,0,0,,1923,,,1923,,,0,,,,,/ /,/ / : : AM,,,8: Communication Artifact,livingroom case by front frenchdoors,0,,/ /,,,,0,,/ /,,,,0,0,,,,/ /,,0,,,,,,,0,,/ /,,signed in pencil--Frances Osborne Kellogg,OHM B87,book,,,,,,Documentary Artifact,,690 p.,,,Boni and Liveright,,New York,,,,,Vol. 2,,,,,,Shelf,,/ /,,"travel, Arabia Arabia",,,/ /,,,,,Travels in Arabia Deserta,With an introduction by T.E. Lawrence,,,,,,,,,,,0,0,0,0,0,/ /,/ /,,/ /,,,,,,,,,,2006-05-19 12:20:00,,/ /,.F.
OHM B88,0,,,,,,pes,2001-11-01 00:00:00,,Osborne Homestead Museum,/ /,,Good,,,1,"Sprague, Homer B.",,0,0,,1894,,,1894,,,0,,,,,/ /,/ / : : AM,,,8: Communication Artifact,livingroom case by front frenchdoors,0,,/ /,,,,0,,/ /,,,,0,0,,,,/ /,,0,,,,,,,0,,/ /,,signed in pencil W.F. Osborne,OHM B88,book,,,,,,Documentary Artifact,,119 p.,,,Ginn and Co.,,Boston,,,,,Classics for Children,,,,,,Shelf,,/ /,,fiction,,,/ /,,,,,Six Selections from Irving's Sketch-Book,"with notes, questions, etc.",,,,,,,,,,,0,0,0,0,0,/ /,/ /,,/ /,,,,,,,,,,2006-05-19 12:19:00,,/ /,.F.
OHM B89,0,,,,,,pes,2001-11-01 00:00:00,,Osborne Homestead Museum,/ /,,Good,,,1,"Geldert, Mrs. Louis Napoleon",,0,0,,1927,,,1927,,,0,,,,,/ /,/ / : : AM,,,8: Communication Artifact,livingroom case by front frenchdoors,0,,/ /,,,,0,,/ /,,,,0,0,,,,/ /,,0,,,,,,,0,,/ /,,,OHM B89,book,,,,,,Documentary Artifact,,84 p.,,,"Little, Brown",,Boston,,,,,,,,,,,Shelf,,/ /,,World War I,,,/ /,,,,,Thy Son Liveth,Messages from a soldier to his mother,,,,,,,,,,,0,0,0,0,0,/ /,/ /,,/ /,,,,,,,,,,2006-05-19 12:20:00,,/ /,.F.
OHM B90,0,,,,,,pes,2001-11-01 00:00:00,,Osborne Homestead Museum,/ /,,Good,"not found on paper, typed book inventory",,1,"Tennyson, Alfred",,0,0,,1859,,,1859,,,0,,,,,/ /,/ / : : AM,,,8: Communication Artifact,livingroom case by front frenchdoors,0,,/ /,,,,0,,/ /,,,,0,0,,,,/ /,,0,,,,,,,0,,/ /,,"signed in pencil--W.F. Osborne, Wes--- Univ.---, Middletown, Conn.",OHM B90,book,,,,,,Documentary Artifact,,227 p.,,,Ticknor and Fields,,Boston,,,,,,,,,,,Shelf,,/ /,,poetry,,,/ /,,,,,Idyls of the King,,,,,,,,,,,,0,0,0,0,0,/ /,/ /,,/ /,,,,,,,,,,2006-05-19 12:19:00,,/ /,.F.
OHM B91,0,,,,,,pes,2001-11-01 00:00:00,,Osborne Homestead Museum,/ /,,Good,"Tucked in front cover, an essay by Carolyn Wells, ""The Sense of Nonsense""",,1,"Field, Eugene",,0,0,,1901,,,1901,,,0,,,,,/ /,/ / : : AM,,,8: Communication Artifact,livingroom case by front frenchdoors,0,,/ /,,,,0,,/ /,,,,0,0,,,,/ /,,0,,,,,,,0,,/ /,,"Not found on paper, typed book inventory",OHM B91,book,,,,,,Documentary Artifact,,143 p.,,,Mutual Book Co.,,Boston,,,,,,,,,,,Shelf,,/ /,,"essays, humorous light verse cartoons",,,/ /,,,,,The Complete Tribune Primer,Containing 75 drawings by F. Opper,,,,,,,,,,,0,0,0,0,0,/ /,/ /,,/ /,,,,,,,,,,2006-05-19 12:18:00,,/ /,.F.
OHM B92,0,,,,,,pes,2001-11-01 00:00:00,,Osborne Homestead Museum,/ /,,Good,,,1,"Mackay, Charles",,0,0,,1874,,,1874,,,0,,,,,/ /,/ / : : AM,,,8: Communication Artifact,livingroom case by front frenchdoors,0,,/ /,,,,0,,/ /,,,,0,0,,,,/ /,,0,,,,,,,0,,/ /,,,OHM B92,book,,,,,,Documentary Artifact,,288 p.,,,J.W. Bouton,,New York,,,,,,,,,,,,,/ /,,English language Public speaking Oratory,,,/ /,,,,,The Lost Beauties of the English Language,"An appeal to authors, poets, clergymen, and public speakers",,,,,,,,,,,0,0,0,0,0,/ /,/ /,,/ /,,,,,,,,,,2006-05-19 12:18:00,,/ /,.F.
OHM B93,0,,,,,,pes,2001-11-01 00:00:00,,Osborne Homestead Museum Collection,/ /,,Good,,,1,"Birmingham, G.A.",,0,0,,n.d.,,,0,,,0,,,,,/ /,/ / : : AM,,,8: Communication Artifact,livingroom case by front frenchdoors,0,,/ /,,,,0,,/ /,,,,0,0,,,,/ /,,0,,,,,,,0,,/ /,,,OHM B93,book,,,,,,Documentary Artifact,,309 p.,,,George H. Doran,,New York,,,,,,,,,,,Shelf,,/ /,,fiction,,,/ /,,,,,Spanish Gold,,,,,,,,,,,,0,0,0,0,0,/ /,/ /,,/ /,,,,,,,,,,2023-04-08 15:39:00,Unknown,/ /,.F.
OHM B94,0,,,,,,pes,2001-11-02 00:00:00,,Osborne Homestead Museum,/ /,,Good,,,1,"""Elizabeth""",,0,0,,1925,,,1925,,,0,,,,,/ /,/ / : : AM,,,8: Communication Artifact,livingroom case by front frenchdoors,0,,/ /,,,,0,,/ /,,,,0,0,,,,/ /,,0,,,,,,,0,,/ /,,"Author identified as Author of ""The Enchanted April"" and ""Elizabeth and Her German Garden""",OHM B94,book,,,,,,Documentary Artifact,,396 p.,,,"Doubleday, Page and Co.",,New York,,,,,,,,,,,Shelf,,/ /,,fiction,,,/ /,,,,,Love,,,,,,,,,,,,0,0,0,0,0,/ /,/ /,,/ /,,,,,,,,,,2006-05-19 12:17:00,,/ /,.F.
OHM B95,0,,,,,,pes,2001-11-02 00:00:00,,Osborne Homestead Museum,/ /,,Good,,,1,"Stall, Sylvanus",,0,0,,1904,,,1904,New revised edition,,0,,,,,/ /,/ / : : AM,,,8: Communication Artifact,livingroom case by front frenchdoors,0,,/ /,,,,0,,/ /,,,,0,0,,,,/ /,,0,,,,,,,0,,/ /,,,OHM B95,Book,,,,,,Documentary Artifact,,269 p.,,,Vir Publishing,,Philadelphia,,,,,Self and Sex Series,,,,,,Shelf,,/ /,,"physical hygiene sexuality, male",,,/ /,,,,,What a Young Man Ought to Know,,,,,,,,,,,,0,0,0,0,0,/ /,/ /,,/ /,,,,,,,,,,2006-05-19 11:38:00,,/ /,.F.
OHM B96,0,,,,,,pes,2001-11-02 00:00:00,,Osborne Homestead Museum,/ /,,Good,,,1,"Peple, Edward",,0,0,,1918,,,1918,,,0,,,,,/ /,/ / : : AM,,,8: Communication Artifact,livingroom case by the front frenchdoors,0,,/ /,,,,0,,/ /,,,,0,0,,,,/ /,,0,,,,,,,0,,/ /,,,OHM B96,book,,,,,,Documentary Artifact,,23 p.,,,E. P. Dutton,,New York,,,,,,,,,,,Shelf,,/ /,,World War I dogs poetry,,,/ /,,,,,The War Dog,,,,,,,,,,,,0,0,0,0,0,/ /,/ /,,/ /,,,,,,,,,,2006-05-19 12:16:00,,/ /,.F.
OHM B97,0,,,,,,pes,2001-11-02 00:00:00,,Osborne Homestead Museum,/ /,,Good,,,1,"Reed, Edward Bliss",,0,0,,n.d.,,,0,,,0,,,,,/ /,/ / : : AM,,,8: Communication Artifact,livingroom case by front frenchdoors,0,,/ /,,,,0,,/ /,,,,0,0,,,,/ /,,0,,,,,,,0,,/ /,,,OHM B97,book,,,,,,Documentary Artifact,,60 p.,,,Yale Univ. Press,,New Haven,,,,,,,,,,,Shelf,,/ /,,poetry light verse,,,/ /,,,,,Lyra Yalensis,,,,,,,,,,,,0,0,0,0,0,/ /,/ /,,/ /,,,,,,,,,,2006-05-19 11:37:00,,/ /,.F.
OHM B98,0,,,,,,pes,2001-11-02 00:00:00,,Osborne Homestead Museum,/ /,,Good,,,1,"Robbins, J. Stanton, Hilda Stanton and Reed Harris",,0,0,,1939,,,1939,,,0,,,,,/ /,/ / : : AM,,,8: Communication Artifact,livingroom case by front frenchdoors,0,,/ /,,,,0,,/ /,,,,0,0,,,,/ /,,0,,,,,,,0,,/ /,,paper cover,OHM B98,book,,,,,,Documentary Artifact,,459 p. paperback,,,Traveler's Windfall Assoc.,,New York,,,,,,,,,,,Shelf,,/ /,,"travel, New England travel, U.S.",,,/ /,,,,,The Traveler's Windfall,"Guide to good food, lodging & amusement in the U.S.A.",,,,,,,,,,,0,0,0,0,0,/ /,/ /,,/ /,,,,,,,,,,2006-05-19 11:37:00,,/ /,.F.
OHM B99,0,,,,,,pes,2001-11-02 00:00:00,,Osborne Homestead Museum,/ /,,Good,,,1,"Birmingham, George A.",,0,0,,n.d.,,,0,,,0,,,,,/ /,/ / : : AM,,,8: Communication Artifact,livingroom case by the front frenchdoors,0,,/ /,,,,0,,/ /,,,,0,0,,,,/ /,,0,,,,,,,0,,/ /,,,OHM B99,book,,,,,,Documentary Artifact,,273 p.,,,Hodder & Stoughton,,New York,,,,,,,,,,,Shelf,,/ /,,fiction,,,/ /,,,,,The Major's Niece,,,,,,,,,,,,0,0,0,0,0,/ /,/ /,,/ /,,,,,,,,,,2006-05-19 11:36:00,,/ /,.F.
B100,0,,,,,,pes,2001-11-02 00:00:00,,Osborne Homestead Museum,/ /,,Good,,,1,"Birmingham, George A.",,0,0,,1912,,,1912,,,0,,,,,/ /,/ / : : AM,,,8: Communication Artifact,livingroom case by front frenchdoors,0,,/ /,,,,0,,/ /,,,,0,0,,,,/ /,,0,,,,,,,0,,/ /,,,B100,book,,,,,,Documentary Artifact,,298 p.,,,Hodder & Stoughton,,New York,,,,,,,,,,,Shelf,,/ /,,fiction,,,/ /,,,,,Priscilla's Spies,,,,,,,,,,,,0,0,0,0,0,/ /,/ /,,/ /,,,,,,,,,,2001-11-02 10:30:00,,/ /,.F.
B101,0,,,,,,pes,2001-11-02 00:00:00,,Osborne Homestead Museum,/ /,,Good,,,1,"Birmingham, George A.",,0,0,,n.d.,,,0,,,0,,,,,/ /,/ / : : AM,,,8: Communication Artifact,livingroom case by front frenchdoors,0,,/ /,,,,0,,/ /,,,,0,0,,,,/ /,,0,,,,,,,0,,/ /,,,B101,book,,,,,,Documentary Artifact,,316 p.,,,Hodder & Stoughton,,New York,,,,,,,,,,,Shelf,,/ /,,fiction,,,/ /,,,,,Hyacinth,,,,,,,,,,,,0,0,0,0,0,/ /,/ /,,/ /,,,,,,,,,,2001-11-02 10:32:00,,/ /,.F.
B102,0,,,,,,pes,2001-11-02 00:00:00,,Osborne Homestead Museum,/ /,,Good,,,2,"Birmingham, George A.",,0,0,,n.d.,,,0,,,0,,,,,/ /,/ / : : AM,,,8: Communication Artifact,livingroom case by front frenchdoors,0,,/ /,,,,0,,/ /,,,,0,0,,,,/ /,,0,,,,,,,0,,/ /,,,B102,book,,,,,,Documentary Artifact,,316 p.,,,Hodder & Stoughton,,New York,,,,,,,,,,,Shelf,,/ /,,fiction,,,/ /,,,,,Hyacinth,,,,,,,,,,,,0,0,0,0,0,/ /,/ /,,/ /,,,,,,,,,,2001-11-02 10:35:00,,/ /,.F.
B103,0,,,,,,pes,2001-11-02 00:00:00,,Osborne Homestead Museum,/ /,,Good,,,1,"Birmingham, George A.",,0,0,,n.d.,,,0,,,0,,,,,/ /,/ / : : AM,,,8: Communication Artifact,livingroom case by front frenchdoors,0,,/ /,,,,0,,/ /,,,,0,0,,,,/ /,,0,,,,,,,0,,/ /,,,B103,book,,,,,,Documentary Artifact,,288 p.,,,Hodder & Stoughton,,New York,,,,,,,,,,,Shelf,,/ /,,fiction,,,/ /,,,,,The Bad Times,,,,,,,,,,,,0,0,0,0,0,/ /,/ /,,/ /,,,,,,,,,,2001-11-02 10:40:00,,/ /,.F.
B104,0,,,,,,pes,2001-11-02 00:00:00,,Osborne Homestead Museum Collection,/ /,,Good,,,1,"Birmingham, George A.",,0,0,,1914,,,1914,,,0,,,,,/ /,/ / : : AM,,,8: Communication Artifact,livingroom case by front frenchdoors,0,,/ /,,,,0,,/ /,,,,0,0,,,,/ /,,0,,,,,,,0,,/ /,,,B104,book,,,,,,Documentary Artifact,,310 p.,,,Hodder & Stoughton,,New York,,,,,,,,,,,Shelf,,/ /,,fiction,,,/ /,,,,,The Lost Tribes,,,,,,,,,,,,0,0,0,0,0,/ /,/ /,,/ /,,,,,,,,,,2023-04-08 15:32:00,Unknown,/ /,.F.
B105,0,,,,,,pes,2001-11-02 00:00:00,,Osborne Homestead Museum,/ /,,Good,,,1,"Birmingham, George A.",,0,0,,1912,,,1912,,,0,,,,,/ /,/ / : : AM,,,8: Communication Artifact,livingroom case by front frenchdoors,0,,/ /,,,,0,,/ /,,,,0,0,,,,/ /,,0,,,,,,,0,,/ /,,,B105,book,,,,,,Documentary Artifact,,277 p.,,,Hodder & Stoughton,,New York,,,,,,,,,,,Shelf,,/ /,,fiction,,,/ /,,,,,The Red Hand of Ulster,,,,,,,,,,,,0,0,0,0,0,/ /,/ /,,/ /,,,,,,,,,,2001-11-02 10:47:00,,/ /,.F.
B106,0,,,,,,pes,2001-11-02 00:00:00,,Osborne Homestead Museum,/ /,,Good,,,1,"Birmingham, George A.",,0,0,,1914,,,1914,,,0,,,,,/ /,/ / : : AM,,,8: Communication Artifact,livingroom case by front frenchdoors,0,,/ /,,,,0,,/ /,,,,0,0,,,,/ /,,0,,,,,,,0,,/ /,,,B106,book,,,,,,Documentary Artifact,,299 p.,,,Hodder & Stoughton,,New York,,,,,,,,,,,Shelf,,/ /,,fiction,,,/ /,,,,,The Seething Pot,1914,,,,,,,,,,,0,0,0,0,0,/ /,/ /,,/ /,,,,,,,,,,2001-11-02 10:52:00,,/ /,.F.
B107,0,,,,,,pes,2001-11-02 00:00:00,,Osborne Homestead Museum,/ /,,Good,,,1,"Caryle, Thomas",,0,0,,n.d.,,,0,Sterling Edition,,0,,,,,/ /,/ / : : AM,,,8: Communication Artifact,livingroom case by front frenchdoors,0,,/ /,,,,0,,/ /,,,,0,0,,,,/ /,,0,,,,,,,0,,/ /,,,B107,book,,,,,,Documentary Artifact,,493 p.,,,Aldine Books,,Boston,,,,,vol. 1 of two vols.,,,,,,Shelf,,/ /,,"Cromwell, Oliver Speeches Letters",,,/ /,,,,,Oliver Cromwell's Letters& Speeches: With Elucidations,,,,,,,,,,,,0,0,0,0,0,/ /,/ /,,/ /,,,,,,,,,,2001-11-02 10:56:00,,/ /,.F.
B108,0,,,,,,pes,2001-11-02 00:00:00,,Osborne Homestead Museum,/ /,,Good,,,1,"Caryle, Thomas",,0,0,,n.d.,,,0,Sterling Edition,,0,,,,,/ /,/ / : : AM,,,8: Communication Artifact,livingroom case by front frenchdoors,0,,/ /,,,,0,,/ /,,,,0,0,,,,/ /,,0,,,,,,,0,,/ /,,,B108,book,,,,,,Documentary Artifact,,450 p.,,,Aldine Book Co.,,Boston,,,,,Vol.2 of two vols.,,,,,,Shelf,,/ /,,"Carlyle, Thomas Schiller, Friedrich",,,/ /,,,,,Caryle's Complete Works: Life of Friedrich Schiller,Including a General Index to the Complete Works,,,,,,,,,,,0,0,0,0,0,/ /,/ /,,/ /,,,,,,,,,,2001-11-02 11:01:00,,/ /,.F.
B109,0,,,,,,pes,2001-11-02 00:00:00,,Osborne Homestead Museum,/ /,,Good,,,1,"Carlyle, Thomas",,0,0,,n.d.,,,0,Sterling Edition,,0,,,,,/ /,/ / : : AM,,,8: Communication Artifact,livingroom case by front frenchdoors,0,,/ /,,,,0,,/ /,,,,0,0,,,,/ /,,0,,,,,,,0,,/ /,,,B109,book,,,,,,Documentary Artifact,,461 p.,,,Aldine Book Co.,,Boston,,,,,Carlyle's Complete Works,,,,,,Shelf,,/ /,,French Revolution,,,/ /,,,,,"The French Revolution, A History",,,,,,,,,,,,0,0,0,0,0,/ /,/ /,,/ /,,,,,,,,,,2001-11-02 11:04:00,,/ /,.F.
B110,0,,,,,,pes,2001-11-02 00:00:00,,Osborne Homestead Museum,/ /,,Good,,,1,"Birmingham, George A.",,0,0,,1915,,,1915,,,0,,,,,/ /,/ / : : AM,,,8: Communication Artifact,livingroom cse by front frenchdoors,0,,/ /,,,,0,,/ /,,,,0,0,,,,/ /,,0,,,,,,,0,,/ /,,,B110,book,,,,,,Documentary Artifact,,344 p.,,,Hodder & Stougjton,,New York,,,,,,,,,,,Shelf,,/ /,,fiction,,,/ /,,,,,Minnie's Bishop and other stories,,,,,,,,,,,,0,0,0,0,0,/ /,/ /,,/ /,,,,,,,,,,2001-11-02 11:13:00,,/ /,.F.
B111,0,,,,,,pes,2001-11-02 00:00:00,,Osborne Homestead Museum,/ /,,Good,,,1,Anonymous,,0,0,,1900,,,1900,New Edition with additions,,0,,,,,/ /,/ / : : AM,,,8: Communication Artifact,livingroom case by front frenchdoors,0,,/ /,,,,0,,/ /,,,,0,0,,,,/ /,,0,,,,,,,0,,/ /,,,B111,book,,,,,,Documentary Artifact,,225 p.,,,Grosset & Dunlap,,New York,,,,,,,,,,,Shelf,,/ /,,fiction,,,/ /,,,,,Elizabeth and Her German Garden,,,,,,,,,,,,0,0,0,0,0,/ /,/ /,,/ /,,,,,,,,,,2001-11-02 11:16:00,,/ /,.F.
B112,0,,,,,,pes,2001-11-02 00:00:00,,Osborne Homestead Museum,/ /,,Good,,,1,"Sherman, Stuart P.",,0,0,,1917,,,1917,,,0,,,,,/ /,/ / : : AM,,,8: Communication Artifact,livingroom case by front frenchdoors,0,,/ /,,,,0,,/ /,,,,0,0,,,,/ /,,0,,,,,,,0,,/ /,,,B112,book,,,,,,Documentary Artifact,,312 p.,,,Henry Holt,,New York,,,,,,,,,,,Shelf,,/ /,,"literature, 19th Century literature. 20th Century",,,/ /,,,,,On Contemporary Literature,,,,,,,,,,,,0,0,0,0,0,/ /,/ /,,/ /,,,,,,,,,,2001-11-02 11:20:00,,/ /,.F.
B113,0,,,,,,pes,2001-11-02 00:00:00,,Osborne Homestead Museum,/ /,,Good,,,1,"Middleton, Richard",,0,0,,1912,,,1912,,,0,,,,,/ /,/ / : : AM,,,8: Communication Artifact,livingroom case by front frenchdoors,0,,/ /,,,,0,,/ /,,,,0,0,,,,/ /,,0,,,,,,,0,,/ /,,Introduction by Arthur Machen,B113,book,,,,,,Documentary Artifact,,270 p.,,,T. Fisher Unwin,,London,,,,,,,,,,,Shelf,,/ /,,fiction,,,/ /,,,,,The Ghost Ship and other stories,,,,,,,,,,,,0,0,0,0,0,/ /,/ /,,/ /,,,,,,,,,,2001-11-02 11:25:00,,/ /,.F.
B114,0,,,,,,pes,2001-11-02 00:00:00,,Osborne Homestead Museum,/ /,,Fair,mildewed,,1,"Aguilar, Grace",,0,0,,1865,,,1865,,,0,,,,,/ /,/ / : : AM,,,8: Communication Artifact,livingroom case by front frenchdoors,0,,/ /,,,,0,,/ /,,,,0,0,,,,/ /,,0,,,,,,,0,,/ /,,,B114,book,,,,,,Documentary Artifact,,353 p,,,Appleton & Co.,,New York,,,,,vol.1 of two vols.,,,,,,Shelf,,/ /,,fiction,,,/ /,,,,,The Days of Bruce,A Story from Scottish History,,,,,,,,,,,0,0,0,0,0,/ /,/ /,,/ /,,,,,,,,,,2001-11-02 11:33:00,,/ /,.F.
B115,0,,,,,,pes,2001-11-02 00:00:00,,Osborne Homestead Museum,/ /,,Fair,,,1,"Aguilar, Grace",,0,0,,1865,,,1865,,,0,,,,,/ /,/ / : : AM,,,8: Communication Artifact,livingroom case by front frenchdoors,0,,/ /,,,,0,,/ /,,,,0,0,,,,/ /,,0,,,,,,,0,,/ /,,,B115,book,,,,,,Documentary Artifact,,229 p.,,,Appleton & Co.,,New York,,,,,Vol. 2 of two vols.,,,,,,Shelf,,/ /,,fiction,,,/ /,,,,,The Days of Bruce,A Story from Scottish History,,,,,,,,,,,0,0,0,0,0,/ /,/ /,,/ /,,,,,,,,,,2001-11-02 12:26:00,,/ /,.F.
B116,0,,,,,,pes,2001-11-02 00:00:00,,Osborne Homestead Museum,/ /,,Good,,,1,"Fuller, Anna",,0,0,,1896,,,1896,,,0,,,,,/ /,/ / : : AM,,,8: Communication Artifact,livingroom case by front frenchdoors,0,,/ /,,,,0,,/ /,,,,0,0,,,,/ /,,0,,,,,,,0,,/ /,,,B116,book,,,,,,Documentary Artifact,,315 p.,,,Putnam,,New York,,,,,,,,,,,Shelf,,/ /,,"travel, Italy",,,/ /,,,,,A Venetian June,,,,,,,,,,,,0,0,0,0,0,/ /,/ /,,/ /,,,,,,,,,,2001-11-02 12:31:00,,/ /,.F.
B117,0,,,,,,pes,2001-11-02 00:00:00,,Osborne Homestead Museum,/ /,,Good,,,1,"Blackwood, Algernon",,0,0,,1911,,,1911,,,0,,,,,/ /,/ / : : AM,,,8: Communication Artifact,livingroom case by front frenchdoors,0,,/ /,,,,0,,/ /,,,,0,0,,,,/ /,,0,,,,,,,0,,/ /,,Designed by W. Graham Robertson,B117,book,,,,,,Documentary Artifact,,347 p.,,,Macmillan,,London,,,,,,,,,,,Shelf,,/ /,,fiction,,,/ /,,,,,The Centaur,,,,,,,,,,,,0,0,0,0,0,/ /,/ /,,/ /,,,,,,,,,,2001-11-02 12:35:00,,/ /,.F.
B118,0,,,,,,pes,2001-11-04 00:00:00,,Osborne Homestead Museum,/ /,,Good,,,1,"Morand, Paul",,0,0,,1925,,,1925,,,0,,,,,/ /,/ / : : AM,,,8: Communication Artifact,livingroom case by front frenchdoors,0,,/ /,,,,0,,/ /,,,,0,0,,,,/ /,,0,,,,,,,0,,/ /,,,B118,book,,,,,,Documentary Artifact,,203 p.,,,Thomas Deltzer,,New York,,,,,,,,,,,Shelf,,/ /,,fiction,,,/ /,,,,,Closed All Night,,,,,,,,,,,,0,0,0,0,0,/ /,/ /,,/ /,,,,,,,,,,2001-11-04 12:37:00,,/ /,.F.
B119,0,,,,,,pes,2001-11-04 00:00:00,,Osborne Homestead Museum,/ /,,Good,,,1,"""various""",,0,0,,1904,,,1904,,,0,,,,,/ /,/ / : : AM,,,8: Communication Artifact,livingroom case by front frenchdoors,0,,/ /,,,,0,,/ /,,,,0,0,,,,/ /,,0,,,,,,,0,,/ /,,,B119,book,,,,,,Documentary Artifact,,216 p.,,,Perry Mason Co.,,Boston,,,,,The Companion Series,,,,,,Shelf,,/ /,,"government, federal government, U.S.",,,/ /,,,,,Our National Government,Selections from the youth's companion,,,,,,,,,,,0,0,0,0,0,/ /,/ /,,/ /,,,,,,,,,,2001-11-04 12:46:00,,/ /,.F.
B120,0,,,,,,pes,2001-11-04 00:00:00,,Osborne Homestead Museum,/ /,,Good,,,1,"Tennant, Pamela",,0,0,,1910,,,1910,,,0,,,,,/ /,/ / : : AM,,,8: Communication Artifact,livingroom case by front frenchdoors,0,,/ /,,,,0,,/ /,,,,0,0,,,,/ /,,0,,,,,,,0,,/ /,,Illustrated from drawing of William Blake,B120,book,,,,,,Documentary Artifact,,124 p.,,,Chiswick Press,,London,,,,,,,,,,,Shelf,,/ /,,prayers inspirational verse,,,/ /,,,,,The Book of Peace,,,,,,,,,,,,0,0,0,0,0,/ /,/ /,,/ /,,,,,,,,,,2001-11-04 12:55:00,,/ /,.F.
B121,0,,,,,,pes,2001-11-04 00:00:00,,Osborne Homestead Museum,/ /,,Good,,,1,"Morrison, Katharine",,0,0,,1945,,,1945,,,0,,,,,/ /,/ / : : AM,,,8: Communication Artifact,livingroom case by front frenchdoors,0,,/ /,,,,0,,/ /,,,,0,0,,,,/ /,,0,,,,,,,0,,/ /,,,B121,book,,,,,,Documentary Artifact,,105 p.,,,Morehouse-Gorham,,New York,,,,,,,,,,,Shelf,,/ /,,flower arrangement church decoration,,,/ /,,,,,Flower Arrangement in the Church,,,,,,,,,,,,0,0,0,0,0,/ /,/ /,,/ /,,,,,,,,,,2001-11-04 12:59:00,,/ /,.F.
B122,0,,,,,,pes,2001-11-04 00:00:00,,Osborne Homestead Museum,/ /,,Good,,,1,"Nichols, Robert",,0,0,,1915,,,1915,,,0,,,,,/ /,/ / : : AM,,,8: Communication Artifact,livingroom case by front frenchdoors,0,,/ /,,,,0,,/ /,,,,0,0,,,,/ /,,0,,,,,,,0,,/ /,,,B122,book,,,,,,Documentary Artifact,,207 p.,,,Frederick A. Stokes,,New York,,,,,,,,,,,Shelf,,/ /,,poetry World War I,,,/ /,,,,,Ardours and Endurances,also a Faun's Holiday and Phantasies,,,,,,,,,,,0,0,0,0,0,/ /,/ /,,/ /,,,,,,,,,,2001-11-04 13:13:00,,/ /,.F.
B123,0,,,,,,pes,2001-11-04 00:00:00,,Osborne Homestead Museum,/ /,,Fair,stained spine,,1,"Snaith, John Collis",,0,0,,1906,,,1906,,,0,,,,,/ /,/ / : : AM,,,8: Communication Artifact,livingroom case by front frenchdoors,0,,/ /,,,,0,,/ /,,,,0,0,,,,/ /,,0,,,,,,,0,,/ /,,,B123,book,,,,,,Documentary Artifact,,386 p.,,,Herbert B. Turner,,Boston,,,,,,,,,,,Shelf,,/ /,,fiction,,,/ /,,,,,Henry Northcote,,,,,,,,,,,,0,0,0,0,0,/ /,/ /,,/ /,,,,,,,,,,2001-11-04 13:17:00,,/ /,.F.
B124,0,,,,,,pes,2001-11-04 00:00:00,,Osborne Homestead Museum,/ /,,Good,,,1,"Butler, C.E. Rev.",,0,0,,1902,,,1902,,,0,,,,,/ /,/ / : : AM,,,8: Communication Artifact,livingroom case by front frenchdoors,0,,/ /,,,,0,,/ /,,,,0,0,,,,/ /,,0,,,,,,,0,,/ /,,Introduction by Principal J.T.L. Maggs,B124,book,,,,,,Documentary Artifact,,266 p.,,,Abbey Press,,New York,,,,,,,,,,,Shelf,,/ /,,Old Testament Bible Words (Lexicon),,,/ /,,,,,Old Testament Word Studies,,,,,,,,,,,,0,0,0,0,0,/ /,/ /,,/ /,,,,,,,,,,2001-11-04 14:23:00,,/ /,.F.
B125,0,,,,,,pes,2001-11-08 00:00:00,,Osborne Homestead Museum,/ /,,Good,,,1,"French, Joseph Lewis, ed.",,0,0,,1924,,,1924,,,0,,,,,/ /,/ / : : AM,,,8: Communication Artifact,livingroom case by front frenchdoors,0,,/ /,,,,0,,/ /,,,,0,0,,,,/ /,,0,,,,,,,0,,/ /,,,B125,book,,,,,,Documentary Artifact,,317 p.,,,The Dial Press,,New York,,,,,,,,,,,Shelf,,/ /,,fiction,,,/ /,,,,,Great Detective Stories: from Voltaire to Poe,,,,,,,,,,,,0,0,0,0,0,/ /,/ /,,/ /,,,,,,,,,,2001-11-08 10:15:00,,/ /,.F.
B126,0,,,,,,pes,2001-11-08 00:00:00,,Osborne Homestead Museum,/ /,,Good,,,1,"French, Joseph Lewis, ed.",,0,0,,1924,,,1924,,,0,,,,,/ /,/ / : : AM,,,8: Communication Artifact,livingroom case by front frenchdoors,0,,/ /,,,,0,,/ /,,,,0,0,,,,/ /,,0,,,,,,,0,,/ /,,,B126,book,,,,,,Documentary Artifact,,396 p.,,,The Dial Press,,New York,,,,,,,,,,,Shelf,,/ /,,fiction,,,/ /,,,,,Great Detective Stroies: from Costello to Stevenson,,,,,,,,,,,,0,0,0,0,0,/ /,/ /,,/ /,,,,,,,,,,2001-11-08 10:21:00,,/ /,.F.
B127,0,,,,,,pes,2001-11-08 00:00:00,,Osborne Homestead Museum Collection,/ /,,Good,,,1,"Gauthier, Theophile",,0,0,,1899,,,1899,,,0,,,,,/ /,/ / : : AM,,,8: Communication Artifact,livingroom case by front frenchdoors,0,,/ /,,,,0,,/ /,,,,0,0,,,,/ /,,0,,,,,,,0,,/ /,,,B127,book,,,,,,Documentary Artifact,,362 p.,,,Gibbings,,London,,,,,,,,,,,Shelf,,/ /,,fiction,,,/ /,,,,,Mademoiselle De Maupin : A Romance of Love and Passion,,,,,,,,,,,,0,0,0,0,0,/ /,/ /,,/ /,,,,,,,,,,2023-04-08 15:20:00,Unknown,/ /,.F.
B128,0,,,,,,pes,2001-11-08 00:00:00,,Osborne Homestead Museum,/ /,,Good,spine printing is worn off,,1,"Philidor, A.D.",,0,0,,1826,,,1826,,,0,,,,,/ /,/ / : : AM,,,8: Communication Artifact,livingroom case by front frenchdoors,0,,/ /,,,,0,,/ /,,,,0,0,,,,/ /,,0,,,,,,,0,,/ /,,,B128,book,,,,,,Documentary Artifact,,252 p.,,,Samuel H. Parker,,Boston,,,,,,,,,,,Shelf,,/ /,,chess,,,/ /,,,,,Analysis of the Game of Chess,Illustrated by Diagrams,,,,,,,,,,,0,0,0,0,0,/ /,/ /,,/ /,,,,,,,,,,2001-11-08 10:31:00,,/ /,.F.
B129,0,,,,,,pes,2001-11-08 00:00:00,,Osborne Homestead Museum,/ /,,Good,,,1,"Birmingham, G.A.",,0,0,,1915,,,1915,,,0,,,,,/ /,/ / : : AM,,,8: Communication Artifact,livingroom case by front frenchdoors,0,,/ /,,,,0,,/ /,,,,0,0,,,,/ /,,0,,,,,,,0,,/ /,,,B129,book,,,,,,Documentary Artifact,,295 p.,,,George H. Doran,,New York,,,,,,,,,,,Shelf,,/ /,,fiction,,,/ /,,,,,Gossamer,,,,,,,,,,,,0,0,0,0,0,/ /,/ /,,/ /,,,,,,,,,,2001-11-08 10:37:00,,/ /,.F.
B130,0,,,,,,pes,2001-11-08 00:00:00,,Osborne Homestead Museum,/ /,,Good,,,1,"Birmingham, G.A.",,0,0,,1911,,,1911,,,0,,,,,/ /,/ / : : AM,,,8: Communication Artifact,livingroom case by front frenchdoors,0,,/ /,,,,0,,/ /,,,,0,0,,,,/ /,,0,,,,,,,0,,/ /,,,B130,book,,,,,,Documentary Artifact,,276 p.,,,George H. Doran,,New York,,,,,,,,,,,Shelf,,/ /,,fiction,,,/ /,,,,,Lalage's Lovers,,,,,,,,,,,,0,0,0,0,0,/ /,/ /,,/ /,,,,,,,,,,2001-11-08 10:39:00,,/ /,.F.
B131,0,,,,,,pes,2001-11-08 00:00:00,,Osborne Homestead Museum,/ /,,Good,,,1,"O'Donnell, Elliott",,0,0,,n.d.,,,0,,,0,,,,,/ /,/ / : : AM,,,8: Communication Artifact,livingroom case by front frenchdoors,0,,/ /,,,,0,,/ /,,,,0,0,,,,/ /,,0,,,,,,,0,,/ /,,pencil inscription--L.B.S. 1-10. 14,B131,book,,,,,,Documentary Artifact,,292 p.,,,"Small, Maynard and Co.",,Boston,,,,,,,,,,,Shelf,,/ /,,werwolves,,,/ /,,,,,Werwolves,,,,,,,,,,,,0,0,0,0,0,/ /,/ /,,/ /,,,,,,,,,,2001-11-08 10:43:00,,/ /,.F.
B132,0,,,,,,pes,2001-11-08 00:00:00,,Osborne Homestead Museum,/ /,,Good,,,1,"Galsworthy, John",,0,0,,1920,,,1920,,,0,,,,,/ /,/ / : : AM,,,8: Communication Artifact,livingroom case by front frenchdoors,0,,/ /,,,,0,,/ /,,,,0,0,,,,/ /,,0,,,,,,,0,,/ /,,,B132,book,,,,,,Documentary Artifact,,305 p.,,,Scribner,,New York,,,,,,,,,,,Shelf,,/ /,,fiction,,,/ /,,,,,Tatterdemalion,,,,,,,,,,,,0,0,0,0,0,/ /,/ /,,/ /,,,,,,,,,,2001-11-08 10:47:00,,/ /,.F.
B133,0,,,,,,pes,2001-11-08 00:00:00,,Osborne Homestead Museum,/ /,,Good,some staining throughout,,1,"Barnes, Albert",,0,0,,1868,,,1868,,,0,,,,,/ /,/ / : : AM,,,8: Communication Artifact,livingroom case by front frenchdoors,0,,/ /,,,,0,,/ /,,,,0,0,,,,/ /,,0,,,,,,,0,,/ /,,,B133,book,,,,,,Documentary Artifact,,459 p.,,,Harper,,New York,,,,,,,,,,,Shelf,,/ /,,Bible Saints,,,/ /,,,,,"Notes Explanatory and Practical on the General Epistles of James, Peter, John and Jude",,,,,,,,,,,,0,0,0,0,0,/ /,/ /,,/ /,,,,,,,,,,2001-11-08 10:58:00,,/ /,.F.
B134,0,,,,,,pes,2001-11-08 00:00:00,,Osborne Homestead Museum,/ /,,Good,,,1,"Keynes, Geoffrey, ed.",,0,0,,1927,,,1927,The Centenary Edition,,0,,,,,/ /,/ / : : AM,,,8: Communication Artifact,livingroom case by front frenchdoors,0,,/ /,,,,0,,/ /,,,,0,0,,,,/ /,,0,,,,,,,0,,/ /,,,B134,book,,,,,,Documentary Artifact,,1152 p.,,,Random House,,New York,,,,,,,,,,,Shelf,,/ /,,poetry essays,,,/ /,,,,,The Poetry and Prose of William Blake,Complete in One Volume,,,,,,,,,,,0,0,0,0,0,/ /,/ /,,/ /,,,,,,,,,,2001-11-08 11:04:00,,/ /,.F.
B135,0,,,,,,pes,2001-11-08 00:00:00,,Osborne Homestead Museum,/ /,,Good,,,1,"Cary, Edward",,0,0,,1894,,,1894,,,0,,,,,/ /,/ / : : AM,,,8: Communication Artifact,livingroom case by front frenchdoors,0,,/ /,,,,0,,/ /,,,,0,0,,,,/ /,,0,,,,,,,0,,/ /,,,B135,book,,,,,,Documentary Artifact,,343 p.,,,"Houghton, Mifflin and Co.",,Boston,,,,,American Men of Letters Edited by Charles Dudley Warner,,,,,,Shelf,,/ /,,"Curtis, George William",,,/ /,,,,,George William Curtis,,,,,,,,,,,,0,0,0,0,0,/ /,/ /,,/ /,,,,,,,,,,2001-11-08 11:08:00,,/ /,.F.
B136,0,,,,,,pes,2001-11-08 00:00:00,,Osborne Homestead Museum,/ /,,Good,some staining on flyleaves,,1,"Kipling, Rudyard",,0,0,,n.d.,,,0,,,0,,,,,/ /,/ / : : AM,,,8: Communication Artifact,livingroom case by front frenchdoors,0,,/ /,,,,0,,/ /,,,,0,0,,,,/ /,,0,,,,,,,0,,/ /,,,B136,book,,,,,,Documentary Artifact,,177 p.,,,Manhattan Press,,New York,,,,,,,,,,,Shelf,,/ /,,fiction,,,/ /,,,,,Wee Willie Winkie and Other Stories,,,,,,,,,,,,0,0,0,0,0,/ /,/ /,,/ /,,,,,,,,,,2001-11-08 11:19:00,,/ /,.F.
B137,0,,,,,,pes,2001-11-08 00:00:00,,Osborne Homestead Museum,/ /,,Good,,,1,"Kipling, Rudyard",,0,0,,n.d.,,,0,,,0,,,,,/ /,/ / : : AM,,,8: Communication Artifact,livingroom case by front frenchdoors,0,,/ /,,,,0,,/ /,,,,0,0,,,,/ /,,0,,,,,,,0,,/ /,,,B137,book,,,,,,Documentary Artifact,,165 p.,,,Manhattan Press,,New York,,,,,,,,,,,Shelf,,/ /,,fiction,,,/ /,,,,,Soldiers Three: A Collection of Stories,,,,,,,,,,,,0,0,0,0,0,/ /,/ /,,/ /,,,,,,,,,,2001-11-08 11:23:00,,/ /,.F.
B138,0,,,,,,pes,2001-11-08 00:00:00,,Osborne Homestead Museum,/ /,,Good,,,1,"Kipling, Rudyard",,0,0,,n.d.,letters written by the author in 1889,,0,,,0,,,,,/ /,/ / : : AM,,,8: Communication Artifact,livingroom case by front frenchdoors,0,,/ /,,,,0,,/ /,,,,0,0,,,,/ /,,0,,,,,,,0,,/ /,,,B138,book,,,,,,Documentary Artifact,,267 p.,,,Manhattan Press,,New York,,,,,,,,,,,Shelf,,/ /,,"letters travel, North America",,,/ /,,,,,American Notes,,,,,,,,,,,,0,0,0,0,0,/ /,/ /,,/ /,,,,,,,,,,2001-11-15 10:47:00,,/ /,.F.
B139,0,,,,,,pes,2001-11-08 00:00:00,,Osborne Homestead Museum,/ /,,Good,some staining on spine and flyleaves,,1,"Kipling, Rudyard",,0,0,,n.d.,,,0,,,0,,,,,/ /,/ / : : AM,,,8: Communication Artifact,livingroom case by front frenchdoors,0,,/ /,,,,0,,/ /,,,,0,0,,,,/ /,,0,,,,,,,0,,/ /,,,B139,book,,,,,,Documentary Artifact,,103 p.,,,Manhattan Press,,New York,,,,,,,,,,,Shelf,,/ /,,fiction,,,/ /,,,,,"The Story of the Gadsbys, and The Courting of Dinah Shadd and Other Stories",,,,,,,,,,,,0,0,0,0,0,/ /,/ /,,/ /,,,,,,,,,,2001-11-08 11:31:00,,/ /,.F.
B140,0,,,,,,pes,2001-11-08 00:00:00,,Osborne Homestead Museum,/ /,,Good,,,1,"Kipling, Rudyard",,0,0,,n.d.,,,0,,,0,,,,,/ /,/ / : : AM,,,8: Communication Artifact,livingroom case by front frenchdoors,0,,/ /,,,,0,,/ /,,,,0,0,,,,/ /,,0,,,,,,,0,,/ /,,,B140,book,,,,,,Documentary Artifact,,118 p.,,,Manhattan Press,,New York,,,,,,,,,,,Shelf,,/ /,,fiction,,,/ /,,,,,"In Black and White, to which is added Under the Deodars and other stories",,,,,,,,,,,,0,0,0,0,0,/ /,/ /,,/ /,,,,,,,,,,2001-11-08 11:34:00,,/ /,.F.
B141,0,,,,,,pes,2001-11-08 00:00:00,,Osborne Homestead Museum,/ /,,Good,,,1,"Kipling, Rudyard",,0,0,,n.d.,,,0,,,0,,,,,/ /,/ / : : AM,,,8: Communication Artifact,livingroom case by front frenchdoors,0,,/ /,,,,0,,/ /,,,,0,0,,,,/ /,,0,,,,,,,0,,/ /,,Introduction by Henry James,B141,book,,,,,,Documentary Artifact,,249 p.,,,Manhattan Press,,New York,,,,,,,,,,,Shelf,,/ /,,fiction,,,/ /,,,,,Mine Own People,,,,,,,,,,,,0,0,0,0,0,/ /,/ /,,/ /,,,,,,,,,,2001-11-08 11:39:00,,/ /,.F.
OHM B142,0,,,,,,pes,2001-11-08 00:00:00,,Osborne Homestead Museum,/ /,,Good,some staining on spine and flyleaves,,1,"Kipling, Rudyard",,0,0,,n.d.,,,0,,,0,,,,,/ /,/ / : : AM,,,8: Communication Artifact,livingroom case by front frenchdoors,0,,/ /,,,,0,,/ /,,,,0,0,,,,/ /,,0,,,,,,,0,,/ /,,,OHM B142,book,,,,,,Documentary Artifact,,313 p.,,,Manhattan Press,,New York,,,,,,,,,,,Shelf,,/ /,,fiction,,,/ /,,,,,The Light that Failed,,,,,,,,,,,,0,0,0,0,0,/ /,/ /,,/ /,,,,,,,,,,2006-05-19 14:04:00,,/ /,.F.
B143,0,,,,,,pes,2001-11-08 00:00:00,,Osborne Homestead Museum,/ /,,Good,deep stains throughout,,1,"Kipling, Rudyard",,0,0,,n.d.,,,0,,,0,,,,,/ /,/ / : : AM,,,8: Communication Artifact,livingroom case by front frenchdoors,0,,/ /,,,,0,,/ /,,,,0,0,,,,/ /,,0,,,,,,,0,,/ /,,,B143,book,,,,,,Documentary Artifact,,302 p.,,,Manhattan Press,,New York,,,,,,,,,,,Shelf,,/ /,,fiction,,,/ /,,,,,Plain Tales from the Hills,,,,,,,,,,,,0,0,0,0,0,/ /,/ /,,/ /,,,,,,,,,,2001-11-08 11:45:00,,/ /,.F.
B144,0,,,,,,pes,2001-11-08 00:00:00,,Osborne Homestead Museum,/ /,,Good,,,1,"Kipling, Rudyard",,0,0,,n.d.,,,0,,,0,,,,,/ /,/ / : : AM,,,8: Communication Artifact,livingroom case by front frenchdoors,0,,/ /,,,,0,,/ /,,,,0,0,,,,/ /,,0,,,,,,,0,,/ /,,,B144,book,,,,,,Documentary Artifact,,255 p.,,,manhattan Press,,New York,,,,,,,,,,,Shelf,,/ /,,poetry light verse,,,/ /,,,,,"Depart mental Ditties, Ballads, Barrack-room Ballads and other verses",,,,,,,,,,,,0,0,0,0,0,/ /,/ /,,/ /,,,,,,,,,,2001-11-08 11:49:00,,/ /,.F.
B145,0,,,,,,pes,2001-11-08 00:00:00,,Osborne Homestead Museum,/ /,,Good,,,1,"Stevenson, Robert Louis",,0,0,,n.d.,,,0,Medallion Edition,,0,,,,,/ /,/ / : : AM,,,8: Communication Artifact,livingroom case by front frenchdoors,0,,/ /,,,,0,,/ /,,,,0,0,,,,/ /,,0,,,,,,,0,,/ /,,,B145,book,,,,,,Documentary Artifact,,345 p.,,,Cosmopolitan Magazine,,New York,,,,,,,,,,,Shelf,,/ /,,"essays, literary monographs biographies",,,/ /,,,,,Familiar Studies of Men and Books,,,,,,,,,,,,0,0,0,0,0,/ /,/ /,,/ /,,,,,,,,,,2001-11-08 11:57:00,,/ /,.F.
B146,0,,,,,,pes,2001-11-08 00:00:00,,Osborne Homestead Museum,/ /,,Good,,,1,"Stevenson, Robert Louis",,0,0,,n.d.,,,0,The Medallion Edition,,0,,,,,/ /,/ / : : AM,,,8: Communication Artifact,livingroom case by front frenchdoors,0,,/ /,,,,0,,/ /,,,,0,0,,,,/ /,,0,,,,,,,0,,/ /,,,B146,book,,,,,,Documentary Artifact,,"308 p,",,,Cosmopoliatn Magazine,,New York,,,,,,,,,,,Shelf,,/ /,,fiction,,,/ /,,,,,The Master of Ballantrae: A Winter's Tale,,,,,,,,,,,,0,0,0,0,0,/ /,/ /,,/ /,,,,,,,,,,2001-11-08 12:01:00,,/ /,.F.
B147,0,,,,,,pes,2001-11-08 00:00:00,,Osborne Homestead Museum,/ /,,Good,,,1,"Stevenson, Robert Louis",,0,0,,1906,,,1906,The Medallion Edition,,0,,,,,/ /,/ / : : AM,,,8: Communication Artifact,livingroom case by front frenchdoors,0,,/ /,,,,0,,/ /,,,,0,0,,,,/ /,,0,,,,,,,0,,/ /,,Literary History of Treasure Island by Alexander Harvey as Introduction,B147,book,,,,,,Documentary Artifact,,308 p.,,,Cosmopoliatn Magazine,,New York,,,,,,,,,,,Shelf,,/ /,,fiction,,,/ /,,,,,Treasure Island,,,,,,,,,,,,0,0,0,0,0,/ /,/ /,,/ /,,,,,,,,,,2001-11-08 12:04:00,,/ /,.F.
OHM B148,0,,,,,,pes,2001-11-08 00:00:00,,Osborne Homestead Museum,/ /,,Good,,,1,"Stevenson, Robert Louis",,0,0,,n.d.,,,0,The Medallion Edition,,0,,,,,/ /,/ / : : AM,,,8: Communication Artifact,livingroom case by front frenchdoors,0,,/ /,,,,0,,/ /,,,,0,0,,,,/ /,,0,,,,,,,0,,/ /,,,OHM B148,Book,,,,,,Documentary Artifact,,400 p.,,,Cosmopolitan Magazine,,New York,,,,,,,,,,,Shelf,,/ /,,fiction,,,/ /,,,,,New Arabian Nights,,,,,,,,,,,,0,0,0,0,0,/ /,/ /,,/ /,,,,,,,,,,2006-05-19 14:03:00,,/ /,.F.
B149,0,,,,,,pes,2001-11-08 00:00:00,,Osborne Homestead Museum,/ /,,Good,,,1,"Stevenson, Robert Louis",,0,0,,n.d.,,,0,The Medallion Edition,,0,,,,,/ /,/ / : : AM,,,8: Communication Artifact,livingroom case by front frenchdoors,0,,/ /,,,,0,,/ /,,,,0,0,,,,/ /,,0,,,,,,,0,,/ /,,,B149,book,,,,,,Documentary Artifact,,287 p.,,,Cosmopolitan Magazine,,New York,,,,,,,,,,,Shelf,,/ /,,fiction,,,/ /,,,,,Travels with a Donkey in the Cevennes: An Island Voyage,,,,,,,,,,,,0,0,0,0,0,/ /,/ /,,/ /,,,,,,,,,,2001-11-08 12:12:00,,/ /,.F.
B150,0,,,,,,pes,2001-11-08 00:00:00,,Osborne Homestead Museum,/ /,,Good,,,1,"Stevenson, Robert Louis",,0,0,,n.d.,,,0,The Medallion Edition,,0,,,,,/ /,/ / : : AM,,,8: Communication Artifact,livingroom case by front frenchdoors,0,,/ /,,,,0,,/ /,,,,0,0,,,,/ /,,0,,,,,,,0,,/ /,,,B150,book,,,,,,Documentary Artifact,,396 p.,,,Cosmopolitan Magazine,,New York,,,,,,,,,,,Shelf,,/ /,,fiction,,,/ /,,,,,The Strange Case of Dr. Jekyll and Mr. Hyde,The Merry Men and other tales and fables,,,,,,,,,,,0,0,0,0,0,/ /,/ /,,/ /,,,,,,,,,,2001-11-08 12:17:00,,/ /,.F.
B151,0,,,,,,pes,2001-11-08 00:00:00,,Osborne Homestead Museum,/ /,,Good,,,1,"Stevenson, Robert Louis",,0,0,,1906,,,1906,The Medallion Edition,,0,,,,,/ /,/ / : : AM,,,8: Communication Artifact,livingroom case by front frenchdoors,0,,/ /,,,,0,,/ /,,,,0,0,,,,/ /,,0,,,,,,,0,,/ /,,,B151,book,,,,,,Documentary Artifact,,134 p.,,,Cosmopolitan Magazine,,New York,,,,,,,,,,,Shelf,,/ /,,"poetry, juvenile",,,/ /,,,,,A Child's Garden of Verses and Underwoods,,,,,,,,,,,,0,0,0,0,0,/ /,/ /,,/ /,,,,,,,,,,2001-11-08 12:20:00,,/ /,.F.
B152,0,,,,,,pes,2001-11-08 00:00:00,,Osborne Homestead Museum,/ /,,Good,some staining on spine,,1,"Stevenson, Robert Luois",,0,0,,n.d.,,,0,,,0,,,,,/ /,/ / : : AM,,,8: Communication Artifact,livingroom case by front frenchdoors,0,,/ /,,,,0,,/ /,,,,0,0,,,,/ /,,0,,,,,,,0,,/ /,,,B152,book,,,,,,Documentary Artifact,,308 p.,,,Cosmopolitan Magazine,,New York,,,,,,,,,,,Shelf,,/ /,,fiction,,,/ /,,,,,Kidnapped,Being Memoirs of the Adventures of David Balfour in the Year 1751,,,,,,,,,,,0,0,0,0,0,/ /,/ /,,/ /,,,,,,,,,,2001-11-08 12:23:00,,/ /,.F.
B153,0,,,,,,pes,2001-11-08 00:00:00,,Osborne Homestead Museum,/ /,,Good,,,1,"Stevenson, Robert Louis",,0,0,,n.d.,,,0,The Medallion Edition,,0,,,,,/ /,/ / : : AM,,,8: Communication Artifact,livingroom case by front frenchdoors,0,,/ /,,,,0,,/ /,,,,0,0,,,,/ /,,0,,,,,,,0,,/ /,,,B153,book,,,,,,Documentary Artifact,,256 p.,,,Cosmopolitan Magazine,,New York,,,,,,,,,,,Shelf,,/ /,,fiction,,,/ /,,,,,"""Virginibus Puerisque"" and Other Stories",,,,,,,,,,,,0,0,0,0,0,/ /,/ /,,/ /,,,,,,,,,,2001-11-08 12:27:00,,/ /,.F.
B154,0,,,,,,pes,2001-11-08 00:00:00,,Osborne Homestead Museum Collection,/ /,,Good,,,1,"Johnson, Samuel",,0,0,,n.d.,,,0,,,0,,,,,/ /,/ / : : AM,,,8: Communication Artifact,livingroom case by front frenchdoors,0,,/ /,,,,0,,/ /,,,,0,0,,,,/ /,,0,,,,,,,0,,/ /,,,B154,book,,,,,,Documentary Artifact,,243 p.,,,G. P. Putnam's Sons,,New York,,,,,,,,,,,Shelf,,/ /,,fiction,,,/ /,,,,,"Rasselas, Prince of Abyssinia",,,,,,,,,,,,0,0,0,0,0,/ /,/ /,,/ /,,,,,,,,,,2023-04-08 15:22:00,Unknown,/ /,.F.
B155,0,,,,,,pes,2001-11-08 00:00:00,,Osborne Homestead Museum,/ /,,Good,,,1,"Shaylor, Joseph, comp.",,0,0,,1898,,,1898,,,0,,,,,/ /,/ / : : AM,,,8: Communication Artifact,livingroom case by front frenchdoors,0,,/ /,,,,0,,/ /,,,,0,0,,,,/ /,,0,,,,,,,0,,/ /,,Introduction by Andrew Lang,B155,book,,,,,,Documentary Artifact,,120 p.,,,Truslove and Comba,,New York,,,,,,,,,,,Shelf,,/ /,,"literature authors, noted",,,/ /,,,,,The Pleasure of Literature and the Solace of Books,,,,,,,,,,,,0,0,0,0,0,/ /,/ /,,/ /,,,,,,,,,,2001-11-08 12:38:00,,/ /,.F.
B156,0,,,,,,pes,2001-11-09 00:00:00,,Osborne Homestead Museum,/ /,,Good,,,1,"Christian, Eugene",,0,0,,1916,,,1916,Revised Edition,,0,,,,,/ /,/ / : : AM,,,8: Communication Artifact,livingroom case by front frenchdoors,0,,/ /,,,,0,,/ /,,,,0,0,,,,/ /,,0,,,,,,,0,,/ /,,,B156,book,,,,,,Documentary Artifact,,94 p.,,,Corrective Eating Society,,New York,,,,,"vol, 1 of 2 vols.",,,,,,Shelf,,/ /,,nutrition menus,,,/ /,,,,,Little Lessons in Corrective Eating,,,,,,,,,,,,0,0,0,0,0,/ /,/ /,,/ /,,,,,,,,,,2001-11-09 10:11:00,,/ /,.F.
B157,0,,,,,,pes,2001-11-09 00:00:00,,Osborne Homestead Museum,/ /,,Good,,,1,"Christian, Eugene",,0,0,,1916,,,1916,Revised Edition,,0,,,,,/ /,/ / : : AM,,,8: Communication Artifact,livingroom case by front frenchdoors,0,,/ /,,,,0,,/ /,,,,0,0,,,,/ /,,0,,,,,,,0,,/ /,,,B157,book,,,,,,Documentary Artifact,,94 p.,,,Corrective Eating Society,,New York,,,,,Vol.2 of two vols.,,,,,,Shelf,,/ /,,nutrition menus,,,/ /,,,,,Little Lessons in Corrective Eating,,,,,,,,,,,,0,0,0,0,0,/ /,/ /,,/ /,,,,,,,,,,2001-11-09 10:17:00,,/ /,.F.
B158,0,,,,,,pes,2001-11-09 00:00:00,,Osborne Homestead Museum,/ /,,Good,,,1,"Williams, W.W.",,0,0,,1930,,,1930,,,0,,,,,/ /,/ / : : AM,,,8: Communication Artifact,LIBRARY Case 5/Row 2,0,,/ /,,,,0,,/ /,,,,0,0,,,,/ /,,0,,,,,,,0,,/ /,,,B158,book,,,,,,Documentary Artifact,,252 p.,,,W.W. Williams,,"Springfield, MA",,,,,,,,,,,Shelf,,/ /,,,,,/ /,,,,,Sex Hygiene and Reproduction of Cattle,,,,,,,,,,,,0,0,0,0,0,/ /,/ /,,/ /,,,,,,,,,,2010-08-15 14:13:00,Unknown,/ /,.F.
B159,0,,,,,,pes,2001-11-09 00:00:00,,Osborne Homestead Museum,/ /,,Good,,,2,"Williams, W.W.",,0,0,,1930,,,1930,,,0,,,,,/ /,/ / : : AM,,,8: Communication Artifact,livingroom case by front frenchdoors,0,,/ /,,,,0,,/ /,,,,0,0,,,,/ /,,0,,,,,,,0,,/ /,,,B159,book,,,,,,Documentary Artifact,,252 p.,,,W. W. Williams,,"Springfield, MA",,,,,,,,,,,Shelf,,/ /,,cows calfing animal husbandry,,,/ /,,,,,Sex Hygiene and Reproduction of Cattle,,,,,,,,,,,,0,0,0,0,0,/ /,/ /,,/ /,,,,,,,,,,2001-11-09 10:24:00,,/ /,.F.
B160,0,,,,,,pes,2001-11-09 00:00:00,,Osborne Homestead Museum,/ /,,Good,,,3,W. W. Williams,,0,0,,1930,,,1930,,,0,,,,,/ /,/ / : : AM,,,8: Communication Artifact,livingroom case by front frenchdoors,0,,/ /,,,,0,,/ /,,,,0,0,,,,/ /,,0,,,,,,,0,,/ /,,,B160,Book,,,,,,Documentary Artifact,,252 p.,,,W. W. Williams,,"Springfield, MA",,,,,,,,,,,Shelf,,/ /,,,,,/ /,,,,,Sex Hygiene and Reproduction of Cattle,,,,,,,,,,,,0,0,0,0,0,/ /,/ /,,/ /,,,,,,,,,,2001-11-09 10:27:00,,/ /,.F.
B161,0,,,,,,pes,2001-11-09 00:00:00,,Osborne Homestead Museum,/ /,,Good,,,1,"Stanley, Arthur Penrhyn",,0,0,,1891,,,1891,New Edition,,0,,,,,/ /,/ / : : AM,,,8: Communication Artifact,livingroom case by front frenchdoors,0,,/ /,,,,0,,/ /,,,,0,0,,,,/ /,,0,,,,,,,0,,/ /,,,B161,book,,,,,,Documentary Artifact,,472 p.,,,Scribner,,New York,,,,,Vol. 1 of three vols.,,,,,,Shelf,,/ /,,"history, Jewish Judaica",,,/ /,,,,,Lectures on the History of the Jewish Church,,,,,,,,,,,,0,0,0,0,0,/ /,/ /,,/ /,,,,,,,,,,2001-11-09 10:52:00,,/ /,.F.
B162,0,,,,,,pes,2001-11-09 00:00:00,,Osborne Homestead Museum,/ /,,Good,,,1,"Stanley, Arthur Penrhyn",,0,0,,1891,,,1891,New Edition,,0,,,,,/ /,/ / : : AM,,,8: Communication Artifact,livingroom case by front frenchdoors,0,,/ /,,,,0,,/ /,,,,0,0,,,,/ /,,0,,,,,,,0,,/ /,,,B162,book,,,,,,Documentary Artifact,,511 p.,,,Scribner,,New York,,,,,vol. 2 of three vols.,,,,,,Shelf,,/ /,,,,,/ /,,,,,Lectures on the History of the Jewish Church,,,,,,,,,,,,0,0,0,0,0,/ /,/ /,,/ /,,,,,,,,,,2001-11-09 10:55:00,,/ /,.F.
B163,0,,,,,,pes,2001-11-09 00:00:00,,Osborne Homestead Museum,/ /,,Good,,,1,"Stanley, Arthur Penrhyn",,0,0,,1891,,,1891,New Edition,,0,,,,,/ /,/ / : : AM,,,8: Communication Artifact,livingroom case by front frenchdoors,0,,/ /,,,,0,,/ /,,,,0,0,,,,/ /,,0,,,,,,,0,,/ /,,,B163,book,,,,,,Documentary Artifact,,440 p.,,,Scribner,,New York,,,,,Vol. 3 of three vols.,,,,,,Shelf,,/ /,,,,,/ /,,,,,Lectures on the History of the Jewish Church,,,,,,,,,,,,0,0,0,0,0,/ /,/ /,,/ /,,,,,,,,,,2001-11-09 10:58:00,,/ /,.F.
B164,0,,,,,,pes,2001-11-09 00:00:00,,Osborne Homestead Museum,/ /,,Good,,,1,"Drury, G. Thorn, ed.",,0,0,,1901,,,1901,New Edition,,0,,,,,/ /,/ / : : AM,,,8: Communication Artifact,livingroom case by front frenchdoors,0,,/ /,,,,0,,/ /,,,,0,0,,,,/ /,,0,,,,,,,0,,/ /,,vol. 1. of 2 vols.,B164,book,,,,,,Documentary Artifact,,123 p.,,,Charles Scribner's Sons,,New York,,,,,The Muses Library,,,,,,Shelf,,/ /,,poetry,,,/ /,,,,,The Poems of Edmund Waller,,,,,,,,,,,,0,0,0,0,0,/ /,/ /,,/ /,,,,,,,,,,2001-11-09 11:22:00,,/ /,.F.
B165,0,,,,,,pes,2001-11-09 00:00:00,,Osborne Homestead Museum,/ /,,Good,,,1,"Drury, G. Thorn, ed.",,0,0,,1901,,,1901,New Edition,,0,,,,,/ /,/ / : : AM,,,8: Communication Artifact,livingroom case by front frenchdoors,0,,/ /,,,,0,,/ /,,,,0,0,,,,/ /,,0,,,,,,,0,,/ /,,vol. 2 of two vols.,B165,Book,,,,,,Documentary Artifact,,224 p.,,,Charles Scribner's Sons,,New York,,,,,Muses Library,,,,,,Shelf,,/ /,,poetry,,,/ /,,,,,The Poems of Edmund Waller,,,,,,,,,,,,0,0,0,0,0,/ /,/ /,,/ /,,,,,,,,,,2001-11-09 11:22:00,,/ /,.F.
B166,0,,,,,,pes,2001-11-09 00:00:00,,Osborne Homestead Museum,/ /,,Good,,,1,"Chambers, E.K., ed.",,0,0,,1901,,,1901,New Edition,,0,,,,,/ /,/ / : : AM,,,8: Communication Artifact,livingroom case by front frenchdoors,0,,/ /,,,,0,,/ /,,,,0,0,,,,/ /,,0,,,,,,,0,,/ /,,Vol. 1 of 2 vols.,B166,book,,,,,,Documentary Artifact,,252 p,,,Charles Scribner's Sons,,New York,,,,,Muses Library,,,,,,Shelf,,/ /,,poetry,,,/ /,,,,,Poems of John Donne,,,,,,,,,,,,0,0,0,0,0,/ /,/ /,,/ /,,,,,,,,,,2001-11-09 11:20:00,,/ /,.F.
B167,0,,,,,,pes,2001-11-09 00:00:00,,Osborne Homestead Museum,/ /,,Good,,,1,"Chambers, E.K., ed.",,0,0,,1901,,,1901,New Edition,,0,,,,,/ /,/ / : : AM,,,8: Communication Artifact,livingroom case by front frenchdoors,0,,/ /,,,,0,,/ /,,,,0,0,,,,/ /,,0,,,,,,,0,,/ /,,Vol. 2 of 2 vols.,B167,book,,,,,,Documentary Artifact,,326 p.,,,Charles Scribner's Sons,,New York,,,,,The Muses Library,,,,,,Shelf,,/ /,,poetry,,,/ /,,,,,Poems of John Donne,,,,,,,,,,,,0,0,0,0,0,/ /,/ /,,/ /,,,,,,,,,,2001-11-09 11:39:00,,/ /,.F.
B168,0,,,,,,pes,2001-11-09 00:00:00,,Osborne Homestead Museum,/ /,,Good,,,1,"Pollard, Alfred, ed.",,0,0,,1901,,,1901,Revised Edition,,0,,,,,/ /,/ / : : AM,,,8: Communication Artifact,LIBRARY Case 6 Row 6,0,,/ /,,,,0,,/ /,,,,0,0,,,,/ /,,0,,,,,,,0,,/ /,,Vol. 1,B168,book,,,,,,Documentary Artifact,,322 p.,,,Charles Scribner's Sons,,New York,,,,,Muses Library,,,,,,Shelf,,/ /,,poetry,,,/ /,,,,,Poems of Robert Herrick,The Hesperides and Noble Numbers,,,,,,,,,,,0,0,0,0,0,/ /,/ /,,/ /,,,,,,,,,,2010-08-01 14:08:00,Unknown,/ /,.F.
B169,0,,,,,,pe,2001-11-09 00:00:00,,Osborne Homestead Museum,/ /,,Good,,,1,"Drury. G. Thorn, ed.",,0,0,,1896,,,1896,,,0,,,,,/ /,/ / : : AM,,,8: Communication Artifact,livingroom case by front frenchdoors,0,,/ /,,,,0,,/ /,,,,0,0,,,,/ /,,0,,,,,,,0,,/ /,,vol. 1 of 2 vols.,B169,book,,,,,,Documentary Artifact,,246 p.,,,Charles Scribner's Sons,,New York,,,,,Muses Library,,,,,,Shelf,,/ /,,poetry,,,/ /,,,,,Poems of John Keats,,,,,,,,,,,,0,0,0,0,0,/ /,/ /,,/ /,,,,,,,,,,2001-11-09 11:36:00,,/ /,.F.
B170,0,,,,,,pes,2001-11-09 00:00:00,,Osborne Homestead Museum,/ /,,Good,,,1,"Drury, G. Thorn, ed.",,0,0,,1896,,,1896,,,0,,,,,/ /,/ / : : AM,,,8: Communication Artifact,livingroom case by front frenchdoors,0,,/ /,,,,0,,/ /,,,,0,0,,,,/ /,,0,,,,,,,0,,/ /,,Vol. 2 of two vols.,B170,book,,,,,,Documentary Artifact,,391 p.,,,Charles Scribner's Sons,,New York,,,,,Muses Library,,,,,,Shelf,,/ /,,poetry,,,/ /,,,,,Poems of John Keats,,,,,,,,,,,,0,0,0,0,0,/ /,/ /,,/ /,,,,,,,,,,2001-11-09 12:15:00,,/ /,.F.
B171,0,,,,,,pe,2001-11-09 00:00:00,,Osborne Homestead Museum,/ /,,Good,,,1,"Aitken, G. A., ed.",,0,0,,,,,0,,,0,,,,,/ /,/ / : : AM,,,8: Communication Artifact,livingroom case by front frenchdoors,0,,/ /,,,,0,,/ /,,,,0,0,,,,/ /,,0,,,,,,,0,,/ /,,,B171,book,,,,,,Documentary Artifact,,244 p.,,,,,,,,,,Muses Library,,,,,,Shelf,,/ /,,poetry,,,/ /,,,,,Satrires of Andrew Marvell,,,,,,,,,,,,0,0,0,0,0,/ /,/ /,,/ /,,,,,,,,,,2001-11-09 12:17:00,,/ /,.F.
B172,0,,,,,,pes,2002-01-17 00:00:00,,Osborne Homestead Museum,/ /,,Fair,torn paper spine,,1,"Gregory, Lady",,0,0,,1910,,,1910,,,0,,,,,/ /,/ / : : AM,,,8: Communication Artifact,livingroom case by front frenchdoors,0,,/ /,,,,0,,/ /,,,,0,0,,,,/ /,,0,,,,,,,0,,/ /,,,B172,book,,,,,,Documentary Artifact,,102 p.,,,Maunsel and Co.,,Dublin,,,,,,,,,,,Shelf,,/ /,,drama Ireland,,,/ /,,,,,The Image: A Play in Three Acts,,,,,,,,,,,,0,0,0,0,0,/ /,/ /,,/ /,,,,,,,,,,2002-01-17 10:38:00,,/ /,.F.
B173,0,,,,,,pes,2002-01-17 00:00:00,,Osborne Homestead Museum,/ /,,Poor,badly water stained,,1,"Defoe, Daniel",,0,0,,1900,,,1900,second,,0,,,,,/ /,/ / : : AM,,,8: Communication Artifact,livingroom case by front frenchdoors,0,,/ /,,,,0,,/ /,,,,0,0,,,,/ /,,0,,,,,,,0,,/ /,,signed in pencil--Frances Osborne,B173,book,,,,,,Documentary Artifact,,214 p.,,,J.M. Dent,,London,,,,,vol.1 of 16 vols.,,,,,,Shelf,,/ /,,fiction,,,/ /,,,,,Romances and Narratives by Daniel Defoe,The Fortunate Mistress (Roxana),,,,,,,,,,,0,0,0,0,0,/ /,/ /,,/ /,,,,,,,,,,2002-01-17 10:46:00,,/ /,.F.
B174,0,,,,,,pes,2002-01-17 00:00:00,,Osborne Homestead Museum,/ /,,Good,,,1,"Jacobs, W.W.",,0,0,,1898,,,1898,,,0,,,,,/ /,/ / : : AM,,,8: Communication Artifact,livingroom case by front frenchdoors,0,,/ /,,,,0,,/ /,,,,0,0,,,,/ /,,0,,,,,,,0,,/ /,,Signed--Frances Osborne Derby Neck 1902,B174,book,,,,,,Documentary Artifact,,231 p.,,,Frederick A. Stokes,,New York,,,,,,,,,,,Shelf,,/ /,,fiction,,,/ /,,,,,More Cargoes,,,,,,,,,,,,0,0,0,0,0,/ /,/ /,,/ /,,,,,,,,,,2002-01-17 10:50:00,,/ /,.F.
B175,0,,,,,,pe,2002-01-17 00:00:00,,Osborne Homestead Museum,/ /,,Good,pencil marking of specific words on back flyleaf,,1,"Doriot, Sophie",,0,0,,1897,,,1897,,,0,,,,,/ /,/ / : : AM,,,8: Communication Artifact,livingroom case by front frenchdoors,0,,/ /,,,,0,,/ /,,,,0,0,,,,/ /,,0,,,,,,,0,,/ /,,signed--Frances Osborne Ansonia Conn,B175,book,,,,,,Documentary Artifact,,298 p.,,,Ginn and Co.,,Boston,,,,,,,,,,,Shelf,,/ /,,French language,,,/ /,,,,,The Beginners' Book in French,With Humorous Illustrations,,,,,,,,,,,0,0,0,0,0,/ /,/ /,,/ /,,,,,,,,,,2002-01-17 11:02:00,,/ /,.F.
B176,0,,,,,,pes,2002-01-17 00:00:00,,Osborne Homestead Museum,/ /,,Good,,,1,"Paull, Mrs. H.B.",,0,0,,1885,,,0,,,0,,,,,/ /,/ / : : AM,,,8: Communication Artifact,livingroom case by front frenchdoors,0,,/ /,,,,0,,/ /,,,,0,0,,,,/ /,,0,,,,,,,0,,/ /,,signed--To Fannie E. Osborne From Maria Whitteman Christmas/86,B176,book,,,,,,Documentary Artifact,,543 p.,,,"Belford, Clarke and Co.",,Chicago and New York,,,,,,,,,,,Shelf,,/ /,,fairy tales,,,/ /,,,,,"Grimms' Fairy Tales, A New Translation",Specially Adapted and Arranged for Young People,,,,,,,,,,,0,0,0,0,0,/ /,/ /,,/ /,,,,,,,,,,2002-01-17 11:09:00,,/ /,.F.
B177,0,,,,,,pes,2002-01-17 00:00:00,,Osborne Homestead Museum,/ /,,Good,,,1,"Andersen, Hans Christian",,0,0,,1884,,,1884,Arlington Edition,,0,,,,,/ /,/ / : : AM,,,8: Communication Artifact,livingroom case by front frenchdoors,0,,/ /,,,,0,,/ /,,,,0,0,,,,/ /,,0,,,,,,,0,,/ /,,Signed-- Fannie Osborne From Mama Christmas/86,B177,book,,,,,,Documentary Artifact,,351 p.,,,Hurst and Co.,,New York,,,,,,,,,,,Shelf,,/ /,,fairy tales,,,/ /,,,,,Fairy Tales,,,,,,,,,,,,0,0,0,0,0,/ /,/ /,,/ /,,,,,,,,,,2002-01-17 11:13:00,,/ /,.F.
B178,0,,,,,,pes,2002-01-17 00:00:00,,Osborne Homestead Museum,/ /,,Good,,,1,"Dowson, Ernest",,0,0,,1907,,,1907,,,0,,,,,/ /,/ / : : AM,,,8: Communication Artifact,livingroom case by front frenchdoors,0,,/ /,,,,0,,/ /,,,,0,0,,,,/ /,,0,,,,,,,0,,/ /,,with paper slipcover/sleeve,B178,book,,,,,,Documentary Artifact,,36 p.,,,Thomas B. Mosher,,"Portland, Maine",,,,,,,,,,,Shelf,,/ /,,poetry,,,/ /,,,,,Cynara: A Little Book of Verse,,,,,,,,,,,,0,0,0,0,0,/ /,/ /,,/ /,,,,,,,,,,2002-01-17 11:27:00,,/ /,.F.
B179,0,,,,,,pes,2002-01-17 00:00:00,,Osborne Homestead Museum,/ /,,Good,,,1,"Johnson, Lionel",,0,0,,1908,with paper slipcover/sleeve,,1908,,,0,,,,,/ /,/ / : : AM,,,8: Communication Artifact,livingroom case by front frenchdoors,0,,/ /,,,,0,,/ /,,,,0,0,,,,/ /,,0,,,,,,,0,,/ /,,favorite poems marked off in pencil on table of contents,B179,book,,,,,,Documentary Artifact,,55 p.,,,Thomas B. Mosher,,"Portland, Maine",,,,,,,,,,,Shelf,,/ /,,poetry,,,/ /,,,,,Twenty-one Poems,,,,,,,,,,,,0,0,0,0,0,/ /,/ /,,/ /,,,,,,,,,,2002-01-17 11:32:00,,/ /,.F.
B180,0,,,,,,pes,2002-01-17 00:00:00,,Osborne Homestead Museum,/ /,,Unstable,"very poor condition, paper cover with back and frontpieces missing, spine torn",,1,"Maupassant, Guy de",,0,0,,n.d.,,,0,,,0,,,,,/ /,/ / : : AM,,,8: Communication Artifact,livingroom case by front frenchdoors,0,,/ /,,,,0,,/ /,,,,0,0,,,,/ /,,0,,,,,,,0,,/ /,,,B180,book,,,,,,Documentary Artifact,,359 p.,,,Societe D'Editions Litteraires et Artstiques,,Paris,,,,,,,,,,,Shelf,,/ /,,french language fiction,,,/ /,,,,,Contes Choisis,,,,,,,,,,,,0,0,0,0,0,/ /,/ /,,/ /,,,,,,,,,,2002-01-17 11:44:00,,/ /,.F.
B181,0,,,,,,pes,2002-01-17 00:00:00,,Osborne Homestead Museum,/ /,,Poor,,,1,"Butler, William Allen",,0,0,,1858,,,1858,,,0,,,,,/ /,/ / : : AM,,,8: Communication Artifact,livingroom case by front frenchdoors,0,,/ /,,,,0,,/ /,,,,0,0,,,,/ /,,0,,,,,,,0,,/ /,,"Signed--W.F. Osborne From his Sister Fannie Oct 8, 58",B181,book,,,,,,Documentary Artifact,,93 p.,,,D. Appleton and Co.,,New York,,,,,,,,,,,Shelf,,/ /,,verse,,,/ /,,,,,Two Millions,,,,,,,,,,,,0,0,0,0,0,/ /,/ /,,/ /,,,,,,,,,,2002-01-17 11:49:00,,/ /,.F.
B182,0,,,,,,pes,2002-01-17 00:00:00,,Osborne Homestead Museum,/ /,,Good,,,1,"Oliphant, T. L. Kington",,0,0,,1886,,,1886,,,0,,,,,/ /,/ / : : AM,,,8: Communication Artifact,livingroom case by front frenchdoors,0,,/ /,,,,0,,/ /,,,,0,0,,,,/ /,,0,,,,,,,0,,/ /,,,B182,book,,,,,,Documentary Artifact,,623 p.,,,Macmillan and Co.,,London,,,,,Vol. 1 of 2 vols.,,,,,,Shelf,,/ /,,"English Language, Descriptive History of",,,/ /,,,,,The New English,,,,,,,,,,,,0,0,0,0,0,/ /,/ /,,/ /,,,,,,,,,,2002-01-17 12:03:00,,/ /,.F.
B183,0,,,,,,pes,2002-01-17 00:00:00,,Osborne Homestead Museum,/ /,,Good,,,1,"Oliphant, T.L. Kington",,0,0,,1886,,,0,,,0,,,,,/ /,/ / : : AM,,,8: Communication Artifact,livingroom case by front frenchdoors,0,,/ /,,,,0,,/ /,,,,0,0,,,,/ /,,0,,,,,,,0,,/ /,,,B183,book,,,,,,Documentary Artifact,,527 p.,,,Macmillan and Co.,,London,,,,,Vol. 2 of 2 vols.,,,,,,Shelf,,/ /,,"English Language, Descriptive History of",,,/ /,,,,,The New English,,,,,,,,,,,,0,0,0,0,0,/ /,/ /,,/ /,,,,,,,,,,2002-01-17 12:06:00,,/ /,.F.
B184,0,,,,,,pes,2002-01-17 00:00:00,,Osborne Homestead Museum,/ /,,Good,,,1,"Taine, H.A.",,0,0,,1880,,,1880,,,0,,,,,/ /,/ / : : AM,,,8: Communication Artifact,livingroom case by front frenchdoors,0,,/ /,,,,0,,/ /,,,,0,0,,,,/ /,,0,,,,,,,0,,/ /,,marbled endpapers and edgings,B184,book,,,,,,Documentary Artifact,,433 p.,,,Chatto and Windus,,London,,,,,vol. 1 of 4 vols.,,,,,,Shelf,,/ /,,"English Literature, History of",,,/ /,,,,,History of English Literature,,,,,,,,,,,,0,0,0,0,0,/ /,/ /,,/ /,,,,,,,,,,2002-01-17 12:19:00,,/ /,.F.
OHM B185,0,,,,,,pes,2002-01-17 00:00:00,,Osborne Homestead Museum,/ /,,Good,,,1,"Taine, H. A.",,0,0,,1880,,,1880,,,0,,,,,/ /,/ / : : AM,,,8: Communication Artifact,livingroom case by front frenchdoors,0,,/ /,,,,0,,/ /,,,,0,0,,,,/ /,,0,,,,,,,0,,/ /,,marbled endpapers and edgings,OHM B185,book,,,,,,Documentary Artifact,,447 p.,,,Chatto and Windus,,London,,,,,vol. 2 of 4 vols.,,,,,,Shelf,,/ /,,"English Literature, History of",,,/ /,,,,,History of English Literature,,,,,,,,,,,,0,0,0,0,0,/ /,/ /,,/ /,,,,,,,,,,2006-05-19 14:01:00,,/ /,.F.
B186,0,,,,,,pes,2002-01-17 00:00:00,,Osborne Homestead Museum,/ /,,Good,,,1,"Taine, H. A.",,0,0,,1880,,,1880,,,0,,,,,/ /,/ / : : AM,,,8: Communication Artifact,livingroom case by front frenchdoors,0,,/ /,,,,0,,/ /,,,,0,0,,,,/ /,,0,,,,,,,0,,/ /,,marbled endpapers and edgings,B186,book,,,,,,Documentary Artifact,,462 p.,,,Chatto and Windus,,London,,,,,vol. 3 of 4 vols.,,,,,,Shelf,,/ /,,"English Literature, History of",,,/ /,,,,,History of English Literature,,,,,,,,,,,,0,0,0,0,0,/ /,/ /,,/ /,,,,,,,,,,2002-01-17 12:26:00,,/ /,.F.
B187,0,,,,,,pes,2002-01-17 00:00:00,,Osborne Homestead Museum,/ /,,Good,,,1,"Taine, H.A.",,0,0,,1880,,,1880,,,0,,,,,/ /,/ / : : AM,,,8: Communication Artifact,livingroom case by front frenchdoors,0,,/ /,,,,0,,/ /,,,,0,0,,,,/ /,,0,,,,,,,0,,/ /,,marbled endpapers and edgings,B187,book,,,,,,Documentary Artifact,,476 p.,,,chatto andwindus,,London,,,,,vol. 4 of 4 vols.,,,,,,Shelf,,/ /,,"English Literature, History of",,,/ /,,,,,History of English Literature,,,,,,,,,,,,0,0,0,0,0,/ /,/ /,,/ /,,,,,,,,,,2002-01-17 12:28:00,,/ /,.F.
B188,0,,,,,,pes,2002-02-14 00:00:00,,Osborne Homestead Museum,/ /,,Fair,,,1,compilation,,0,0,,1902-06-01 00:00:00,,,0,Vol. 15,,0,,,,,/ /,/ / : : AM,,,8: Communication Artifact,livingroom bookcase by front frenchdoors,0,,/ /,,,,0,,/ /,,,,0,0,,,,/ /,,0,,,,,,,0,,/ /,,Bound periodicals,B188,book,,,,,,Documentary Artifact,,192 p.,,,The Society of the Philistine,,"East Aurora, New York",,,,,The Philistine,,,,,,Shelf,,/ /,,,,,/ /,,,,,The Philistine,A Periodical of Protest,,,,,,,,,,,0,0,0,0,0,/ /,/ /,,/ /,,,,,,,,,,2002-02-14 10:20:00,,/ /,.F.
B189,0,,,,,,pes,2002-02-14 00:00:00,,Osborne Homestead Museum,/ /,,Fair,,,1,compilation,,0,0,,Dec. 1902,,,0,Vol. Dec. 1902,,0,,,,,/ /,/ / : : AM,,,8: Communication Artifact,livingroom bookcase by front frenchdoors,0,,/ /,,,,0,,/ /,,,,0,0,,,,/ /,,0,,,,,,,0,,/ /,,Bound periodicals,B189,book,,,,,,Documentary Artifact,,192 p.,,,The Society of the Philistines,,"East Aurora, New York",,,,,The Philistine,,,,,,Shelf,,/ /,,,,,/ /,,,,,The Philistine,A Periodical of Protest,,,,,,,,,,,0,0,0,0,0,/ /,/ /,,/ /,,,,,,,,,,2002-02-14 10:30:00,,/ /,.F.
B190,0,,,,,,pes,2002-02-14 00:00:00,,Osborne Homestead Museum,/ /,,Fair,,,1,compilation,,0,0,,1900-06-01 00:00:00,,,0,Vol. 11,,0,,,,,/ /,/ / : : AM,,,8: Communication Artifact,livingroom bookcase by front frenchdoors,0,,/ /,,,,0,,/ /,,,,0,0,,,,/ /,,0,,,,,,,0,,/ /,,Bound periodicals,B190,Book,,,,,,Documentary Artifact,,192 p.,,,The Society of the Philistines,,"East Aurora, New York",,,,,The Philistine,,,,,,Shelf,,/ /,,,,,/ /,,,,,The Philistine,A Periodical of Protest,,,,,,,,,,,0,0,0,0,0,/ /,/ /,,/ /,,,,,,,,,,2002-02-14 10:45:00,,/ /,.F.
OHM B191,0,,,,,,pes,2002-02-14 00:00:00,,Osborne Homestead Museum,/ /,,Fair,,,1,compilation,,0,0,,Dec. 1900,,,0,Vol. 12,,0,,,,,/ /,/ / : : AM,,,,Livingroom bookcase by front frenchdoors,0,,/ /,,,,0,,/ /,,,,0,0,,,,/ /,,0,,,,,,,0,,/ /,,Bound periodicals,OHM B191,,,,,,,Need to Classify,,192 p.,,,The Society of the Philistine,,"East Aurora, New York",,,,,The Philistine,,,,,,Shelf,,/ /,,,,,/ /,,,,,The Philistine,A Periodical of Protest,,,,,,,,,,,0,0,0,0,0,/ /,/ /,,/ /,,,,,,,,,,2006-05-19 12:43:00,,/ /,.F.
B192,0,,,,,,pes,2002-02-14 00:00:00,,Osborne Homestead Museum,/ /,,Fair,,,1,compilation,,0,0,,1901-06-01 00:00:00,,,0,Vol. 13,,0,,,,,/ /,/ / : : AM,,,8: Communication Artifact,Livingroom bookcase by front frenchdoors,0,,/ /,,,,0,,/ /,,,,0,0,,,,/ /,,0,,,,,,,0,,/ /,,Bound periodicals,B192,book,,,,,,Documentary Artifact,,192 p.,,,The Society of the Philistines,,"East Aurora, New York",,,,,The Philistine,,,,,,Shelf,,/ /,,,,,/ /,,,,,The Philistine,A Periodical of Protest,,,,,,,,,,,0,0,0,0,0,/ /,/ /,,/ /,,,,,,,,,,2002-02-14 10:41:00,,/ /,.F.
B193,0,,,,,,pe,2002-02-14 00:00:00,,Osborne Homestead Museum,/ /,,Fair,,,1,compilation,,0,0,,Dec. 1901,,,0,Vol. 14,,0,,,,,/ /,/ / : : AM,,,8: Communication Artifact,livingroom bookcase by front frenchdoors,0,,/ /,,,,0,,/ /,,,,0,0,,,,/ /,,0,,,,,,,0,,/ /,,Bound periodicals,B193,book,,,,,,Documentary Artifact,,192 p.,,,The Society of the Philistines,,"East Aurora, New York",,,,,The Philistine,,,,,,Shelf,,/ /,,,,,/ /,,,,,The Philistine,A Periodical of Protest,,,,,,,,,,,0,0,0,0,0,/ /,/ /,,/ /,,,,,,,,,,2002-02-14 10:44:00,,/ /,.F.
B194,0,,,,,,p,2002-02-14 00:00:00,,Osborne Homestead Museum,/ /,,Good,,,1,"Whitney, William Dwight, ed.",,0,0,,1902,,,1902,Vol. 1,,0,,,,,/ /,/ / : : AM,,,8: Communication Artifact,livingroom case by front frenchdoors,0,,/ /,,,,0,,/ /,,,,0,0,,,,/ /,,0,,,,,,,0,,/ /,,,B194,book,,,,,,Documentary Artifact,,,,,The Century Co.,,New York,,,,,The Century Dictionary and Cyclopedia,,,,,,Shelf,,/ /,,"word derivations dictionary--highly detailed English Language, History of",,,/ /,,,,,The Century Dictionary and Cyclopedia,,,,,,,,,,,,0,0,0,0,0,/ /,/ /,,/ /,,,,,,,,,,2002-02-14 11:23:00,,/ /,.F.
OHM B195,0,,,,,,pes,2002-02-14 00:00:00,,Osborne Homestead Museum,/ /,,Fair,,,1,"Whitney, William Dwight, ed.",,0,0,,1902,,,1902,Vol. 2,,0,,,,,/ /,/ / : : AM,,,8: Communication Artifact,livingroom bookcase by front frenchdoors,0,,/ /,,,,0,,/ /,,,,0,0,,,,/ /,,0,,,,,,,0,,/ /,,,OHM B195,Book,,,,,,Documentary Artifact,,ca. 1000 p.,,,The Century,,New York,,,,,The Century Dictionary and Cyclopedia,,,,,,Shelf,,/ /,,"word derivations dictionary--highly detailed Emglish Language, History of",,,/ /,,,,,The Century Dictionary and Cyclopedia,,,,,,,,,,,,0,0,0,0,0,/ /,/ /,,/ /,,,,,,,,,,2006-05-19 12:43:00,,/ /,.F.
B196,0,,,,,,pes,2002-02-14 00:00:00,,Osborne Homestead Museum,/ /,,Fair,,,1,"Whitney, William Dwight",,0,0,,1902,,,0,Vol. 3,,0,,,,,/ /,/ / : : AM,,,8: Communication Artifact,livingroom bookcase by front frenchdoors,0,,/ /,,,,0,,/ /,,,,0,0,,,,/ /,,0,,,,,,,0,,/ /,,,B196,book,,,,,,Documentary Artifact,,ca. 1000 p.,,,The Century,,New York,,,,,The Century Dictionary and Cyclopedia,,,,,,Shelf,,/ /,,"word derivations dictionary--highly detailed English Language, History of",,,/ /,,,,,The Century Dictionary and Cyclopedia,,,,,,,,,,,,0,0,0,0,0,/ /,/ /,,/ /,,,,,,,,,,2002-02-14 11:40:00,,/ /,.F.
B197,0,,,,,,pes,2002-02-14 00:00:00,,Osborne Homestead Museum,/ /,,Good,,,1,"Whitney, William Dwight",,0,0,,1902,,,1902,Vol. 4,,0,,,,,/ /,/ / : : AM,,,8: Communication Artifact,livingrrrom bookcase by front frenchdoors,0,,/ /,,,,0,,/ /,,,,0,0,,,,/ /,,0,,,,,,,0,,/ /,,,B197,book,,,,,,Documentary Artifact,,ca. 1000 p.,,,The Century Co.,,New York,,,,,The Century Dictionary and Cyclopedia,,,,,,Shelf,,/ /,,"word derivations dictionary--highly detailed English Language, History of",,,/ /,,,,,The Century Dictionary and Cyclopedia,,,,,,,,,,,,0,0,0,0,0,/ /,/ /,,/ /,,,,,,,,,,2002-02-14 11:44:00,,/ /,.F.
B198,0,,,,,,pes,2002-02-14 00:00:00,,Osborne Homestead Museum,/ /,,Good,,,1,"Whitney, William Dwight",,0,0,,1902,,,1902,Vol. 5,,0,,,,,/ /,/ / : : AM,,,8: Communication Artifact,livingroom bookcase by front frenchdoors,0,,/ /,,,,0,,/ /,,,,0,0,,,,/ /,,0,,,,,,,0,,/ /,,,B198,book,,,,,,Documentary Artifact,,ca. 1000 p.,,,The Century Co.,,New York,,,,,The Century Dictionary and Cyclopedia,,,,,,Shelf,,/ /,,"word derivations dictionary--highly detailed English Languahe, History of",,,/ /,,,,,The Century Dictionary and Cyclopedia,,,,,,,,,,,,0,0,0,0,0,/ /,/ /,,/ /,,,,,,,,,,2002-02-14 11:48:00,,/ /,.F.
B199,0,,,,,,pes,2002-02-14 00:00:00,,Osborne Homestead Museum,/ /,,Good,,,1,"Whitney, William Dwight",,0,0,,1902,,,1902,Vol. 6,,0,,,,,/ /,/ / : : AM,,,8: Communication Artifact,livingroom bookcase by front frenchdoors,0,,/ /,,,,0,,/ /,,,,0,0,,,,/ /,,0,,,,,,,0,,/ /,,,B199,book,,,,,,Documentary Artifact,,ca. 1000 p.,,,The Century Co.,,New York,,,,,The Century Dictionary and Cyclopedia,,,,,,Shelf,,/ /,,"word derivations dictionary--highly detailed English Language, History of",,,/ /,,,,,The Century Dictionary and Cyclopedia,,,,,,,,,,,,0,0,0,0,0,/ /,/ /,,/ /,,,,,,,,,,2002-02-14 11:53:00,,/ /,.F.
B200,0,,,,,,pe,2002-02-14 00:00:00,,Osborne Homestead Museum,/ /,,Good,,,1,"Whitney, William Dwight",,0,0,,1902,,,1902,Vol. 7,,0,,,,,/ /,/ / : : AM,,,8: Communication Artifact,livingroom bookcase by front frenchdoors,0,,/ /,,,,0,,/ /,,,,0,0,,,,/ /,,0,,,,,,,0,,/ /,,,B200,book,,,,,,Documentary Artifact,,ca. 1000 p.,,,The Century Co.,,New York,,,,,The Century Dictionary and Cyclopedia,,,,,,Shelf,,/ /,,"Word derivations dictionary--highly detailed English Language, History of",,,/ /,,,,,The Century Dictionary and Cyclopedia,,,,,,,,,,,,0,0,0,0,0,/ /,/ /,,/ /,,,,,,,,,,2002-02-14 12:23:00,,/ /,.F.
B202,0,,,,,,pes,2002-02-14 00:00:00,,Osborne Homestead Museum Collection,/ /,,Good,,,1,"Whitney, William Dwight",,0,0,,1902,,,1902,Vol. 8i,,0,,,,,/ /,/ / : : AM,,,8: Communication Artifact,livingroom bookcase by front frenchdoors,0,,/ /,,,,0,,/ /,,,,0,0,,,,/ /,,0,,,,,,,0,,/ /,,,B202,book,,,,,,Documentary Artifact,,ca. 1000 p.,,,The Century Co.,,New York,,,,,The Century Dictionary and Cyclopedia,,,,,,Shelf,,/ /,,"word derivations dictionary--highly detailed English Language, History of",,,/ /,,,,,The Century Dictionary and Cyclopedia,,,,,,,,,,,,0,0,0,0,0,/ /,/ /,,/ /,,,,,,,,,,2023-04-08 15:37:00,Unknown,/ /,.F.
B201,0,,,,,,pes,2002-02-14 00:00:00,,Osborne Homestead Museum,/ /,,Good,,,1,"Whitney, William Dwight, ed.",,0,0,,1902,,,1902,Vol. 9,,0,,,,,/ /,/ / : : AM,,,8: Communication Artifact,livingroom bookcase by front frenchdoors,0,,/ /,,,,0,,/ /,,,,0,0,,,,/ /,,0,,,,,,,0,,/ /,,,B201,book,,,,,,Documentary Artifact,,ca. 1000 p.,,,The Century Co.,,New York,,,,,The Century Dictionary and Cyclopedia,,,,,,Shelf,,/ /,,"word derivations dictionary--highly detailed English Language, History of",,,/ /,,,,,The Century Dictionary and Cyclopedia,,,,,,,,,,,,0,0,0,0,0,/ /,/ /,,/ /,,,,,,,,,,2002-02-14 12:32:00,,/ /,.F.
B203,0,,,,,,pes,2002-02-15 00:00:00,,Osborne Homestead Museum,/ /,,Good,,,1,"Wordsworth, William",,0,0,,1889,,,1889,"Rolfe, William J., ed.",,0,,,,,/ /,/ / : : AM,,,8: Communication Artifact,livingroom bookcase by front frenchdoors,0,,/ /,,,,0,,/ /,,,,0,0,,,,/ /,,0,,,,,,,0,,/ /,,Inscription--My dear friend Fanny Feby 1890 Joseph Pullman,B203,book,,,,,,Documentary Artifact,,255 p.,,,,,New York,,,,,,,,,,,Shelf,,/ /,,poetry,,,/ /,,,,,Select Poems of William Wordsworth,,,,,,,,,,,,0,0,0,0,0,/ /,/ /,,/ /,,,,,,,,,,2002-02-15 10:24:00,,/ /,.F.
B204,0,,,,,,pes,2002-02-15 00:00:00,,Osborne Homestead Museum,/ /,,Poor,Ripped paper cover,,0,"Dodgson, Campbell, ed.",,0,0,,Dec. 1922,,,0,"Vol. 9, #4",,0,,,,,/ /,/ / : : AM,,,8: Communication Artifact,livingroom bookcase by front frenchdoors,0,,/ /,,,,0,,/ /,,,,0,0,,,,/ /,,0,,,,,,,0,,/ /,,,B204,book,,,,,,Documentary Artifact,,432 p. Paperback,,,J.M. Dent and Sons,,London,,,,,The Print Collector's Quarterly,,,,,,Shelf,,/ /,,art prints,,,/ /,,,,,The Print Collector's Quarterly,,,,,,,,,,,,0,0,0,0,0,/ /,/ /,,/ /,,,,,,,,,,2002-02-15 10:28:00,,/ /,.F.
B205,0,,,,,,pes,2002-02-15 00:00:00,,Osborne Homestead Museum,/ /,,Poor,,,1,"Dodgson, Campbell, ed.",,0,0,,1922-04-01 00:00:00,,,0,"Vol. 9, #2",,0,,,,,/ /,/ / : : AM,,,8: Communication Artifact,livingroom bookcase by front frenchdoors,0,,/ /,,,,0,,/ /,,,,0,0,,,,/ /,,0,,,,,,,0,,/ /,,,B205,book,,,,,,Documentary Artifact,,200 p. Paperback,,,J.M. Dent and Sons,,London,,,,,The Print Collector's Quarterly,,,,,,Shelf,,/ /,,art prints,,,/ /,,,,,The Print Collector's Quarterly,,,,,,,,,,,,0,0,0,0,0,/ /,/ /,,/ /,,,,,,,,,,2002-02-15 10:33:00,,/ /,.F.
B206,0,,,,,,pes,2002-02-15 00:00:00,,Osborne Homestead Museum,/ /,,Poor,Ripped and detached paper cover,,1,"Dodgson, Campbell, ed.",,0,0,,Oct. 1922,,,0,"Vol. 9, #3",,0,,,,,/ /,/ / : : AM,,,8: Communication Artifact,livingroom bookcase by front frenchdoors,0,,/ /,,,,0,,/ /,,,,0,0,,,,/ /,,0,,,,,,,0,,/ /,,,B206,book,,,,,,Documentary Artifact,,322 p. Paperback,,,J.M. Dent and Sons,,London,,,,,The Print Collector's Quarterly,,,,,,Shelf,,/ /,,art prints,,,/ /,,,,,The Print Collector's Quarterly,,,,,,,,,,,,0,0,0,0,0,/ /,/ /,,/ /,,,,,,,,,,2002-02-15 10:36:00,,/ /,.F.
B207,0,,,,,,pes,2002-02-15 00:00:00,,Osborne Homestead Museum,/ /,,Fair,"dry, cracked spine",,1,compilation,,0,0,,May-Oct. 1888,,,0,vol. 36,,0,,,,,/ /,/ / : : AM,,,8: Communication Artifact,livingroom bookcase by front frenchdoors,0,,/ /,,,,0,,/ /,,,,0,0,,,,/ /,,0,,,,,,,0,,/ /,,,B207,book,,,,,,Documentary Artifact,,ca. 1000 p.,,,Century Co.,,New York,,,,,Century Illus. Magazine,,,,,,Shelf,,/ /,,magazine,,,/ /,,,,,The Century Illustrated Monthly Magazine,,,,,,,,,,,,0,0,0,0,0,/ /,/ /,,/ /,,,,,,,,,,2002-02-15 11:41:00,,/ /,.F.
B208,0,,,,,,pes,2002-02-15 00:00:00,,Osborne Homestead Museum,/ /,,Fair,,,0,compilation,,0,0,,Nov. 1887-Apr. 1888,,,0,Vol. 35,,0,,,,,/ /,/ / : : AM,,,8: Communication Artifact,livingroom case by front french doors,0,,/ /,,,,0,,/ /,,,,0,0,,,,/ /,,0,,,,,,,0,,/ /,,,B208,book,,,,,,Documentary Artifact,,ca. 1000 p.,,,Century Co.,,New York,,,,,Century Illus. Magazine,,,,,,Shelf,,/ /,,magazine,,,/ /,,,,,The Century Illustrated Monthly Magazine,,,,,,,,,,,,0,0,0,0,0,/ /,/ /,,/ /,,,,,,,,,,2002-02-15 11:44:00,,/ /,.F.
B209,0,,,,,,pes,2002-02-15 00:00:00,,Osborne Homestead Museum,/ /,,Fair,,,1,compilation,,0,0,,Nov. 1888-Apr. 1889,,,0,Vol. 37,,0,,,,,/ /,/ / : : AM,,,8: Communication Artifact,livingroom right bookcase row 5,0,,/ /,,,,0,,/ /,,,,0,0,,,,/ /,,0,,,,,,,0,,/ /,,,B209,book,,,,,,Documentary Artifact,,ca. 1000 p.,,,Century Co.,,New York,,,,,Century Illus. Magazine,,,,,,Shelf,,/ /,,magazine,,,/ /,,,,,The Century Illustrated Monthly Magazine,,,,,,,,,,,,0,0,0,0,0,/ /,/ /,,/ /,,,,,,,,,,2010-07-11 12:57:00,Unknown,/ /,.F.
B210,0,,,,,,pes,2002-02-15 00:00:00,,Osborne Homestead Museum,/ /,,Fair,,,1,compilation,,0,0,,Nov. 1889-Apr. 1890,,,0,,,0,,,,,/ /,/ / : : AM,,,8: Communication Artifact,"Livingroom right case, row 5",0,,/ /,,,,0,,/ /,,,,0,0,,,,/ /,,0,,,,,,,0,,/ /,,,B210,book,,,,,,Documentary Artifact,,ca. 1000 p.,,,Century Co.,,New York,,,,,,,,,,,Shelf,,/ /,,magazine,,,/ /,,,,,The Century Illustraed Monthly Magazine,,,,,,,,,,,,0,0,0,0,0,/ /,/ /,,/ /,,,,,,,,,,2010-07-11 12:56:00,Unknown,/ /,.F.
B211,0,,,,,,pes,2002-02-15 00:00:00,,Osborne Homestead Museum,/ /,,Fair,,,0,compilation,,0,0,,May 1889-Oct. 1890,,,0,Vol. 38,,0,,,,,/ /,/ / : : AM,,,8: Communication Artifact,livingroom case by front frenchdoors,0,,/ /,,,,0,,/ /,,,,0,0,,,,/ /,,0,,,,,,,0,,/ /,,,B211,book,,,,,,Documentary Artifact,,ca. 1000 p.,,,Century Co.,,New York,,,,,Century Illus. Magazine,,,,,,Shelf,,/ /,,magazine,,,/ /,,,,,The Century Illustrated Monthly Magazine,,,,,,,,,,,,0,0,0,0,0,/ /,/ /,,/ /,,,,,,,,,,2002-02-15 11:53:00,,/ /,.F.
B212,0,,,,,,pes,2002-02-15 00:00:00,,Osborne Homestead Museum,/ /,,Fair,,,1,compilation,,0,0,,May 1890-Oct. 1890,,,0,Vol. 40,,0,,,,,/ /,/ / : : AM,,,8: Communication Artifact,livingroom case by front frenchdoors,0,,/ /,,,,0,,/ /,,,,0,0,,,,/ /,,0,,,,,,,0,,/ /,,,B212,book,,,,,,Documentary Artifact,,ca. 1000 p.,,,Century Co.,,New York,,,,,Century Illus. Magazine,,,,,,Shelf,,/ /,,magazine,,,/ /,,,,,The Century Illustrated Monthly Magazine,,,,,,,,,,,,0,0,0,0,0,/ /,/ /,,/ /,,,,,,,,,,2002-02-15 11:55:00,,/ /,.F.
B213,0,,,,,,pes,2002-02-15 00:00:00,,Osborne Homestead Museum,/ /,,Fair,,,1,compilation,,0,0,,Nov 1890-Apr. 1891,,,0,Vol. 41,,0,,,,,/ /,/ / : : AM,,,8: Communication Artifact,livingroom case by front frenchdoors,0,,/ /,,,,0,,/ /,,,,0,0,,,,/ /,,0,,,,,,,0,,/ /,,,B213,book,,,,,,Documentary Artifact,,ca. 1000 p.,,,Century Co.,,New York,,,,,Century Illus. Magazine,,,,,,Shelf,,/ /,,magazine,,,/ /,,,,,The Century Illustrated Monthly Magazine,,,,,,,,,,,,0,0,0,0,0,/ /,/ /,,/ /,,,,,,,,,,2002-02-15 11:58:00,,/ /,.F.
B214,0,,,,,,pes,2002-02-15 00:00:00,,Osborne Homestead Museum,/ /,,Fair,,,1,compilation,,0,0,,May 1891-Oct. 1891,,,0,Vol. 42,,0,,,,,/ /,/ / : : AM,,,8: Communication Artifact,livingroom case by front frenchdoors,0,,/ /,,,,0,,/ /,,,,0,0,,,,/ /,,0,,,,,,,0,,/ /,,,B214,book,,,,,,Documentary Artifact,,ca. 1000 p.,,,"Century Co,",,New York,,,,,Century Illus. Magazine,,,,,,Shelf,,/ /,,magazine,,,/ /,,,,,The Century Illustrated Monthly Magazine,,,,,,,,,,,,0,0,0,0,0,/ /,/ /,,/ /,,,,,,,,,,2002-02-15 12:01:00,,/ /,.F.
B215,0,,,,,,pes,2002-02-15 00:00:00,,Osborne Homestead Museum,/ /,,Poor,destroyed spine,,1,compilation,,0,0,,May 1885-Oct. 1885,,,0,Vol. 30,,0,,,,,/ /,/ / : : AM,,,8: Communication Artifact,livingroom case by front frenchdoors,0,,/ /,,,,0,,/ /,,,,0,0,,,,/ /,,0,,,,,,,0,,/ /,,,B215,book,,,,,,Documentary Artifact,,ca. 1000 p.,,,Century Co.,,New York,,,,,Century Illus. Magazine,,,,,,Shelf,,/ /,,magazine,,,/ /,,,,,The Century Illustrated Monthly Magazine,,,,,,,,,,,,0,0,0,0,0,/ /,/ /,,/ /,,,,,,,,,,2002-02-15 12:15:00,,/ /,.F.
B216,0,,,,,,pes,2002-02-15 00:00:00,,Osborne Homestead Museum,/ /,,Poor,destroyed spine,,1,compilation,,0,0,,Nov. 1885-Apr. 1886,,,0,Vol. 31,,0,,,,,/ /,/ / : : AM,,,8: Communication Artifact,livingroom case by front frenchdoors,0,,/ /,,,,0,,/ /,,,,0,0,,,,/ /,,0,,,,,,,0,,/ /,,,B216,book,,,,,,Documentary Artifact,,ca. 1000 p.,,,Century Co.,,New York,,,,,Century Illus. Magazine,,,,,,Shelf,,/ /,,magazine,,,/ /,,,,,The Century Illustrated Monthly Magazine,,,,,,,,,,,,0,0,0,0,0,/ /,/ /,,/ /,,,,,,,,,,2002-02-15 12:19:00,,/ /,.F.
B217,0,,,,,,pes,2002-02-15 00:00:00,,Osborne Homestead Museum,/ /,,Poor,,,1,compilation,,0,0,,May 1886-Oct. 1886,,,0,Vol. 32,,0,,,,,/ /,/ / : : AM,,,8: Communication Artifact,livingroom case by front frenchdoors,0,,/ /,,,,0,,/ /,,,,0,0,,,,/ /,,0,,,,,,,0,,/ /,,,B217,book,,,,,,Documentary Artifact,,ca. 1000 p.,,,"Century Co,",,New York,,,,,Century Illus. Magazine,,,,,,Shelf,,/ /,,magazine,,,/ /,,,,,The Century Illustrated Monthly Magazine,,,,,,,,,,,,0,0,0,0,0,/ /,/ /,,/ /,,,,,,,,,,2002-02-15 12:21:00,,/ /,.F.
B218,0,,,,,,pes,2002-02-15 00:00:00,,Osborne Homestead Museum,/ /,,Poor,destroyed spine,,1,compilation,,0,0,,May 1887-Oct. 1887,,,0,Vol. 34,,0,,,,,/ /,/ / : : AM,,,8: Communication Artifact,livingroom case by front frenchdoors,0,,/ /,,,,0,,/ /,,,,0,0,,,,/ /,,0,,,,,,,0,,/ /,,,B218,book,,,,,,Documentary Artifact,,ca. 1000 p.,,,Century Co.,,New York,,,,,Century Illus. Magazine,,,,,,Shelf,,/ /,,magazine,,,/ /,,,,,The Century Illustarted Mionthly Magazine,,,,,,,,,,,,0,0,0,0,0,/ /,/ /,,/ /,,,,,,,,,,2002-02-15 12:24:00,,/ /,.F.
B219,0,,,,,,pes,2002-02-15 00:00:00,,Osborne Homestead Museum,/ /,,Unstable,destroyed spine/ heavy mold on one end cardboard,,1,compilation,,0,0,,Nov. 1886-Apr. 1887,,,0,Vol. 33,,0,,,,,/ /,/ / : : AM,,,8: Communication Artifact,livingroom case by front frenchdoors,0,,/ /,,,,0,,/ /,,,,0,0,,,,/ /,,0,,,,,,,0,,/ /,,,B219,book,,,,,,Documentary Artifact,,ca. 1000 p.,,,Century Co.,,New York,,,,,Century Illus. Magazine,,,,,,Shelf,,/ /,,magazine,,,/ /,,,,,The Century Illustrated Monthly Magazine,,,,,,,,,,,,0,0,0,0,0,/ /,/ /,,/ /,,,,,,,,,,2002-02-15 12:27:00,,/ /,.F.
OHM B500,0,,,,,,pes,2005-07-01 00:00:00,,osborne homestead museum,/ /,,Good,,,0,compilation,,0,0,,1819,,,1819,vol 1,,0,,,,,/ /,/ / : : AM,,,8: Communication Artifact,library bookshelf left of fire place,0,,/ /,,,,0,,/ /,,,,0,0,,,,/ /,,0,,,,,,,0,,/ /,,,OHM B500,book,,,,,,Documentary Artifact,,not paginated,,,"longman, hurst, rees, orme and brown",,london,,,,,cyclopedia,,,,,,Shelf,,/ /,,arts sciences literature,,,/ /,,,,,"cyclopedia, or universal ditionary of arts, sciences, and literature",,,,,,,,,,,,0,0,0,0,0,/ /,/ /,,/ /,,,,,,,,,,2007-06-01 13:03:00,Unknown,/ /,.F.
OHM B501,0,,,,,,,2005-07-01 00:00:00,,osborne homestead museum,/ /,,Good,,,0,compilation,,0,0,,1819,,,1819,vol 2,,0,,,,,/ /,/ / : : AM,,,8: Communication Artifact,library shelf left of fireplace,0,,/ /,,,,0,,/ /,,,,0,0,,,,/ /,,0,,,,,,,0,,/ /,,,OHM B501,book,,,,,,Documentary Artifact,,not paginated,,,"longman, hurst, rees, orme, and browm",,,,,,,cyclopedia,,,,,,Shelf,,/ /,,arts sciences literature,,,/ /,,,,,cyclopedia,"universal dictionary of arts, sciences, and literature",,,,,,,,,,,0,0,0,0,0,/ /,/ /,,/ /,,,,,,,,,,2007-06-01 13:01:00,Unknown,/ /,.F.
OHM B502,0,,,,,,,2005-07-01 00:00:00,,osborne homestead museum,/ /,,Good,,,0,compilation,,0,0,,,,,0,vol 3,,0,,,,,/ /,/ / : : AM,,,8: Communication Artifact,library shelf left of fireplace,0,,/ /,,,,0,,/ /,,,,0,0,,,,/ /,,0,,,,,,,0,,/ /,,,OHM B502,book,,,,,,Documentary Artifact,,not paginated,,,,,,,,,,cyclopedia,,,,,,Shelf,,/ /,,,,,/ /,,,,,cyclopedia,universal dictionary of arts sciences and literature,,,,,,,,,,,0,0,0,0,0,/ /,/ /,,/ /,,,,,,,,,,2006-07-02 12:35:00,,/ /,.F.
B503,0,,,,,,,2005-07-01 00:00:00,,osborne homestead museum,/ /,,Good,,,0,compilation,,0,0,,1819,,,1819,vol 4,,0,,,,,/ /,/ / : : AM,,,8: Communication Artifact,library shelf left of fireplace,0,,/ /,,,,0,,/ /,,,,0,0,,,,/ /,,0,,,,,,,0,,/ /,,,B503,book,,,,,,Documentary Artifact,,not paginated,,,"longman, hurst, rees, orme and brown",,london,,,,,cyclopedia,,,,,,Shelf,,/ /,,arts sciences literature,,,/ /,,,,,cyclopedia,"universal dictionary of arts, sciences and literature",,,,,,,,,,,0,0,0,0,0,/ /,/ /,,/ /,,,,,,,,,,2005-07-01 13:31:00,,/ /,.F.
OHM B504,0,,,,,,,2005-07-01 00:00:00,,osborne homestead museum,/ /,,Good,,,0,compilation,,0,0,,1819,,,1819,vol 5,,0,,,,,/ /,/ / : : AM,,,8: Communication Artifact,library shelf left of fireplace,0,,/ /,,,,0,,/ /,,,,0,0,,,,/ /,,0,,,,,,,0,,/ /,,,OHM B504,book,,,,,,Documentary Artifact,,not paginated,,,"longman, hurst, rees, orme and brown",,london,,,,,cyclopedia,,,,,,Shelf,,/ /,,,,,/ /,,,,,cyclopedia,"universal dictionary of arts, sciences and literature",,,,,,,,,,,0,0,0,0,0,/ /,/ /,,/ /,,,,,,,,,,2006-07-02 12:34:00,,/ /,.F.
OHM B505,0,,,,,,,2005-07-01 00:00:00,,osborne homestead museum,/ /,,Good,,,0,compilation,,0,0,,1819,,,1819,vol 6,,0,,,,,/ /,/ / : : AM,,,8: Communication Artifact,library shelf left of fireplace,0,,/ /,,,,0,,/ /,,,,0,0,,,,/ /,,0,,,,,,,0,,/ /,,,OHM B505,book,,,,,,Documentary Artifact,,not paginated,,,"longman, hurst, rees, orme, and brown",,london,,,,,cyclopedia,,,,,,Shelf,,/ /,,arts sciences literature,,,/ /,,,,,cyclopedia,"universal dictionary of arts, sciences, literature",,,,,,,,,,,0,0,0,0,0,/ /,/ /,,/ /,,,,,,,,,,2006-07-02 12:33:00,,/ /,.F.
OHM B506,0,,,,,,,2005-07-01 00:00:00,,osborne homestead museum,/ /,,Good,,,0,compilation,,0,0,,1819,,,1819,"vol, 7",,0,,,,,/ /,/ / : : AM,,,8: Communication Artifact,library shelf left of fireplace,0,,/ /,,,,0,,/ /,,,,0,0,,,,/ /,,0,,,,,,,0,,/ /,,,OHM B506,book,,,,,,Documentary Artifact,,not paginated,,,"longman, hurst, rees, orme, and brown",,london,,,,,cyclopedia,,,,,,Shelf,,/ /,,arts sciences literature,,,/ /,,,,,cyclopedia,"universal dictionary of arts, sciences, literature",,,,,,,,,,,0,0,0,0,0,/ /,/ /,,/ /,,,,,,,,,,2006-07-02 12:33:00,,/ /,.F.
OHM B507,0,,,,,,,2005-07-01 00:00:00,,osborne homestead museum,/ /,,Good,,,0,compliation,,0,0,,1819,,,1819,vol.8,,0,,,,,/ /,/ / : : AM,,,8: Communication Artifact,library shelf left of bookcase,0,,/ /,,,,0,,/ /,,,,0,0,,,,/ /,,0,,,,,,,0,,/ /,,,OHM B507,book,,,,,,Documentary Artifact,,not paginated,,,"longman, hurst,rees, orme, and brown",,london,,,,,cyclopedia,,,,,,Shelf,,/ /,,arts sciences literature,,,/ /,,,,,cyclopedia,universal dictionary of arts sciences literature,,,,,,,,,,,0,0,0,0,0,/ /,/ /,,/ /,,,,,,,,,,2006-07-02 12:31:00,,/ /,.F.
OHM B508,0,,,,,,,2005-07-01 00:00:00,,osborne homestead museum,/ /,,Good,,,0,compilation,,0,0,,1819,,,1819,vol. 9i,,0,,,,,/ /,/ / : : AM,,,8: Communication Artifact,library shelf left of fireplace,0,,/ /,,,,0,,/ /,,,,0,0,,,,/ /,,0,,,,,,,0,,/ /,,,OHM B508,book,,,,,,Documentary Artifact,,not paginated,,,"longman, hurst, rees, orme and brown",,london,,,,,cyclopedia,,,,,,Shelf,,/ /,,arts sciences literature,,,/ /,,,,,cyclopedia,universal dictionary of arts sciences literature,,,,,,,,,,,0,0,0,0,0,/ /,/ /,,/ /,,,,,,,,,,2006-06-02 14:19:00,,/ /,.F.
OHM B509,0,,,,,,,2005-07-01 00:00:00,,osborne homestead museum,/ /,,Good,,,0,compilation,,0,0,,1819,,,1819,vol 10,,0,,,,,/ /,/ / : : AM,,,8: Communication Artifact,library shelf left of fireplace,0,,/ /,,,,0,,/ /,,,,0,0,,,,/ /,,0,,,,,,,0,,/ /,,,OHM B509,book,,,,,,Documentary Artifact,,not paginated,,,"longman, hurst, rees, orme, and brown",,london,,,,,cyclopedia,,,,,,Shelf,,/ /,,arts sciences literature,,,/ /,,,,,cyclopedia,universal dictionary of arts sciences literature,,,,,,,,,,,0,0,0,0,0,/ /,/ /,,/ /,,,,,,,,,,2006-06-02 14:17:00,,/ /,.F.
OHM B510,0,,,,,,,2005-07-01 00:00:00,,osborne homestead museum,/ /,,Good,,,0,compilation,,0,0,,1819,,,1819,vol 11,,0,,,,,/ /,/ / : : AM,,,8: Communication Artifact,library shelf left of firplace,0,,/ /,,,,0,,/ /,,,,0,0,,,,/ /,,0,,,,,,,0,,/ /,,,OHM B510,book,,,,,,Documentary Artifact,,not paginated,,,"longmans, hurst, rees, orme, and brown",,london,,,,,cyclopedia,,,,,,,,/ /,,arts sciences literature,,,/ /,,,,,cyclopedia,universal dictionary of arts sciences and literature,,,,,,,,,,,0,0,0,0,0,/ /,/ /,,/ /,,,,,,,,,,2006-05-19 12:42:00,,/ /,.F.
OHM B511,0,,,,,,,2005-07-22 00:00:00,,osborne homestead museum,/ /,,Good,,,0,"rees, abraham",,0,0,,1819,,,1819,vo. 12,,0,,,,,/ /,/ / : : AM,,,8: Communication Artifact,shelves left of fireplace in library,0,,/ /,,,,0,,/ /,,,,0,0,,,,/ /,,0,,,,,,,0,,/ /,,,OHM B511,book,,,,,,Documentary Artifact,,,,,"longman, hurst, rees, orme and brown",,london,,,,,cyclopedia,,,,,,Shelf,,/ /,,atrs science literature,,,/ /,,,,,"cyclopedia or universal dictionary of arts, sciences, and literature",,,,,,,,,,,,0,0,0,0,0,/ /,/ /,,/ /,,,,,,,,,,2006-07-02 12:32:00,,/ /,.F.
OHM B512,0,,,,,,,2005-07-22 00:00:00,,osborne homestead museum,/ /,,Good,,,0,"rees, abraham",,0,0,,1819,,,1819,vol. 13,,0,,,,,/ /,/ / : : AM,,,8: Communication Artifact,shelves left of fireplacein library,0,,/ /,,,,0,,/ /,,,,0,0,,,,/ /,,0,,,,,,,0,,/ /,,,OHM B512,book,,,,,,Documentary Artifact,,,,,"longman, hurst, rees, orme and brown",,london,,,,,cyclopedia,,,,,,Shelf,,/ /,,arts science literature,,,/ /,,,,,cyclopedia,"dictionary of arts, science, literature",,,,,,,,,,,0,0,0,0,0,/ /,/ /,,/ /,,,,,,,,,,2007-06-01 12:59:00,Unknown,/ /,.F.
OHM B513,0,,,,,,,2005-07-22 00:00:00,,osborne homestead museum,/ /,,Good,,,0,"rees, abraham",,0,0,,1819,,,1819,vol. 14,,0,,,,,/ /,/ / : : AM,,,8: Communication Artifact,shelves left of fireplace in library,0,,/ /,,,,0,,/ /,,,,0,0,,,,/ /,,0,,,,,,,0,,/ /,,,OHM B513,book,,,,,,Documentary Artifact,,500 p,,,"longman, hurst, rees, orme and brown",,london,,,,,cyclopedia,,,,,,Shelf,,/ /,,"arts sciences, literature",,,/ /,,,,,cyclopedia,"dictionary of arts, sciencces and literature",,,,,,,,,,,0,0,0,0,0,/ /,/ /,,/ /,,,,,,,,,,2006-06-02 13:41:00,,/ /,.F.
OHM B514,0,,,,,,,2005-07-22 00:00:00,,osborne homestead museum,/ /,,Good,,,0,"rees, abraham",,0,0,,1819,,,1819,vol 15,,0,,,,,/ /,/ / : : AM,,,8: Communication Artifact,shelves left of fireplace in library,0,,/ /,,,,0,,/ /,,,,0,0,,,,/ /,,0,,,,,,,0,,/ /,,,OHM B514,book,,,,,,Documentary Artifact,,500 p,,,"longman, hurst, rees, orme and brown",,london,,,,,cyclopedia,,,,,,Shelf,,/ /,,arts sciences literature,,,/ /,,,,,cyclopedia,"universal dictionary of arts, sciences and literature",,,,,,,,,,,0,0,0,0,0,/ /,/ /,,/ /,,,,,,,,,,2006-06-02 13:43:00,,/ /,.F.
OHM B 515,0,,,,,,,2005-07-22 00:00:00,,osborne homestead museum,/ /,,Good,,,0,"rees, abraham",,0,0,,1819,,,1819,vol 16,,0,,,,,/ /,/ / : : AM,,,8: Communication Artifact,shelves left of fireplace in library,0,,/ /,,,,0,,/ /,,,,0,0,,,,/ /,,0,,,,,,,0,,/ /,,,OHM B 515,book,,,,,,Documentary Artifact,,500 p.,,,"longman, hurst, rees, orme and brown",,london,,,,,cyclopedia,,,,,,Shelf,,/ /,,arts sciences literature,,,/ /,,,,,cyclopedia,"universal dictionary of arts, sciences, and literature",,,,,,,,,,,0,0,0,0,0,/ /,/ /,,/ /,,,,,,,,,,2006-05-19 14:19:00,,/ /,.F.
OHM B516,0,,,,,,,2005-07-22 00:00:00,,osborne homestead museum,/ /,,Good,,,0,"rees, abraham",,0,0,,1819,,,1819,vol 17,,0,,,,,/ /,/ / : : AM,,,8: Communication Artifact,shelves left of fireplace in library,0,,/ /,,,,0,,/ /,,,,0,0,,,,/ /,,0,,,,,,,0,,/ /,,,OHM B516,book,,,,,,Documentary Artifact,,500 p,,,"longman, hurst, rees, orme and brown",,london,,,,,cyclopedia,,,,,,Shelf,,/ /,,arts sciences literature,,,/ /,,,,,cyclopedia,"universal dictionary of arts, sciences, literature",,,,,,,,,,,0,0,0,0,0,/ /,/ /,,/ /,,,,,,,,,,2006-06-02 10:31:00,,/ /,.F.
OHM B517,0,,,,,,,2005-07-22 00:00:00,,osborne homestead museum,/ /,,Good,,,0,"rees, abraham",,0,0,,1819,,,1819,vol 18,,0,,,,,/ /,/ / : : AM,,,8: Communication Artifact,shelves left of fireplace in library,0,,/ /,,,,0,,/ /,,,,0,0,,,,/ /,,0,,,,,,,0,,/ /,,,OHM B517,book,,,,,,Documentary Artifact,,500 p,,,"longman, hurst, rees, orme and brown",,london,,,,,cyclopedia,,,,,,Shelf,,/ /,,arts sciences literature,,,/ /,,,,,cyclopedia,"universal dictionary of arts, sciences, and literature",,,,,,,,,,,0,0,0,0,0,/ /,/ /,,/ /,,,,,,,,,,2006-06-02 13:40:00,,/ /,.F.
OHM B518,0,,,,,,,2005-07-22 00:00:00,,osborne homestead museum,/ /,,Good,,,0,"rees, abraham",,0,0,,1819,,,1819,,,0,,,,,/ /,/ / : : AM,,,8: Communication Artifact,shelves left of fireplace in library,0,,/ /,,,,0,,/ /,,,,0,0,,,,/ /,,0,,,,,,,0,,/ /,,,OHM B518,book,,,,,,Documentary Artifact,,500 p,,,"longman, hurst, rees orme and brown",,london,,,,,,,,,,,Shelf,,/ /,,arts sciences literature,,,/ /,,,,,cyclopedia,"universal dictionary of arts, sciences and literature",,,,,,,,,,,0,0,0,0,0,/ /,/ /,,/ /,,,,,,,,,,2006-06-02 10:28:00,,/ /,.F.
OHM B519,0,,,,,,,2005-07-22 00:00:00,,osborne homestead museum,/ /,,Good,,,0,"rees, abraham",,0,0,,1819,,,1819,vol 20,,0,,,,,/ /,/ / : : AM,,,8: Communication Artifact,shelves left of fireplace in library,0,,/ /,,,,0,,/ /,,,,0,0,,,,/ /,,0,,,,,,,0,,/ /,,,OHM B519,book,,,,,,Documentary Artifact,,500 p,,,"longman, hurst, rees, orme, and brown",,london,,,,,cyclopedia,,,,,,Shelf,,/ /,,arts sciences literature,,,/ /,,,,,cyclopedia,"universal dictionary of arts, sciences, and literature",,,,,,,,,,,0,0,0,0,0,/ /,/ /,,/ /,,,,,,,,,,2006-06-02 10:30:00,,/ /,.F.
OHM B520,0,,,,b520,,,2005-07-22 00:00:00,,osborne homestead museum,/ /,,Good,,,0,"rees, abraham",,0,0,,1819,,,1819,vol 21,,0,,,,,/ /,/ / : : AM,,,8: Communication Artifact,shelves left of fireplace in library,0,,/ /,,,,0,,/ /,,,,0,0,,,,/ /,,0,,,,,,,0,,/ /,,,OHM B520,book,,,,,,Documentary Artifact,,500 p,,,"longman, hurst, rees, orme, and brown",,london,,,,,cyclopedia,,,,,,Shelf,,/ /,,arts sciences literature,,,/ /,,,,,cyclopedia,"univeral dictionary of arts, sciences, and literature",,,,,,,,,,,0,0,0,0,0,/ /,/ /,,/ /,,,,,,,,,,2006-06-02 10:25:00,,/ /,.F.
OHM B521,0,,,,,,,2005-07-22 00:00:00,,osborne homestead museum,/ /,,Good,,,0,"rees, abraham",,0,0,,1819,,,1819,vol. 22,,0,,,,,/ /,/ / : : AM,,,8: Communication Artifact,shelves left of fireplace in library,0,,/ /,,,,0,,/ /,,,,0,0,,,,/ /,,0,,,,,,,0,,/ /,,,OHM B521,book,,,,,,Documentary Artifact,,500 p,,,"longman, hurst, rees, orme, and brown",,london,,,,,cyclopedia,,,,,,Shelf,,/ /,,"arts sciences, literature",,,/ /,,,,,cyclopedia,"universal dictionary of arts, sciences and literature",,,,,,,,,,,0,0,0,0,0,/ /,/ /,,/ /,,,,,,,,,,2006-06-02 10:27:00,,/ /,.F.
OHM B522,0,,,,,,,2005-07-22 00:00:00,,osborne homestead museum,/ /,,Good,,,0,"rees, abraham",,0,0,,1819,,,1819,,,0,,,,,/ /,/ / : : AM,,,8: Communication Artifact,shelves left of fireplace in library,0,,/ /,,,,0,,/ /,,,,0,0,,,,/ /,,0,,,,,,,0,,/ /,,,OHM B522,book,,,,,,Documentary Artifact,,500 p,,,"longman, hurst, rees, orme, and brown",,london,,,,,,,,,,,Shelf,,/ /,,"arts, sciences, literature",,,/ /,,,,,cyclopedia,"universal dictionary of arts, sciences, and literature",,,,,,,,,,,0,0,0,0,0,/ /,/ /,,/ /,,,,,,,,,,2006-06-02 10:24:00,,/ /,.F.
OHM B523,0,,,,,,,2005-07-22 00:00:00,,osborne homestead museum,/ /,,Good,,,0,"rees, abraham",,0,0,,1819,,,1819,vol 24,,0,,,,,/ /,/ / : : AM,,,8: Communication Artifact,shelves left of fireplace in library,0,,/ /,,,,0,,/ /,,,,0,0,,,,/ /,,0,,,,,,,0,,/ /,,,OHM B523,book,,,,,,Documentary Artifact,,500 p,,,"longman, hurst, rees, orme, and brown",,london,,,,,cyclopedia,,,,,,Shelf,,/ /,,arts sciences literature,,,/ /,,,,,cyclopedia,"universal dictionary of arts, sciences, and literature",,,,,,,,,,,0,0,0,0,0,/ /,/ /,,/ /,,,,,,,,,,2006-06-02 10:24:00,,/ /,.F.
OHM B524,0,,,,,,,2005-07-22 00:00:00,,osborne homestead museum,/ /,,Good,,,0,"rees, abraham",,0,0,,,,,0,vol. 25,,0,,,,,/ /,/ / : : AM,,,8: Communication Artifact,shelves left of fireplace in library,0,,/ /,,,,0,,/ /,,,,0,0,,,,/ /,,0,,,,,,,0,,/ /,,,OHM B524,book,,,,,,Documentary Artifact,,500 p,,,"longman, hurst, rees, orme, and brown",,,,,,,cyclopedia,,,,,,Shelf,,/ /,,arts sciences literature,,,/ /,,,,,cyclopedia,"universal dictionary of arts, sciences, and literature",,,,,,,,,,,0,0,0,0,0,/ /,/ /,,/ /,,,,,,,,,,2006-06-02 10:27:00,,/ /,.F.
OHM B525,0,,,,,,,2005-07-22 00:00:00,,Osborne Homestead Museum Collection,/ /,,Good,,,0,"rees, abraham",,0,0,,1819,,,1819,vol. 26,,0,,,,,/ /,/ / : : AM,,,8: Communication Artifact,shelves left of fireplace in library,0,,/ /,,,,0,,/ /,,,,0,0,,,,/ /,,0,,,,,,,0,,/ /,,,OHM B525,book,,,,,,Documentary Artifact,,500 p,,,"longman, hurst, rees, orme, and brown",,london,,,,,cyclopedia,,,,,,Shelf,,/ /,,arts sciences literature,,,/ /,,,,,cyclopedia,"universal dictionary of arts, sciences, literature",,,,,,,,,,,0,0,0,0,0,/ /,/ /,,/ /,,,,,,,,,,2023-04-08 15:38:00,Unknown,/ /,.F.
OHM B526,0,,,,,,,2005-07-22 00:00:00,,osborne homestead museum,/ /,,Good,,,0,"rees, abraham",,0,0,,,,,0,vol 27,,0,,,,,/ /,/ / : : AM,,,8: Communication Artifact,shelves left of fireplace in library,0,,/ /,,,,0,,/ /,,,,0,0,,,,/ /,,0,,,,,,,0,,/ /,,,OHM B526,book,,,,,,Documentary Artifact,,500 p,,,"longman, hurst, rees, orme, and brown",,,,,,,cyclopedia,,,,,,Shelf,,/ /,,arts sciences literature,,,/ /,,,,,cyclopedia,"universal dictionary of arts, sciences, and literature",,,,,,,,,,,0,0,0,0,0,/ /,/ /,,/ /,,,,,,,,,,2006-06-02 10:20:00,,/ /,.F.
OHM B527,0,,,,,,,2005-07-22 00:00:00,,osborne homestead museum,/ /,,Good,,,0,"rees, abraham",,0,0,,1819,,,1819,,,0,,,,,/ /,/ / : : AM,,,8: Communication Artifact,shelves left of fireplace in library,0,,/ /,,,,0,,/ /,,,,0,0,,,,/ /,,0,,,,,,,0,,/ /,,,OHM B527,book,,,,,,Documentary Artifact,,500 p,,,"longman, hurst, rees, orme, and brown",,london,,,,,,,,,,,Shelf,,/ /,,arts sciences literature,,,/ /,,,,,cyclopedia,"universal dictionary of arts, sciences, and literature",,,,,,,,,,,0,0,0,0,0,/ /,/ /,,/ /,,,,,,,,,,2006-06-02 10:21:00,,/ /,.F.
OHM B528,0,,,,,,,2005-07-22 00:00:00,,Osborne Homestead Museum Collection,/ /,,Good,,,0,"rees, abraham",,0,0,,1819,,,1819,vol 29,,0,,,,,/ /,/ / : : AM,,,8: Communication Artifact,shelves left of fireplace in library,0,,/ /,,,,0,,/ /,,,,0,0,,,,/ /,,0,,,,,,,0,,/ /,,,OHM B528,book,,,,,,Documentary Artifact,,500 p,,,"longman, hurst, rees, orme and brown",,london,,,,,cyclopedia,,,,,,Shelf,,/ /,,arts sciences literature,,,/ /,,,,,cyclopedia,"universal dictionary of arts, sciences, and literature",,,,,,,,,,,0,0,0,0,0,/ /,/ /,,/ /,,,,,,,,,,2023-04-08 15:21:00,Unknown,/ /,.F.
OHM B529,0,,,,,,,2005-07-22 00:00:00,,osborne homestead museum,/ /,,Good,,,0,"rees, abraham",,0,0,,1819,,,1819,vol 30,,0,,,,,/ /,/ / : : AM,,,8: Communication Artifact,shelves left of fireplace in library,0,,/ /,,,,0,,/ /,,,,0,0,,,,/ /,,0,,,,,,,0,,/ /,,,OHM B529,book,,,,,,Documentary Artifact,,500 p.,,,"longman, hurst, rees, orme, and brown",,london,,,,,cyclopedia,,,,,,Shelf,,/ /,,arts sciences literature,,,/ /,,,,,cyclopedia,"universal dictionary of arts, sciences, and literature",,,,,,,,,,,0,0,0,0,0,/ /,/ /,,/ /,,,,,,,,,,2006-06-02 10:16:00,,/ /,.F.
OHM B530,0,,,,,,,2005-07-22 00:00:00,,osborne homestead museum,/ /,,Good,,,0,"rees, abraham",,0,0,,1819,,,1819,vol. 31,,0,,,,,/ /,/ / : : AM,,,8: Communication Artifact,shelves left of fireplace in library,0,,/ /,,,,0,,/ /,,,,0,0,,,,/ /,,0,,,,,,,0,,/ /,,,OHM B530,book,,,,,,Documentary Artifact,,500 p.,,,"longman, hurst, rees, orme, and brown",,london,,,,,cyclopedia,,,,,,Shelf,,/ /,,"arts sciences, literature",,,/ /,,,,,cyclopedia,"universal dictionary of arts, sciences, and literature",,,,,,,,,,,0,0,0,0,0,/ /,/ /,,/ /,,,,,,,,,,2006-06-02 10:14:00,,/ /,.F.
OHM B531,0,,,,,,,2005-07-22 00:00:00,,osborne homestead museum,/ /,,Good,,,0,rees. abraham,,0,0,,1819,,,1819,vol 32,,0,,,,,/ /,/ / : : AM,,,8: Communication Artifact,,0,,/ /,,,,0,,/ /,,,,0,0,,,,/ /,,0,,,,,,,0,,/ /,,,OHM B531,book,,,,,,Documentary Artifact,,500 p.,,,"longman, hurst, rees, orme, and brown",,london,,,,,cyclopedia,,,,,,Shelf,,/ /,,arts sciences literature,,,/ /,,,,,cyclopedia,"universal dictionary of arts, sciences, and literature",,,,,,,,,,,0,0,0,0,0,/ /,/ /,,/ /,,,,,,,,,,2006-06-02 10:13:00,,/ /,.F.
OHM B532,0,,,,,,,2005-07-22 00:00:00,,osborne homestead museum,/ /,,Good,,,0,"rees, abraham",,0,0,,1819,,,1819,vol 33,,0,,,,,/ /,/ / : : AM,,,8: Communication Artifact,shelves left of lfireplace in library,0,,/ /,,,,0,,/ /,,,,0,0,,,,/ /,,0,,,,,,,0,,/ /,,,OHM B532,book,,,,,,Documentary Artifact,,500 p,,,"longman, hurst, rees, orme, and brown",,london,,,,,cyclopedia,,,,,,Shelf,,/ /,,arts sciences literature,,,/ /,,,,,cyclopedia,"universal dictionary of arts, sciences, and literature",,,,,,,,,,,0,0,0,0,0,/ /,/ /,,/ /,,,,,,,,,,2006-05-26 11:46:00,,/ /,.F.
OHM B533,0,,,,,,,2005-07-22 00:00:00,,osborne homestead museum,/ /,,Good,,,0,"rees, abraham",,0,0,,1819,,,1819,,,0,,,,,/ /,/ / : : AM,,,8: Communication Artifact,shelves to left of fireplace in library,0,,/ /,,,,0,,/ /,,,,0,0,,,,/ /,,0,,,,,,,0,,/ /,,,OHM B533,book,,,,,,Documentary Artifact,,500 p,,,"longman, hurst, rees, orme, and brown",,london,,,,,,,,,,,Shelf,,/ /,,arts sciences literature,,,/ /,,,,,cyclopedia,"universal dictionary of arts, sciences, and lierature",,,,,,,,,,,0,0,0,0,0,/ /,/ /,,/ /,,,,,,,,,,2006-06-02 10:13:00,,/ /,.F.
OHM B534,0,,,,,,,2005-07-22 00:00:00,,osborne homestead museum,/ /,,Good,,,0,"rees, abraham",,0,0,,1819,,,1819,,,0,,,,,/ /,/ / : : AM,,,8: Communication Artifact,shelves at left of fireplace in library,0,,/ /,,,,0,,/ /,,,,0,0,,,,/ /,,0,,,,,,,0,,/ /,,,OHM B534,book,,,,,,Documentary Artifact,,500 p.,,,"longman, hurst, rees, orme, and brown",,london,,,,,,,,,,,Shelf,,/ /,,,,,/ /,,,,,cyclopedia,"universal dictionary of arts, sciences, and literature",,,,,,,,,,,0,0,0,0,0,/ /,/ /,,/ /,,,,,,,,,,2006-06-02 10:12:00,,/ /,.F.
OHM B535,0,,,,,,,2005-07-22 00:00:00,,osborne homestead museum,/ /,,Good,,,0,"rees, abraham",,0,0,,1819,,,1819,vol 36,,0,,,,,/ /,/ / : : AM,,,8: Communication Artifact,shelves at left of firplace in library,0,,/ /,,,,0,,/ /,,,,0,0,,,,/ /,,0,,,,,,,0,,/ /,,,OHM B535,book,,,,,,Documentary Artifact,,500 p,,,"longman, hurst, rees, orme, and brown",,london,,,,,cyclopedia,,,,,,Shelf,,/ /,,arts sciences literature,,,/ /,,,,,cyclopedia,"universal dictionary of arts, sciences, and literature",,,,,,,,,,,0,0,0,0,0,/ /,/ /,,/ /,,,,,,,,,,2006-05-26 11:44:00,,/ /,.F.
OHM B536,0,,,,,,,2005-07-22 00:00:00,,osborne homestead museum,/ /,,Good,,,0,"rees, abraham",,0,0,,1819,,,1819,vol 37,,0,,,,,/ /,/ / : : AM,,,8: Communication Artifact,shelves at left of firplace in library,0,,/ /,,,,0,,/ /,,,,0,0,,,,/ /,,0,,,,,,,0,,/ /,,,OHM B536,book,,,,,,Documentary Artifact,,500 p.,,,"longman, hurst, rees, orme, and brown",,london,,,,,cyclopedia,,,,,,Shelf,,/ /,,arts sciences literature,,,/ /,,,,,cyclopedia,"universal dictionary of arts, sciences, and literature",,,,,,,,,,,0,0,0,0,0,/ /,/ /,,/ /,,,,,,,,,,2006-05-26 11:42:00,,/ /,.F.
OHM B537,0,,,,,,,2005-07-22 00:00:00,,osborne homestead museum,/ /,,Good,,,0,"rees, abraham",,0,0,,1819,,,1819,vol 38,,0,,,,,/ /,/ / : : AM,,,8: Communication Artifact,shelves at left of firplace in library,0,,/ /,,,,0,,/ /,,,,0,0,,,,/ /,,0,,,,,,,0,,/ /,,,OHM B537,book,,,,,,Documentary Artifact,,500 p,,,"longman, hurst, rees, orme, and brown",,london,,,,,cyclopedia,,,,,,Shelf,,/ /,,arts sciences literature,,,/ /,,,,,cyclopedia,"universal dictionary of arts, sciences, and literature",,,,,,,,,,,0,0,0,0,0,/ /,/ /,,/ /,,,,,,,,,,2006-05-26 11:40:00,,/ /,.F.
OHM B538,0,,,,,,,2005-07-22 00:00:00,,osborne homestead museum,/ /,,Good,,,0,"rees, abraham",,0,0,,1819,,,1819,vol 39,,0,,,,,/ /,/ / : : AM,,,8: Communication Artifact,shelves at left of firplace in library,0,,/ /,,,,0,,/ /,,,,0,0,,,,/ /,,0,,,,,,,0,,/ /,,,OHM B538,book,,,,,,Documentary Artifact,,500 p.,,,"longman, hurst, rees, orme, and brown",,london,,,,,cyclopedia,,,,,,Shelf,,/ /,,arts sciences literature,,,/ /,,,,,cyclopedia,"universal dictionary of arts, sciences, and literature",,,,,,,,,,,0,0,0,0,0,/ /,/ /,,/ /,,,,,,,,,,2006-05-26 11:39:00,,/ /,.F.
OHM B539,0,,,,,,,2005-07-22 00:00:00,,osborne homestead museum,/ /,,Good,,,0,"rees, abraham",,0,0,,1819,,,1819,vol 40,,0,,,,,/ /,/ / : : AM,,,8: Communication Artifact,shelves at left of firplace in library,0,,/ /,,,,0,,/ /,,,,0,0,,,,/ /,,0,,,,,,,0,,/ /,,,OHM B539,book,,,,,,Documentary Artifact,,500 p.,,,"longman, hurst, rees, orme, and brown",,london,,,,,cyclopedia,,,,,,Shelf,,/ /,,arts sciences literature,,,/ /,,,,,cyclopedia,"universal dictionary of arts, sciences, and literature",,,,,,,,,,,0,0,0,0,0,/ /,/ /,,/ /,,,,,,,,,,2006-05-26 11:38:00,,/ /,.F.
OHM B 540,0,,,,,,,2005-07-22 00:00:00,,osborne homestead museum,/ /,,Good,,,0,"rees, abraham",,0,0,,1819,,,1819,vol 41,,0,,,,,/ /,/ / : : AM,,,8: Communication Artifact,shelves at left of firplace in library,0,,/ /,,,,0,,/ /,,,,0,0,,,,/ /,,0,,,,,,,0,,/ /,,,OHM B 540,book,,,,,,Documentary Artifact,,500 p.,,,"longman, hurst, rees, orme, and brown",,london,,,,,cyclopedia,,,,,,Shelf,,/ /,,arts sciences literature,,,/ /,,,,,cyclopedia,"universal dictionary of arts, sciences, and literature",,,,,,,,,,,0,0,0,0,0,/ /,/ /,,/ /,,,,,,,,,,2006-05-26 11:35:00,,/ /,.F.
OHM B 541,0,,,,,,,2005-07-22 00:00:00,,osborne homestead museum,/ /,,Good,,,0,"rees, abraham",,0,0,,1819,,,1819,vol 42,,0,,,,,/ /,/ / : : AM,,,8: Communication Artifact,shelves at left of firplace in library,0,,/ /,,,,0,,/ /,,,,0,0,,,,/ /,,0,,,,,,,0,,/ /,,,OHM B 541,book,,,,,,Documentary Artifact,,500 p.,,,"longman, hurst, rees, orme, and brown",,london,,,,,cyclopedia,,,,,,Shelf,,/ /,,arts sciences literature,,,/ /,,,,,cyclopedia,"universal dictionary of arts, sciences, and literature",,,,,,,,,,,0,0,0,0,0,/ /,/ /,,/ /,,,,,,,,,,2006-05-26 11:34:00,,/ /,.F.
OHM B 542,0,,,,,,,2005-07-22 00:00:00,,osborne homestead museum,/ /,,Good,,,0,"rees, abraham",,0,0,,1819,,,1819,vol 43,,0,,,,,/ /,/ / : : AM,,,8: Communication Artifact,shelves at left of firplace in library,0,,/ /,,,,0,,/ /,,,,0,0,,,,/ /,,0,,,,,,,0,,/ /,,,OHM B 542,book,,,,,,Documentary Artifact,,500 p.,,,"longman, hurst, rees, orme, and brown",,london,,,,,cyclopedia,,,,,,Shelf,,/ /,,arts sciences literature,,,/ /,,,,,cyclopedia,"universal dictionary of arts, sciences, and literature",,,,,,,,,,,0,0,0,0,0,/ /,/ /,,/ /,,,,,,,,,,2006-05-26 11:33:00,,/ /,.F.
OHM B543,0,,,,,,,2005-07-22 00:00:00,,osborne homestead museum,/ /,,Good,,,0,"rees, abraham",,0,0,,1819,,,1819,vol 44,,0,,,,,/ /,/ / : : AM,,,8: Communication Artifact,shelves at left of firplace in library,0,,/ /,,,,0,,/ /,,,,0,0,,,,/ /,,0,,,,,,,0,,/ /,,,OHM B 543,book,,,,,,Documentary Artifact,,500 p.,,,"longman, hurst, rees, orme, and brown",,london,,,,,cyclopedia,,,,,,Shelf,,/ /,,arts sciences literature,,,/ /,,,,,cyclopedia,"universal dictionary of arts, sciences, and literature",,,,,,,,,,,0,0,0,0,0,/ /,/ /,,/ /,,,,,,,,,,2006-05-26 11:32:00,,/ /,.F.
OHM B544,0,,,,,,,2005-07-22 00:00:00,,osborne homestead museum,/ /,,Good,,,0,"rees, abraham",,0,0,,1819,,,1819,vol 45,,0,,,,,/ /,/ / : : AM,,,8: Communication Artifact,shelves at left of firplace in library,0,,/ /,,,,0,,/ /,,,,0,0,,,,/ /,,0,,,,,,,0,,/ /,,,OHM B544,book,,,,,,Documentary Artifact,,500 p,,,"longman, hurst, rees, orme, and brown",,london,,,,,cyclopedia,,,,,,Shelf,,/ /,,arts sciences literature,,,/ /,,,,,cyclopedia,"universal dictionary of arts, sciences, and literature",,,,,,,,,,,0,0,0,0,0,/ /,/ /,,/ /,,,,,,,,,,2006-06-02 10:18:00,,/ /,.F.
OHM B545,0,,,,,,,2005-08-05 00:00:00,,osborne homestead museum,/ /,,Good,,,0,"pepys, samuel",,0,0,,1910,,,1910,vol 1,,0,,,,,/ /,/ / : : AM,,,8: Communication Artifact,shelves left of fireplace in library,0,,/ /,,,,0,,/ /,,,,0,0,,,,/ /,,0,,,,,,,0,,/ /,,,OHM B545,book,,,,,,Documentary Artifact,,342 p.,,,george bell and sons,,new york,,,,,pepys diary,,,,,,Shelf,,/ /,,british history,,,/ /,,,,,the diary of samuel pepys,,,,,,,,,,,,0,0,0,0,0,/ /,/ /,,/ /,,,,,,,,,,2006-05-19 12:42:00,,/ /,.F.
OHM B 546,0,,,,,,,2005-08-05 00:00:00,,osborne homestead museum,/ /,,Good,,,0,"pepys, samuel",,0,0,,1910,,,0,vol 2,,0,,,,,/ /,/ / : : AM,,,8: Communication Artifact,shelves left of fireplace in library,0,,/ /,,,,0,,/ /,,,,0,0,,,,/ /,,0,,,,,,,0,,/ /,,,OHM B 546,book,,,,,,Documentary Artifact,,500 p,,,george bell and sons,,new york,,,,,pepys diary,,,,,,Shelf,,/ /,,british history,,,/ /,,,,,diary os samuel pepys,,,,,,,,,,,,0,0,0,0,0,/ /,/ /,,/ /,,,,,,,,,,2006-05-19 14:23:00,,/ /,.F.
OHM B 547,0,,,,,,,2005-08-05 00:00:00,,osborne homestead museum,/ /,,Good,,,0,"Pepys, Samuel",,0,0,,1910,,,1910,vol 3,,0,,,,,/ /,/ / : : AM,,,8: Communication Artifact,LIBRARY Case 8 Row 1,0,,/ /,,,,0,,/ /,,,,0,0,,,,/ /,,0,,,,,,,0,,/ /,,,OHM B 547,book,,,,,,Documentary Artifact,,500 p,,,george bell and sons,,new york,,,,,pepys diary,,,,,,Shelf,,/ /,,british history 9 volumes,,,/ /,,,,,Pepys' Diary,,,,,,,,,,,,0,0,0,0,0,/ /,/ /,,/ /,,,,,,,,,,2010-07-11 13:26:00,Unknown,/ /,.F.
OHM B 548,0,,,,,,,2005-08-05 00:00:00,,osborne homestead museum,/ /,,Good,,,0,"pepys, samuel",,0,0,,1910,,,1910,vol4,,0,,,,,/ /,/ / : : AM,,,8: Communication Artifact,shelves left of fireplace in library,0,,/ /,,,,0,,/ /,,,,0,0,,,,/ /,,0,,,,,,,0,,/ /,,,OHM B 548,book,,,,,,Documentary Artifact,,500 p,,,george bell and sons,,new york,,,,,pepys diary,,,,,,Shelf,,/ /,,british history,,,/ /,,,,,diary of samuel pepys,,,,,,,,,,,,0,0,0,0,0,/ /,/ /,,/ /,,,,,,,,,,2006-05-19 14:23:00,,/ /,.F.
OHM B549,0,,,,,,,2005-08-05 00:00:00,,osborne homestead museum,/ /,,Good,,,0,"pepys, samuel",,0,0,,1910,,,1910,vol 5,,0,,,,,/ /,/ / : : AM,,,8: Communication Artifact,shelves left of fireplace in library,0,,/ /,,,,0,,/ /,,,,0,0,,,,/ /,,0,,,,,,,0,,/ /,,,OHM B549,book,,,,,,Documentary Artifact,,342 p.,,,george bell and sons,,new york,,,,,pepys diary,,,,,,Shelf,,/ /,,british history,,,/ /,,,,,diary of samuel pepys,,,,,,,,,,,,0,0,0,0,0,/ /,/ /,,/ /,,,,,,,,,,2006-05-19 12:41:00,,/ /,.F.
OHM B550,0,,,,,,,2005-08-05 00:00:00,,osborne homestead museum,/ /,,Good,,,0,"pepys, samuel",,0,0,,1910,,,1910,vol 6,,0,,,,,/ /,/ / : : AM,,,8: Communication Artifact,shelves left of fireplace in library,0,,/ /,,,,0,,/ /,,,,0,0,,,,/ /,,0,,,,,,,0,,/ /,,,OHM B550,book,,,,,,Documentary Artifact,,342 p.,,,george bell and sons,,new york,,,,,pepys diary,,,,,,Shelf,,/ /,,british history,,,/ /,,,,,diary of samuel pepys,,,,,,,,,,,,0,0,0,0,0,/ /,/ /,,/ /,,,,,,,,,,2006-05-19 12:41:00,,/ /,.F.
OHM B551,0,,,,,,,2005-08-05 00:00:00,,osborne homestead museum,/ /,,Good,,,0,"pepys, samuel",,0,0,,1910,,,1910,vol 7,,0,,,,,/ /,/ / : : AM,,,8: Communication Artifact,shelves left of fireplace in library,0,,/ /,,,,0,,/ /,,,,0,0,,,,/ /,,0,,,,,,,0,,/ /,,,OHM B551,book,,,,,,Documentary Artifact,,342 p.,,,george bell and sons,,new york,,,,,pepys diary,,,,,,Shelf,,/ /,,british history,,,/ /,,,,,diary of samuel pepys,,,,,,,,,,,,0,0,0,0,0,/ /,/ /,,/ /,,,,,,,,,,2006-05-19 12:40:00,,/ /,.F.
OHM B 552,0,,,,,,,2005-08-05 00:00:00,,osborne homestead museum,/ /,,Good,,,0,"pepys, samuel",,0,0,,1910,,,1910,vol 8,,0,,,,,/ /,/ / : : AM,,,8: Communication Artifact,shelves left of fireplace in library,0,,/ /,,,,0,,/ /,,,,0,0,,,,/ /,,0,,,,,,,0,,/ /,,,OHM B 552,book,,,,,,Documentary Artifact,,500 p,,,george bell and sons,,new york,,,,,pepys diary,,,,,,Shelf,,/ /,,british history,,,/ /,,,,,diary of samuel pepys,,,,,,,,,,,,0,0,0,0,0,/ /,/ /,,/ /,,,,,,,,,,2006-05-19 14:22:00,,/ /,.F.
OHM B 553,0,,,,,,,2005-08-05 00:00:00,,osborne homestead museum,/ /,,Good,,,0,"pepys, samuel",,0,0,,1910,,,1910,vol 9,,0,,,,,/ /,/ / : : AM,,,8: Communication Artifact,shelves left of fireplace in library,0,,/ /,,,,0,,/ /,,,,0,0,,,,/ /,,0,,,,,,,0,,/ /,,,OHM B 553,book,,,,,,Documentary Artifact,,500 p.,,,george bell and sons,,new york,,,,,pepys diary,,,,,,Shelf,,/ /,,british history,,,/ /,,,,,diary of samuel pepys,,,,,,,,,,,,0,0,0,0,0,/ /,/ /,,/ /,,,,,,,,,,2006-05-19 14:22:00,,/ /,.F.
OHM B 554,0,,,,,,,2005-08-05 00:00:00,,osborne homestead museum,/ /,,Good,,,0,"Meredith, George",,0,0,,1909,,,1909,Vol 1,,0,,,,,/ /,/ / : : AM,,,8: Communication Artifact,LIBRRY Case 6 Row 3,0,,/ /,,,,0,,/ /,,,,0,0,,,,/ /,,0,,,,,,,0,,/ /,,,OHM B 554,book,,,,,,Documentary Artifact,,298 p,,,scribner,,new york,,,,,"works of geo, meredith",,,,,,Shelf,,/ /,,british literature,,,/ /,,,,,Works of George Meredith,,,,,,,,,,,,0,0,0,0,0,/ /,/ /,,/ /,,,,,,,,,,2010-08-01 12:18:00,Unknown,/ /,.F.
,0,,,,,,,2005-08-05 00:00:00,,osborne homestead museum,/ /,,Good,,,0,"Meredith, George",,0,0,,1909,,,1909,vol 2,,0,,,,,/ /,/ / : : AM,,,8: Communication Artifact,LIBRARY Case 6 Row 3,0,,/ /,,,,0,,/ /,,,,0,0,,,,/ /,,0,,,,,,,0,,/ /,,,OHM B 555,book,,,,,,Documentary Artifact,,,,,scribner,,new york,,,,,"works of geo, meredith",,,,,,Shelf,,/ /,,british literature,,,/ /,,,,,Works of George Meredith,,,,,,,,,,,,0,0,0,0,0,/ /,/ /,,/ /,,,,,,,,,,2010-08-01 12:19:00,Unknown,/ /,.F.
OHM B 556,0,,,,,,,2005-08-05 00:00:00,,osborne homestead museum,/ /,,Good,,,0,"Meredith, George",,0,0,,1909,,,1909,Vol 3,,0,,,,,/ /,/ / : : AM,,,8: Communication Artifact,LIBRARY Case 6 Row 3,0,,/ /,,,,0,,/ /,,,,0,0,,,,/ /,,0,,,,,,,0,,/ /,,,OHM B 556,book,,,,,,Documentary Artifact,,298 p,,,scribner,,new york,,,,,"works of geo, meredith",,,,,,Shelf,,/ /,,british literature,,,/ /,,,,,Works of George Meredith,,,,,,,,,,,,0,0,0,0,0,/ /,/ /,,/ /,,,,,,,,,,2010-08-01 12:20:00,Unknown,/ /,.F.
OHM B 557,0,,,,,,,2005-08-05 00:00:00,,osborne homestead museum,/ /,,Good,,,0,"Meredith, George",,0,0,,1909,,,1909,vol 4,,0,,,,,/ /,/ / : : AM,,,8: Communication Artifact,LIBRARY Case 6 Row 3,0,,/ /,,,,0,,/ /,,,,0,0,,,,/ /,,0,,,,,,,0,,/ /,,,OHM B 557,book,,,,,,Documentary Artifact,,298 p,,,scribner,,new york,,,,,"works of geo, meredith",,,,,,Shelf,,/ /,,british literature,,,/ /,,,,,Works of George Meredith,,,,,,,,,,,,0,0,0,0,0,/ /,/ /,,/ /,,,,,,,,,,2010-08-01 12:22:00,Unknown,/ /,.F.
OHM B 558,0,,,,,,,2005-08-05 00:00:00,,osborne homestead museum,/ /,,Good,,,0,"Meredith, George",,0,0,,1909,,,1909,vol 5,,0,,,,,/ /,/ / : : AM,,,8: Communication Artifact,LIBRARY Case 6 Row 3,0,,/ /,,,,0,,/ /,,,,0,0,,,,/ /,,0,,,,,,,0,,/ /,,,OHM B 558,book,,,,,,Documentary Artifact,,298 p,,,scribner,,new york,,,,,"works of geo, meredith",,,,,,Shelf,,/ /,,british literature,,,/ /,,,,,Works of George Meredith,,,,,,,,,,,,0,0,0,0,0,/ /,/ /,,/ /,,,,,,,,,,2010-08-01 12:23:00,Unknown,/ /,.F.
OHM B 559,0,,,,,,,2005-08-05 00:00:00,,osborne homestead museum,/ /,,Good,,,0,"Meredith, George",,0,0,,1909,,,1909,vol 6,,0,,,,,/ /,/ / : : AM,,,8: Communication Artifact,LIBRARY Case 6 Row 3,0,,/ /,,,,0,,/ /,,,,0,0,,,,/ /,,0,,,,,,,0,,/ /,,,OHM B 559,book,,,,,,Documentary Artifact,,298 p,,,scribner,,new york,,,,,"works of geo, meredith",,,,,,Shelf,,/ /,,british literature,,,/ /,,,,,Works of George Meredith,,,,,,,,,,,,0,0,0,0,0,/ /,/ /,,/ /,,,,,,,,,,2010-08-01 12:24:00,Unknown,/ /,.F.
OHM B 560,0,,,,,,,2005-08-05 00:00:00,,osborne homestead museum,/ /,,Good,,,0,"Meredith, George",,0,0,,1909,,,1909,vol 7,,0,,,,,/ /,/ / : : AM,,,8: Communication Artifact,LIBRARY Case 6 Row 3,0,,/ /,,,,0,,/ /,,,,0,0,,,,/ /,,0,,,,,,,0,,/ /,,,OHM B 560,book,,,,,,Documentary Artifact,,298 p.,,,scribner,,new york,,,,,"works of geo, meredith",,,,,,Shelf,,/ /,,british literature,,,/ /,,,,,Works of George Meredith,,,,,,,,,,,,0,0,0,0,0,/ /,/ /,,/ /,,,,,,,,,,2010-08-01 12:25:00,Unknown,/ /,.F.
OHM B 561,0,,,,,,,2005-08-05 00:00:00,,osborne homestead museum,/ /,,Good,,,0,"Meredith, George",,0,0,,1909,,,1909,vol 8,,0,,,,,/ /,/ / : : AM,,,8: Communication Artifact,LIBRARY Case 6 Row 3,0,,/ /,,,,0,,/ /,,,,0,0,,,,/ /,,0,,,,,,,0,,/ /,,,OHM B 561,book,,,,,,Documentary Artifact,,298 p.,,,scribner,,new york,,,,,"works of geo, meredith",,,,,,Shelf,,/ /,,british literature,,,/ /,,,,,Works of George Meredith,,,,,,,,,,,,0,0,0,0,0,/ /,/ /,,/ /,,,,,,,,,,2010-08-01 12:27:00,Unknown,/ /,.F.
OHM B 562,0,,,,,,,2005-08-05 00:00:00,,osborne homestead museum,/ /,,Good,,,0,"Meredith, George",,0,0,,1909,,,1909,vol 9,,0,,,,,/ /,/ / : : AM,,,8: Communication Artifact,LIBRARY Case 6 Row 3,0,,/ /,,,,0,,/ /,,,,0,0,,,,/ /,,0,,,,,,,0,,/ /,,,OHM B 562,book,,,,,,Documentary Artifact,,298 p.,,,scribner,,new york,,,,,"works of geo, meredith",,,,,,Shelf,,/ /,,british literature,,,/ /,,,,,Works of George Meredith,,,,,,,,,,,,0,0,0,0,0,/ /,/ /,,/ /,,,,,,,,,,2010-08-01 12:28:00,Unknown,/ /,.F.
OHM B563,0,,,,,,,2005-08-05 00:00:00,,osborne homestead museum,/ /,,Good,,,0,"Meredith, George",,0,0,,1909,,,1909,vol 10,,0,,,,,/ /,/ / : : AM,,,8: Communication Artifact,LIBRARY Case 6 Row 3,0,,/ /,,,,0,,/ /,,,,0,0,,,,/ /,,0,,,,,,,0,,/ /,,,OHM B 563,book,,,,,,Documentary Artifact,,298 p.,,,scribner,,new york,,,,,"works of geo, meredith",,,,,,Shelf,,/ /,,british literature,,,/ /,,,,,Works of George Meredith,,,,,,,,,,,,0,0,0,0,0,/ /,/ /,,/ /,,,,,,,,,,2010-08-01 12:30:00,Unknown,/ /,.F.
OHM B564,0,,,,,,,2005-08-05 00:00:00,,osborne homestead museum,/ /,,Good,,,0,"Meredith, George",,0,0,,1909,,,1909,vol 11,,0,,,,,/ /,/ / : : AM,,,8: Communication Artifact,LIBRARY Case 6 Row 3,0,,/ /,,,,0,,/ /,,,,0,0,,,,/ /,,0,,,,,,,0,,/ /,,,OHM B 564,book,,,,,,Documentary Artifact,,298 p.,,,scribner,,new york,,,,,"works of geo, meredith",,,,,,Shelf,,/ /,,british literature,,,/ /,,,,,Works of George Meredith,,,,,,,,,,,,0,0,0,0,0,/ /,/ /,,/ /,,,,,,,,,,2010-08-01 12:31:00,Unknown,/ /,.F.
OHM B565,0,,,,,,,2005-08-05 00:00:00,,osborne homestead museum,/ /,,Good,,,0,"Meredith, George",,0,0,,1909,,,1909,vol 12,,0,,,,,/ /,/ / : : AM,,,8: Communication Artifact,LIBRARY Case 6 Row 3,0,,/ /,,,,0,,/ /,,,,0,0,,,,/ /,,0,,,,,,,0,,/ /,,,OHM B 565,book,,,,,,Documentary Artifact,,298 p.,,,scribner,,new york,,,,,"works of geo, meredith",,,,,,Shelf,,/ /,,british literature,,,/ /,,,,,Works of George Meredith,,,,,,,,,,,,0,0,0,0,0,/ /,/ /,,/ /,,,,,,,,,,2010-08-01 12:33:00,Unknown,/ /,.F.
OHM B567,0,,,,,,,2005-08-05 00:00:00,,osborne homestead museum,/ /,,Good,,,0,"Meredith, George",,0,0,,1909,,,1909,vol 14,,0,,,,,/ /,/ / : : AM,,,8: Communication Artifact,LIBRARY Case 6 Row 3,0,,/ /,,,,0,,/ /,,,,0,0,,,,/ /,,0,,,,,,,0,,/ /,,,OHM B 567,book,,,,,,Documentary Artifact,,298 p.,,,scribner,,new york,,,,,"works of geo, meredith",,,,,,Shelf,,/ /,,british literature,,,/ /,,,,,Works of George Meredith,,,,,,,,,,,,0,0,0,0,0,/ /,/ /,,/ /,,,,,,,,,,2010-08-01 12:34:00,Unknown,/ /,.F.
OHM B566,0,,,,,,,2005-08-05 00:00:00,,osborne homestead museum,/ /,,Good,,,0,"Meredith, George",,0,0,,1909,,,1909,vol 13,,0,,,,,/ /,/ / : : AM,,,8: Communication Artifact,LIBRARY Case 6 Row 3,0,,/ /,,,,0,,/ /,,,,0,0,,,,/ /,,0,,,,,,,0,,/ /,,,OHM B 566,book,,,,,,Documentary Artifact,,298 p.,,,scribner,,new york,,,,,"works of geo, meredith",,,,,,Shelf,,/ /,,british literature,,,/ /,,,,,Works of George Meredith,,,,,,,,,,,,0,0,0,0,0,/ /,/ /,,/ /,,,,,,,,,,2010-08-01 12:36:00,Unknown,/ /,.F.
OHM B568,0,,,,,,,2005-08-05 00:00:00,,osborne homestead museum,/ /,,Good,,,0,"Meredith, George",,0,0,,1909,,,1909,vol 15,,0,,,,,/ /,/ / : : AM,,,8: Communication Artifact,LIBRARY Case 6 Row 3,0,,/ /,,,,0,,/ /,,,,0,0,,,,/ /,,0,,,,,,,0,,/ /,,,OHM B 568,book,,,,,,Documentary Artifact,,298 p.,,,scribner,,new york,,,,,"works of geo, meredith",,,,,,Shelf,,/ /,,british literature,,,/ /,,,,,Works of George Meredith,,,,,,,,,,,,0,0,0,0,0,/ /,/ /,,/ /,,,,,,,,,,2010-08-01 12:37:00,Unknown,/ /,.F.
OHM B569,0,,,,,,,2005-08-05 00:00:00,,osborne homestead museum,/ /,,Good,,,0,"Meredith, George",,0,0,,1909,,,1909,vol 16,,0,,,,,/ /,/ / : : AM,,,8: Communication Artifact,LIBRARY Case 6 Row 3,0,,/ /,,,,0,,/ /,,,,0,0,,,,/ /,,0,,,,,,,0,,/ /,,,OHM B 569,book,,,,,,Documentary Artifact,,298 p.,,,scribner,,new york,,,,,"works of geo, meredith",,,,,,Shelf,,/ /,,british literature,,,/ /,,,,,Works of George Meredith,,,,,,,,,,,,0,0,0,0,0,/ /,/ /,,/ /,,,,,,,,,,2010-08-01 12:38:00,Unknown,/ /,.F.
OHM B570,0,,,,,,,2005-08-05 00:00:00,,osborne homestead museum,/ /,,Good,,,0,"Meredith, George",,0,0,,1909,,,1909,vol 17,,0,,,,,/ /,/ / : : AM,,,8: Communication Artifact,LIBRARY Case 6 Row 3,0,,/ /,,,,0,,/ /,,,,0,0,,,,/ /,,0,,,,,,,0,,/ /,,,OHM B 570,book,,,,,,Documentary Artifact,,298 p.,,,scribner,,new york,,,,,"works of geo, meredith",,,,,,Shelf,,/ /,,british literature,,,/ /,,,,,Works of George Meredith,,,,,,,,,,,,0,0,0,0,0,/ /,/ /,,/ /,,,,,,,,,,2010-08-01 12:40:00,Unknown,/ /,.F.
OHM B571,0,,,,,,,2005-08-05 00:00:00,,osborne homestead museum,/ /,,Good,,,0,"Meredith, George",,0,0,,1909,,,1909,vol 18,,0,,,,,/ /,/ / : : AM,,,8: Communication Artifact,LIBRARY Case 6 Row 3,0,,/ /,,,,0,,/ /,,,,0,0,,,,/ /,,0,,,,,,,0,,/ /,,,OHM B 571,book,,,,,,Documentary Artifact,,298 p.,,,scribner,,new york,,,,,"works of geo, meredith",,,,,,Shelf,,/ /,,british literature,,,/ /,,,,,Works of George Meredith,,,,,,,,,,,,0,0,0,0,0,/ /,/ /,,/ /,,,,,,,,,,2010-08-01 12:41:00,Unknown,/ /,.F.
B 572,0,,,,,,,2005-08-05 00:00:00,,Osborne Homestead Museum Collection,/ /,,Good,,,0,"Meredith, George",,0,0,,1909,,,1909,vol 19,,0,,,,,/ /,/ / : : AM,,,8: Communication Artifact,LIBRARY Case 6 Row 3,0,,/ /,,,,0,,/ /,,,,0,0,,,,/ /,,0,,,,,,,0,,/ /,,,B572,book,,,,,,Documentary Artifact,,,,,scribner,,new york,,,,,"works of geo, meredith",,,,,,Shelf,,/ /,,british literature,,,/ /,,,,,Works of George Meredith,,,,,,,,,,,,0,0,0,0,0,/ /,/ /,,/ /,,,,,,,,,,2023-04-08 15:20:00,Unknown,/ /,.F.
B 573,0,,,,,,,2005-08-05 00:00:00,,osborne homestead museum,/ /,,Good,,,0,"Meredith, George",,0,0,,1909,,,1909,vol 20,,0,,,,,/ /,/ / : : AM,,,8: Communication Artifact,LIBRARY Case 6 Row 3,0,,/ /,,,,0,,/ /,,,,0,0,,,,/ /,,0,,,,,,,0,,/ /,,,B 573,book,,,,,,Documentary Artifact,,,,,scribner,,new york,,,,,"works of geo, meredith",,,,,,Shelf,,/ /,,british literature,,,/ /,,,,,Works of George Meredith,,,,,,,,,,,,0,0,0,0,0,/ /,/ /,,/ /,,,,,,,,,,2010-08-01 12:43:00,Unknown,/ /,.F.
B 574,0,,,,,,,2005-08-05 00:00:00,,osborne homestead museum,/ /,,Good,,,0,"Meredith, George",,0,0,,1909,,,1909,vol 21,,0,,,,,/ /,/ / : : AM,,,8: Communication Artifact,LIBRARY Case 6 Row 3,0,,/ /,,,,0,,/ /,,,,0,0,,,,/ /,,0,,,,,,,0,,/ /,,,B 574,book,,,,,,Documentary Artifact,,,,,scribner,,new york,,,,,"works of geo, meredith",,,,,,Shelf,,/ /,,british literature,,,/ /,,,,,Works of George Meredith,,,,,,,,,,,,0,0,0,0,0,/ /,/ /,,/ /,,,,,,,,,,2010-08-01 12:43:00,Unknown,/ /,.F.
B 575,0,,,,,,,2005-08-05 00:00:00,,osborne homestead museum,/ /,,Good,,,0,"Meredith, George",,0,0,,1909,,,1909,vol 22,,0,,,,,/ /,/ / : : AM,,,8: Communication Artifact,LIBRARY Case 6 Row 3,0,,/ /,,,,0,,/ /,,,,0,0,,,,/ /,,0,,,,,,,0,,/ /,,,B 575,book,,,,,,Documentary Artifact,,,,,scribner,,new york,,,,,"works of geo, meredith",,,,,,Shelf,,/ /,,british literature,,,/ /,,,,,Works of George Meredith,,,,,,,,,,,,0,0,0,0,0,/ /,/ /,,/ /,,,,,,,,,,2010-08-01 12:45:00,Unknown,/ /,.F.
B 576,0,,,,,,,2005-08-05 00:00:00,,osborne homestead museum,/ /,,Good,,,0,"Meredith, George",,0,0,,1909,,,1909,vol 23,,0,,,,,/ /,/ / : : AM,,,8: Communication Artifact,LIBRARY Case 6 Row 3,0,,/ /,,,,0,,/ /,,,,0,0,,,,/ /,,0,,,,,,,0,,/ /,,,B 576,book,,,,,,Documentary Artifact,,,,,scribner,,new york,,,,,"works of geo, meredith",,,,,,Shelf,,/ /,,british literature,,,/ /,,,,,Works of George Meredith,,,,,,,,,,,,0,0,0,0,0,/ /,/ /,,/ /,,,,,,,,,,2010-08-01 12:46:00,Unknown,/ /,.F.
B 577,0,,,,,,,2005-08-05 00:00:00,,osborne homestead museum,/ /,,Good,,,0,"Meredith, George",,0,0,,1909,,,1909,vol 24,,0,,,,,/ /,/ / : : AM,,,8: Communication Artifact,LBRARY Case 6 Row 4,0,,/ /,,,,0,,/ /,,,,0,0,,,,/ /,,0,,,,,,,0,,/ /,,,B 577,book,,,,,,Documentary Artifact,,,,,scribner,,new york,,,,,"works of geo, meredith",,,,,,Shelf,,/ /,,british literature,,,/ /,,,,,Works of George Meredith,,,,,,,,,,,,0,0,0,0,0,/ /,/ /,,/ /,,,,,,,,,,2010-08-01 12:47:00,Unknown,/ /,.F.
B 578,0,,,,,,,2005-08-05 00:00:00,,osborne homestead museum,/ /,,Good,,,0,"Meredith, George",,0,0,,1909,,,1909,vol 25,,0,,,,,/ /,/ / : : AM,,,8: Communication Artifact,LIBRARY Case 6 Row 4,0,,/ /,,,,0,,/ /,,,,0,0,,,,/ /,,0,,,,,,,0,,/ /,,,B 578,book,,,,,,Documentary Artifact,,,,,scribner,,new york,,,,,"works of geo, meredith",,,,,,Shelf,,/ /,,british literature,,,/ /,,,,,Works of George Meredith,,,,,,,,,,,,0,0,0,0,0,/ /,/ /,,/ /,,,,,,,,,,2010-08-01 12:48:00,Unknown,/ /,.F.
B 579,0,,,,,,,2005-08-05 00:00:00,,osborne homestead museum,/ /,,Good,,,0,"Meredith, George",,0,0,,1909,,,1909,vol 26,,0,,,,,/ /,/ / : : AM,,,8: Communication Artifact,LIBRARY Case 6 Row 4,0,,/ /,,,,0,,/ /,,,,0,0,,,,/ /,,0,,,,,,,0,,/ /,,,B 579,book,,,,,,Documentary Artifact,,,,,scribner,,new york,,,,,"works of geo, meredith",,,,,,Shelf,,/ /,,british literature,,,/ /,,,,,Works of George Meredith,,,,,,,,,,,,0,0,0,0,0,/ /,/ /,,/ /,,,,,,,,,,2010-08-01 12:50:00,Unknown,/ /,.F.
B 580,0,,,,,,,2005-08-05 00:00:00,,osborne homestead museum,/ /,,Good,,,0,"Meredith, George",,0,0,,1909,,,1909,vol 27,,0,,,,,/ /,/ / : : AM,,,8: Communication Artifact,LIBRARY Case 6 Row 4,0,,/ /,,,,0,,/ /,,,,0,0,,,,/ /,,0,,,,,,,0,,/ /,,,B 580,book,,,,,,Documentary Artifact,,,,,scribner,,new york,,,,,"works of geo, meredith",,,,,,Shelf,,/ /,,british literature,,,/ /,,,,,Works of George Meredith,,,,,,,,,,,,0,0,0,0,0,/ /,/ /,,/ /,,,,,,,,,,2010-08-01 12:51:00,Unknown,/ /,.F.
B 581,0,,,,,,pes,2001-11-02 00:00:00,,Osborne Homestead Museum,/ /,,Good,,,1,"Poe, Edgar Allan",,0,0,,1914,,,1914,Vol 1,,0,,,,,/ /,/ / : : AM,,,8: Communication Artifact,LIBRARY Case 6 Row 2,0,,/ /,,,,0,,/ /,,,,0,0,,,,/ /,,0,,,,,,,0,,/ /,,"Author identified as Author of ""The Enchanted April"" and ""Elizabeth and Her German Garden""",B 581,book,,,,,,Documentary Artifact,,267 p.,,,scribners,,New York,,,,,,,,,,,Shelf,,/ /,,fiction american literature,,,/ /,,,,,Edgar Allan Poe,,,,,,,,,,,,0,0,0,0,0,/ /,/ /,,/ /,,,,,,,,,,2010-07-25 13:48:00,Unknown,/ /,.F.
B 582,0,,,,,,pes,2001-11-02 00:00:00,,Osborne Homestead Museum,/ /,,Good,,,1,"Poe, Edgar Allan",,0,0,,1914,,,1914,Vol 2,,0,,,,,/ /,/ / : : AM,,,8: Communication Artifact,LIBRARY Case Row 2,0,,/ /,,,,0,,/ /,,,English,0,0,,,,/ /,,0,,,,,,,0,,/ /,,"Author identified as Author of ""The Enchanted April"" and ""Elizabeth and Her German Garden""",B 582,book,,,,,,Documentary Artifact,,267 p.,,,scribners,,New York,,,,,,,,,,,Shelf,,/ /,,fiction american literature,,,/ /,,,,,Edgar Allan Poe,,,,,,,,,,,,0,0,0,0,0,/ /,/ /,,/ /,,,,,,,,,,2010-07-25 13:49:00,Unknown,/ /,.F.
B 583,0,,,,,,pes,2001-11-02 00:00:00,,Osborne Homestead Museum,/ /,,Good,,,1,"Poe, Edgar Allan",,0,0,,1914,,,1914,Vol 3,,0,,,,,/ /,/ / : : AM,,,8: Communication Artifact,LIBRARY Case 6 Row 2,0,,/ /,,,,0,,/ /,,,,0,0,,,,/ /,,0,,,,,,,0,,/ /,,"Author identified as Author of ""The Enchanted April"" and ""Elizabeth and Her German Garden""",B 583,book,,,,,,Documentary Artifact,,267 p.,,,scribners,,New York,,,,,,,,,,,Shelf,,/ /,,fiction american literature,,,/ /,,,,,Edgar Allan Poe,,,,,,,,,,,,0,0,0,0,0,/ /,/ /,,/ /,,,,,,,,,,2010-07-25 13:52:00,Unknown,/ /,.F.
B 584,0,,,,,,pes,2001-11-02 00:00:00,,Osborne Homestead Museum,/ /,,Good,,,1,"Poe, Edgar Allan",,0,0,,1914,,,1914,Vol 4,,0,,,,,/ /,/ / : : AM,,,8: Communication Artifact,LIBRARY Case 6 Row 2,0,,/ /,,,,0,,/ /,,,,0,0,,,,/ /,,0,,,,,,,0,,/ /,,"Author identified as Author of ""The Enchanted April"" and ""Elizabeth and Her German Garden""",B 584,book,,,,,,Documentary Artifact,,267 p.,,,scribners,,New York,,,,,,,,,,,Shelf,,/ /,,fiction american literature,,,/ /,,,,,Edgar Allan Poe,,,,,,,,,,,,0,0,0,0,0,/ /,/ /,,/ /,,,,,,,,,,2010-07-25 13:54:00,Unknown,/ /,.F.
B 584,0,,,,,,pes,2001-11-02 00:00:00,,Osborne Homestead Museum,/ /,,Good,,,1,"Poe, Edgar Allan",LIBRARY Case 6 Row 2,0,0,,1914,,,1914,Vol 5,,0,,,,,/ /,/ / : : AM,,,8: Communication Artifact,,0,,/ /,,,,0,,/ /,,,,0,0,,,,/ /,,0,,,,,,,0,,/ /,,"Author identified as Author of ""The Enchanted April"" and ""Elizabeth and Her German Garden""",B 585,book,,,,,,Documentary Artifact,,267 p.,,,scribners,,New York,,,,,,,,,,,Shelf,,/ /,,fiction american literature,,,/ /,,,,,Edgar Allan Poe,,,,,,,,,,,,0,0,0,0,0,/ /,/ /,,/ /,,,,,,,,,,2010-07-25 13:55:00,Unknown,/ /,.F.
B 586,0,,,,,,pes,2001-11-02 00:00:00,,Osborne Homestead Museum,/ /,,Good,,,1,"Poe, Edgar Allan",,0,0,,1914,,,1914,Vol 6,,0,,,,,/ /,/ / : : AM,,,8: Communication Artifact,LIBRARY Case 6 Row 2,0,,/ /,,,,0,,/ /,,,,0,0,,,,/ /,,0,,,,,,,0,,/ /,,"Author identified as Author of ""The Enchanted April"" and ""Elizabeth and Her German Garden""",B 586,book,,,,,,Documentary Artifact,,267 p.,,,scribners,,New York,,,,,,,,,,,Shelf,,/ /,,fiction american literature,,,/ /,,,,,Edgar Allan Poe,,,,,,,,,,,,0,0,0,0,0,/ /,/ /,,/ /,,,,,,,,,,2010-07-25 13:56:00,Unknown,/ /,.F.
B 587,0,,,,,,pes,2001-11-02 00:00:00,,Osborne Homestead Museum,/ /,,Good,,,1,"Poe, Edgar Allan",,0,0,,1914,,,1914,Vol 7,,0,,,,,/ /,/ / : : AM,,,8: Communication Artifact,LIBRARY Case 6 Row 2,0,,/ /,,,,0,,/ /,,,,0,0,,,,/ /,,0,,,,,,,0,,/ /,,"Author identified as Author of ""The Enchanted April"" and ""Elizabeth and Her German Garden""",B 587,book,,,,,,Documentary Artifact,,267 p.,,,scribners,,New York,,,,,,,,,,,Shelf,,/ /,,fiction american literature,,,/ /,,,,,Edgar Allan Poe,,,,,,,,,,,,0,0,0,0,0,/ /,/ /,,/ /,,,,,,,,,,2010-07-25 13:57:00,Unknown,/ /,.F.
B 588,0,,,,,,pes,2001-11-02 00:00:00,,Osborne Homestead Museum,/ /,,Good,,,1,"Poe, Edgar Allan",,0,0,,1914,,,1914,Vol 8,,0,,,,,/ /,/ / : : AM,,,8: Communication Artifact,LIBRARY Case 6 Row 2,0,,/ /,,,,0,,/ /,,,,0,0,,,,/ /,,0,,,,,,,0,,/ /,,"Author identified as Author of ""The Enchanted April"" and ""Elizabeth and Her German Garden""",B 588,book,,,,,,Documentary Artifact,,267 p.,,,scribners,,New York,,,,,,,,,,,Shelf,,/ /,,fiction american literature,,,/ /,,,,,Edgar Allan Poe,,,,,,,,,,,,0,0,0,0,0,/ /,/ /,,/ /,,,,,,,,,,2010-07-25 13:58:00,Unknown,/ /,.F.
B 589,0,,,,,,pes,2001-11-02 00:00:00,,Osborne Homestead Museum,/ /,,Good,,,1,"Poe, Edgar Allan",,0,0,,1914,,,1914,Vol 9,,0,,,,,/ /,/ / : : AM,,,8: Communication Artifact,LIBRARY Case 6 Row 2,0,,/ /,,,,0,,/ /,,,,0,0,,,,/ /,,0,,,,,,,0,,/ /,,"Author identified as Author of ""The Enchanted April"" and ""Elizabeth and Her German Garden""",B 589,book,,,,,,Documentary Artifact,,267 p.,,,scribners,,New York,,,,,,,,,,,Shelf,,/ /,,fiction american literature,,,/ /,,,,,Edgar Allan Poe,,,,,,,,,,,,0,0,0,0,0,/ /,/ /,,/ /,,,,,,,,,,2010-07-25 13:59:00,Unknown,/ /,.F.
B 590,0,,,,,,pes,2001-11-02 00:00:00,,Osborne Homestead Museum,/ /,,Good,,,1,"Poe, Edgar Allan",,0,0,,1914,,,1914,Vol 10,,0,,,,,/ /,/ / : : AM,,,8: Communication Artifact,LIBRARY Case 6 Row 2,0,,/ /,,,,0,,/ /,,,,0,0,,,,/ /,,0,,,,,,,0,,/ /,,"Author identified as Author of ""The Enchanted April"" and ""Elizabeth and Her German Garden""",B 590,book,,,,,,Documentary Artifact,,267 p.,,,scribners,,New York,,,,,,,,,,,Shelf,,/ /,,fiction american literature,,,/ /,,,,,Edgar Allan Poe,,,,,,,,,,,,0,0,0,0,0,/ /,/ /,,/ /,,,,,,,,,,2010-07-25 14:01:00,Unknown,/ /,.F.
B 591,0,,,,,,,2005-08-26 00:00:00,,osborne homestead museum,/ /,,Good,,,0,"eliot, george",,0,0,,1899,,,1899,VOL 2,,0,,,,,/ /,/ / : : AM,,,8: Communication Artifact,LIBRARY Case 8/Row 1,0,,/ /,,,,0,,/ /,,,,0,0,,,,/ /,,0,,,,,,,0,,/ /,,,B 591,book,,,,,,Documentary Artifact,,452 p.,,,harper,,new york,,,,,THE MILL ON THE FLOSS,,,,,,Shelf,,/ /,,british literature fiction,,,/ /,,,,,GEORGE ELIOT'S WORKS,,,,,,,,,,,,0,0,0,0,0,/ /,/ /,,/ /,,,,,,,,,,2010-08-22 13:01:00,Unknown,/ /,.F.
B 592,0,,,,,,,2005-08-26 00:00:00,,osborne homestead museum,/ /,,Good,,,0,"eliot, george",,0,0,,1899,,,1899,VOL 4,,0,,,,,/ /,/ / : : AM,,,8: Communication Artifact,LIBRARY Case 8/Row 1,0,,/ /,,,,0,,/ /,,,,0,0,,,,/ /,,0,,,,,,,0,,/ /,,,B 592,book,,,,,,Documentary Artifact,,452 p.,,,harper,,new york,,,,,"SCENES OF CLERICAL LIFE, SILAS MARNER",,,,,,Shelf,,/ /,,british literature fiction,,,/ /,,,,,GEORGE ELIOT'S WORKS,,,,,,,,,,,,0,0,0,0,0,/ /,/ /,,/ /,,,,,,,,,,2010-08-22 13:04:00,Unknown,/ /,.F.
B 593,0,,,,,,,2005-08-26 00:00:00,,osborne homestead museum,/ /,,Good,,,0,"ellot, george",,0,0,,1899,,,1899,VOL 1,,0,,,,,/ /,/ / : : AM,,,8: Communication Artifact,LIBRARY Case 8/Row 1,0,,/ /,,,,0,,/ /,,,,0,0,,,,/ /,,0,,,,,,,0,,/ /,,,B 593,book,,,,,,Documentary Artifact,,452 p.,,,harper,,new york,,,,,ADAM BEDE,,,,,,Shelf,,/ /,,british literature fiction,,,/ /,,,,,GEORGE ELIOT'S WORKS,,,,,,,,,,,,0,0,0,0,0,/ /,/ /,,/ /,,,,,,,,,,2010-08-22 13:20:00,Unknown,/ /,.F.
B 594,0,,,,,,,2005-08-26 00:00:00,,osborne homestead museum,/ /,,Good,,,0,"eliot, george",,0,0,,1899,,,1899,VOL 5,,0,,,,,/ /,/ / : : AM,,,8: Communication Artifact,LIBRARY Case 8/Row 1,0,,/ /,,,,0,,/ /,,,,0,0,,,,/ /,,0,,,,,,,0,,/ /,,,B 594,book,,,,,,Documentary Artifact,,452 p.,,,harper,,new york,,,,,ROMOLA,,,,,,Shelf,,/ /,,british literature fiction,,,/ /,,,,,GEORGE ELIOT'S WORKS,,,,,,,,,,,,0,0,0,0,0,/ /,/ /,,/ /,,,,,,,,,,2010-08-22 13:09:00,Unknown,/ /,.F.
B 595,0,,,,,,,2005-08-26 00:00:00,,osborne homestead museum,/ /,,Good,,,0,"eliot, george",,0,0,,1899,,,1899,vol 4 duplicate copy,,0,,,,,/ /,/ / : : AM,,,8: Communication Artifact,LIBRARY Case 8/Row 1,0,,/ /,,,,0,,/ /,,,,0,0,,,,/ /,,0,,,,,,,0,,/ /,,,B 595,book,,,,,,Documentary Artifact,,452 p.,,,harper,,new york,,,,,"CLERICAL LIFE, SILAS MARNER",,,,,,Shelf,,/ /,,british literature fiction,,,/ /,,,,,GEORGE ELIOT'S WORKS,,,,,,,,,,,,0,0,0,0,0,/ /,/ /,,/ /,,,,,,,,,,2010-08-22 13:11:00,Unknown,/ /,.F.
B 596,0,,,,,,,2005-08-26 00:00:00,,osborne homestead museum,/ /,,Good,,,0,"eliot, george",,0,0,,1899,,,1899,VOL 1,,0,,,,,/ /,/ / : : AM,,,8: Communication Artifact,LIBRARY Case 8/Row 1,0,,/ /,,,,0,,/ /,,,,0,0,,,,/ /,,0,,,,,,,0,,/ /,,,B 596,book,,,,,,Documentary Artifact,,452 p.,,,harper,,new york,,,,,DANIEL DERONDA,,,,,,Shelf,,/ /,,british literature fiction,,,/ /,,,,,GEORGE ELIOT'S WORKS,,,,,,,,,,,,0,0,0,0,0,/ /,/ /,,/ /,,,,,,,,,,2010-08-22 13:14:00,Unknown,/ /,.F.
B 597,0,,,,,,,2005-08-26 00:00:00,,osborne homestead museum,/ /,,Good,,,0,"eliot, george",,0,0,,1899,,,1899,VOL 2,,0,,,,,/ /,/ / : : AM,,,8: Communication Artifact,LIBRARY Case 8/Row 1,0,,/ /,,,,0,,/ /,,,,0,0,,,,/ /,,0,,,,,,,0,,/ /,,,B 597,book,,,,,,Documentary Artifact,,452 p.,,,harper,,new york,,,,,DANIEL DERONDA,,,,,,Shelf,,/ /,,british literature fiction,,,/ /,,,,,GEORGE ELIOT'S WORKS,,,,,,,,,,,,0,0,0,0,0,/ /,/ /,,/ /,,,,,,,,,,2010-08-22 13:15:00,Unknown,/ /,.F.
B 598,0,,,,,,,2005-08-26 00:00:00,,osborne homestead museum,/ /,,Good,,,0,"eliot, george",,0,0,,1899,,,1899,VOL 1,,0,,,,,/ /,/ / : : AM,,,8: Communication Artifact,LIBRARY Case 8/Row 1,0,,/ /,,,,0,,/ /,,,,0,0,,,,/ /,,0,,,,,,,0,,/ /,,,B 598,book,,,,,,Documentary Artifact,,452 p.,,,harper,,new york,,,,,MIDDLE MARCH,,,,,,Shelf,,/ /,,british literature fiction,,,/ /,,,,,GEORGE EIOT'S WORKS,,,,,,,,,,,,0,0,0,0,0,/ /,/ /,,/ /,,,,,,,,,,2010-08-22 13:17:00,Unknown,/ /,.F.
B 598,0,,,,,,,2005-08-26 00:00:00,,osborne homestead museum,/ /,,Good,,,0,"eliot, george",,0,0,,1899,,,1899,VOL 2,,0,,,,,/ /,/ / : : AM,,,8: Communication Artifact,LIBRARY Case 8/Row 1,0,,/ /,,,,0,,/ /,,,,0,0,,,,/ /,,0,,,,,,,0,,/ /,,,B 599,book,,,,,,Documentary Artifact,,452 p.,,,harper,,new york,,,,,MIDDLE MARCH,,,,,,Shelf,,/ /,,british literature fiction,,,/ /,,,,,GEORGE ELIOT'S WORKS,,,,,,,,,,,,0,0,0,0,0,/ /,/ /,,/ /,,,,,,,,,,2010-08-22 13:20:00,Unknown,/ /,.F.
B 600,0,,,,,,,2005-08-26 00:00:00,,osborne homestead museum,/ /,,Good,,,0,"eliot, george",,0,0,,1899,,,1899,VOL 3,,0,,,,,/ /,/ / : : AM,,,8: Communication Artifact,LIBRARY Case 8/Row 1,0,,/ /,,,,0,,/ /,,,,0,0,,,,/ /,,0,,,,,,,0,,/ /,,,B 600,book,,,,,,Documentary Artifact,,452 p.,,,harper,,new york,,,,,FELIX HOLT,,,,,,Shelf,,/ /,,british literature fiction,,,/ /,,,,,GEORGE ELIOT'S WORKS,,,,,,,,,,,,0,0,0,0,0,/ /,/ /,,/ /,,,,,,,,,,2010-08-22 13:22:00,Unknown,/ /,.F.
B 601,0,,,,,,,2005-08-26 00:00:00,,osborne homestead museum,/ /,,,,,0,"Parker, Gilbert",,0,0,,,,,0,Vol 1,,0,,,,,/ /,/ / : : AM,,,8: Communication Artifact,LIBRARY Case 8 Row 6,0,,/ /,,,,0,,/ /,,,,0,0,,,,/ /,,0,,,,,,,0,,/ /,,,B 601,book,,,,,,Documentary Artifact,,347 p.,,,,,,,,,,,,,,,,,,/ /,,american literature fiction,,,/ /,,,,,Works of Gilbert Parker,,,,,,,,,,,,0,0,0,0,0,/ /,/ /,,/ /,,,,,,,,,,2010-07-18 13:01:00,Unknown,/ /,.F.
B 602,0,,,,,,,2005-08-26 00:00:00,,osborne homestead museum,/ /,,Good,,,0,"Parker, Gilbert",,0,0,,1912,,,1912,Vol 2,,0,,,,,/ /,/ / : : AM,,,8: Communication Artifact,LIBRARY Case 8 Row 6,0,,/ /,,,,0,,/ /,,,,0,0,,,,/ /,,0,,,,,,,0,,/ /,,,B 602,book,,,,,,Documentary Artifact,,347 p.,,,scribner,,new york,,,,,,,,,,,Shelf,,/ /,,american literature fiction,,,/ /,,,,,Works of Gilbert Parker,,,,,,,,,,,,0,0,0,0,0,/ /,/ /,,/ /,,,,,,,,,,2010-07-18 13:02:00,Unknown,/ /,.F.
B 603,0,,,,,,,2005-08-26 00:00:00,,osborne homestead museum,/ /,,Good,,,0,"Parker, Gilbert",,0,0,,1912,,,1912,Vol 3,,0,,,,,/ /,/ / : : AM,,,8: Communication Artifact,LIBRARY Case 8 Row 6,0,,/ /,,,,0,,/ /,,,,0,0,,,,/ /,,0,,,,,,,0,,/ /,,,B 603,book,,,,,,Documentary Artifact,,347 p.,,,scribner,,new york,,,,,,,,,,,Shelf,,/ /,,american literature fiction,,,/ /,,,,,Works of Gilbert Parker,,,,,,,,,,,,0,0,0,0,0,/ /,/ /,,/ /,,,,,,,,,,2010-07-18 13:03:00,Unknown,/ /,.F.
B 604,0,,,,,,,2005-08-26 00:00:00,,osborne homestead museum,/ /,,Good,,,0,"Parker, Gilbert",,0,0,,1912,,,1912,Vol 4,,0,,,,,/ /,/ / : : AM,,,8: Communication Artifact,LIBRARY Case 8 Row 6,0,,/ /,,,,0,,/ /,,,,0,0,,,,/ /,,0,,,,,,,0,,/ /,,,B 604,book,,,,,,Documentary Artifact,,347 p.,,,scribner,,new york,,,,,,,,,,,Shelf,,/ /,,american literature fiction,,,/ /,,,,,Works of Gilbert Parker,,,,,,,,,,,,0,0,0,0,0,/ /,/ /,,/ /,,,,,,,,,,2010-07-18 13:04:00,Unknown,/ /,.F.
B 605,0,,,,,,,2005-08-26 00:00:00,,osborne homestead museum,/ /,,Good,,,0,"Parker, Gilbert",,0,0,,1912,,,1912,Vol 5,,0,,,,,/ /,/ / : : AM,,,8: Communication Artifact,LIBRARY Case 8 Row 6,0,,/ /,,,,0,,/ /,,,,0,0,,,,/ /,,0,,,,,,,0,,/ /,,,B 605,book,,,,,,Documentary Artifact,,347 p.,,,scribner,,new york,,,,,,,,,,,Shelf,,/ /,,american literature fiction,,,/ /,,,,,Works of Gilbert Parker,,,,,,,,,,,,0,0,0,0,0,/ /,/ /,,/ /,,,,,,,,,,2010-07-18 13:05:00,Unknown,/ /,.F.
B 606,0,,,,,,,2005-08-26 00:00:00,,osborne homestead museum,/ /,,Good,,,0,"Parker, Gilbert",,0,0,,1912,,,1912,Vol 6,,0,,,,,/ /,/ / : : AM,,,8: Communication Artifact,LIBRARY Case 8 Row 6,0,,/ /,,,,0,,/ /,,,,0,0,,,,/ /,,0,,,,,,,0,,/ /,,,B 606,book,,,,,,Documentary Artifact,,347 p.,,,scribner,,new york,,,,,,,,,,,Shelf,,/ /,,american literature fiction,,,/ /,,,,,Works of Gilbert Parker,,,,,,,,,,,,0,0,0,0,0,/ /,/ /,,/ /,,,,,,,,,,2010-07-18 13:06:00,Unknown,/ /,.F.
B 607,0,,,,,,,2005-08-26 00:00:00,,osborne homestead museum,/ /,,Good,,,0,"Parker, Gilbert",,0,0,,1912,,,1912,Vol 7,,0,,,,,/ /,/ / : : AM,,,8: Communication Artifact,LIBRARY Case 8 Row 6,0,,/ /,,,,0,,/ /,,,,0,0,,,,/ /,,0,,,,,,,0,,/ /,,,B 607,book,,,,,,Documentary Artifact,,347 p.,,,scribner,,new york,,,,,,,,,,,Shelf,,/ /,,american literature fiction,,,/ /,,,,,Works of Gilbert Parker,,,,,,,,,,,,0,0,0,0,0,/ /,/ /,,/ /,,,,,,,,,,2010-07-18 13:07:00,Unknown,/ /,.F.
B 608,0,,,,,,,2005-08-26 00:00:00,,osborne homestead museum,/ /,,Good,,,0,"Parker, Gilbert",,0,0,,1912,,,1912,Vol 8,,0,,,,,/ /,/ / : : AM,,,8: Communication Artifact,LIBRARY Case 8 Row 6,0,,/ /,,,,0,,/ /,,,,0,0,,,,/ /,,0,,,,,,,0,,/ /,,,B 608,book,,,,,,Documentary Artifact,,347 p.,,,scribner,,new york,,,,,,,,,,,Shelf,,/ /,,american literature fiction,,,/ /,,,,,Works of Gilbert Parker,,,,,,,,,,,,0,0,0,0,0,/ /,/ /,,/ /,,,,,,,,,,2010-07-18 13:08:00,Unknown,/ /,.F.
B 609,0,,,,,,,2005-08-26 00:00:00,,osborne homestead museum,/ /,,Good,,,0,"Parker, Gilbert",,0,0,,1912,,,1912,Vol 9,,0,,,,,/ /,/ / : : AM,,,8: Communication Artifact,LIBRARY Case 8 Row 6,0,,/ /,,,,0,,/ /,,,,0,0,,,,/ /,,0,,,,,,,0,,/ /,,,B 609,book,,,,,,Documentary Artifact,,347 p.,,,scribner,,new york,,,,,,,,,,,Shelf,,/ /,,american literature fiction,,,/ /,,,,,Works of Gilbert Parker,,,,,,,,,,,,0,0,0,0,0,/ /,/ /,,/ /,,,,,,,,,,2010-07-18 13:09:00,Unknown,/ /,.F.
B 610,0,,,,,,,2005-08-26 00:00:00,,osborne homestead museum,/ /,,Good,,,0,"Parker, Gilbert",,0,0,,1912,,,1912,Vol 10,,0,,,,,/ /,/ / : : AM,,,8: Communication Artifact,LIBRARY Case 8 Row 6,0,,/ /,,,,0,,/ /,,,,0,0,,,,/ /,,0,,,,,,,0,,/ /,,,B 610,book,,,,,,Documentary Artifact,,347 p.,,,scribner,,new york,,,,,,,,,,,Shelf,,/ /,,american literature fiction,,,/ /,,,,,Works of Gilbert Parker,,,,,,,,,,,,0,0,0,0,0,/ /,/ /,,/ /,,,,,,,,,,2010-07-18 13:10:00,Unknown,/ /,.F.
B 611,0,,,,,,,2005-08-26 00:00:00,,osborne homestead museum,/ /,,Good,,,0,"Parker, Gilbert",,0,0,,1912,,,1912,Vol 11,,0,,,,,/ /,/ / : : AM,,,8: Communication Artifact,LIBRARY Case 8 Row 6,0,,/ /,,,,0,,/ /,,,,0,0,,,,/ /,,0,,,,,,,0,,/ /,,,B 611,book,,,,,,Documentary Artifact,,347 p.,,,scribner,,new york,,,,,,,,,,,Shelf,,/ /,,american literature fiction,,,/ /,,,,,Works of Gilbert Parker,,,,,,,,,,,,0,0,0,0,0,/ /,/ /,,/ /,,,,,,,,,,2010-07-18 13:12:00,Unknown,/ /,.F.
B 612,0,,,,,,,2005-08-26 00:00:00,,osborne homestead museum,/ /,,Good,,,0,"Parker, Gilbert",,0,0,,1912,,,1912,Vol 12,,0,,,,,/ /,/ / : : AM,,,8: Communication Artifact,LIBRARY Case 8 Row,0,,/ /,,,,0,,/ /,,,,0,0,,,,/ /,,0,,,,,,,0,,/ /,,,B 612,book,,,,,,Documentary Artifact,,347 p.,,,scribner,,new york,,,,,,,,,,,Shelf,,/ /,,american literature fiction,,,/ /,,,,,Works of Gilbert Parker,,,,,,,,,,,,0,0,0,0,0,/ /,/ /,,/ /,,,,,,,,,,2010-07-18 13:13:00,Unknown,/ /,.F.
B 613,0,,,,,,,2005-08-26 00:00:00,,osborne homestead museum,/ /,,Good,,,0,"Parker, Gilbert",,0,0,,1912,,,1912,Vol 13,,0,,,,,/ /,/ / : : AM,,,8: Communication Artifact,LIBRARY Case 8 Row 6,0,,/ /,,,,0,,/ /,,,,0,0,,,,/ /,,0,,,,,,,0,,/ /,,,B 613,book,,,,,,Documentary Artifact,,347 p.,,,scribner,,new york,,,,,,,,,,,Shelf,,/ /,,american literature fiction,,,/ /,,,,,Works of Gilbert Parker,,,,,,,,,,,,0,0,0,0,0,/ /,/ /,,/ /,,,,,,,,,,2010-07-18 13:14:00,Unknown,/ /,.F.
B 614,0,,,,,,,2005-08-26 00:00:00,,osborne homestead museum,/ /,,Good,,,0,"Parker, Gilbert",,0,0,,1912,,,1912,Vol 14,,0,,,,,/ /,/ / : : AM,,,8: Communication Artifact,LIBRARY Case 8 Row 6,0,,/ /,,,,0,,/ /,,,,0,0,,,,/ /,,0,,,,,,,0,,/ /,,,B 614,book,,,,,,Documentary Artifact,,347 p.,,,scribner,,new york,,,,,,,,,,,Shelf,,/ /,,american literature fiction,,,/ /,,,,,Works of Gilbert Parker,,,,,,,,,,,,0,0,0,0,0,/ /,/ /,,/ /,,,,,,,,,,2010-07-18 13:15:00,Unknown,/ /,.F.
B 615,0,,,,,,,2005-08-26 00:00:00,,osborne homestead museum,/ /,,Good,,,0,"Parker, Gilbert",,0,0,,1912,,,1912,Vol 15,,0,,,,,/ /,/ / : : AM,,,8: Communication Artifact,LIBRARY Case 8 Row 6,0,,/ /,,,,0,,/ /,,,,0,0,,,,/ /,,0,,,,,,,0,,/ /,,,B 615,book,,,,,,Documentary Artifact,,347 p.,,,scribner,,new york,,,,,,,,,,,Shelf,,/ /,,american literature fiction,,,/ /,,,,,Works of Gilbert Parker,,,,,,,,,,,,0,0,0,0,0,/ /,/ /,,/ /,,,,,,,,,,2010-07-18 13:16:00,Unknown,/ /,.F.
B 616,0,,,,,,,2005-08-26 00:00:00,,osborne homestead museum,/ /,,Good,,,0,"Parker, Gilbert",,0,0,,1912,,,1912,Vol 16,,0,,,,,/ /,/ / : : AM,,,8: Communication Artifact,LIBRARY Case 8 Row 6,0,,/ /,,,,0,,/ /,,,,0,0,,,,/ /,,0,,,,,,,0,,/ /,,,B 616,book,,,,,,Documentary Artifact,,347 p.,,,scribner,,new york,,,,,,,,,,,Shelf,,/ /,,american literature fiction,,,/ /,,,,,Works of Gilbert Parker,,,,,,,,,,,,0,0,0,0,0,/ /,/ /,,/ /,,,,,,,,,,2010-07-18 13:17:00,Unknown,/ /,.F.
B 617,0,,,,,,,2005-08-26 00:00:00,,osborne homestead museum,/ /,,Good,,,0,"Parker, Gilbert",,0,0,,1912,,,1912,Vol 17,,0,,,,,/ /,/ / : : AM,,,8: Communication Artifact,LIBRARY Case 8 Row 6,0,,/ /,,,,0,,/ /,,,,0,0,,,,/ /,,0,,,,,,,0,,/ /,,,B 617,book,,,,,,Documentary Artifact,,347 p.,,,scribner,,new york,,,,,,,,,,,Shelf,,/ /,,american literature fiction,,,/ /,,,,,Works of Gilbert Parker,,,,,,,,,,,,0,0,0,0,0,/ /,/ /,,/ /,,,,,,,,,,2010-07-18 13:18:00,Unknown,/ /,.F.
B 618,0,,,,,,,2005-08-26 00:00:00,,osborne homestead museum,/ /,,Good,,,0,"Parker, Gilbert",,0,0,,1912,,,1912,Vol 18,,0,,,,,/ /,/ / : : AM,,,8: Communication Artifact,LIBRARY Case 8 Row 6,0,,/ /,,,,0,,/ /,,,,0,0,,,,/ /,,0,,,,,,,0,,/ /,,,B 618,book,,,,,,Documentary Artifact,,347 p.,,,scribner,,new york,,,,,,,,,,,Shelf,,/ /,,american literature fiction,,,/ /,,,,,Works of Gilbert Parker,,,,,,,,,,,,0,0,0,0,0,/ /,/ /,,/ /,,,,,,,,,,2010-07-18 13:19:00,Unknown,/ /,.F.
B 619,0,,,,,,,2005-08-26 00:00:00,,osborne homestead museum,/ /,,Good,,,0,"Parker, Gilbert",,0,0,,1912,,,1912,Vol 18,,0,,,,,/ /,/ / : : AM,,,8: Communication Artifact,LIBRARY Case 8 Row 6,0,,/ /,,,,0,,/ /,,,,0,0,,,,/ /,,0,,,,,,,0,,/ /,,,B 619,book,,,,,,Documentary Artifact,,347 p.,,,scribner,,new york,,,,,,,,,,,Shelf,,/ /,,american literature fiction,,,/ /,,,,,Works of Gilbert Parker,,,,,,,,,,,,0,0,0,0,0,/ /,/ /,,/ /,,,,,,,,,,2010-07-18 13:20:00,Unknown,/ /,.F.
B 619,0,,,,,,,2005-08-26 00:00:00,,osborne homestead museum,/ /,,Good,,,0,"Parker, Gilbert",,0,0,,1912,,,1912,Vol 20,,0,,,,,/ /,/ / : : AM,,,8: Communication Artifact,LIBRARY Case 8 Row 6,0,,/ /,,,,0,,/ /,,,,0,0,,,,/ /,,0,,,,,,,0,,/ /,,,B 620,book,,,,,,Documentary Artifact,,347 p.,,,scribner,,new york,,,,,,,,,,,Shelf,,/ /,,american literature fiction,,,/ /,,,,,Works of Gilbert Parker,,,,,,,,,,,,0,0,0,0,0,/ /,/ /,,/ /,,,,,,,,,,2010-07-18 13:21:00,Unknown,/ /,.F.
OHM B621,0,,,,,,,2005-08-26 00:00:00,,osborne homestead museum,/ /,,Good,,,0,"Parker, Gilbert",,0,0,,1912,,,1912,Vol 21,,0,,,,,/ /,/ / : : AM,,,8: Communication Artifact,LIBRARY Case 8 Row,0,,/ /,,,,0,,/ /,,,,0,0,,,,/ /,,0,,,,,,,0,,/ /,,,OHM B621,book,,,,,,Documentary Artifact,,347 p.,,,scribner,,new york,,,,,,,,,,,Shelf,,/ /,,american literature fiction,,,/ /,,,,,Works of Gilbert Parker,,,,,,,,,,,,0,0,0,0,0,/ /,/ /,,/ /,,,,,,,,,,2010-07-18 13:22:00,Unknown,/ /,.F.
B 622,0,,,,,,,2005-08-26 00:00:00,,osborne homestead museum,/ /,,Good,,,0,"Parker, Gilbert",,0,0,,1912,,,1912,Vol 22,,0,,,,,/ /,/ / : : AM,,,8: Communication Artifact,LIBRARY Case 8 Row 6,0,,/ /,,,,0,,/ /,,,,0,0,,,,/ /,,0,,,,,,,0,,/ /,,,B 622,book,,,,,,Documentary Artifact,,347 p.,,,scribner,,new york,,,,,,,,,,,Shelf,,/ /,,american literature fiction,,,/ /,,,,,Works of Glbert Parker,,,,,,,,,,,,0,0,0,0,0,/ /,/ /,,/ /,,,,,,,,,,2010-07-18 13:24:00,Unknown,/ /,.F.
B 623,0,,,,,,,2005-08-26 00:00:00,,osborne homestead museum,/ /,,Good,,,0,"Parker, Gilbert",,0,0,,1912,,,1912,Vol 23,,0,,,,,/ /,/ / : : AM,,,8: Communication Artifact,LIBRARY Case 8 Row 2,0,,/ /,,,,0,,/ /,,,,0,0,,,,/ /,,0,,,,,,,0,,/ /,,,B 623,book,,,,,,Documentary Artifact,,347 p.,,,scribner,,new york,,,,,,,,,,,Shelf,,/ /,,american literature fiction,,,/ /,,,,,Works of Gilbert Parker,,,,,,,,,,,,0,0,0,0,0,/ /,/ /,,/ /,,,,,,,,,,2010-07-18 13:25:00,Unknown,/ /,.F.
B 624,0,,,,,,,2005-08-26 00:00:00,,osborne homestead museum,/ /,,Good,,,0,"Parker, Gilbert",,0,0,,1912,,,1912,Vol 24,,0,,,,,/ /,/ / : : AM,,,8: Communication Artifact,LIBRARY Case 8 Row 6,0,,/ /,,,,0,,/ /,,,,0,0,,,,/ /,,0,,,,,,,0,,/ /,,,B 624,book,,,,,,Documentary Artifact,,347 p.,,,scribner,,new york,,,,,,,,,,,Shelf,,/ /,,american literature fiction,,,/ /,,,,,Works of Gilbert Parker,,,,,,,,,,,,0,0,0,0,0,/ /,/ /,,/ /,,,,,,,,,,2010-07-18 13:26:00,Unknown,/ /,.F.
B 625,0,,,,,,,2005-08-26 00:00:00,,osborne homestead museum,/ /,,,,,0,"Scott, Walter",,0,0,,1892,,,1892,vol 1,,0,,,,,/ /,/ / : : AM,,,8: Communication Artifact,LIBRARY Case 8 Row 3,0,,/ /,,,,0,,/ /,,,,0,0,,,,/ /,,0,,,,,,,0,,/ /,,,B 625,book,,,,,,Documentary Artifact,,674 p.,,,houlston and stoneman,,london,,,,,,,,,,,,,/ /,,fiction british literature,,,/ /,,,,,Scott's Waverly Novels,,,,,,,,,,,,0,0,0,0,0,/ /,/ /,,/ /,,,,,,,,,,2010-07-11 14:13:00,Unknown,/ /,.F.
B 626,0,,,,,,,2005-08-26 00:00:00,,osborne homestead museum,/ /,,,,,0,"Scott, Walter",,0,0,,1892,,,1892,vol 2,,0,,,,,/ /,/ / : : AM,,,8: Communication Artifact,LIBRARY Case 8 Row 3,0,,/ /,,,,0,,/ /,,,,0,0,,,,/ /,,0,,,,,,,0,,/ /,,,B 626,book,,,,,,Documentary Artifact,,674 p.,,,houlston and stoneman,,london,,,,,,,,,,,,,/ /,,fiction british literature,,,/ /,,,,,Scott's Waverly Novels,,,,,,,,,,,,0,0,0,0,0,/ /,/ /,,/ /,,,,,,,,,,2010-07-11 14:14:00,Unknown,/ /,.F.
B 627,0,,,,,,,2005-08-26 00:00:00,,osborne homestead museum,/ /,,,,,0,"Scott, Walter",,0,0,,1892,,,1892,vol 3,,0,,,,,/ /,/ / : : AM,,,8: Communication Artifact,LIBRARY Case 8 Row 3,0,,/ /,,,,0,,/ /,,,,0,0,,,,/ /,,0,,,,,,,0,,/ /,,,B 627,book,,,,,,Documentary Artifact,,674 p.,,,houlston and stoneman,,london,,,,,,,,,,,,,/ /,,fiction british literature,,,/ /,,,,,Scott's Waverly Novels,,,,,,,,,,,,0,0,0,0,0,/ /,/ /,,/ /,,,,,,,,,,2010-07-11 14:15:00,Unknown,/ /,.F.
B 628,0,,,,,,,2005-08-26 00:00:00,,osborne homestead museum,/ /,,Good,,,0,"Scott, Walter",,0,0,,1892,,,1892,vol 4,,0,,,,,/ /,/ / : : AM,,,8: Communication Artifact,LIBRARY Case 8 Row 3,0,,/ /,,,,0,,/ /,,,,0,0,,,,/ /,,0,,,,,,,0,,/ /,,,B 628,book,,,,,,Documentary Artifact,,674 p.,,,houlston and stoneman,,london,,,,,,,,,,,Shelf,,/ /,,fiction british literature,,,/ /,,,,,Scott's Waverly Novels,,,,,,,,,,,,0,0,0,0,0,/ /,/ /,,/ /,,,,,,,,,,2010-07-11 14:15:00,Unknown,/ /,.F.
B 629,0,,,,,,,2005-08-26 00:00:00,,osborne homestead museum,/ /,,Good,,,0,"Scott, Walter",,0,0,,1892,,,1892,vol 5,,0,,,,,/ /,/ / : : AM,,,8: Communication Artifact,LIBRARY Case 8 Row 3,0,,/ /,,,,0,,/ /,,,,0,0,,,,/ /,,0,,,,,,,0,,/ /,,,B 629,book,,,,,,Documentary Artifact,,674 p.,,,houlston and stoneman,,london,,,,,,,,,,,Shelf,,/ /,,fiction british literature,,,/ /,,,,,Scott's Waverly Novels,,,,,,,,,,,,0,0,0,0,0,/ /,/ /,,/ /,,,,,,,,,,2010-07-11 14:16:00,Unknown,/ /,.F.
B 630,0,,,,,,,2005-08-26 00:00:00,,osborne homestead museum,/ /,,Good,,,0,"Scott, Walter",,0,0,,1892,,,1892,vol 6,,0,,,,,/ /,/ / : : AM,,,8: Communication Artifact,LIBRARY Case 8 Row 3,0,,/ /,,,,0,,/ /,,,,0,0,,,,/ /,,0,,,,,,,0,,/ /,,,B 630,book,,,,,,Documentary Artifact,,674 p.,,,houlston and stoneman,,london,,,,,,,,,,,Shelf,,/ /,,fiction british literature,,,/ /,,,,,Scott's Waverly Novels,,,,,,,,,,,,0,0,0,0,0,/ /,/ /,,/ /,,,,,,,,,,2010-07-11 14:17:00,Unknown,/ /,.F.
B 631,0,,,,,,,2005-08-26 00:00:00,,osborne homestead museum,/ /,,Good,,,0,"Scott, Walter",,0,0,,1892,,,1892,vol 7,,0,,,,,/ /,/ / : : AM,,,8: Communication Artifact,LIBRAREY Case 8 Row 3,0,,/ /,,,,0,,/ /,,,,0,0,,,,/ /,,0,,,,,,,0,,/ /,,,B 631,book,,,,,,Documentary Artifact,,674 p.,,,houlston and stoneman,,london,,,,,,,,,,,Shelf,,/ /,,fiction british literature,,,/ /,,,,,Scott's Waverly Novels,,,,,,,,,,,,0,0,0,0,0,/ /,/ /,,/ /,,,,,,,,,,2010-07-11 14:18:00,Unknown,/ /,.F.
B 632,0,,,,,,,2005-08-26 00:00:00,,osborne homestead museum,/ /,,Good,,,0,"Scott, Walter",,0,0,,1892,,,1892,vol 8,,0,,,,,/ /,/ / : : AM,,,8: Communication Artifact,LIBRARY Case 8 Row 3,0,,/ /,,,,0,,/ /,,,,0,0,,,,/ /,,0,,,,,,,0,,/ /,,,B 632,book,,,,,,Documentary Artifact,,674 p.,,,houlston and stoneman,,london,,,,,,,,,,,Shelf,,/ /,,fiction british literature,,,/ /,,,,,Scott's Waverly Novels,,,,,,,,,,,,0,0,0,0,0,/ /,/ /,,/ /,,,,,,,,,,2010-07-11 14:19:00,Unknown,/ /,.F.
B 633,0,,,,,,,2005-08-26 00:00:00,,osborne homestead museum,/ /,,Good,,,0,"Scott, Walter",,0,0,,1892,,,1892,vol 9,,0,,,,,/ /,/ / : : AM,,,8: Communication Artifact,LIBRARY Case 8 Row 3,0,,/ /,,,,0,,/ /,,,,0,0,,,,/ /,,0,,,,,,,0,,/ /,,,B 633,book,,,,,,Documentary Artifact,,674 p.,,,houlston and stoneman,,london,,,,,,,,,,,Shelf,,/ /,,fiction british literature,,,/ /,,,,,Scott's Waverly Novels,,,,,,,,,,,,0,0,0,0,0,/ /,/ /,,/ /,,,,,,,,,,2010-07-11 14:20:00,Unknown,/ /,.F.
B 634,0,,,,,,,2005-08-26 00:00:00,,osborne homestead museum,/ /,,Good,,,0,"Scott, Walter",,0,0,,1892,,,1892,vol 10,,0,,,,,/ /,/ / : : AM,,,8: Communication Artifact,LIBRARY Case 8 Row 3,0,,/ /,,,,0,,/ /,,,,0,0,,,,/ /,,0,,,,,,,0,,/ /,,,B 634,book,,,,,,Documentary Artifact,,674 p.,,,houlston and stoneman,,london,,,,,,,,,,,Shelf,,/ /,,fiction british literature,,,/ /,,,,,Scott's Waverly Novels,,,,,,,,,,,,0,0,0,0,0,/ /,/ /,,/ /,,,,,,,,,,2010-07-11 14:21:00,Unknown,/ /,.F.
B 635,0,,,,,,,2005-08-26 00:00:00,,osborne homestead museum,/ /,,Good,,,0,"Scott, Walter",,0,0,,1892,,,1892,vol 11,,0,,,,,/ /,/ / : : AM,,,8: Communication Artifact,LIBRARY Case 8 Row 3,0,,/ /,,,,0,,/ /,,,,0,0,,,,/ /,,0,,,,,,,0,,/ /,,,B 635,book,,,,,,Documentary Artifact,,674 p.,,,houlston and stoneman,,london,,,,,,,,,,,Shelf,,/ /,,fiction british literature,,,/ /,,,,,Scott's Waverly Novels,,,,,,,,,,,,0,0,0,0,0,/ /,/ /,,/ /,,,,,,,,,,2010-07-11 14:21:00,Unknown,/ /,.F.
B 636,0,,,,,,,2005-08-26 00:00:00,,osborne homestead museum,/ /,,Good,,,0,"Scott, Walter",,0,0,,1892,,,1892,vol 12,,0,,,,,/ /,/ / : : AM,,,8: Communication Artifact,LIBRARY Case 8 Row 3,0,,/ /,,,,0,,/ /,,,,0,0,,,,/ /,,0,,,,,,,0,,/ /,,,B 636,book,,,,,,Documentary Artifact,,674 p.,,,houlston and stoneman,,london,,,,,,,,,,,Shelf,,/ /,,fiction british literature,,,/ /,,,,,Scott's Waverly Novels,,,,,,,,,,,,0,0,0,0,0,/ /,/ /,,/ /,,,,,,,,,,2010-07-11 14:22:00,Unknown,/ /,.F.
B 637,0,,,,,,,2005-08-26 00:00:00,,osborne homestead museum,/ /,,Good,,,0,"merimee, prosper",,0,0,,1905,,,1905,vol 1,,0,,,,,/ /,/ / : : AM,,,8: Communication Artifact,LIBRARY Case 8 Row 3,0,,/ /,,,,0,,/ /,,,,0,0,,,,/ /,,0,,,,,,,0,,/ /,,,B 637,book,,,,,,Documentary Artifact,,"674 p.,",,,croscup and holby,,new york,,,,,,,,,,,Shelf,,/ /,,french literature fiction,,,/ /,,,,,writings of prosper merimee,,,,,,,,,,,,0,0,0,0,0,/ /,/ /,,/ /,,,,,,,,,,2010-08-08 13:20:00,Unknown,/ /,.F.
B 638,0,,,,,,,2005-08-26 00:00:00,,osborne homestead museum,/ /,,Good,,,0,"merimee, prosper",,0,0,,1905,,,1905,vol 2,,0,,,,,/ /,/ / : : AM,,,8: Communication Artifact,LIBRARY Case 8 Row 3,0,,/ /,,,,0,,/ /,,,,0,0,,,,/ /,,0,,,,,,,0,,/ /,,,B 638,book,,,,,,Documentary Artifact,,"674 p.,",,,croscup and holby,,new york,,,,,,,,,,,Shelf,,/ /,,french literature fiction,,,/ /,,,,,writings of prosper merimee,,,,,,,,,,,,0,0,0,0,0,/ /,/ /,,/ /,,,,,,,,,,2010-08-08 13:19:00,Unknown,/ /,.F.
B 639,0,,,,,,,2005-08-26 00:00:00,,osborne homestead museum,/ /,,Good,,,0,"merimee, prosper",,0,0,,1905,,,1905,vol 3,,0,,,,,/ /,/ / : : AM,,,8: Communication Artifact,LIBRARY Case 8 Row 3,0,,/ /,,,,0,,/ /,,,,0,0,,,,/ /,,0,,,,,,,0,,/ /,,,B 639,book,,,,,,Documentary Artifact,,"674 p.,",,,croscup and holby,,new york,,,,,,,,,,,Shelf,,/ /,,french literature fiction,,,/ /,,,,,writings of prosper merimee,,,,,,,,,,,,0,0,0,0,0,/ /,/ /,,/ /,,,,,,,,,,2010-08-08 13:18:00,Unknown,/ /,.F.
OHM B640,0,,,,,,,2005-08-26 00:00:00,,osborne homestead museum,/ /,,Good,,,0,"merimee, prosper",,0,0,,1905,,,1905,vol 4,,0,,,,,/ /,/ / : : AM,,,8: Communication Artifact,LIBRARY Case 8 Row 3,0,,/ /,,,,0,,/ /,,,,0,0,,,,/ /,,0,,,,,,,0,,/ /,,,OHM B640,book,,,,,,Documentary Artifact,,"674 p.,",,,croscup and holby,,new york,,,,,,,,,,,Shelf,,/ /,,french literature fiction,,,/ /,,,,,writings of prosper merimee,,,,,,,,,,,,0,0,0,0,0,/ /,/ /,,/ /,,,,,,,,,,2010-08-08 13:18:00,Unknown,/ /,.F.
B 641,0,,,,,,,2005-08-26 00:00:00,,osborne homestead museum,/ /,,Good,,,0,"merimee, prosper",,0,0,,1905,,,1905,vol 5,,0,,,,,/ /,/ / : : AM,,,8: Communication Artifact,LIBRARY Case 8 Row 3,0,,/ /,,,,0,,/ /,,,,0,0,,,,/ /,,0,,,,,,,0,,/ /,,,B 641,book,,,,,,Documentary Artifact,,"674 p.,",,,croscup and holby,,new york,,,,,,,,,,,Shelf,,/ /,,french literature fiction,,,/ /,,,,,writings of prosper merimee,,,,,,,,,,,,0,0,0,0,0,/ /,/ /,,/ /,,,,,,,,,,2010-08-08 13:17:00,Unknown,/ /,.F.
B 642,0,,,,,,,2005-08-26 00:00:00,,osborne homestead museum,/ /,,Good,,,0,"merimee, prosper",,0,0,,1905,,,1905,vol 6,,0,,,,,/ /,/ / : : AM,,,8: Communication Artifact,LIBRARY Case 8 Row 3,0,,/ /,,,,0,,/ /,,,,0,0,,,,/ /,,0,,,,,,,0,,/ /,,,B 642,book,,,,,,Documentary Artifact,,"674 p.,",,,croscup and holby,,new york,,,,,,,,,,,Shelf,,/ /,,french literature fiction,,,/ /,,,,,writings of prosper merimee,,,,,,,,,,,,0,0,0,0,0,/ /,/ /,,/ /,,,,,,,,,,2010-08-08 13:17:00,Unknown,/ /,.F.
B 643,0,,,,,,,2005-08-26 00:00:00,,osborne homestead museum,/ /,,Good,,,0,"merimee, prosper",,0,0,,1905,,,1905,vol 7,,0,,,,,/ /,/ / : : AM,,,8: Communication Artifact,LIBRARY Case 8 Row 3,0,,/ /,,,,0,,/ /,,,,0,0,,,,/ /,,0,,,,,,,0,,/ /,,,B 643,book,,,,,,Documentary Artifact,,"674 p.,",,,croscup and holby,,new york,,,,,,,,,,,Shelf,,/ /,,french literature fiction,,,/ /,,,,,writings of prosper merimee,,,,,,,,,,,,0,0,0,0,0,/ /,/ /,,/ /,,,,,,,,,,2010-08-08 13:16:00,Unknown,/ /,.F.
B 644,0,,,,,,,2005-08-26 00:00:00,,osborne homestead museum,/ /,,Good,,,0,World Authors,,0,0,,1896,,,1896,vol 1,,0,,,,,/ /,/ / : : AM,,,8: Communication Artifact,LIBRARY Case 8 Row 4,0,,/ /,,,,0,,/ /,,,,0,0,,,,/ /,,0,,,,,,,0,,/ /,,,B 644,book,,,,,,Documentary Artifact,,478 p.,,,international society,,new york,,,,,,,,,,,Shelf,,/ /,,world literature ancient literature,,,/ /,,,,,"Library of the World's Best Literature, Ancient and Modern",,,,,,,,,,,,0,0,0,0,0,/ /,/ /,,/ /,,,,,,,,,,2010-07-11 14:39:00,Unknown,/ /,.F.
B 645,0,,,,,,,2005-08-26 00:00:00,,osborne homestead museum,/ /,,Good,,,0,world authors,,0,0,,1896,,,1896,vol 2,,0,,,,,/ /,/ / : : AM,,,8: Communication Artifact,LIBRARY Case 8 Row 4,0,,/ /,,,,0,,/ /,,,,0,0,,,,/ /,,0,,,,,,,0,,/ /,,,B 645,book,,,,,,Documentary Artifact,,478 p.,,,international society,,new york,,,,,,,,,,,Shelf,,/ /,,world literature ancient literature,,,/ /,,,,,"library of the world's best literature, ancient and modern",,,,,,,,,,,,0,0,0,0,0,/ /,/ /,,/ /,,,,,,,,,,2010-07-11 14:39:00,Unknown,/ /,.F.
B 646,0,,,,,,,2005-08-26 00:00:00,,osborne homestead museum,/ /,,Good,,,0,world authors,,0,0,,1896,,,1896,vol 3,,0,,,,,/ /,/ / : : AM,,,8: Communication Artifact,LIBRARY Case 8 Row 4,0,,/ /,,,,0,,/ /,,,,0,0,,,,/ /,,0,,,,,,,0,,/ /,,,B 646,book,,,,,,Documentary Artifact,,478 p.,,,international society,,new york,,,,,,,,,,,Shelf,,/ /,,world literature ancient literature,,,/ /,,,,,"library of the world's best literature, ancient and modern",,,,,,,,,,,,0,0,0,0,0,/ /,/ /,,/ /,,,,,,,,,,2010-07-11 14:40:00,Unknown,/ /,.F.
OHM B 647,0,,,,,,,2005-08-26 00:00:00,,osborne homestead museum,/ /,,Good,,,0,world authors,,0,0,,1896,,,1896,vol 4,,0,,,,,/ /,/ / : : AM,,,8: Communication Artifact,LIBRARY Case 8 Row 4,0,,/ /,,,,0,,/ /,,,,0,0,,,,/ /,,0,,,,,,,0,,/ /,,,OHM B 647,book,,,,,,Documentary Artifact,,478 p.,,,international society,,new york,,,,,,,,,,,Shelf,,/ /,,world literature ancient literature,,,/ /,,,,,"library of the world's best literature, ancient and modern",,,,,,,,,,,,0,0,0,0,0,/ /,/ /,,/ /,,,,,,,,,,2010-07-11 14:40:00,Unknown,/ /,.F.
B 648,0,,,,,,,2005-08-26 00:00:00,,osborne homestead museum,/ /,,Good,,,0,world authors,,0,0,,1896,,,1896,vol 5,,0,,,,,/ /,/ / : : AM,,,8: Communication Artifact,LIBRARY Case 8 Row 4,0,,/ /,,,,0,,/ /,,,,0,0,,,,/ /,,0,,,,,,,0,,/ /,,,B 648,book,,,,,,Documentary Artifact,,478 p.,,,international society,,new york,,,,,,,,,,,Shelf,,/ /,,world literature ancient literature,,,/ /,,,,,"library of the world's best literature, ancient and modern",,,,,,,,,,,,0,0,0,0,0,/ /,/ /,,/ /,,,,,,,,,,2010-07-11 14:40:00,Unknown,/ /,.F.
B 649,0,,,,,,,2005-08-26 00:00:00,,osborne homestead museum,/ /,,Good,,,0,world authors,,0,0,,1896,,,1896,vol 6,,0,,,,,/ /,/ / : : AM,,,8: Communication Artifact,LIBRARY Case 8 Row 4,0,,/ /,,,,0,,/ /,,,,0,0,,,,/ /,,0,,,,,,,0,,/ /,,,B 649,book,,,,,,Documentary Artifact,,478 p.,,,international society,,new york,,,,,,,,,,,Shelf,,/ /,,world literature ancient literature,,,/ /,,,,,"library of the world's best literature, ancient and modern",,,,,,,,,,,,0,0,0,0,0,/ /,/ /,,/ /,,,,,,,,,,2010-07-11 14:41:00,Unknown,/ /,.F.
B 650,0,,,,,,,2005-08-26 00:00:00,,osborne homestead museum,/ /,,Good,,,0,world authors,,0,0,,1896,,,1896,vol 7,,0,,,,,/ /,/ / : : AM,,,8: Communication Artifact,LIBRARY Case 8 Row 4,0,,/ /,,,,0,,/ /,,,,0,0,,,,/ /,,0,,,,,,,0,,/ /,,,B 650,book,,,,,,Documentary Artifact,,478 p.,,,international society,,new york,,,,,,,,,,,Shelf,,/ /,,world literature ancient literature,,,/ /,,,,,"library of the world's best literature, ancient and modern",,,,,,,,,,,,0,0,0,0,0,/ /,/ /,,/ /,,,,,,,,,,2010-07-11 14:41:00,Unknown,/ /,.F.
B 651,0,,,,,,,2005-08-26 00:00:00,,osborne homestead museum,/ /,,Good,,,0,world authors,,0,0,,1896,,,1896,vol 8,,0,,,,,/ /,/ / : : AM,,,8: Communication Artifact,LIBRARY Case 8 Row 4,0,,/ /,,,,0,,/ /,,,,0,0,,,,/ /,,0,,,,,,,0,,/ /,,,B 651,book,,,,,,Documentary Artifact,,478 p.,,,international society,,new york,,,,,,,,,,,Shelf,,/ /,,world literature ancient literature,,,/ /,,,,,"library of the world's best literature, ancient and modern",,,,,,,,,,,,0,0,0,0,0,/ /,/ /,,/ /,,,,,,,,,,2010-07-11 14:42:00,Unknown,/ /,.F.
B 652,0,,,,,,,2005-08-26 00:00:00,,osborne homestead museum,/ /,,Good,,,0,world authors,,0,0,,1896,,,1896,vol 9,,0,,,,,/ /,/ / : : AM,,,8: Communication Artifact,LIBRARY Case 8 Row 4,0,,/ /,,,,0,,/ /,,,,0,0,,,,/ /,,0,,,,,,,0,,/ /,,,B 652,book,,,,,,Documentary Artifact,,478 p.,,,international society,,new york,,,,,,,,,,,Shelf,,/ /,,world literature ancient literature,,,/ /,,,,,"library of the world's best literature, ancient and modern",,,,,,,,,,,,0,0,0,0,0,/ /,/ /,,/ /,,,,,,,,,,2010-07-11 14:42:00,Unknown,/ /,.F.
B 653,0,,,,,,,2005-08-26 00:00:00,,osborne homestead museum,/ /,,Good,,,0,world authors,,0,0,,1896,,,1896,vol 10,,0,,,,,/ /,/ / : : AM,,,8: Communication Artifact,LIBRARY Case 8 Row 4,0,,/ /,,,,0,,/ /,,,,0,0,,,,/ /,,0,,,,,,,0,,/ /,,,B 653,book,,,,,,Documentary Artifact,,478 p.,,,international society,,new york,,,,,,,,,,,Shelf,,/ /,,world literature ancient literature,,,/ /,,,,,"library of the world's best literature, ancient and modern",,,,,,,,,,,,0,0,0,0,0,/ /,/ /,,/ /,,,,,,,,,,2010-07-11 14:43:00,Unknown,/ /,.F.
B 654,0,,,,,,,2005-08-26 00:00:00,,osborne homestead museum,/ /,,Good,,,0,world authors,,0,0,,1896,,,1896,vol 11,,0,,,,,/ /,/ / : : AM,,,8: Communication Artifact,LIBRARY Case 8 Row 4,0,,/ /,,,,0,,/ /,,,,0,0,,,,/ /,,0,,,,,,,0,,/ /,,,B 654,book,,,,,,Documentary Artifact,,478 p.,,,international society,,new york,,,,,,,,,,,Shelf,,/ /,,world literature ancient literature,,,/ /,,,,,"library of the world's best literature, ancient and modern",,,,,,,,,,,,0,0,0,0,0,/ /,/ /,,/ /,,,,,,,,,,2010-07-11 14:43:00,Unknown,/ /,.F.
B 655,0,,,,,,,2005-08-26 00:00:00,,osborne homestead museum,/ /,,Good,,,0,world authors,,0,0,,1896,,,1896,vol 12,,0,,,,,/ /,/ / : : AM,,,8: Communication Artifact,LIBRARY Case 8 Row 4,0,,/ /,,,,0,,/ /,,,,0,0,,,,/ /,,0,,,,,,,0,,/ /,,,B 655,book,,,,,,Documentary Artifact,,478 p.,,,international society,,new york,,,,,,,,,,,Shelf,,/ /,,world literature ancient literature,,,/ /,,,,,"library of the world's best literature, ancient and modern",,,,,,,,,,,,0,0,0,0,0,/ /,/ /,,/ /,,,,,,,,,,2010-07-11 14:43:00,Unknown,/ /,.F.
B 656,0,,,,,,,2005-08-26 00:00:00,,4osborne homestead museum,/ /,,Good,,,0,world authors,,0,0,,1896,,,1896,vol 13,,0,,,,,/ /,/ / : : AM,,,8: Communication Artifact,LIBRARY Case 8 Row 4,0,,/ /,,,,0,,/ /,,,,0,0,,,,/ /,,0,,,,,,,0,,/ /,,,B 656,book,,,,,,Documentary Artifact,,478 p.,,,international society,,new york,,,,,,,,,,,Shelf,,/ /,,world literature ancient literature,,,/ /,,,,,"library of the world's best literature, ancient and modern",,,,,,,,,,,,0,0,0,0,0,/ /,/ /,,/ /,,,,,,,,,,2010-07-11 14:44:00,Unknown,/ /,.F.
B 657,0,,,,,,,2005-08-26 00:00:00,,osborne homestead museum,/ /,,Good,,,0,world authors,,0,0,,1896,,,1896,vol 14,,0,,,,,/ /,/ / : : AM,,,8: Communication Artifact,LIBRARY Case 8 Row 4,0,,/ /,,,,0,,/ /,,,,0,0,,,,/ /,,0,,,,,,,0,,/ /,,,B 657,book,,,,,,Documentary Artifact,,478 p.,,,international society,,new york,,,,,,,,,,,Shelf,,/ /,,world literature ancient literature,,,/ /,,,,,"library of the world's best literature, ancient and modern",,,,,,,,,,,,0,0,0,0,0,/ /,/ /,,/ /,,,,,,,,,,2010-07-11 14:45:00,Unknown,/ /,.F.
B 658,0,,,,,,,2005-08-26 00:00:00,,osborne homestead museum,/ /,,Good,,,0,world authors,,0,0,,1896,,,1896,vol 15,,0,,,,,/ /,/ / : : AM,,,8: Communication Artifact,LIBRARY Case 8 Row 4,0,,/ /,,,,0,,/ /,,,,0,0,,,,/ /,,0,,,,,,,0,,/ /,,,B 658,book,,,,,,Documentary Artifact,,478 p.,,,international society,,new york,,,,,,,,,,,Shelf,,/ /,,world literature ancient literature,,,/ /,,,,,"library of the world's best literature, ancient and modern",,,,,,,,,,,,0,0,0,0,0,/ /,/ /,,/ /,,,,,,,,,,2010-07-11 14:45:00,Unknown,/ /,.F.
B 659,0,,,,,,,2005-08-26 00:00:00,,osborne homestead museum,/ /,,Good,,,0,world authors,,0,0,,1896,,,1896,vol 16,,0,,,,,/ /,/ / : : AM,,,8: Communication Artifact,LIBRARY Case 8 Row 4,0,,/ /,,,,0,,/ /,,,,0,0,,,,/ /,,0,,,,,,,0,,/ /,,,B 659,book,,,,,,Documentary Artifact,,478 p.,,,international society,,new york,,,,,,,,,,,Shelf,,/ /,,world literature ancient literature,,,/ /,,,,,"library of the world's best literature, ancient and modern",,,,,,,,,,,,0,0,0,0,0,/ /,/ /,,/ /,,,,,,,,,,2010-07-11 14:45:00,Unknown,/ /,.F.
B 660,0,,,,,,,2005-08-26 00:00:00,,osborne homestead museum,/ /,,Good,,,0,world authors,,0,0,,1896,,,1896,vol 17,,0,,,,,/ /,/ / : : AM,,,8: Communication Artifact,LIBRARY Case 8 Row 4,0,,/ /,,,,0,,/ /,,,,0,0,,,,/ /,,0,,,,,,,0,,/ /,,,B 660,book,,,,,,Documentary Artifact,,478 p.,,,international society,,new york,,,,,,,,,,,Shelf,,/ /,,world literature ancient literature,,,/ /,,,,,"library of the world's best literature, ancient and modern",,,,,,,,,,,,0,0,0,0,0,/ /,/ /,,/ /,,,,,,,,,,2010-07-11 14:46:00,Unknown,/ /,.F.
B 661,0,,,,,,,2005-08-26 00:00:00,,osborne homestead museum,/ /,,Good,,,0,world authors,,0,0,,1896,,,1896,vol 18,,0,,,,,/ /,/ / : : AM,,,8: Communication Artifact,LIBRARY Case 8 Row 4,0,,/ /,,,,0,,/ /,,,,0,0,,,,/ /,,0,,,,,,,0,,/ /,,,B 661,book,,,,,,Documentary Artifact,,478 p.,,,international society,,new york,,,,,,,,,,,Shelf,,/ /,,world literature ancient literature,,,/ /,,,,,"library of the world's best literature, ancient and modern",,,,,,,,,,,,0,0,0,0,0,/ /,/ /,,/ /,,,,,,,,,,2010-07-11 14:46:00,Unknown,/ /,.F.
B 662,0,,,,,,,2005-08-26 00:00:00,,osborne homestead museum,/ /,,Good,,,0,world authors,,0,0,,1896,,,1896,vol 19,,0,,,,,/ /,/ / : : AM,,,8: Communication Artifact,LIUBRARY Case 8 Row 4,0,,/ /,,,,0,,/ /,,,,0,0,,,,/ /,,0,,,,,,,0,,/ /,,,B 662,book,,,,,,Documentary Artifact,,478 p.,,,international society,,new york,,,,,,,,,,,Shelf,,/ /,,world literature ancient literature,,,/ /,,,,,"library of the world's best literature, ancient and modern",,,,,,,,,,,,0,0,0,0,0,/ /,/ /,,/ /,,,,,,,,,,2010-07-11 14:47:00,Unknown,/ /,.F.
B 663,0,,,,,,,2005-08-26 00:00:00,,osborne homestead museum,/ /,,Good,,,0,world authors,,0,0,,1896,,,1896,vol 20,,0,,,,,/ /,/ / : : AM,,,8: Communication Artifact,LIBRARY Case 8 Row 4,0,,/ /,,,,0,,/ /,,,,0,0,,,,/ /,,0,,,,,,,0,,/ /,,,B 663,book,,,,,,Documentary Artifact,,478 p.,,,international society,,new york,,,,,,,,,,,Shelf,,/ /,,world literature ancient literature,,,/ /,,,,,"library of the world's best literature, ancient and modern",,,,,,,,,,,,0,0,0,0,0,/ /,/ /,,/ /,,,,,,,,,,2010-07-11 14:47:00,Unknown,/ /,.F.
B 664,0,,,,,,,2005-08-26 00:00:00,,osborne homestead museum,/ /,,Good,,,0,world authors,,0,0,,1896,,,1896,vol 21,,0,,,,,/ /,/ / : : AM,,,8: Communication Artifact,LIBRARY Case 8 Row 4,0,,/ /,,,,0,,/ /,,,,0,0,,,,/ /,,0,,,,,,,0,,/ /,,,B 664,book,,,,,,Documentary Artifact,,478 p.,,,international society,,new york,,,,,,,,,,,Shelf,,/ /,,world literature ancient literature,,,/ /,,,,,"library of the world's best literature, ancient and modern",,,,,,,,,,,,0,0,0,0,0,/ /,/ /,,/ /,,,,,,,,,,2010-07-11 14:48:00,Unknown,/ /,.F.
B 665,0,,,,,,,2005-08-26 00:00:00,,osborne homestead museum,/ /,,Good,,,0,world authors,,0,0,,1896,,,1896,vol 22,,0,,,,,/ /,/ / : : AM,,,8: Communication Artifact,LIBRARY Case 8 Row 4,0,,/ /,,,,0,,/ /,,,,0,0,,,,/ /,,0,,,,,,,0,,/ /,,,B 665,book,,,,,,Documentary Artifact,,478 p.,,,international society,,new york,,,,,,,,,,,Shelf,,/ /,,world literature ancient literature,,,/ /,,,,,"library of the world's best literature, ancient and modern",,,,,,,,,,,,0,0,0,0,0,/ /,/ /,,/ /,,,,,,,,,,2010-07-11 14:48:00,Unknown,/ /,.F.
B 666,0,,,,,,,2005-08-26 00:00:00,,osborne homestead museum,/ /,,Good,,,0,world authors,,0,0,,1896,,,1896,vol 23,,0,,,,,/ /,/ / : : AM,,,8: Communication Artifact,LIBRARY Case 8 Row 4,0,,/ /,,,,0,,/ /,,,,0,0,,,,/ /,,0,,,,,,,0,,/ /,,,B 666,book,,,,,,Documentary Artifact,,478 p.,,,international society,,new york,,,,,,,,,,,Shelf,,/ /,,world literature ancient literature,,,/ /,,,,,"library of the world's best literature, ancient and modern",,,,,,,,,,,,0,0,0,0,0,/ /,/ /,,/ /,,,,,,,,,,2010-07-11 14:48:00,Unknown,/ /,.F.
B 667,0,,,,,,,2005-08-26 00:00:00,,osborne homestead museum,/ /,,Good,,,0,world authors,,0,0,,1896,,,1896,vol 24,,0,,,,,/ /,/ / : : AM,,,8: Communication Artifact,LIBRARY Case 8 Row 5,0,,/ /,,,,0,,/ /,,,,0,0,,,,/ /,,0,,,,,,,0,,/ /,,,B 667,book,,,,,,Documentary Artifact,,478 p.,,,international society,,new york,,,,,,,,,,,Shelf,,/ /,,world literature ancient literature,,,/ /,,,,,"library of the world's best literature, ancient and modern",,,,,,,,,,,,0,0,0,0,0,/ /,/ /,,/ /,,,,,,,,,,2010-07-11 14:49:00,Unknown,/ /,.F.
B 668,0,,,,,,,2005-08-26 00:00:00,,osborne homestead museum,/ /,,Good,,,0,world authors,,0,0,,1896,,,1896,vol 25,,0,,,,,/ /,/ / : : AM,,,8: Communication Artifact,LIBRARY Case 8 Row 5,0,,/ /,,,,0,,/ /,,,,0,0,,,,/ /,,0,,,,,,,0,,/ /,,,B 668,book,,,,,,Documentary Artifact,,478 p.,,,international society,,new york,,,,,,,,,,,Shelf,,/ /,,world literature ancient literature,,,/ /,,,,,"library of the world's best literature, ancient and modern",,,,,,,,,,,,0,0,0,0,0,/ /,/ /,,/ /,,,,,,,,,,2010-07-11 14:49:00,Unknown,/ /,.F.
B 669,0,,,,,,,2005-08-26 00:00:00,,osborne homestead museum,/ /,,Good,,,0,world authors,,0,0,,1896,,,1896,vol 26,,0,,,,,/ /,/ / : : AM,,,8: Communication Artifact,LIBRARY Case 8 Row 5,0,,/ /,,,,0,,/ /,,,,0,0,,,,/ /,,0,,,,,,,0,,/ /,,,B 669,book,,,,,,Documentary Artifact,,478 p.,,,international society,,new york,,,,,,,,,,,Shelf,,/ /,,world literature ancient literature,,,/ /,,,,,"library of the world's best literature, ancient and modern",,,,,,,,,,,,0,0,0,0,0,/ /,/ /,,/ /,,,,,,,,,,2010-07-11 14:49:00,Unknown,/ /,.F.
B 670,0,,,,,,,2005-08-26 00:00:00,,osborne homestead museum,/ /,,Good,,,0,world authors,,0,0,,1896,,,1896,vol 27,,0,,,,,/ /,/ / : : AM,,,8: Communication Artifact,LIBRARY Case 8 Row 5,0,,/ /,,,,0,,/ /,,,,0,0,,,,/ /,,0,,,,,,,0,,/ /,,,B 670,book,,,,,,Documentary Artifact,,478 p.,,,international society,,new york,,,,,,,,,,,Shelf,,/ /,,world literature ancient literature,,,/ /,,,,,"library of the world's best literature, ancient and modern",,,,,,,,,,,,0,0,0,0,0,/ /,/ /,,/ /,,,,,,,,,,2010-07-11 14:50:00,Unknown,/ /,.F.
B 671,0,,,,,,,2005-08-26 00:00:00,,osborne homestead museum,/ /,,Good,,,0,world authors,,0,0,,1896,,,1896,vol 28,,0,,,,,/ /,/ / : : AM,,,8: Communication Artifact,LIBRARY Case 8 Row 5,0,,/ /,,,,0,,/ /,,,,0,0,,,,/ /,,0,,,,,,,0,,/ /,,,B 671,book,,,,,,Documentary Artifact,,478 p.,,,international society,,new york,,,,,,,,,,,Shelf,,/ /,,world literature ancient literature,,,/ /,,,,,"library of the world's best literature, ancient and modern",,,,,,,,,,,,0,0,0,0,0,/ /,/ /,,/ /,,,,,,,,,,2010-07-11 14:50:00,Unknown,/ /,.F.
B 672,0,,,,,,,2005-08-26 00:00:00,,osborne homestead museum,/ /,,Good,,,0,world authors,,0,0,,1896,,,1896,vol 29,,0,,,,,/ /,/ / : : AM,,,8: Communication Artifact,LIBRARY Case 8 Row 5,0,,/ /,,,,0,,/ /,,,,0,0,,,,/ /,,0,,,,,,,0,,/ /,,,B 672,book,,,,,,Documentary Artifact,,478 p.,,,international society,,new york,,,,,,,,,,,Shelf,,/ /,,world literature ancient literature,,,/ /,,,,,"library of the world's best literature, ancient and modern",,,,,,,,,,,,0,0,0,0,0,/ /,/ /,,/ /,,,,,,,,,,2010-07-11 14:50:00,Unknown,/ /,.F.
B 673,0,,,,,,,2005-08-26 00:00:00,,osborne homestead museum,/ /,,Good,,,0,world authors,,0,0,,1896,,,1896,vol 30,,0,,,,,/ /,/ / : : AM,,,8: Communication Artifact,LIBRARY Case 8 Row 5,0,,/ /,,,,0,,/ /,,,,0,0,,,,/ /,,0,,,,,,,0,,/ /,,,B 673,book,,,,,,Documentary Artifact,,478 p.,,,international society,,new york,,,,,,,,,,,Shelf,,/ /,,world literature ancient literature,,,/ /,,,,,"library of the world's best literature, ancient and modern",,,,,,,,,,,,0,0,0,0,0,/ /,/ /,,/ /,,,,,,,,,,2010-07-11 14:51:00,Unknown,/ /,.F.
B 674,0,,,,,,,2005-08-26 00:00:00,,osborne homestead museum,/ /,,Good,,,0,world authors,,0,0,,1896,,,1896,vol 31,,0,,,,,/ /,/ / : : AM,,,8: Communication Artifact,LIBRARY Case 8 row 5,0,,/ /,,,,0,,/ /,,,,0,0,,,,/ /,,0,,,,,,,0,,/ /,,,B 674,book,,,,,,Documentary Artifact,,478 p.,,,international society,,new york,,,,,,,,,,,Shelf,,/ /,,world literature ancient literature,,,/ /,,,,,"library of the world's best literature, ancient and modern",,,,,,,,,,,,0,0,0,0,0,/ /,/ /,,/ /,,,,,,,,,,2010-07-11 14:51:00,Unknown,/ /,.F.
B 675,0,,,,,,,2005-08-26 00:00:00,,osborne homestead museum,/ /,,Good,,,0,world authors,,0,0,,1896,,,1896,vol 32,,0,,,,,/ /,/ / : : AM,,,8: Communication Artifact,LIBRARY Case 8 Row 5,0,,/ /,,,,0,,/ /,,,,0,0,,,,/ /,,0,,,,,,,0,,/ /,,,B 675,book,,,,,,Documentary Artifact,,478 p.,,,international society,,new york,,,,,,,,,,,Shelf,,/ /,,world literature ancient literature,,,/ /,,,,,"library of the world's best literature, ancient and modern",,,,,,,,,,,,0,0,0,0,0,/ /,/ /,,/ /,,,,,,,,,,2010-07-11 14:52:00,Unknown,/ /,.F.
B 676,0,,,,,,,2005-08-26 00:00:00,,osborne homestead museum,/ /,,Good,,,0,world authors,,0,0,,1896,,,1896,vol 33,,0,,,,,/ /,/ / : : AM,,,8: Communication Artifact,LIBRARY Case 8 Row 5,0,,/ /,,,,0,,/ /,,,,0,0,,,,/ /,,0,,,,,,,0,,/ /,,,B 676,book,,,,,,Documentary Artifact,,478 p.,,,international society,,new york,,,,,,,,,,,Shelf,,/ /,,world literature ancient literature,,,/ /,,,,,"library of the world's best literature, ancient and modern",,,,,,,,,,,,0,0,0,0,0,/ /,/ /,,/ /,,,,,,,,,,2010-07-11 14:52:00,Unknown,/ /,.F.
B 677,0,,,,,,,2005-08-26 00:00:00,,osborne homestead museum,/ /,,Good,,,0,world authors,,0,0,,1896,,,1896,vol 34,,0,,,,,/ /,/ / : : AM,,,8: Communication Artifact,LIBRARY Case 8 Row 5,0,,/ /,,,,0,,/ /,,,,0,0,,,,/ /,,0,,,,,,,0,,/ /,,,B 677,book,,,,,,Documentary Artifact,,478 p.,,,international society,,new york,,,,,,,,,,,Shelf,,/ /,,world literature ancient literature,,,/ /,,,,,"library of the world's best literature, ancient and modern",,,,,,,,,,,,0,0,0,0,0,/ /,/ /,,/ /,,,,,,,,,,2010-07-11 14:52:00,Unknown,/ /,.F.
B 678,0,,,,,,,2005-08-26 00:00:00,,osborne homestead museum,/ /,,Good,,,0,world authors,,0,0,,1896,,,1896,vol 35,,0,,,,,/ /,/ / : : AM,,,8: Communication Artifact,LIBRARY Case 8 Row 5,0,,/ /,,,,0,,/ /,,,,0,0,,,,/ /,,0,,,,,,,0,,/ /,,,B 678,book,,,,,,Documentary Artifact,,478 p.,,,international society,,new york,,,,,,,,,,,Shelf,,/ /,,world literature ancient literature,,,/ /,,,,,"library of the world's best literature, ancient and modern",,,,,,,,,,,,0,0,0,0,0,/ /,/ /,,/ /,,,,,,,,,,2010-07-11 14:53:00,Unknown,/ /,.F.
B 679,0,,,,,,,2005-08-26 00:00:00,,osborne homestead museum,/ /,,Good,,,0,world authors,,0,0,,1896,,,1896,vol 36,,0,,,,,/ /,/ / : : AM,,,8: Communication Artifact,LIBRARY Case 8 Row 5,0,,/ /,,,,0,,/ /,,,,0,0,,,,/ /,,0,,,,,,,0,,/ /,,,B 679,book,,,,,,Documentary Artifact,,478 p.,,,international society,,new york,,,,,,,,,,,Shelf,,/ /,,world literature ancient literature,,,/ /,,,,,"library of the world's best literature, ancient and modern",,,,,,,,,,,,0,0,0,0,0,/ /,/ /,,/ /,,,,,,,,,,2010-07-18 14:18:00,Unknown,/ /,.F.
B 680,0,,,,,,,2005-08-26 00:00:00,,osborne homestead museum,/ /,,Good,,,0,world authors,,0,0,,1896,,,1896,vol 37,,0,,,,,/ /,/ / : : AM,,,8: Communication Artifact,LIBRARY Case 8 Row 5,0,,/ /,,,,0,,/ /,,,,0,0,,,,/ /,,0,,,,,,,0,,/ /,,,B 680,book,,,,,,Documentary Artifact,,478 p.,,,international society,,new york,,,,,,,,,,,Shelf,,/ /,,world literature ancient literature,,,/ /,,,,,"library of the world's best literature, ancient and modern",,,,,,,,,,,,0,0,0,0,0,/ /,/ /,,/ /,,,,,,,,,,2010-07-11 14:54:00,Unknown,/ /,.F.
B 681,0,,,,,,,2005-08-26 00:00:00,,osborne homestead museum,/ /,,Good,,,0,world authors,,0,0,,1896,,,1896,vol 38,,0,,,,,/ /,/ / : : AM,,,8: Communication Artifact,LIBRARY Case 8 Row 5,0,,/ /,,,,0,,/ /,,,,0,0,,,,/ /,,0,,,,,,,0,,/ /,,,B 681,book,,,,,,Documentary Artifact,,478 p.,,,international society,,new york,,,,,,,,,,,Shelf,,/ /,,world literature ancient literature,,,/ /,,,,,"library of the world's best literature, ancient and modern",,,,,,,,,,,,0,0,0,0,0,/ /,/ /,,/ /,,,,,,,,,,2010-07-11 14:54:00,Unknown,/ /,.F.
B 682,0,,,,,,,2005-08-26 00:00:00,,osborne homestead museum,/ /,,Good,,,0,world authors,,0,0,,1896,,,1896,vol 39,,0,,,,,/ /,/ / : : AM,,,8: Communication Artifact,LIBRARY Case 8 Row 5,0,,/ /,,,,0,,/ /,,,,0,0,,,,/ /,,0,,,,,,,0,,/ /,,,B 682,book,,,,,,Documentary Artifact,,478 p.,,,international society,,new york,,,,,,,,,,,Shelf,,/ /,,world literature ancient literature,,,/ /,,,,,"library of the world's best literature, ancient and modern",,,,,,,,,,,,0,0,0,0,0,/ /,/ /,,/ /,,,,,,,,,,2010-07-11 14:55:00,Unknown,/ /,.F.
B 683,0,,,,,,,2005-08-26 00:00:00,,osborne homestead museum,/ /,,Good,,,0,world authors,,0,0,,1896,,,1896,vol 40,,0,,,,,/ /,/ / : : AM,,,8: Communication Artifact,LIBRARY Case 8 Row 5,0,,/ /,,,,0,,/ /,,,,0,0,,,,/ /,,0,,,,,,,0,,/ /,,,B 683,book,,,,,,Documentary Artifact,,478 p.,,,international society,,new york,,,,,,,,,,,Shelf,,/ /,,world literature ancient literature,,,/ /,,,,,"library of the world's best literature, ancient and modern",,,,,,,,,,,,0,0,0,0,0,/ /,/ /,,/ /,,,,,,,,,,2010-07-11 14:55:00,Unknown,/ /,.F.
B 684,0,,,,,,,2005-08-26 00:00:00,,osborne homestead museum,/ /,,Good,,,0,world authors,,0,0,,1896,,,1896,vol 41,,0,,,,,/ /,/ / : : AM,,,8: Communication Artifact,LIBRARY Case 8 Row 5,0,,/ /,,,,0,,/ /,,,,0,0,,,,/ /,,0,,,,,,,0,,/ /,,,B 684,book,,,,,,Documentary Artifact,,478 p.,,,international society,,new york,,,,,,,,,,,Shelf,,/ /,,world literature ancient literature,,,/ /,,,,,"library of the world's best literature, ancient and modern",,,,,,,,,,,,0,0,0,0,0,/ /,/ /,,/ /,,,,,,,,,,2010-07-11 14:55:00,Unknown,/ /,.F.
B 685,0,,,,,,,2005-08-26 00:00:00,,osborne homestead museum,/ /,,Good,,,0,world authors,,0,0,,1896,,,1896,vol 42,,0,,,,,/ /,/ / : : AM,,,8: Communication Artifact,LIBRARY Case 8 Row 5,0,,/ /,,,,0,,/ /,,,,0,0,,,,/ /,,0,,,,,,,0,,/ /,,,B 685,book,,,,,,Documentary Artifact,,478 p.,,,international society,,new york,,,,,,,,,,,Shelf,,/ /,,world literature ancient literature,,,/ /,,,,,"library of the world's best literature, ancient and modern",,,,,,,,,,,,0,0,0,0,0,/ /,/ /,,/ /,,,,,,,,,,2010-07-11 14:56:00,Unknown,/ /,.F.
B 686,0,,,,,,,2005-08-26 00:00:00,,osborne homestead museum,/ /,,Good,,,0,world authors,,0,0,,1896,,,1896,vol 43,,0,,,,,/ /,/ / : : AM,,,8: Communication Artifact,LIBRARY Case 8 Row 5,0,,/ /,,,,0,,/ /,,,,0,0,,,,/ /,,0,,,,,,,0,,/ /,,,B 686,book,,,,,,Documentary Artifact,,478 p.,,,international society,,new york,,,,,,,,,,,Shelf,,/ /,,world literature ancient literature,,,/ /,,,,,"library of the world's best literature, ancient and modern",,,,,,,,,,,,0,0,0,0,0,/ /,/ /,,/ /,,,,,,,,,,2010-07-11 14:56:00,Unknown,/ /,.F.
B 687,0,,,,,,,2005-08-26 00:00:00,,osborne homestead museum,/ /,,Good,,,0,world authors,,0,0,,1896,,,1896,vol 44,,0,,,,,/ /,/ / : : AM,,,8: Communication Artifact,LIBRARY Case 8 Row 5,0,,/ /,,,,0,,/ /,,,,0,0,,,,/ /,,0,,,,,,,0,,/ /,,,B 687,book,,,,,,Documentary Artifact,,478 p.,,,international society,,new york,,,,,,,,,,,Shelf,,/ /,,world literature ancient literature,,,/ /,,,,,"library of the world's best literature, ancient and modern",,,,,,,,,,,,0,0,0,0,0,/ /,/ /,,/ /,,,,,,,,,,2010-07-11 14:57:00,Unknown,/ /,.F.
B 688,0,,,,,,,2005-08-26 00:00:00,,osborne homestead museum,/ /,,Good,,,0,world authors,,0,0,,1896,,,1896,vol 45,,0,,,,,/ /,/ / : : AM,,,8: Communication Artifact,LIBRARY Case 8 Row 5,0,,/ /,,,,0,,/ /,,,,0,0,,,,/ /,,0,,,,,,,0,,/ /,,,B 688,book,,,,,,Documentary Artifact,,478 p.,,,international society,,new york,,,,,,,,,,,Shelf,,/ /,,world literature ancient literature,,,/ /,,,,,"library of the world's best literature, ancient and modern",,,,,,,,,,,,0,0,0,0,0,/ /,/ /,,/ /,,,,,,,,,,2010-07-11 14:57:00,Unknown,/ /,.F.
OHM B 689,0,,,,,,,2005-08-26 00:00:00,,osborne homestead museum,/ /,,Fair,,,0,"johnson, rossiter",,0,0,,1905,,,1905,vol 1,,0,,,,,/ /,/ / : : AM,,,8: Communication Artifact,center case in library,0,,/ /,,,,0,,/ /,,,,0,0,,,,/ /,,0,,,,,,,0,,/ /,,,OHM B689,book,,,,,,Documentary Artifact,,380 p.,,,national alumni,,new york,,,,,,,,,,,Shelf,,/ /,,world history,,,/ /,,,,,great events by famous historians,,,,,,,,,,,,0,0,0,0,0,/ /,/ /,,/ /,,,,,,,,,,2006-05-19 14:24:00,,/ /,.F.
B 690,0,,,,,,,2005-08-26 00:00:00,,osborne homestead museum,/ /,,Fair,,,0,"johnson, rossiter",,0,0,,1905,,,1905,vol 2,,0,,,,,/ /,/ / : : AM,,,8: Communication Artifact,center case in library,0,,/ /,,,,0,,/ /,,,,0,0,,,,/ /,,0,,,,,,,0,,/ /,,,B 690,book,,,,,,Documentary Artifact,,380 p.,,,national alumni,,new york,,,,,,,,,,,Shelf,,/ /,,world history,,,/ /,,,,,great events by famous historians,,,,,,,,,,,,0,0,0,0,0,/ /,/ /,,/ /,,,,,,,,,,2005-10-14 13:18:00,,/ /,.F.
B 691,0,,,,,,,2005-08-26 00:00:00,,osborne homestead museum,/ /,,Fair,,,0,"johnson, rossiter",,0,0,,1905,,,1905,vol 3,,0,,,,,/ /,/ / : : AM,,,8: Communication Artifact,center case in library,0,,/ /,,,,0,,/ /,,,,0,0,,,,/ /,,0,,,,,,,0,,/ /,,,B 691,book,,,,,,Documentary Artifact,,380 p.,,,national alumni,,new york,,,,,,,,,,,Shelf,,/ /,,world history,,,/ /,,,,,great events by famous historians,,,,,,,,,,,,0,0,0,0,0,/ /,/ /,,/ /,,,,,,,,,,2005-10-14 13:20:00,,/ /,.F.
B 692,0,,,,,,,2005-08-26 00:00:00,,osborne homestead museum,/ /,,Fair,,,0,"johnson, rossiter",,0,0,,1905,,,1905,vol 4,,0,,,,,/ /,/ / : : AM,,,8: Communication Artifact,center case in library,0,,/ /,,,,0,,/ /,,,,0,0,,,,/ /,,0,,,,,,,0,,/ /,,,B 692,book,,,,,,Documentary Artifact,,380 p.,,,national alumni,,new york,,,,,,,,,,,Shelf,,/ /,,world history,,,/ /,,,,,great events by famous historians,,,,,,,,,,,,0,0,0,0,0,/ /,/ /,,/ /,,,,,,,,,,2005-10-14 13:20:00,,/ /,.F.
B 693,0,,,,,,,2005-08-26 00:00:00,,osborne homestead museum,/ /,,Fair,,,0,"johnson, rossiter",,0,0,,1905,,,1905,vol 5,,0,,,,,/ /,/ / : : AM,,,8: Communication Artifact,center case in library,0,,/ /,,,,0,,/ /,,,,0,0,,,,/ /,,0,,,,,,,0,,/ /,,,B 693,book,,,,,,Documentary Artifact,,380 p.,,,national alumni,,new york,,,,,,,,,,,Shelf,,/ /,,world history,,,/ /,,,,,great events by famous historians,,,,,,,,,,,,0,0,0,0,0,/ /,/ /,,/ /,,,,,,,,,,2005-10-14 13:21:00,,/ /,.F.
B 694,0,,,,,,,2005-08-26 00:00:00,,osborne homestead museum,/ /,,Fair,,,0,"johnson, rossiter",,0,0,,1905,,,1905,vol 6,,0,,,,,/ /,/ / : : AM,,,8: Communication Artifact,center case in library,0,,/ /,,,,0,,/ /,,,,0,0,,,,/ /,,0,,,,,,,0,,/ /,,,B 694,book,,,,,,Documentary Artifact,,380 p.,,,national alumni,,new york,,,,,,,,,,,Shelf,,/ /,,world history,,,/ /,,,,,great events by famous historians,,,,,,,,,,,,0,0,0,0,0,/ /,/ /,,/ /,,,,,,,,,,2005-10-14 13:21:00,,/ /,.F.
B 695,0,,,,,,,2005-08-26 00:00:00,,osborne homestead museum,/ /,,Fair,,,0,"johnson, rossiter",,0,0,,1905,,,1905,vol 7,,0,,,,,/ /,/ / : : AM,,,8: Communication Artifact,center case in library,0,,/ /,,,,0,,/ /,,,,0,0,,,,/ /,,0,,,,,,,0,,/ /,,,B 695,book,,,,,,Documentary Artifact,,380 p.,,,national alumni,,new york,,,,,,,,,,,Shelf,,/ /,,world history,,,/ /,,,,,great events by famous historians,,,,,,,,,,,,0,0,0,0,0,/ /,/ /,,/ /,,,,,,,,,,2005-10-14 13:22:00,,/ /,.F.
B 696,0,,,,,,,2005-08-26 00:00:00,,osborne homestead museum,/ /,,Fair,,,0,"johnson, rossiter",,0,0,,1905,,,1905,vol 8,,0,,,,,/ /,/ / : : AM,,,8: Communication Artifact,center case in library,0,,/ /,,,,0,,/ /,,,,0,0,,,,/ /,,0,,,,,,,0,,/ /,,,B 696,book,,,,,,Documentary Artifact,,380 p.,,,national alumni,,new york,,,,,,,,,,,Shelf,,/ /,,world history,,,/ /,,,,,great events by famous historians,,,,,,,,,,,,0,0,0,0,0,/ /,/ /,,/ /,,,,,,,,,,2005-10-14 13:22:00,,/ /,.F.
B 697,0,,,,,,,2005-08-26 00:00:00,,osborne homestead museum,/ /,,Fair,,,0,"johnson, rossiter",,0,0,,1905,,,1905,vol 9,,0,,,,,/ /,/ / : : AM,,,8: Communication Artifact,center case in library,0,,/ /,,,,0,,/ /,,,,0,0,,,,/ /,,0,,,,,,,0,,/ /,,,B 697,book,,,,,,Documentary Artifact,,380 p.,,,national alumni,,new york,,,,,,,,,,,Shelf,,/ /,,world history,,,/ /,,,,,great events by famous historians,,,,,,,,,,,,0,0,0,0,0,/ /,/ /,,/ /,,,,,,,,,,2005-10-14 13:22:00,,/ /,.F.
B 698,0,,,,,,,2005-08-26 00:00:00,,osborne homestead museum,/ /,,Fair,,,0,"johnson, rossiter",,0,0,,1905,,,1905,vol 10,,0,,,,,/ /,/ / : : AM,,,8: Communication Artifact,center case in library,0,,/ /,,,,0,,/ /,,,,0,0,,,,/ /,,0,,,,,,,0,,/ /,,,B 698,book,,,,,,Documentary Artifact,,380 p.,,,national alumni,,new york,,,,,,,,,,,Shelf,,/ /,,world history,,,/ /,,,,,great events by famous historians,,,,,,,,,,,,0,0,0,0,0,/ /,/ /,,/ /,,,,,,,,,,2005-10-14 13:23:00,,/ /,.F.
B 699,0,,,,,,,2005-08-26 00:00:00,,osborne homestead museum,/ /,,Fair,,,0,"johnson, rossiter",,0,0,,1905,,,1905,vol 11,,0,,,,,/ /,/ / : : AM,,,8: Communication Artifact,center case in library,0,,/ /,,,,0,,/ /,,,,0,0,,,,/ /,,0,,,,,,,0,,/ /,,,B 699,book,,,,,,Documentary Artifact,,380 p.,,,national alumni,,new york,,,,,,,,,,,Shelf,,/ /,,world history,,,/ /,,,,,great events by famous historians,,,,,,,,,,,,0,0,0,0,0,/ /,/ /,,/ /,,,,,,,,,,2005-10-14 13:23:00,,/ /,.F.
B 700,0,,,,,,,2005-08-26 00:00:00,,osborne homestead museum,/ /,,Fair,,,0,"johnson, rossiter",,0,0,,1905,,,1905,vol 12,,0,,,,,/ /,/ / : : AM,,,8: Communication Artifact,center case in library,0,,/ /,,,,0,,/ /,,,,0,0,,,,/ /,,0,,,,,,,0,,/ /,,,B 700,book,,,,,,Documentary Artifact,,380 p.,,,national alumni,,new york,,,,,,,,,,,Shelf,,/ /,,world history,,,/ /,,,,,great events by famous historians,,,,,,,,,,,,0,0,0,0,0,/ /,/ /,,/ /,,,,,,,,,,2005-10-14 13:24:00,,/ /,.F.
B 701,0,,,,,,,2005-08-26 00:00:00,,osborne homestead museum,/ /,,Fair,,,0,"johnson, rossiter",,0,0,,1905,,,1905,vol 13,,0,,,,,/ /,/ / : : AM,,,8: Communication Artifact,center case in library,0,,/ /,,,,0,,/ /,,,,0,0,,,,/ /,,0,,,,,,,0,,/ /,,,B 701,book,,,,,,Documentary Artifact,,380 p.,,,national alumni,,new york,,,,,,,,,,,Shelf,,/ /,,world history,,,/ /,,,,,great events by famous historians,,,,,,,,,,,,0,0,0,0,0,/ /,/ /,,/ /,,,,,,,,,,2005-10-14 13:24:00,,/ /,.F.
B 702,0,,,,,,,2005-08-26 00:00:00,,osborne homestead museum,/ /,,Fair,,,0,"johnson, rossiter",,0,0,,1905,,,1905,vol 14,,0,,,,,/ /,/ / : : AM,,,8: Communication Artifact,center case in library,0,,/ /,,,,0,,/ /,,,,0,0,,,,/ /,,0,,,,,,,0,,/ /,,,B 702,book,,,,,,Documentary Artifact,,380 p.,,,national alumni,,new york,,,,,,,,,,,Shelf,,/ /,,world history,,,/ /,,,,,great events by famous historians,,,,,,,,,,,,0,0,0,0,0,/ /,/ /,,/ /,,,,,,,,,,2005-10-14 13:24:00,,/ /,.F.
B 703,0,,,,,,,2005-08-26 00:00:00,,osborne homestead museum,/ /,,Fair,,,0,"johnson, rossiter",,0,0,,1905,,,1905,vol 15,,0,,,,,/ /,/ / : : AM,,,8: Communication Artifact,center case in library,0,,/ /,,,,0,,/ /,,,,0,0,,,,/ /,,0,,,,,,,0,,/ /,,,B 703,book,,,,,,Documentary Artifact,,380 p.,,,national alumni,,new york,,,,,,,,,,,Shelf,,/ /,,world history,,,/ /,,,,,great events by famous historians,,,,,,,,,,,,0,0,0,0,0,/ /,/ /,,/ /,,,,,,,,,,2005-10-14 13:25:00,,/ /,.F.
B 704,0,,,,,,,2005-08-26 00:00:00,,osborne homestead museum,/ /,,Fair,,,0,"johnson, rossiter",,0,0,,1905,,,1905,vol 16,,0,,,,,/ /,/ / : : AM,,,8: Communication Artifact,center case in library,0,,/ /,,,,0,,/ /,,,,0,0,,,,/ /,,0,,,,,,,0,,/ /,,,B 704,book,,,,,,Documentary Artifact,,380 p.,,,national alumni,,new york,,,,,,,,,,,Shelf,,/ /,,world history,,,/ /,,,,,great events by famous historians,,,,,,,,,,,,0,0,0,0,0,/ /,/ /,,/ /,,,,,,,,,,2005-10-14 13:25:00,,/ /,.F.
B 705,0,,,,,,,2005-08-26 00:00:00,,osborne homestead museum,/ /,,Fair,,,0,"johnson, rossiter",,0,0,,1905,,,1905,vol 17,,0,,,,,/ /,/ / : : AM,,,8: Communication Artifact,center case in library,0,,/ /,,,,0,,/ /,,,,0,0,,,,/ /,,0,,,,,,,0,,/ /,,,B 705,book,,,,,,Documentary Artifact,,380 p.,,,national alumni,,new york,,,,,,,,,,,Shelf,,/ /,,world history,,,/ /,,,,,great events by famous historians,,,,,,,,,,,,0,0,0,0,0,/ /,/ /,,/ /,,,,,,,,,,2005-10-14 13:25:00,,/ /,.F.
B 706,0,,,,,,,2005-08-26 00:00:00,,osborne homestead museum,/ /,,Fair,,,0,"johnson, rossiter",,0,0,,1905,,,1905,vol 18,,0,,,,,/ /,/ / : : AM,,,8: Communication Artifact,center case in library,0,,/ /,,,,0,,/ /,,,,0,0,,,,/ /,,0,,,,,,,0,,/ /,,,B 706,book,,,,,,Documentary Artifact,,380 p.,,,national alumni,,new york,,,,,,,,,,,Shelf,,/ /,,world history,,,/ /,,,,,great events by famous historians,,,,,,,,,,,,0,0,0,0,0,/ /,/ /,,/ /,,,,,,,,,,2005-10-14 13:26:00,,/ /,.F.
B 707,0,,,,,,,2005-08-26 00:00:00,,osborne homestead museum,/ /,,Fair,,,0,"johnson, rossiter",,0,0,,1905,,,1905,vol 19,,0,,,,,/ /,/ / : : AM,,,8: Communication Artifact,center case in library,0,,/ /,,,,0,,/ /,,,,0,0,,,,/ /,,0,,,,,,,0,,/ /,,,B 707,book,,,,,,Documentary Artifact,,380 p.,,,national alumni,,new york,,,,,,,,,,,Shelf,,/ /,,world history,,,/ /,,,,,great events by famous historians,,,,,,,,,,,,0,0,0,0,0,/ /,/ /,,/ /,,,,,,,,,,2005-10-14 13:26:00,,/ /,.F.
B 708,0,,,,,,,2005-08-26 00:00:00,,osborne homestead museum,/ /,,Fair,,,0,"johnson, rossiter",,0,0,,1905,,,1905,vol 20,,0,,,,,/ /,/ / : : AM,,,8: Communication Artifact,center case in library,0,,/ /,,,,0,,/ /,,,,0,0,,,,/ /,,0,,,,,,,0,,/ /,,,B 708,book,,,,,,Documentary Artifact,,380 p.,,,national alumni,,new york,,,,,,,,,,,Shelf,,/ /,,world history,,,/ /,,,,,great events by famous historians,,,,,,,,,,,,0,0,0,0,0,/ /,/ /,,/ /,,,,,,,,,,2005-10-14 13:27:00,,/ /,.F.
B 709,0,,,,,,,2005-08-26 00:00:00,,osborne homestead museum,/ /,,Fair,,,0,"johnson, rossiter",,0,0,,1905,,,1905,vol 21,,0,,,,,/ /,/ / : : AM,,,8: Communication Artifact,center case in library,0,,/ /,,,,0,,/ /,,,,0,0,,,,/ /,,0,,,,,,,0,,/ /,,,B 709,book,,,,,,Documentary Artifact,,380 p.,,,national alumni,,new york,,,,,,,,,,,Shelf,,/ /,,world history,,,/ /,,,,,great events by famous historians,,,,,,,,,,,,0,0,0,0,0,/ /,/ /,,/ /,,,,,,,,,,2005-10-14 13:27:00,,/ /,.F.
B 710,0,,,,,,,2005-08-26 00:00:00,,osborne homestead museum,/ /,,Fair,,,0,"johnson, rossiter",,0,0,,1905,,,1905,vol 22,,0,,,,,/ /,/ / : : AM,,,8: Communication Artifact,center case in library,0,,/ /,,,,0,,/ /,,,,0,0,,,,/ /,,0,,,,,,,0,,/ /,,,B 710,book,,,,,,Documentary Artifact,,380 p.,,,national alumni,,new york,,,,,,,,,,,Shelf,,/ /,,world history,,,/ /,,,,,great events by famous historians,,,,,,,,,,,,0,0,0,0,0,/ /,/ /,,/ /,,,,,,,,,,2005-10-14 13:27:00,,/ /,.F.
B 711,0,,,,,,,2005-08-26 00:00:00,,osborne homestead museum,/ /,,Fair,,,0,"johnson, rossiter",,0,0,,1905,,,1905,vol 23,,0,,,,,/ /,/ / : : AM,,,8: Communication Artifact,center case in library,0,,/ /,,,,0,,/ /,,,,0,0,,,,/ /,,0,,,,,,,0,,/ /,,,B 711,book,,,,,,Documentary Artifact,,380 p.,,,national alumni,,new york,,,,,,,,,,,Shelf,,/ /,,world history,,,/ /,,,,,great events by famous historians,,,,,,,,,,,,0,0,0,0,0,/ /,/ /,,/ /,,,,,,,,,,2005-10-14 13:28:00,,/ /,.F.
B 712,0,,,,,,,2005-08-26 00:00:00,,osborne homestead museum,/ /,,Fair,,,0,"horne, charles f., ed",,0,0,,1923,,,1923,vol 1,,0,,,,,/ /,/ / : : AM,,,8: Communication Artifact,center case in library,0,,/ /,,,,0,,/ /,,,,0,0,,,,/ /,,0,,,,,,,0,,/ /,,,B 712,book,,,,,,Documentary Artifact,,418 p,,,national alumni,,new york,,,,,,,,,,,Shelf,,/ /,,worlw war one history,,,/ /,,,,,great events of the great war,,,,,,,,,,,,0,0,0,0,0,/ /,/ /,,/ /,,,,,,,,,,2005-10-14 13:34:00,,/ /,.F.
B 713,0,,,,,,,2005-08-26 00:00:00,,osborne homestead museum,/ /,,Fair,,,0,"horne, charles f., ed",,0,0,,1923,,,1923,vol 2,,0,,,,,/ /,/ / : : AM,,,8: Communication Artifact,center case in library,0,,/ /,,,,0,,/ /,,,,0,0,,,,/ /,,0,,,,,,,0,,/ /,,,B 713,book,,,,,,Documentary Artifact,,418 p,,,national alumni,,new york,,,,,,,,,,,Shelf,,/ /,,worlw war one history,,,/ /,,,,,great events of the great war,,,,,,,,,,,,0,0,0,0,0,/ /,/ /,,/ /,,,,,,,,,,2005-10-14 13:34:00,,/ /,.F.
B 714,0,,,,,,,2005-08-26 00:00:00,,osborne homestead museum,/ /,,Fair,,,0,"horne, charles f., ed",,0,0,,1923,,,1923,vol 3,,0,,,,,/ /,/ / : : AM,,,8: Communication Artifact,center case in library,0,,/ /,,,,0,,/ /,,,,0,0,,,,/ /,,0,,,,,,,0,,/ /,,,B 714,book,,,,,,Documentary Artifact,,418 p,,,national alumni,,new york,,,,,,,,,,,Shelf,,/ /,,worlw war one history,,,/ /,,,,,great events of the great war,,,,,,,,,,,,0,0,0,0,0,/ /,/ /,,/ /,,,,,,,,,,2005-10-14 13:34:00,,/ /,.F.
B 715,0,,,,,,,2005-08-26 00:00:00,,osborne homestead museum,/ /,,Fair,,,0,"horne, charles f., ed",,0,0,,1923,,,1923,vol 4,,0,,,,,/ /,/ / : : AM,,,8: Communication Artifact,center case in library,0,,/ /,,,,0,,/ /,,,,0,0,,,,/ /,,0,,,,,,,0,,/ /,,,B 715,book,,,,,,Documentary Artifact,,418 p,,,national alumni,,new york,,,,,,,,,,,Shelf,,/ /,,worlw war one history,,,/ /,,,,,great events of the great war,,,,,,,,,,,,0,0,0,0,0,/ /,/ /,,/ /,,,,,,,,,,2005-10-14 13:35:00,,/ /,.F.
B 716,0,,,,,,,2005-08-26 00:00:00,,osborne homestead museum,/ /,,Fair,,,0,"horne, charles f., ed",,0,0,,1923,,,1923,vol 5,,0,,,,,/ /,/ / : : AM,,,8: Communication Artifact,center case in library,0,,/ /,,,,0,,/ /,,,,0,0,,,,/ /,,0,,,,,,,0,,/ /,,,B 716,book,,,,,,Documentary Artifact,,418 p,,,national alumni,,new york,,,,,,,,,,,Shelf,,/ /,,worlw war one history,,,/ /,,,,,great events of the great war,,,,,,,,,,,,0,0,0,0,0,/ /,/ /,,/ /,,,,,,,,,,2005-10-14 13:35:00,,/ /,.F.
B 717,0,,,,,,,2005-08-26 00:00:00,,osborne homestead museum,/ /,,Fair,,,0,"horne, charles f., ed",,0,0,,1923,,,1923,vol 6,,0,,,,,/ /,/ / : : AM,,,8: Communication Artifact,center case in library,0,,/ /,,,,0,,/ /,,,,0,0,,,,/ /,,0,,,,,,,0,,/ /,,,B 717,book,,,,,,Documentary Artifact,,418 p,,,national alumni,,new york,,,,,,,,,,,Shelf,,/ /,,worlw war one history,,,/ /,,,,,great events of the great war,,,,,,,,,,,,0,0,0,0,0,/ /,/ /,,/ /,,,,,,,,,,2005-10-14 13:36:00,,/ /,.F.
OHM B 718,0,,,,,,,2005-08-26 00:00:00,,osborne homestead museum,/ /,,Fair,,,0,"horne, charles f., ed",,0,0,,1923,,,1923,vol 7,,0,,,,,/ /,/ / : : AM,,,8: Communication Artifact,center case in library,0,,/ /,,,,0,,/ /,,,,0,0,,,,/ /,,0,,,,,,,0,,/ /,,,OHM B 718,book,,,,,,Documentary Artifact,,418 p,,,national alumni,,new york,,,,,,,,,,,Shelf,,/ /,,worlw war one history,,,/ /,,,,,great events of the great war,,,,,,,,,,,,0,0,0,0,0,/ /,/ /,,/ /,,,,,,,,,,2006-05-19 11:36:00,,/ /,.F.
OHM B401,0,,,,,,,2006-06-02 00:00:00,,osborne homestead museum,/ /,,Good,,,0,none,,0,0,,1921,,,1921,,,0,,,,,/ /,/ / : : AM,,,8: Communication Artifact,library case behind grandfather clock,0,,/ /,,,,0,,/ /,,,,0,0,,,,/ /,,0,,,,,,,0,,/ /,,,OHM B401,book,,,,,,Documentary Artifact,,433 p,,,victor talking machine co.,,none,,,,,,,,,,,Shelf,,/ /,,opera victrola,,,/ /,,,,,victrola book of opera,,,,,,,,,,,,0,0,0,0,0,/ /,/ /,,/ /,,,,,,,,,,2006-06-02 13:56:00,,/ /,.F.
OHM B402,0,,,,,,pes,2006-06-02 00:00:00,,osborne homestead museum,/ /,,Good,,,0,"chadwick, g.h.",,0,0,,1897,,,1897,,,0,,,,,/ /,/ / : : AM,,,8: Communication Artifact,LIBRARY CASE BEHIND GRANDFATHER CLOCK,0,,/ /,,,,0,,/ /,,,,0,0,,,,/ /,,0,,,,,,,0,,/ /,,,OHM B402,book,,,,,,Documentary Artifact,,236 p,,,b.f. wood music,,boston,,,,,,,,,,,Shelf,,/ /,,music harmony,,,/ /,,,,,"harmony, a course of study",,,,,,,,,,,,0,0,0,0,0,/ /,/ /,,/ /,,,,,,,,,,2006-06-02 14:20:00,,/ /,.F.
OHM B403,0,,,,,,pes,2006-06-02 00:00:00,,osborne homestead museum,/ /,,Good,,,0,"mason, daniel gregory",,0,0,,1902,,,1902,,,0,,,,,/ /,/ / : : AM,,,8: Communication Artifact,LIBRARY CASE BEHIND GRANDFATHER CLOCK,0,,/ /,,,,0,,/ /,,,,0,0,,,,/ /,,0,,,,,,,0,,/ /,,,OHM B403,book,,,,,,Documentary Artifact,,224 p,,,outlook co,,new york,,,,,,,,,,,Shelf,,/ /,,music composers,,,/ /,,,,,"from grieg to brahams, studies of some modern composers and their art",,,,,,,,,,,,0,0,0,0,0,/ /,/ /,,/ /,,,,,,,,,,2006-06-02 14:20:00,,/ /,.F.
OHM B404,0,,,,,,pes,2006-06-02 00:00:00,,osborne homestead museum,/ /,,Good,,,0,"goepp, philip h",,0,0,,1902,,,1902,,,0,,,,,/ /,/ / : : AM,,,8: Communication Artifact,LIBRARY CASE BEHIND GARNDFATHER CLOCK,0,,/ /,,,,0,,/ /,,,,0,0,,,,/ /,,0,,,,,,,0,,/ /,,,OHM B404,book,,,,,,Documentary Artifact,,407 p,,,lippincott,,philadelphia,,,,,,,,,,,Shelf,,/ /,,music symphonies,,,/ /,,,,,symphonies and their meaning,,,,,,,,,,,,0,0,0,0,0,/ /,/ /,,/ /,,,,,,,,,,2006-06-02 14:20:00,,/ /,.F.
OHM B405,0,,,,,,pes,2006-06-02 00:00:00,,osborne homestead museum,/ /,,Good,,,0,"goepp, philip h",,0,0,,1902,,,1902,,,0,,,,,/ /,/ / : : AM,,,8: Communication Artifact,LIBRARY CASE BEHIND GRANDFATHER CLOCK,0,,/ /,,,,0,,/ /,,,,0,0,,,,/ /,,0,,,,,,,0,,/ /,,,OHM B405,book,,,,,,Documentary Artifact,,498 p,,,lippincott,,philadelphia,,,,,,,,,,,Shelf,,/ /,,music symphonies,,,/ /,,,,,"symphonies and their meaning, second series",,,,,,,,,,,,0,0,0,0,0,/ /,/ /,,/ /,,,,,,,,,,2006-06-02 14:21:00,,/ /,.F.
OHM B406,0,,,,,,pes,2006-06-02 00:00:00,,osborne homestead museum,/ /,,Good,,,0,"krehbiel, henry edward",,0,0,,1917,,,1917,,,0,,,,,/ /,/ / : : AM,,,8: Communication Artifact,LIBRARY CASE BEHIND GRANDFATHER CLOCK,0,,/ /,,,,0,,/ /,,,,0,0,,,,/ /,,0,,,,,,,0,,/ /,,,OHM B 406,book,,,,,,Documentary Artifact,,345 p,,,star series,,"garden city, ny",,,,,,,,,,,Shelf,,/ /,,music opera,,,/ /,,,,,"book of operas, their histories, their plots , and their music",,,,,,,,,,,,0,0,0,0,0,/ /,/ /,,/ /,,,,,,,,,,2006-06-02 14:21:00,,/ /,.F.
OHM B407,0,,,,,,pes,2006-06-02 00:00:00,,osborne homestead museum,/ /,,Good,,,0,"krehbiel, henry edward",,0,0,,1917,,,1917,,,0,,,,,/ /,/ / : : AM,,,8: Communication Artifact,LIBRARY CASE BEHIND GRANDFATHER CLOCK,0,,/ /,,,,0,,/ /,,,,0,0,,,,/ /,,0,,,,,,,0,,/ /,,,OHM B407,book,,,,,,Documentary Artifact,,243 p,,,star series,,"garden city, ny",,,,,,,,,,,Shelf,,/ /,,music opera,,,/ /,,,,,second book of operas,,,,,,,,,,,,0,0,0,0,0,/ /,/ /,,/ /,,,,,,,,,,2006-06-02 14:21:00,,/ /,.F.
OHM B408,0,,,,,,pes,2006-06-02 00:00:00,,osborne homestead museum,/ /,,Good,,,0,"dubourg, george",,0,0,,MDCCCLXXVIII,,,0,5th,,0,,,,,/ /,/ / : : AM,,,8: Communication Artifact,LIBRARY CASE BEHIND GRANDFATHER CLOCK,0,,/ /,,,,0,,/ /,,,,0,0,,,,/ /,,0,,,,,,,0,,/ /,,,OHM B 408,book,,,,,,Documentary Artifact,,336 p,,,robert cocks and co.,,london,,,,,,,,,,,Shelf,,/ /,,music violin,,,/ /,,,,,"the violin, some account of that leading instrument and its most eminent professors, from its earliest date to the prese",nt time.,,,,,,,,,,,0,0,0,0,0,/ /,/ /,,/ /,,,,,,,,,,2006-06-02 14:22:00,,/ /,.F.
OHM B409,0,,,,,,pes,2006-06-02 00:00:00,,osborne homestead museum,/ /,,Good,,,0,"MATTHEWS, J",,0,0,,1902,,,1902,5th,,0,,,,,/ /,/ / : : AM,,,8: Communication Artifact,LIBRARY CASE BEHIND GRANDFATHER CLOCK,0,,/ /,,,,0,,/ /,,,,0,0,,,,/ /,,0,,,,,,,0,,/ /,,,OHM B409,book,,,,,,Documentary Artifact,,101 P,,,SCRIBNER,,NEW YORK,,,,,,,,,,,Shelf,,/ /,,music violin,,,/ /,,,,,VIOLIN MUSIC OF BEETHOVEN,,,,,,,,,,,,0,0,0,0,0,/ /,/ /,,/ /,,,,,,,,,,2006-06-02 14:22:00,,/ /,.F.
OHM B410,0,,,,,,pes,2006-06-02 00:00:00,,osborne homestead museum,/ /,,Good,,,0,"SINGLETON, ESTHER",,0,0,,MDCCC,,,0,5th,,0,,,,,/ /,/ / : : AM,,,8: Communication Artifact,LIBRARY CASE BEHIND GRANDFATHER CLOCK,0,,/ /,,,,0,,/ /,,,,0,0,,,,/ /,,0,,,,,,,0,,/ /,,,OHM B410,book,,,,,,Documentary Artifact,,350 P,,,"DODD, MEAD",,NEW YORK,,,,,,,,,,,Shelf,,/ /,,MUSIC OPERA,,,/ /,,,,,GUIDE TO THE OPERA,,,,,,,,,,,,0,0,0,0,0,/ /,/ /,,/ /,,,,,,,,,,2006-06-02 14:22:00,,/ /,.F.
OHM B719,0,,,,,,,2005-07-22 00:00:00,,osborne homestead museum,/ /,,Good,,,0,"VON HOLST, H.",,0,0,,1889,,,1889,vol 1,,0,,,,,/ /,/ / : : AM,,,8: Communication Artifact,"FRONT, CENTER SHELF, LIBRARY",0,,/ /,,,,0,,/ /,,,,0,0,,,,/ /,,0,,,,,,,0,,2005-07-22 00:00:00,,,OHM B719,book,,,,,,Documentary Artifact,,505 p,,,CALLAGAHAN,,CHICAGO,,,,,,,,,,,Shelf,,/ /,,POLITICAL HISTORY CONSTITUTIONAL HISTORY,,,/ /,,,,,CONSTITUTIONAL and POLITICAL HISTORY OF THE UNITED STATES,,,,,,,,,,,,0,0,0,0,0,/ /,/ /,,/ /,,,,,,,,,,2007-06-01 14:34:00,Unknown,/ /,.F.
OHM B720,0,,,,,,,2005-07-22 00:00:00,,osborne homestead museum,/ /,,Good,,,0,"VON HOLST, H.",,0,0,,1889,,,1889,vol 2,,0,,,,,/ /,/ / : : AM,,,8: Communication Artifact,"FRONT, CENTER SHELF, LIBRARY",0,,/ /,,,,0,,/ /,,,,0,0,,,,/ /,,0,,,,,,,0,,2005-07-22 00:00:00,,,OHM B720,book,,,,,,Documentary Artifact,,505 p,,,CALLAGAHAN,,CHICAGO,,,,,,,,,,,Shelf,,/ /,,POLITICAL HISTORY CONSTITUTIONAL HISTORY,,,/ /,,,,,CONSTITUTIONAL and POLITICAL HISTORY OF THE UNITED STATES,,,,,,,,,,,,0,0,0,0,0,/ /,/ /,,/ /,,,,,,,,,,2007-06-01 14:35:00,Unknown,/ /,.F.
OHM B721,0,,,,,,,2005-07-22 00:00:00,,osborne homestead museum,/ /,,Good,,,0,"VON HOLST, H.",,0,0,,1889,,,1889,vol 3,,0,,,,,/ /,/ / : : AM,,,8: Communication Artifact,"FRONT, CENTER SHELF, LIBRARY",0,,/ /,,,,0,,/ /,,,,0,0,,,,/ /,,0,,,,,,,0,,2005-07-22 00:00:00,,,OHM B721,book,,,,,,Documentary Artifact,,505 p,,,CALLAGAHAN,,CHICAGO,,,,,,,,,,,Shelf,,/ /,,POLITICAL HISTORY CONSTITUTIONAL HISTORY,,,/ /,,,,,CONSTITUTIONAL and POLITICAL HISTORY OF THE UNITED STATES,,,,,,,,,,,,0,0,0,0,0,/ /,/ /,,/ /,,,,,,,,,,2007-06-01 14:36:00,Unknown,/ /,.F.
OHM B722,0,,,,,,,2005-07-22 00:00:00,,osborne homestead museum,/ /,,Good,,,0,"VON HOLST, H.",,0,0,,1889,,,1889,vol 4,,0,,,,,/ /,/ / : : AM,,,8: Communication Artifact,"FRONT, CENTER SHELF, LIBRARY",0,,/ /,,,,0,,/ /,,,,0,0,,,,/ /,,0,,,,,,,0,,2005-07-22 00:00:00,,,OHM B722,book,,,,,,Documentary Artifact,,505 p,,,CALLAGAHAN,,CHICAGO,,,,,,,,,,,Shelf,,/ /,,POLITICAL HISTORY CONSTITUTIONAL HISTORY,,,/ /,,,,,CONSTITUTIONAL and POLITICAL HISTORY OF THE UNITED STATES,,,,,,,,,,,,0,0,0,0,0,/ /,/ /,,/ /,,,,,,,,,,2007-06-01 14:37:00,Unknown,/ /,.F.
OHM B723,0,,,,,,,2005-07-22 00:00:00,,osborne homestead museum,/ /,,Good,,,0,"VON HOLST, H.",,0,0,,1889,,,1889,vol 5,,0,,,,,/ /,/ / : : AM,,,8: Communication Artifact,"FRONT, CENTER SHELF, LIBRARY",0,,/ /,,,,0,,/ /,,,,0,0,,,,/ /,,0,,,,,,,0,,2005-07-22 00:00:00,,,OHM B723,book,,,,,,Documentary Artifact,,505 p,,,CALLAGAHAN,,CHICAGO,,,,,,,,,,,Shelf,,/ /,,POLITICAL HISTORY CONSTITUTIONAL HISTORY,,,/ /,,,,,CONSTITUTIONAL and POLITICAL HISTORY OF THE UNITED STATES,,,,,,,,,,,,0,0,0,0,0,/ /,/ /,,/ /,,,,,,,,,,2007-06-01 14:37:00,Unknown,/ /,.F.
OHM B724,0,,,,,,,2005-07-22 00:00:00,,osborne homestead museum,/ /,,Good,,,0,"VON HOLST, H.",,0,0,,1889,,,1889,vol 6,,0,,,,,/ /,/ / : : AM,,,8: Communication Artifact,"FRONT, CENTER SHELF, LIBRARY",0,,/ /,,,,0,,/ /,,,,0,0,,,,/ /,,0,,,,,,,0,,2005-07-22 00:00:00,,,OHM B724,book,,,,,,Documentary Artifact,,505 p,,,CALLAGAHAN,,CHICAGO,,,,,,,,,,,Shelf,,/ /,,POLITICAL HISTORY CONSTITUTIONAL HISTORY,,,/ /,,,,,CONSTITUTIONAL and POLITICAL HISTORY OF THE UNITED STATES,,,,,,,,,,,,0,0,0,0,0,/ /,/ /,,/ /,,,,,,,,,,2007-06-01 14:37:00,Unknown,/ /,.F.
OHM B725,0,,,,,,,2005-07-22 00:00:00,,osborne homestead museum,/ /,,Good,,,0,"VON HOLST, H.",,0,0,,1889,,,1889,vol 7,,0,,,,,/ /,/ / : : AM,,,8: Communication Artifact,"FRONT, CENTER SHELF, LIBRARY",0,,/ /,,,,0,,/ /,,,,0,0,,,,/ /,,0,,,,,,,0,,2005-07-22 00:00:00,,,OHM B725,book,,,,,,Documentary Artifact,,505 p,,,CALLAGAHAN,,CHICAGO,,,,,,,,,,,Shelf,,/ /,,POLITICAL HISTORY CONSTITUTIONAL HISTORY,,,/ /,,,,,CONSTITUTIONAL and POLITICAL HISTORY OF THE UNITED STATES,,,,,,,,,,,,0,0,0,0,0,/ /,/ /,,/ /,,,,,,,,,,2007-06-01 14:38:00,Unknown,/ /,.F.
OHM B726,0,,,,,,,2005-07-22 00:00:00,,osborne homestead museum,/ /,,Good,,,0,"VON HOLST, H.",,0,0,,1889,,,1889,vol 8=INDEX,,0,,,,,/ /,/ / : : AM,,,8: Communication Artifact,"FRONT, CENTER SHELF, LIBRARY",0,,/ /,,,,0,,/ /,,,,0,0,,,,/ /,,0,,,,,,,0,,2005-07-22 00:00:00,,,OHM B726,book,,,,,,Documentary Artifact,,505 p,,,CALLAGAHAN,,CHICAGO,,,,,,,,,,,Shelf,,/ /,,POLITICAL HISTORY CONSTITUTIONAL HISTORY,,,/ /,,,,,CONSTITUTIONAL and POLITICAL HISTORY OF THE UNITED STATES,,,,,,,,,,,,0,0,0,0,0,/ /,/ /,,/ /,,,,,,,,,,2007-06-01 14:38:00,Unknown,/ /,.F.
OHM B900,0,,,,,,,2005-07-22 00:00:00,,osborne homestead museum,/ /,,Good,,,0,"cowper, william",library shelves at driveway,0,0,,1904,,,1904,vol 1,,0,,,,,/ /,/ / : : AM,,,8: Communication Artifact,,0,,/ /,,,,0,,/ /,,,,0,0,,,,/ /,,0,,,,,,,0,,2005-07-22 00:00:00,,,OHM B900,book,,,,,,Documentary Artifact,,500 p,,,"dodd, mead",,new york,,,,,,,,,,,Shelf,,/ /,,letters,,,/ /,,,,,correspondence of william cowper,,,,,,,,,,,,0,0,0,0,0,/ /,/ /,,/ /,,,,,,,,,,2007-07-06 10:37:00,Unknown,/ /,.F.
OHM B901,0,,,,,,,2005-07-22 00:00:00,,osborne homestead museum,/ /,,Good,,,0,"cowper, william",,0,0,,1904,,,1904,vol 2,,0,,,,,/ /,/ / : : AM,,,8: Communication Artifact,,0,,/ /,,,,0,,/ /,,,,0,0,,,,/ /,,0,,,,,,,0,,2005-07-22 00:00:00,,,OHM B901,book,,,,,,Documentary Artifact,,500 p,,,"dodd, mead",,new york,,,,,,,,,,,Shelf,,/ /,,letters,,,/ /,,,,,correspondence of william cowper,,,,,,,,,,,,0,0,0,0,0,/ /,/ /,,/ /,,,,,,,,,,2007-07-06 10:39:00,Unknown,/ /,.F.
OHM B902,0,,,,,,,2005-07-22 00:00:00,,osborne homestead museum,/ /,,Good,,,0,"cowper, william",,0,0,,1904,,,1904,vol 3,,0,,,,,/ /,/ / : : AM,,,8: Communication Artifact,,0,,/ /,,,,0,,/ /,,,,0,0,,,,/ /,,0,,,,,,,0,,2005-07-22 00:00:00,,,OHM B902,book,,,,,,Documentary Artifact,,500 p,,,"dodd, mead",,new york,,,,,,,,,,,Shelf,,/ /,,letters,,,/ /,,,,,correspondence of william cowper,,,,,,,,,,,,0,0,0,0,0,/ /,/ /,,/ /,,,,,,,,,,2007-07-06 10:40:00,Unknown,/ /,.F.
OHM B903,0,,,,,,,2005-07-22 00:00:00,,osborne homestead museum,/ /,,Good,,,0,"cowper, william",,0,0,,1904,,,1904,vol 4,,0,,,,,/ /,/ / : : AM,,,8: Communication Artifact,,0,,/ /,,,,0,,/ /,,,,0,0,,,,/ /,,0,,,,,,,0,,2005-07-22 00:00:00,,,OHM B903,book,,,,,,Documentary Artifact,,500 p,,,"dodd, mead",,new york,,,,,,,,,,,Shelf,,/ /,,letters,,,/ /,,,,,correspondence of william cowper,,,,,,,,,,,,0,0,0,0,0,/ /,/ /,,/ /,,,,,,,,,,2007-07-06 10:41:00,Unknown,/ /,.F.
OHM B905,0,,,,,,,2005-07-22 00:00:00,,osborne homestead museum,/ /,,Good,,,0,"hugo, victor",,0,0,,0,,,0,hnas of iceland,,0,,,,,/ /,/ / : : AM,,,8: Communication Artifact,,0,,/ /,,,,0,,/ /,,,,0,0,,,,/ /,,0,,,,,,,0,,2005-07-22 00:00:00,,,OHM B905,book,,,,,,Documentary Artifact,,500 p,,,university library association,,none,,,,,,,,,,,Shelf,,/ /,,letters,,,/ /,,,,,works of victor hugo,,,,,,,,,,,,0,0,0,0,0,/ /,/ /,,/ /,,,,,,,,,,2007-07-06 13:31:00,Unknown,/ /,.F.
OHM B906,0,,,,,,,2005-07-22 00:00:00,,osborne homestead museum,/ /,,Good,,,0,"hugo, victor",,0,0,,0,,,0,bug-jargal,,0,,,,,/ /,/ / : : AM,,,8: Communication Artifact,,0,,/ /,,,,0,,/ /,,,,0,0,,,,/ /,,0,,,,,,,0,,2005-07-22 00:00:00,,,OHM B906,book,,,,,,Documentary Artifact,,500 p,,,university library association,,none,,,,,,,,,,,Shelf,,/ /,,letters,,,/ /,,,,,works of victor hugo,,,,,,,,,,,,0,0,0,0,0,/ /,/ /,,/ /,,,,,,,,,,2007-07-06 13:31:00,Unknown,/ /,.F.
OHM B907,0,,,,,,,2005-07-22 00:00:00,,osborne homestead museum,/ /,,Good,,,0,"hugo, victor",,0,0,,0,,,0,history of crime,,0,,,,,/ /,/ / : : AM,,,8: Communication Artifact,,0,,/ /,,,,0,,/ /,,,,0,0,,,,/ /,,0,,,,,,,0,,2005-07-22 00:00:00,,,OHM B907,book,,,,,,Documentary Artifact,,500 p,,,university library association,,none,,,,,,,,,,,Shelf,,/ /,,letters,,,/ /,,,,,works of victor hugo,,,,,,,,,,,,0,0,0,0,0,/ /,/ /,,/ /,,,,,,,,,,2007-07-06 13:32:00,Unknown,/ /,.F.
OHM B908,0,,,,,,,2005-07-22 00:00:00,,osborne homestead museum,/ /,,Good,,,0,"hugo, victor",,0,0,,0,,,0,93,,0,,,,,/ /,/ / : : AM,,,8: Communication Artifact,,0,,/ /,,,,0,,/ /,,,,0,0,,,,/ /,,0,,,,,,,0,,2005-07-22 00:00:00,,,OHM B908,book,,,,,,Documentary Artifact,,500 p,,,university library association,,none,,,,,,,,,,,Shelf,,/ /,,letters,,,/ /,,,,,works of victor hugo,,,,,,,,,,,,0,0,0,0,0,/ /,/ /,,/ /,,,,,,,,,,2007-07-06 13:32:00,Unknown,/ /,.F.
OHM B904,0,,,,,,,2005-07-22 00:00:00,,osborne homestead museum,/ /,,Good,,,0,"hugo, victor",,0,0,,0,,,0,poems,,0,,,,,/ /,/ / : : AM,,,8: Communication Artifact,,0,,/ /,,,,0,,/ /,,,,0,0,,,,/ /,,0,,,,,,,0,,2005-07-22 00:00:00,,,OHM B904,book,,,,,,Documentary Artifact,,500 p,,,university library association,,none,,,,,,,,,,,Shelf,,/ /,,letters,,,/ /,,,,,works of victor hugo,,,,,,,,,,,,0,0,0,0,0,/ /,/ /,,/ /,,,,,,,,,,2007-07-06 13:33:00,Unknown,/ /,.F.
OHM B909,0,,,,,,,2005-07-22 00:00:00,,osborne homestead museum,/ /,,Good,,,0,"hugo, victor",,0,0,,0,,,0,VOL 1,,0,,,,,/ /,/ / : : AM,,,8: Communication Artifact,LIBRARY Case 8/Row 2,0,,/ /,,,,0,,/ /,,,,0,0,,,,/ /,,0,,,,,,,0,,2005-07-22 00:00:00,,,OHM B909,book,,,,,,Documentary Artifact,,500 p,,,university library association,,none,,,,,,,,,,,Shelf,,/ /,,,,,/ /,,,,,LES MISERABLES,,,,,,,,,,,,0,0,0,0,0,/ /,/ /,,/ /,,,,,,,,,,2010-08-22 13:32:00,Unknown,/ /,.F.
OHM B910,0,,,,,,,2005-07-22 00:00:00,,osborne homestead museum,/ /,,Good,,,0,"hugo, victor",,0,0,,0,,,0,vol 2,,0,,,,,/ /,/ / : : AM,,,8: Communication Artifact,LIBRARY Case 8/Row 1,0,,/ /,,,,0,,/ /,,,,0,0,,,,/ /,,0,,,,,,,0,,2005-07-22 00:00:00,,,OHM B910,book,,,,,,Documentary Artifact,,500 p,,,university library association,,none,,,,,,,,,,,Shelf,,/ /,,,,,/ /,,,,,LES MISERABLES,,,,,,,,,,,,0,0,0,0,0,/ /,/ /,,/ /,,,,,,,,,,2010-08-22 13:34:00,Unknown,/ /,.F.
OHM B911,0,,,,,,,2005-07-22 00:00:00,,osborne homestead museum,/ /,,Good,,,0,"hugo, victor",,0,0,,0,,,0,les miserables,,0,,,,,/ /,/ / : : AM,,,8: Communication Artifact,library case at driveway,0,,/ /,,,,0,,/ /,,,,0,0,,,,/ /,,0,,,,,,,0,,2005-07-22 00:00:00,,,OHM B911,book,,,,,,Documentary Artifact,,500 p,,,university library association,,none,,,,,,,,,,,Shelf,,/ /,,letters,,,/ /,,,,,works of victor hugo,,,,,,,,,,,,0,0,0,0,0,/ /,/ /,,/ /,,,,,,,,,,2007-07-06 13:42:00,Unknown,/ /,.F.
OHM B912,0,,,,,,,2005-07-22 00:00:00,,osborne homestead museum,/ /,,Good,,,0,"hugo, victor",,0,0,,0,,,0,les miserables,,0,,,,,/ /,/ / : : AM,,,8: Communication Artifact,library case at driveway,0,,/ /,,,,0,,/ /,,,,0,0,,,,/ /,,0,,,,,,,0,,2005-07-22 00:00:00,,,OHM B912,book,,,,,,Documentary Artifact,,500 p,,,university library association,,none,,,,,,,,,,,Shelf,,/ /,,letters,,,/ /,,,,,works of victor hugo,,,,,,,,,,,,0,0,0,0,0,/ /,/ /,,/ /,,,,,,,,,,2007-07-06 13:42:00,Unknown,/ /,.F.
OHM B913,0,,,,,,,2005-07-22 00:00:00,,osborne homestead museum,/ /,,Good,,,0,"hugo, victor",,0,0,,0,,,0,jean valjean,,0,,,,,/ /,/ / : : AM,,,8: Communication Artifact,library case at driveway,0,,/ /,,,,0,,/ /,,,,0,0,,,,/ /,,0,,,,,,,0,,2005-07-22 00:00:00,,,OHM B913,book,,,,,,Documentary Artifact,,500 p,,,university library association,,none,,,,,,,,,,,Shelf,,/ /,,letters,,,/ /,,,,,works of victor hugo,,,,,,,,,,,,0,0,0,0,0,/ /,/ /,,/ /,,,,,,,,,,2007-07-06 13:41:00,Unknown,/ /,.F.
OHM B918,0,,,,,,,2005-07-22 00:00:00,,osborne homestead museum,/ /,,Good,,,0,"hugo, victor",,0,0,,0,,,0,man who laughs,,0,,,,,/ /,/ / : : AM,,,8: Communication Artifact,,0,,/ /,,,,0,,/ /,,,,0,0,,,,/ /,,0,,,,,,,0,,2005-07-22 00:00:00,,,OHM B918,book,,,,,,Documentary Artifact,,500 p,,,university library association,,none,,,,,,,,,,,Shelf,,/ /,,letters,,,/ /,,,,,works of victor hugo,,,,,,,,,,,,0,0,0,0,0,/ /,/ /,,/ /,,,,,,,,,,2007-07-06 13:37:00,Unknown,/ /,.F.
OHM B919,0,,,,,,,2005-07-22 00:00:00,,osborne homestead museum,/ /,,Good,,,0,"hugo, victor",,0,0,,0,,,0,man who laughs,,0,,,,,/ /,/ / : : AM,,,8: Communication Artifact,library case at driveway,0,,/ /,,,,0,,/ /,,,,0,0,,,,/ /,,0,,,,,,,0,,2005-07-22 00:00:00,,,OHM B919,book,,,,,,Documentary Artifact,,500 p,,,university library association,,none,,,,,,,,,,,Shelf,,/ /,,letters,,,/ /,,,,,works of victor hugo,,,,,,,,,,,,0,0,0,0,0,/ /,/ /,,/ /,,,,,,,,,,2007-07-06 13:38:00,Unknown,/ /,.F.
OHM B914,0,,,,,,,2005-07-22 00:00:00,,osborne homestead museum,/ /,,Good,,,0,"hugo, victor",,0,0,,0,,,0,notre-dame de paris,,0,,,,,/ /,/ / : : AM,,,8: Communication Artifact,library case at driveway,0,,/ /,,,,0,,/ /,,,,0,0,,,,/ /,,0,,,,,,,0,,2005-07-22 00:00:00,,,OHM B914,book,,,,,,Documentary Artifact,,500 p,,,university library association,,none,,,,,,,,,,,Shelf,,/ /,,letters,,,/ /,,,,,works of victor hugo,,,,,,,,,,,,0,0,0,0,0,/ /,/ /,,/ /,,,,,,,,,,2007-07-06 13:39:00,Unknown,/ /,.F.
OHM B915,0,,,,,,,2005-07-22 00:00:00,,osborne homestead museum,/ /,,Good,,,0,"hugo, victor",,0,0,,0,,,0,notre-dame de paris,,0,,,,,/ /,/ / : : AM,,,8: Communication Artifact,library case at driveway,0,,/ /,,,,0,,/ /,,,,0,0,,,,/ /,,0,,,,,,,0,,2005-07-22 00:00:00,,,OHM B915,book,,,,,,Documentary Artifact,,500 p,,,university library association,,none,,,,,,,,,,,Shelf,,/ /,,letters,,,/ /,,,,,works of victor hugo,,,,,,,,,,,,0,0,0,0,0,/ /,/ /,,/ /,,,,,,,,,,2007-07-06 13:39:00,Unknown,/ /,.F.
OHM B916,0,,,,,,,2005-07-22 00:00:00,,osborne homestead museum,/ /,,Good,,,0,"hugo, victor",,0,0,,0,,,0,toilers of the sea,,0,,,,,/ /,/ / : : AM,,,8: Communication Artifact,library case at driveway,0,,/ /,,,,0,,/ /,,,,0,0,,,,/ /,,0,,,,,,,0,,2005-07-22 00:00:00,,,OHM B916,book,,,,,,Documentary Artifact,,500 p,,,university library association,,none,,,,,,,,,,,Shelf,,/ /,,letters,,,/ /,,,,,works of victor hugo,,,,,,,,,,,,0,0,0,0,0,/ /,/ /,,/ /,,,,,,,,,,2007-07-06 13:40:00,Unknown,/ /,.F.
OHM B917,0,,,,,,,2005-07-22 00:00:00,,osborne homestead museum,/ /,,Good,,,0,"hugo, victor",,0,0,,0,,,0,toilers of the sea,,0,,,,,/ /,/ / : : AM,,,8: Communication Artifact,library case at driveway,0,,/ /,,,,0,,/ /,,,,0,0,,,,/ /,,0,,,,,,,0,,2005-07-22 00:00:00,,,OHM B917,book,,,,,,Documentary Artifact,,500 p,,,university library association,,none,,,,,,,,,,,Shelf,,/ /,,letters,,,/ /,,,,,works of victor hugo,,,,,,,,,,,,0,0,0,0,0,/ /,/ /,,/ /,,,,,,,,,,2007-07-06 13:41:00,Unknown,/ /,.F.
OHM B 920,0,,,,,,pes,2001-11-01 00:00:00,,Osborne Homestead Museum,/ /,,Good,"Tucked in front cover, an essay by Carolyn Wells, ""The Sense of Nonsense""",,1,"merivale, charles",,0,0,,1863,,,1863,vol 1,,0,,,,,/ /,/ / : : AM,,,8: Communication Artifact,LIBRARY Case 5/Row 4,0,,/ /,,,,0,,/ /,,,,0,0,,,,/ /,,0,,,,,,,0,,2001-11-01 00:00:00,,"Not found on paper, typed book inventory",OHM B 920,book,,,,,,Documentary Artifact,,439 p,,,appleton,,new york,,,,,,,,,,,Shelf,,/ /,,history roman empire,,,/ /,,,,,"history of the romans, under the empire",,,,,,,,,,,,0,0,0,0,0,/ /,/ /,,/ /,,,,,,,,,,2011-05-29 13:56:00,Unknown,/ /,.F.
OHM B 921,0,,,,,,pes,2001-11-01 00:00:00,,Osborne Homestead Museum,/ /,,Good,"Tucked in front cover, an essay by Carolyn Wells, ""The Sense of Nonsense""",,1,"merivale, charles",,0,0,,1863,,,1863,vol 2,,0,,,,,/ /,/ / : : AM,,,8: Communication Artifact,LIBRARY Case 5/Row 4,0,,/ /,,,,0,,/ /,,,,0,0,,,,/ /,,0,,,,,,,0,,2001-11-01 00:00:00,,"Not found on paper, typed book inventory",OHM B 921,book,,,,,,Documentary Artifact,,439 p,,,appleton,,new york,,,,,,,,,,,Shelf,,/ /,,history roman empire,,,/ /,,,,,"history of the romans, under the empire",,,,,,,,,,,,0,0,0,0,0,/ /,/ /,,/ /,,,,,,,,,,2011-05-29 13:57:00,Unknown,/ /,.F.
OHM B 922,0,,,,,,pes,2001-11-01 00:00:00,,Osborne Homestead Museum,/ /,,Good,"Tucked in front cover, an essay by Carolyn Wells, ""The Sense of Nonsense""",,1,"merivale, charles",,0,0,,1863,,,1863,vol 3,,0,,,,,/ /,/ / : : AM,,,8: Communication Artifact,LIBRARY Case 5/Row 4,0,,/ /,,,,0,,/ /,,,,0,0,,,,/ /,,0,,,,,,,0,,2001-11-01 00:00:00,,"Not found on paper, typed book inventory",OHM B 922,book,,,,,,Documentary Artifact,,439 p,,,appleton,,new york,,,,,,,,,,,Shelf,,/ /,,history roman empire,,,/ /,,,,,"history of the romans, under the empire",,,,,,,,,,,,0,0,0,0,0,/ /,/ /,,/ /,,,,,,,,,,2011-05-29 13:58:00,Unknown,/ /,.F.
OHM B 923,0,,,,,,pes,2001-11-01 00:00:00,,Osborne Homestead Museum,/ /,,Good,"Tucked in front cover, an essay by Carolyn Wells, ""The Sense of Nonsense""",,1,"merivale, charles",,0,0,,1863,,,1863,vol 4,,0,,,,,/ /,/ / : : AM,,,8: Communication Artifact,LIBRARY Case 5/Row 4,0,,/ /,,,,0,,/ /,,,,0,0,,,,/ /,,0,,,,,,,0,,2001-11-01 00:00:00,,"Not found on paper, typed book inventory",OHM B 923,book,,,,,,Documentary Artifact,,439 p,,,appleton,,new york,,,,,,,,,,,Shelf,,/ /,,history roman empire,,,/ /,,,,,"history of the romans, under the empire",,,,,,,,,,,,0,0,0,0,0,/ /,/ /,,/ /,,,,,,,,,,2011-05-29 14:00:00,Unknown,/ /,.F.
OHM B 924,0,,,,,,pes,2001-11-01 00:00:00,,Osborne Homestead Museum,/ /,,Good,"Tucked in front cover, an essay by Carolyn Wells, ""The Sense of Nonsense""",,1,"merivale, charles",,0,0,,1863,,,1863,vol 5,,0,,,,,/ /,/ / : : AM,,,8: Communication Artifact,LIBRARY Case 5/Row 4,0,,/ /,,,,0,,/ /,,,,0,0,,,,/ /,,0,,,,,,,0,,2001-11-01 00:00:00,,"Not found on paper, typed book inventory",OHM B 924,book,,,,,,Documentary Artifact,,439 p,,,appleton,,new york,,,,,,,,,,,Shelf,,/ /,,history roman empire,,,/ /,,,,,"history of the romans, under the empire",,,,,,,,,,,,0,0,0,0,0,/ /,/ /,,/ /,,,,,,,,,,2011-05-29 14:03:00,Unknown,/ /,.F.
OHM B 925,0,,,,,,pes,2001-11-01 00:00:00,,Osborne Homestead Museum,/ /,,Good,"Tucked in front cover, an essay by Carolyn Wells, ""The Sense of Nonsense""",,1,"merivale, charles",,0,0,,1863,,,1863,vol 6,,0,,,,,/ /,/ / : : AM,,,8: Communication Artifact,LIBRARY Case 5/Row 4,0,,/ /,,,,0,,/ /,,,,0,0,,,,/ /,,0,,,,,,,0,,2001-11-01 00:00:00,,"Not found on paper, typed book inventory",OHM B 925,book,,,,,,Documentary Artifact,,439 p,,,appleton,,new york,,,,,,,,,,,Shelf,,/ /,,history roman empire,,,/ /,,,,,"history of the romans, under the empire",,,,,,,,,,,,0,0,0,0,0,/ /,/ /,,/ /,,,,,,,,,,2011-05-29 14:04:00,Unknown,/ /,.F.
OHM B 926,0,,,,,,pes,2001-11-01 00:00:00,,Osborne Homestead Museum,/ /,,Good,"Tucked in front cover, an essay by Carolyn Wells, ""The Sense of Nonsense""",,1,"merivale, charles",,0,0,,1863,,,1863,vol 7,,0,,,,,/ /,/ / : : AM,,,8: Communication Artifact,LIBRARY Case 5/Row 4,0,,/ /,,,,0,,/ /,,,,0,0,,,,/ /,,0,,,,,,,0,,2001-11-01 00:00:00,,"Not found on paper, typed book inventory",OHM B 926,book,,,,,,Documentary Artifact,,439 p,,,appleton,,new york,,,,,,,,,,,Shelf,,/ /,,history roman empire,,,/ /,,,,,"history of the romans, under the empire",,,,,,,,,,,,0,0,0,0,0,/ /,/ /,,/ /,,,,,,,,,,2011-05-29 14:04:00,Unknown,/ /,.F.
OHM B 927,0,,,,,,pes,2001-11-01 00:00:00,,Osborne Homestead Museum,/ /,,Good,"Tucked in front cover, an essay by Carolyn Wells, ""The Sense of Nonsense""",,1,"gibbon, edward",,0,0,,1860,,,1860,vol 1,,0,,,,,/ /,/ / : : AM,,,8: Communication Artifact,LIBRARY Case 5/Row 5,0,,/ /,,,,0,,/ /,,,,0,0,,,,/ /,,0,,,,,,,0,,2001-11-01 00:00:00,,"Not found on paper, typed book inventory",OHM B 927,book,,,,,,Documentary Artifact,,590 p,,,harper & bros.,,new york,,,,,,,,,,,Shelf,,/ /,,history roman empire,,,/ /,,,,,history of the decline and fall of the roman empire,,,,,,,,,,,,0,0,0,0,0,/ /,/ /,,/ /,,,,,,,,,,2011-05-29 15:13:00,Unknown,/ /,.F.
OHM B 928,0,,,,,,pes,2001-11-01 00:00:00,,Osborne Homestead Museum,/ /,,Good,"Tucked in front cover, an essay by Carolyn Wells, ""The Sense of Nonsense""",,1,"gibbon, edward",,0,0,,1860,,,1860,vol 2,,0,,,,,/ /,/ / : : AM,,,8: Communication Artifact,LIBRARY Case 5/Row 5,0,,/ /,,,,0,,/ /,,,,0,0,,,,/ /,,0,,,,,,,0,,2001-11-01 00:00:00,,"Not found on paper, typed book inventory",OHM B 928,book,,,,,,Documentary Artifact,,590 p,,,harper & bros.,,new york,,,,,,,,,,,Shelf,,/ /,,history roman empire,,,/ /,,,,,history of the decline and fall of the roman empire,,,,,,,,,,,,0,0,0,0,0,/ /,/ /,,/ /,,,,,,,,,,2011-05-29 15:14:00,Unknown,/ /,.F.
OHM B 929,0,,,,,,pes,2001-11-01 00:00:00,,Osborne Homestead Museum,/ /,,Good,"Tucked in front cover, an essay by Carolyn Wells, ""The Sense of Nonsense""",,1,"gibbon, edward",,0,0,,1860,,,1860,vol 3,,0,,,,,/ /,/ / : : AM,,,8: Communication Artifact,LIBRARY Case 5/Row 5,0,,/ /,,,,0,,/ /,,,,0,0,,,,/ /,,0,,,,,,,0,,2001-11-01 00:00:00,,"Not found on paper, typed book inventory",OHM B 929,book,,,,,,Documentary Artifact,,590 p,,,harper & bros.,,new york,,,,,,,,,,,Shelf,,/ /,,history roman empire,,,/ /,,,,,history of the decline and fall of the roman empire,,,,,,,,,,,,0,0,0,0,0,/ /,/ /,,/ /,,,,,,,,,,2011-05-29 15:14:00,Unknown,/ /,.F.
OHM B 930,0,,,,,,pes,2001-11-01 00:00:00,,Osborne Homestead Museum,/ /,,Good,"Tucked in front cover, an essay by Carolyn Wells, ""The Sense of Nonsense""",,1,"gibbon, edward",,0,0,,1860,,,1860,vol 4,,0,,,,,/ /,/ / : : AM,,,8: Communication Artifact,LIBRARY Case 5/Row 5,0,,/ /,,,,0,,/ /,,,,0,0,,,,/ /,,0,,,,,,,0,,2001-11-01 00:00:00,,"Not found on paper, typed book inventory",OHM B 930,book,,,,,,Documentary Artifact,,590 p,,,harper & bros.,,new york,,,,,,,,,,,Shelf,,/ /,,history roman empire,,,/ /,,,,,history of the decline and fall of the roman empire,,,,,,,,,,,,0,0,0,0,0,/ /,/ /,,/ /,,,,,,,,,,2011-05-29 15:15:00,Unknown,/ /,.F.
OHM B 931,0,,,,,,pes,2001-11-01 00:00:00,,Osborne Homestead Museum,/ /,,Good,"Tucked in front cover, an essay by Carolyn Wells, ""The Sense of Nonsense""",,1,"gibbon, edward",,0,0,,1860,,,1860,vol 5,,0,,,,,/ /,/ / : : AM,,,8: Communication Artifact,LIBRARY Case 5/Row 5,0,,/ /,,,,0,,/ /,,,,0,0,,,,/ /,,0,,,,,,,0,,2001-11-01 00:00:00,,"Not found on paper, typed book inventory",OHM B 931,book,,,,,,Documentary Artifact,,590 p,,,harper & bros.,,new york,,,,,,,,,,,Shelf,,/ /,,history roman empire,,,/ /,,,,,history of the decline and fall of the roman empire,,,,,,,,,,,,0,0,0,0,0,/ /,/ /,,/ /,,,,,,,,,,2011-05-29 15:16:00,Unknown,/ /,.F.
OHM B 932,0,,,,,,pes,2001-11-01 00:00:00,,Osborne Homestead Museum,/ /,,Good,"Tucked in front cover, an essay by Carolyn Wells, ""The Sense of Nonsense""",,1,"gibbon, edward",,0,0,,1860,,,1860,vol 6,,0,,,,,/ /,/ / : : AM,,,8: Communication Artifact,LIBRARY Case 5/Row 5,0,,/ /,,,,0,,/ /,,,,0,0,,,,/ /,,0,,,,,,,0,,2001-11-01 00:00:00,,"Not found on paper, typed book inventory",OHM B 932,book,,,,,,Documentary Artifact,,590 p,,,harper & bros.,,new york,,,,,,,,,,,Shelf,,/ /,,history roman empire,,,/ /,,,,,history of the decline and fall of the roman empire,,,,,,,,,,,,0,0,0,0,0,/ /,/ /,,/ /,,,,,,,,,,2011-05-29 15:17:00,Unknown,/ /,.F.
OHM B 800,0,,,,,,pes,2007-08-10 00:00:00,,Osborne Homestead Museum,/ /,,Good,"Tucked in front cover, an essay by Carolyn Wells, ""The Sense of Nonsense""",,1,"MOMMSEN, THEODOR",,0,0,,1871,,,0,VOL1,,0,,,,,/ /,/ / : : AM,,,8: Communication Artifact,LIBRARY Case 5/Row 3,0,,/ /,,,,0,,/ /,,,,0,0,,,,/ /,,0,,,,,,,0,,2001-11-01 00:00:00,,"Not found on paper, typed book inventory",OHM B 800,book,,,,,,Documentary Artifact,,635 P.,,,SCRIBNER,,new york,,,,,,,1871,,,,Shelf,,/ /,,history roman empire,,,/ /,,,,,HISTORY OF ROME,,,,,,,,,,,,0,0,0,0,0,/ /,/ /,,/ /,,,,,,,,,,2011-05-29 12:26:00,Unknown,/ /,.F.
OHM B 801,0,,,,,,pes,2007-08-10 00:00:00,,Osborne Homestead Museum,/ /,,Good,"Tucked in front cover, an essay by Carolyn Wells, ""The Sense of Nonsense""",,1,"MOMMSEN, THEODOR",,0,0,,1871,,,0,VOL 2,,0,,,,,/ /,/ / : : AM,,,8: Communication Artifact,LIBRARY Case 5/Row 3,0,,/ /,,,,0,,/ /,,,,0,0,,,,/ /,,0,,,,,,,0,,2001-11-01 00:00:00,,"Not found on paper, typed book inventory",OHM B 801,book,,,,,,Documentary Artifact,,635 P.,,,SCRIBNER,,new york,,,,,,,1871,,,,Shelf,,/ /,,history roman empire,,,/ /,,,,,HISTORY OF ROME,,,,,,,,,,,,0,0,0,0,0,/ /,/ /,,/ /,,,,,,,,,,2011-05-29 12:27:00,Unknown,/ /,.F.
OHM B 802,0,,,,,,pes,2007-08-10 00:00:00,,Osborne Homestead Museum,/ /,,Good,"Tucked in front cover, an essay by Carolyn Wells, ""The Sense of Nonsense""",,1,"MOMMSEN, THEODOR",,0,0,,1871,,,0,VOL 3,,0,,,,,/ /,/ / : : AM,,,8: Communication Artifact,LIBRARY Case 5/Row 3,0,,/ /,,,,0,,/ /,,,,0,0,,,,/ /,,0,,,,,,,0,,2001-11-01 00:00:00,,"Not found on paper, typed book inventory",OHM B 802,book,,,,,,Documentary Artifact,,635 P.,,,SCRIBNER,,new york,,,,,,,1871,,,,Shelf,,/ /,,history roman empire,,,/ /,,,,,HISTORY OF ROME,,,,,,,,,,,,0,0,0,0,0,/ /,/ /,,/ /,,,,,,,,,,2011-05-29 12:29:00,Unknown,/ /,.F.
OHM B 803,0,,,,,,pes,2007-08-10 00:00:00,,Osborne Homestead Museum,/ /,,Good,"Tucked in front cover, an essay by Carolyn Wells, ""The Sense of Nonsense""",,1,"MOMMSEN, THEODOR",,0,0,,1871,,,0,VOL 4,,0,,,,,/ /,/ / : : AM,,,8: Communication Artifact,LIBRARY Case 5/Row 3,0,,/ /,,,,0,,/ /,,,,0,0,,,,/ /,,0,,,,,,,0,,2001-11-01 00:00:00,,"Not found on paper, typed book inventory",OHM B 803,book,,,,,,Documentary Artifact,,635 P.,,,SCRIBNER,,new york,,,,,,,1871,,,,Shelf,,/ /,,history roman empire,,,/ /,,,,,HISTORY OF ROME,,,,,,,,,,,,0,0,0,0,0,/ /,/ /,,/ /,,,,,,,,,,2011-05-29 12:30:00,Unknown,/ /,.F.
OHM B 804,0,,,,,,pes,2007-08-10 00:00:00,,Osborne Homestead Museum,/ /,,Good,"Tucked in front cover, an essay by Carolyn Wells, ""The Sense of Nonsense""",,1,"MACAULAY, THOMAS BABINGTON",,0,0,,1860,,,0,VOL 1,,0,,,,,/ /,/ / : : AM,,,8: Communication Artifact,LIBRARY Case 5/Row 5,0,,/ /,,,,0,,/ /,,,,0,0,,,,/ /,,0,,,,,,,0,,2001-11-01 00:00:00,,"Not found on paper, typed book inventory",OHM B 804,book,,,,,,Documentary Artifact,,524 P.,,,HARPER BROS,,new york,,,,,,,1860,,,,Shelf,,/ /,,history ENGLAND,,,/ /,,,,,HISTORY OF ENGLAND: FROM THE ACCESSION TO JAMES II,,,,,,,,,,,,0,0,0,0,0,/ /,/ /,,/ /,,,,,,,,,,2011-05-29 14:56:00,Unknown,/ /,.F.
OHM B 805,0,,,,,,pes,2007-08-10 00:00:00,,Osborne Homestead Museum,/ /,,Good,"Tucked in front cover, an essay by Carolyn Wells, ""The Sense of Nonsense""",,1,"MACAULAY, THOMAS BABINGTON",,0,0,,1860,,,0,VOL 2,,0,,,,,/ /,/ / : : AM,,,8: Communication Artifact,LIBRARY Case 5/Row 5,0,,/ /,,,,0,,/ /,,,,0,0,,,,/ /,,0,,,,,,,0,,2001-11-01 00:00:00,,"Not found on paper, typed book inventory",OHM B 805,book,,,,,,Documentary Artifact,,524 P.,,,HARPER BROS,,new york,,,,,,,1860,,,,Shelf,,/ /,,history ENGLAND,,,/ /,,,,,HISTORY OF ENGLAND: FROM THE ACCESSION TO JAMES II,,,,,,,,,,,,0,0,0,0,0,/ /,/ /,,/ /,,,,,,,,,,2011-05-29 14:57:00,Unknown,/ /,.F.
OHM B 806,0,,,,,,pes,2007-08-10 00:00:00,,Osborne Homestead Museum,/ /,,Good,"Tucked in front cover, an essay by Carolyn Wells, ""The Sense of Nonsense""",,1,"MACAULAY, THOMAS BABINGTON",,0,0,,1860,,,0,VOL 3,,0,,,,,/ /,/ / : : AM,,,8: Communication Artifact,LIBRARY Case 5/Row 5,0,,/ /,,,,0,,/ /,,,,0,0,,,,/ /,,0,,,,,,,0,,2001-11-01 00:00:00,,"Not found on paper, typed book inventory",OHM B 806,book,,,,,,Documentary Artifact,,524 P.,,,HARPER BROS,,new york,,,,,,,1860,,,,Shelf,,/ /,,history ENGLAND,,,/ /,,,,,HISTORY OF ENGLAND: FROM THE ACCESSION TO JAMES II,,,,,,,,,,,,0,0,0,0,0,/ /,/ /,,/ /,,,,,,,,,,2011-05-29 14:58:00,Unknown,/ /,.F.
OHM B 807,0,,,,,,pes,2007-08-10 00:00:00,,Osborne Homestead Museum,/ /,,Good,"Tucked in front cover, an essay by Carolyn Wells, ""The Sense of Nonsense""",,1,"MACAULAY, THOMAS BABINGTON",,0,0,,1860,,,0,VOL 4,,0,,,,,/ /,/ / : : AM,,,8: Communication Artifact,LIBRARY Case 5/Row 5,0,,/ /,,,,0,,/ /,,,,0,0,,,,/ /,,0,,,,,,,0,,2001-11-01 00:00:00,,"Not found on paper, typed book inventory",OHM B 807,book,,,,,,Documentary Artifact,,524 P.,,,HARPER BROS,,new york,,,,,,,1860,,,,Shelf,,/ /,,history ENGLAND,,,/ /,,,,,HISTORY OF ENGLAND: FROM THE ACCESSION TO JAMES II,,,,,,,,,,,,0,0,0,0,0,/ /,/ /,,/ /,,,,,,,,,,2011-05-29 14:58:00,Unknown,/ /,.F.
OHM B 808,0,,,,,,pes,2007-08-10 00:00:00,,Osborne Homestead Museum,/ /,,Good,"Tucked in front cover, an essay by Carolyn Wells, ""The Sense of Nonsense""",,1,"MACAULAY, THOMAS BABINGTON",,0,0,,1860,,,0,VOL 5,,0,,,,,/ /,/ / : : AM,,,8: Communication Artifact,LIBRARY Case 5/Row 5,0,,/ /,,,,0,,/ /,,,,0,0,,,,/ /,,0,,,,,,,0,,2001-11-01 00:00:00,,"Not found on paper, typed book inventory",OHM B 808,book,,,,,,Documentary Artifact,,524 P.,,,HARPER BROS,,new york,,,,,,,1860,,,,Shelf,,/ /,,history ENGLAND,,,/ /,,,,,HISTORY OF ENGLAND: FROM THE ACCESSION TO JAMES II,,,,,,,,,,,,0,0,0,0,0,/ /,/ /,,/ /,,,,,,,,,,2011-05-29 14:59:00,Unknown,/ /,.F.
OHM B 809,0,,,,,,pes,2007-08-10 00:00:00,,Osborne Homestead Museum,/ /,,Good,"Tucked in front cover, an essay by Carolyn Wells, ""The Sense of Nonsense""",,1,"FROUSE, JAMES ANTHONY",,0,0,,1867,,,0,VOL 10,,0,,,,,/ /,/ / : : AM,,,8: Communication Artifact,LIBRARY Case 5/Row 5,0,,/ /,,,,0,,/ /,,,,0,0,,,,/ /,,0,,,,,,,0,,2001-11-01 00:00:00,,"Not found on paper, typed book inventory",OHM B 809,book,,,,,,Documentary Artifact,,447 P,,,SCRIBNER,,new york,,,,,,,1867,,,,Shelf,,/ /,,history ENGLAND,,,/ /,,,,,HISTORY OF ENGLAND,,,,,,,,,,,,0,0,0,0,0,/ /,/ /,,/ /,,,,,,,,,,2011-05-29 14:47:00,Unknown,/ /,.F.
OHM B 810,0,,,,,,pes,2007-08-10 00:00:00,,Osborne Homestead Museum,/ /,,Good,"Tucked in front cover, an essay by Carolyn Wells, ""The Sense of Nonsense""",,1,"FROUSE, JAMES ANTHONY",,0,0,,1867,,,0,VOL 9,,0,,,,,/ /,/ / : : AM,,,8: Communication Artifact,LIBRARY Case 5/Row 5,0,,/ /,,,,0,,/ /,,,,0,0,,,,/ /,,0,,,,,,,0,,2001-11-01 00:00:00,,"Not found on paper, typed book inventory",OHM B 810,book,,,,,,Documentary Artifact,,447 P,,,SCRIBNER,,new york,,,,,,,1867,,,,Shelf,,/ /,,history ENGLAND,,,/ /,,,,,HISTORY OF ENGLAND,,,,,,,,,,,,0,0,0,0,0,/ /,/ /,,/ /,,,,,,,,,,2011-05-29 14:48:00,Unknown,/ /,.F.
OHM B 811,0,,,,,,pes,2007-08-10 00:00:00,,Osborne Homestead Museum,/ /,,Good,"Tucked in front cover, an essay by Carolyn Wells, ""The Sense of Nonsense""",,1,"FROUSE, JAMES ANTHONY",,0,0,,1867,,,0,VOL 8,,0,,,,,/ /,/ / : : AM,,,8: Communication Artifact,LIBRARY Case 5/Row 5,0,,/ /,,,,0,,/ /,,,,0,0,,,,/ /,,0,,,,,,,0,,2001-11-01 00:00:00,,"Not found on paper, typed book inventory",OHM B 811,book,,,,,,Documentary Artifact,,447 P,,,SCRIBNER,,new york,,,,,,,1867,,,,Shelf,,/ /,,history ENGLAND,,,/ /,,,,,HISTORY OF ENGLAND,,,,,,,,,,,,0,0,0,0,0,/ /,/ /,,/ /,,,,,,,,,,2011-05-29 14:48:00,Unknown,/ /,.F.
OHM B 812,0,,,,,,pes,2007-08-10 00:00:00,,Osborne Homestead Museum,/ /,,Good,"Tucked in front cover, an essay by Carolyn Wells, ""The Sense of Nonsense""",,1,"FROUSE, JAMES ANTHONY",,0,0,,1867,,,0,VOL 7,,0,,,,,/ /,/ / : : AM,,,8: Communication Artifact,LIBRARY Case 5/Row 5,0,,/ /,,,,0,,/ /,,,,0,0,,,,/ /,,0,,,,,,,0,,2001-11-01 00:00:00,,"Not found on paper, typed book inventory",OHM B 812,book,,,,,,Documentary Artifact,,447 P,,,SCRIBNER,,new york,,,,,,,1867,,,,Shelf,,/ /,,history ENGLAND,,,/ /,,,,,HISTORY OF ENGLAND,,,,,,,,,,,,0,0,0,0,0,/ /,/ /,,/ /,,,,,,,,,,2011-05-29 14:48:00,Unknown,/ /,.F.
OHM B 813,0,,,,,,pes,2007-08-10 00:00:00,,Osborne Homestead Museum,/ /,,Good,"Tucked in front cover, an essay by Carolyn Wells, ""The Sense of Nonsense""",,1,"FROUSE, JAMES ANTHONY",,0,0,,1867,,,0,VOL 6,,0,,,,,/ /,/ / : : AM,,,8: Communication Artifact,LIBRARY Case 5/Row 5,0,,/ /,,,,0,,/ /,,,,0,0,,,,/ /,,0,,,,,,,0,,2001-11-01 00:00:00,,"Not found on paper, typed book inventory",OHM B 813,book,,,,,,Documentary Artifact,,447 P,,,SCRIBNER,,new york,,,,,,,1867,,,,Shelf,,/ /,,history ENGLAND,,,/ /,,,,,HISTORY OF ENGLAND,,,,,,,,,,,,0,0,0,0,0,/ /,/ /,,/ /,,,,,,,,,,2011-05-29 14:49:00,Unknown,/ /,.F.
OHM B 814,0,,,,,,pes,2007-08-10 00:00:00,,Osborne Homestead Museum,/ /,,Good,"Tucked in front cover, an essay by Carolyn Wells, ""The Sense of Nonsense""",,1,"FROUSE, JAMES ANTHONY",,0,0,,1867,,,0,VOL 5,,0,,,,,/ /,/ / : : AM,,,8: Communication Artifact,LIBRARY Case 5/Row 5,0,,/ /,,,,0,,/ /,,,,0,0,,,,/ /,,0,,,,,,,0,,2001-11-01 00:00:00,,"Not found on paper, typed book inventory",OHM B 814,book,,,,,,Documentary Artifact,,447 P,,,SCRIBNER,,new york,,,,,,,1867,,,,Shelf,,/ /,,history ENGLAND,,,/ /,,,,,HISTORY OF ENGLAND,,,,,,,,,,,,0,0,0,0,0,/ /,/ /,,/ /,,,,,,,,,,2011-05-29 14:49:00,Unknown,/ /,.F.
OHM B 815,0,,,,,,pes,2007-08-10 00:00:00,,Osborne Homestead Museum,/ /,,Good,"Tucked in front cover, an essay by Carolyn Wells, ""The Sense of Nonsense""",,1,"FROUSE, JAMES ANTHONY",,0,0,,1867,,,0,VOL 4,,0,,,,,/ /,/ / : : AM,,,8: Communication Artifact,LIBRARY Case 5/Row 5,0,,/ /,,,,0,,/ /,,,,0,0,,,,/ /,,0,,,,,,,0,,2001-11-01 00:00:00,,"Not found on paper, typed book inventory",OHM B 815,book,,,,,,Documentary Artifact,,447 P,,,SCRIBNER,,new york,,,,,,,1867,,,,Shelf,,/ /,,history ENGLAND,,,/ /,,,,,HISTORY OF ENGLAND,,,,,,,,,,,,0,0,0,0,0,/ /,/ /,,/ /,,,,,,,,,,2011-05-29 14:49:00,Unknown,/ /,.F.
OHM B 816,0,,,,,,pes,2007-08-10 00:00:00,,Osborne Homestead Museum,/ /,,Good,"Tucked in front cover, an essay by Carolyn Wells, ""The Sense of Nonsense""",,1,"FROUSE, JAMES ANTHONY",,0,0,,1867,,,0,VOL 3,,0,,,,,/ /,/ / : : AM,,,8: Communication Artifact,LIBRARY Case 5/Row 5,0,,/ /,,,,0,,/ /,,,,0,0,,,,/ /,,0,,,,,,,0,,2001-11-01 00:00:00,,"Not found on paper, typed book inventory",OHM B 816,book,,,,,,Documentary Artifact,,447 P,,,SCRIBNER,,new york,,,,,,,1867,,,,Shelf,,/ /,,history ENGLAND,,,/ /,,,,,HISTORY OF ENGLAND,,,,,,,,,,,,0,0,0,0,0,/ /,/ /,,/ /,,,,,,,,,,2011-05-29 14:49:00,Unknown,/ /,.F.
OHM B 817,0,,,,,,pes,2007-08-10 00:00:00,,Osborne Homestead Museum,/ /,,Good,"Tucked in front cover, an essay by Carolyn Wells, ""The Sense of Nonsense""",,1,"FROUSE, JAMES ANTHONY",,0,0,,1867,,,0,VOL 2,,0,,,,,/ /,/ / : : AM,,,8: Communication Artifact,LIBRARY Case 5/Row 5,0,,/ /,,,,0,,/ /,,,,0,0,,,,/ /,,0,,,,,,,0,,2001-11-01 00:00:00,,"Not found on paper, typed book inventory",OHM B 817,book,,,,,,Documentary Artifact,,447 P,,,SCRIBNER,,new york,,,,,,,1867,,,,Shelf,,/ /,,history ENGLAND,,,/ /,,,,,HISTORY OF ENGLAND,,,,,,,,,,,,0,0,0,0,0,/ /,/ /,,/ /,,,,,,,,,,2011-05-29 14:50:00,Unknown,/ /,.F.
OHM B 818,0,,,,,,pes,2007-08-10 00:00:00,,Osborne Homestead Museum,/ /,,Good,"Tucked in front cover, an essay by Carolyn Wells, ""The Sense of Nonsense""",,1,"FROUSE, JAMES ANTHONY",,0,0,,1867,,,0,VOL 1,,0,,,,,/ /,/ / : : AM,,,8: Communication Artifact,LIBRARY Case 5/Row 5,0,,/ /,,,,0,,/ /,,,,0,0,,,,/ /,,0,,,,,,,0,,2001-11-01 00:00:00,,"Not found on paper, typed book inventory",OHM B 818,book,,,,,,Documentary Artifact,,447 P,,,SCRIBNER,,new york,,,,,,,1867,,,,Shelf,,/ /,,history ENGLAND,,,/ /,,,,,HISTORY OF ENGLAND:,,,,,,,,,,,,0,0,0,0,0,/ /,/ /,,/ /,,,,,,,,,,2011-05-29 14:50:00,Unknown,/ /,.F.
OHM B 819,0,,,,,,pes,2007-08-10 00:00:00,,Osborne Homestead Museum,/ /,,Good,"Tucked in front cover, an essay by Carolyn Wells, ""The Sense of Nonsense""",,1,"HUME, DAVIS",,0,0,,1854,,,0,VOL 1,,0,,,,,/ /,/ / : : AM,,,8: Communication Artifact,LIBRARY Case 5/Row 3,0,,/ /,,,,0,,/ /,,,,0,0,,,,/ /,,0,,,,,,,0,,2001-11-01 00:00:00,,"Not found on paper, typed book inventory",OHM B 819,book,,,,,,Documentary Artifact,,483 P,,,PHILIPS SAMPSON,,BOSTON,,,,,,,1854,,,,Shelf,,/ /,,history ENGLAND,,,/ /,,,,,HISTORY OF ENGLAND: FROM THE INVASION OF JULIUS CAESAR TO THE ABDUCTION OF JAMES II,,,,,,,,,,,,0,0,0,0,0,/ /,/ /,,/ /,,,,,,,,,,2011-05-29 12:34:00,Unknown,/ /,.F.
OHM B 820,0,,,,,,pes,2007-08-10 00:00:00,,Osborne Homestead Museum,/ /,,Good,"Tucked in front cover, an essay by Carolyn Wells, ""The Sense of Nonsense""",,1,"HUME, DAVIS",,0,0,,1854,,,0,VOL 2,,0,,,,,/ /,/ / : : AM,,,8: Communication Artifact,LIBRARY Case 5/Row 3,0,,/ /,,,,0,,/ /,,,,0,0,,,,/ /,,0,,,,,,,0,,2001-11-01 00:00:00,,"Not found on paper, typed book inventory",OHM B 820,book,,,,,,Documentary Artifact,,483 P,,,PHILIPS SAMPSON,,BOSTON,,,,,,,1854,,,,Shelf,,/ /,,history ENGLAND,,,/ /,,,,,HISTORY OF ENGLAND: FROM THE INVASION OF JULIUS CAESAR TO THE ABDUCTION OF JAMES II,,,,,,,,,,,,0,0,0,0,0,/ /,/ /,,/ /,,,,,,,,,,2011-05-29 12:35:00,Unknown,/ /,.F.
OHM B 821,0,,,,,,pes,2007-08-10 00:00:00,,Osborne Homestead Museum,/ /,,Good,"Tucked in front cover, an essay by Carolyn Wells, ""The Sense of Nonsense""",,1,"HUME, DAVIS",,0,0,,1854,,,0,VOL 3,,0,,,,,/ /,/ / : : AM,,,8: Communication Artifact,LIBRARY Case 5/Row 3,0,,/ /,,,,0,,/ /,,,,0,0,,,,/ /,,0,,,,,,,0,,2001-11-01 00:00:00,,"Not found on paper, typed book inventory",OHM B 821,book,,,,,,Documentary Artifact,,483 P,,,PHILIPS SAMPSON,,BOSTON,,,,,,,1854,,,,Shelf,,/ /,,history ENGLAND,,,/ /,,,,,HISTORY OF ENGLAND: FROM THE INVASION OF JULIUS CAESAR TO THE ABDUCTION OF JAMES II,,,,,,,,,,,,0,0,0,0,0,/ /,/ /,,/ /,,,,,,,,,,2011-05-29 12:37:00,Unknown,/ /,.F.
OHM B 822,0,,,,,,pes,2007-08-10 00:00:00,,Osborne Homestead Museum,/ /,,Good,"Tucked in front cover, an essay by Carolyn Wells, ""The Sense of Nonsense""",,1,"HUME, DAVIS",,0,0,,1854,,,0,VOL 4,,0,,,,,/ /,/ / : : AM,,,8: Communication Artifact,LIBRARY Case 5/Row 3,0,,/ /,,,,0,,/ /,,,,0,0,,,,/ /,,0,,,,,,,0,,2001-11-01 00:00:00,,"Not found on paper, typed book inventory",OHM B 822,book,,,,,,Documentary Artifact,,483 P,,,PHILIPS SAMPSON,,BOSTON,,,,,,,1854,,,,Shelf,,/ /,,history ENGLAND,,,/ /,,,,,HISTORY OF ENGLAND: FROM THE INVASION OF JULIUS CAESAR TO THE ABDUCTION OF JAMES II,,,,,,,,,,,,0,0,0,0,0,/ /,/ /,,/ /,,,,,,,,,,2011-05-29 12:37:00,Unknown,/ /,.F.
OHM B 823,0,,,,,,pes,2007-08-10 00:00:00,,Osborne Homestead Museum,/ /,,Good,"Tucked in front cover, an essay by Carolyn Wells, ""The Sense of Nonsense""",,1,"HUME, DAVIS",,0,0,,1854,,,0,VOL 5,,0,,,,,/ /,/ / : : AM,,,8: Communication Artifact,LIBRARY Case 5/Row 3,0,,/ /,,,,0,,/ /,,,,0,0,,,,/ /,,0,,,,,,,0,,2001-11-01 00:00:00,,"Not found on paper, typed book inventory",OHM B 823,book,,,,,,Documentary Artifact,,483 P,,,PHILIPS SAMPSON,,BOSTON,,,,,,,1854,,,,Shelf,,/ /,,history ENGLAND,,,/ /,,,,,HISTORY OF ENGLAND: FROM THE INVASION OF JULIUS CAESAR TO THE ABDUCTION OF JAMES II,,,,,,,,,,,,0,0,0,0,0,/ /,/ /,,/ /,,,,,,,,,,2011-05-29 12:38:00,Unknown,/ /,.F.
OHM B 824,0,,,,,,pes,2007-08-10 00:00:00,,Osborne Homestead Museum,/ /,,Good,"Tucked in front cover, an essay by Carolyn Wells, ""The Sense of Nonsense""",,1,"HUME, DAVIS",,0,0,,1854,,,0,VOL 6,,0,,,,,/ /,/ / : : AM,,,8: Communication Artifact,LIBRARY Case 5/Row 3,0,,/ /,,,,0,,/ /,,,,0,0,,,,/ /,,0,,,,,,,0,,2001-11-01 00:00:00,,"Not found on paper, typed book inventory",OHM B 824,book,,,,,,Documentary Artifact,,483 P,,,PHILIPS SAMPSON,,BOSTON,,,,,,,1854,,,,Shelf,,/ /,,history ENGLAND,,,/ /,,,,,HISTORY OF ENGLAND: FROM THE INVASION OF JULIUS CAESAR TO THE ABDUCTION OF JAMES II,,,,,,,,,,,,0,0,0,0,0,/ /,/ /,,/ /,,,,,,,,,,2011-05-29 12:38:00,Unknown,/ /,.F.
OHM B 850,0,,,,,,pes,2007-08-10 00:00:00,,Osborne Homestead Museum,/ /,,Good,"Tucked in front cover, an essay by Carolyn Wells, ""The Sense of Nonsense""",,1,"WARNER, CHARLES DUDLEY",,0,0,,1904,,,0,VOL 1,,0,,,,,/ /,/ / : : AM,,,8: Communication Artifact,KITCHEN PANTRY,0,,/ /,,,,0,,/ /,,,,0,0,,,,/ /,,0,,,,,,,0,,2001-11-01 00:00:00,,"Not found on paper, typed book inventory",OHM B 850,book,,,,,,Documentary Artifact,,400 P,,,AMERICAN PUB. CO.,,HARTFORD,,,,,,,1904,,,H,Shelf,,/ /,,LITERATURE AMERICAN,,,/ /,,,,,COMPLETE WRITINGS OF CHARLES DUDLEY WARNER,,,,,,,,,,,,0,0,0,0,0,/ /,/ /,,/ /,,,,,,,,,,2007-08-10 13:06:00,Unknown,/ /,.F.
OHM B 851,0,,,,,,pes,2007-08-10 00:00:00,,Osborne Homestead Museum,/ /,,Good,"Tucked in front cover, an essay by Carolyn Wells, ""The Sense of Nonsense""",,1,"WARNER, CHARLES DUDLEY",,0,0,,1904,,,0,VOL 2,,0,,,,,/ /,/ / : : AM,,,8: Communication Artifact,KITCHEN PANTRY,0,,/ /,,,,0,,/ /,,,,0,0,,,,/ /,,0,,,,,,,0,,2001-11-01 00:00:00,,"Not found on paper, typed book inventory",OHM B 851,book,,,,,,Documentary Artifact,,400 P,,,AMERICAN PUB. CO.,,HARTFORD,,,,,,,1904,,,H,Shelf,,/ /,,LITERATURE AMERICAN,,,/ /,,,,,COMPLETE WRITINGS OF CHARLES DUDLEY WARNER,,,,,,,,,,,,0,0,0,0,0,/ /,/ /,,/ /,,,,,,,,,,2007-08-10 13:06:00,Unknown,/ /,.F.
OHM B 852,0,,,,,,pes,2007-08-10 00:00:00,,Osborne Homestead Museum,/ /,,Good,"Tucked in front cover, an essay by Carolyn Wells, ""The Sense of Nonsense""",,1,"WARNER, CHARLES DUDLEY",,0,0,,1904,,,0,VOL 3,,0,,,,,/ /,/ / : : AM,,,8: Communication Artifact,KITCHEN PANTRY,0,,/ /,,,,0,,/ /,,,,0,0,,,,/ /,,0,,,,,,,0,,2001-11-01 00:00:00,,"Not found on paper, typed book inventory",OHM B 852,book,,,,,,Documentary Artifact,,400 P,,,AMERICAN PUB. CO.,,HARTFORD,,,,,,,1904,,,H,Shelf,,/ /,,LITERATURE AMERICAN,,,/ /,,,,,COMPLETE WRITINGS OF CHARLES DUDLEY WARNER,,,,,,,,,,,,0,0,0,0,0,/ /,/ /,,/ /,,,,,,,,,,2007-08-10 13:07:00,Unknown,/ /,.F.
OHM B 853,0,,,,,,pes,2007-08-10 00:00:00,,Osborne Homestead Museum,/ /,,Good,"Tucked in front cover, an essay by Carolyn Wells, ""The Sense of Nonsense""",,1,"WARNER, CHARLES DUDLEY",,0,0,,1904,,,0,VOL 4,,0,,,,,/ /,/ / : : AM,,,8: Communication Artifact,KITCHEN PANTRY,0,,/ /,,,,0,,/ /,,,,0,0,,,,/ /,,0,,,,,,,0,,2001-11-01 00:00:00,,"Not found on paper, typed book inventory",OHM B 853,book,,,,,,Documentary Artifact,,400 P,,,AMERICAN PUB. CO.,,HARTFORD,,,,,,,1904,,,H,Shelf,,/ /,,LITERATURE AMERICAN,,,/ /,,,,,COMPLETE WRITINGS OF CHARLES DUDLEY WARNER,,,,,,,,,,,,0,0,0,0,0,/ /,/ /,,/ /,,,,,,,,,,2007-08-10 13:07:00,Unknown,/ /,.F.
OHM B 854,0,,,,,,pes,2007-08-10 00:00:00,,Osborne Homestead Museum,/ /,,Good,"Tucked in front cover, an essay by Carolyn Wells, ""The Sense of Nonsense""",,1,"WARNER, CHARLES DUDLEY",,0,0,,1904,,,0,VOL 5,,0,,,,,/ /,/ / : : AM,,,8: Communication Artifact,KITCHEN PANTRY,0,,/ /,,,,0,,/ /,,,,0,0,,,,/ /,,0,,,,,,,0,,2001-11-01 00:00:00,,"Not found on paper, typed book inventory",OHM B 854,book,,,,,,Documentary Artifact,,400 P,,,AMERICAN PUB. CO.,,HARTFORD,,,,,,,1904,,,H,Shelf,,/ /,,LITERATURE AMERICAN,,,/ /,,,,,COMPLETE WRITINGS OF CHARLES DUDLEY WARNER,,,,,,,,,,,,0,0,0,0,0,/ /,/ /,,/ /,,,,,,,,,,2007-08-10 13:07:00,Unknown,/ /,.F.
OHM B 855,0,,,,,,pes,2007-08-10 00:00:00,,Osborne Homestead Museum,/ /,,Good,"Tucked in front cover, an essay by Carolyn Wells, ""The Sense of Nonsense""",,1,"WARNER, CHARLES DUDLEY",,0,0,,1904,,,0,VOL 6,,0,,,,,/ /,/ / : : AM,,,8: Communication Artifact,KITCHEN PANTRY,0,,/ /,,,,0,,/ /,,,,0,0,,,,/ /,,0,,,,,,,0,,2001-11-01 00:00:00,,"Not found on paper, typed book inventory",OHM B 855,book,,,,,,Documentary Artifact,,400 P,,,AMERICAN PUB. CO.,,HARTFORD,,,,,,,1904,,,H,Shelf,,/ /,,LITERATURE AMERICAN,,,/ /,,,,,COMPLETE WRITINGS OF CHARLES DUDLEY WARNER,,,,,,,,,,,,0,0,0,0,0,/ /,/ /,,/ /,,,,,,,,,,2007-08-10 13:08:00,Unknown,/ /,.F.
OHM B 856,0,,,,,,pes,2007-08-10 00:00:00,,Osborne Homestead Museum,/ /,,Good,"Tucked in front cover, an essay by Carolyn Wells, ""The Sense of Nonsense""",,1,"WARNER, CHARLES DUDLEY",,0,0,,1904,,,0,VOL 7,,0,,,,,/ /,/ / : : AM,,,8: Communication Artifact,KITCHEN PANTRY,0,,/ /,,,,0,,/ /,,,,0,0,,,,/ /,,0,,,,,,,0,,2001-11-01 00:00:00,,"Not found on paper, typed book inventory",OHM B 856,book,,,,,,Documentary Artifact,,400 P,,,AMERICAN PUB. CO.,,HARTFORD,,,,,,,1904,,,H,Shelf,,/ /,,LITERATURE AMERICAN,,,/ /,,,,,COMPLETE WRITINGS OF CHARLES DUDLEY WARNER,,,,,,,,,,,,0,0,0,0,0,/ /,/ /,,/ /,,,,,,,,,,2007-08-10 13:08:00,Unknown,/ /,.F.
OHM B 857,0,,,,,,pes,2007-08-10 00:00:00,,Osborne Homestead Museum,/ /,,Good,"Tucked in front cover, an essay by Carolyn Wells, ""The Sense of Nonsense""",,1,"WARNER, CHARLES DUDLEY",,0,0,,1904,,,0,VOL 8,,0,,,,,/ /,/ / : : AM,,,8: Communication Artifact,KITCHEN PANTRY,0,,/ /,,,,0,,/ /,,,,0,0,,,,/ /,,0,,,,,,,0,,2001-11-01 00:00:00,,"Not found on paper, typed book inventory",OHM B 857,book,,,,,,Documentary Artifact,,400 P,,,AMERICAN PUB. CO.,,HARTFORD,,,,,,,1904,,,H,Shelf,,/ /,,LITERATURE AMERICAN,,,/ /,,,,,COMPLETE WRITINGS OF CHARLES DUDLEY WARNER,,,,,,,,,,,,0,0,0,0,0,/ /,/ /,,/ /,,,,,,,,,,2007-08-10 13:09:00,Unknown,/ /,.F.
OHM B 858,0,,,,,,pes,2007-08-10 00:00:00,,Osborne Homestead Museum,/ /,,Good,"Tucked in front cover, an essay by Carolyn Wells, ""The Sense of Nonsense""",,1,"WARNER, CHARLES DUDLEY",,0,0,,1904,,,0,VOL 9,,0,,,,,/ /,/ / : : AM,,,8: Communication Artifact,KITCHEN PANTRY,0,,/ /,,,,0,,/ /,,,,0,0,,,,/ /,,0,,,,,,,0,,2001-11-01 00:00:00,,"Not found on paper, typed book inventory",OHM B 858,book,,,,,,Documentary Artifact,,400 P,,,AMERICAN PUB. CO.,,HARTFORD,,,,,,,1904,,,H,Shelf,,/ /,,LITERATURE AMERICAN,,,/ /,,,,,COMPLETE WRITINGS OF CHARLES DUDLEY WARNER,,,,,,,,,,,,0,0,0,0,0,/ /,/ /,,/ /,,,,,,,,,,2007-08-10 13:09:00,Unknown,/ /,.F.
OHM B 859,0,,,,,,pes,2007-08-10 00:00:00,,Osborne Homestead Museum,/ /,,Good,"Tucked in front cover, an essay by Carolyn Wells, ""The Sense of Nonsense""",,1,"WARNER, CHARLES DUDLEY",,0,0,,1904,,,0,VOL 10,,0,,,,,/ /,/ / : : AM,,,8: Communication Artifact,KITCHEN PANTRY,0,,/ /,,,,0,,/ /,,,,0,0,,,,/ /,,0,,,,,,,0,,2001-11-01 00:00:00,,"Not found on paper, typed book inventory",OHM B 859,book,,,,,,Documentary Artifact,,400 P,,,AMERICAN PUB. CO.,,HARTFORD,,,,,,,1904,,,H,Shelf,,/ /,,LITERATURE AMERICAN,,,/ /,,,,,COMPLETE WRITINGS OF CHARLES DUDLEY WARNER,,,,,,,,,,,,0,0,0,0,0,/ /,/ /,,/ /,,,,,,,,,,2007-08-10 13:09:00,Unknown,/ /,.F.
OHM B 860,0,,,,,,pes,2007-08-10 00:00:00,,Osborne Homestead Museum,/ /,,Good,"Tucked in front cover, an essay by Carolyn Wells, ""The Sense of Nonsense""",,1,"WARNER, CHARLES DUDLEY",,0,0,,1904,,,0,VOL 11,,0,,,,,/ /,/ / : : AM,,,8: Communication Artifact,KITCHEN PANTRY,0,,/ /,,,,0,,/ /,,,,0,0,,,,/ /,,0,,,,,,,0,,2001-11-01 00:00:00,,"Not found on paper, typed book inventory",OHM B 860,book,,,,,,Documentary Artifact,,400 P,,,AMERICAN PUB. CO.,,HARTFORD,,,,,,,1904,,,H,Shelf,,/ /,,LITERATURE AMERICAN,,,/ /,,,,,COMPLETE WRITINGS OF CHARLES DUDLEY WARNER,,,,,,,,,,,,0,0,0,0,0,/ /,/ /,,/ /,,,,,,,,,,2007-08-10 13:10:00,Unknown,/ /,.F.
OHM B 861,0,,,,,,pes,2007-08-10 00:00:00,,Osborne Homestead Museum,/ /,,Good,"Tucked in front cover, an essay by Carolyn Wells, ""The Sense of Nonsense""",,1,"WARNER, CHARLES DUDLEY",,0,0,,1904,,,0,VOL 12,,0,,,,,/ /,/ / : : AM,,,8: Communication Artifact,KITCHEN PANTRY,0,,/ /,,,,0,,/ /,,,,0,0,,,,/ /,,0,,,,,,,0,,2001-11-01 00:00:00,,"Not found on paper, typed book inventory",OHM B 861,book,,,,,,Documentary Artifact,,400 P,,,AMERICAN PUB. CO.,,HARTFORD,,,,,,,1904,,,H,Shelf,,/ /,,LITERATURE AMERICAN,,,/ /,,,,,COMPLETE WRITINGS OF CHARLES DUDLEY WARNER,,,,,,,,,,,,0,0,0,0,0,/ /,/ /,,/ /,,,,,,,,,,2007-08-10 13:10:00,Unknown,/ /,.F.
OHM B 862,0,,,,,,pes,2007-08-10 00:00:00,,Osborne Homestead Museum,/ /,,Good,"Tucked in front cover, an essay by Carolyn Wells, ""The Sense of Nonsense""",,1,"WARNER, CHARLES DUDLEY",,0,0,,1904,,,0,VOL 13,,0,,,,,/ /,/ / : : AM,,,8: Communication Artifact,KITCHEN PANTRY,0,,/ /,,,,0,,/ /,,,,0,0,,,,/ /,,0,,,,,,,0,,2001-11-01 00:00:00,,"Not found on paper, typed book inventory",OHM B 8612,book,,,,,,Documentary Artifact,,400 P,,,AMERICAN PUB. CO.,,HARTFORD,,,,,,,1904,,,H,Shelf,,/ /,,LITERATURE AMERICAN,,,/ /,,,,,COMPLETE WRITINGS OF CHARLES DUDLEY WARNER,,,,,,,,,,,,0,0,0,0,0,/ /,/ /,,/ /,,,,,,,,,,2007-08-10 13:10:00,Unknown,/ /,.F.
OHM B 863,0,,,,,,pes,2007-08-10 00:00:00,,Osborne Homestead Museum,/ /,,Good,"Tucked in front cover, an essay by Carolyn Wells, ""The Sense of Nonsense""",,1,"WARNER, CHARLES DUDLEY",,0,0,,1904,,,0,VOL 14,,0,,,,,/ /,/ / : : AM,,,8: Communication Artifact,KITCHEN PANTRY,0,,/ /,,,,0,,/ /,,,,0,0,,,,/ /,,0,,,,,,,0,,2001-11-01 00:00:00,,"Not found on paper, typed book inventory",OHM B 863,book,,,,,,Documentary Artifact,,400 P,,,AMERICAN PUB. CO.,,HARTFORD,,,,,,,1904,,,H,Shelf,,/ /,,LITERATURE AMERICAN,,,/ /,,,,,COMPLETE WRITINGS OF CHARLES DUDLEY WARNER,,,,,,,,,,,,0,0,0,0,0,/ /,/ /,,/ /,,,,,,,,,,2007-08-10 13:11:00,Unknown,/ /,.F.
OHM B 864,0,,,,,,pes,2007-08-10 00:00:00,,Osborne Homestead Museum,/ /,,Good,"Tucked in front cover, an essay by Carolyn Wells, ""The Sense of Nonsense""",,1,"WARNER, CHARLES DUDLEY",,0,0,,1904,,,0,VOL 15,,0,,,,,/ /,/ / : : AM,,,8: Communication Artifact,KITCHEN PANTRY,0,,/ /,,,,0,,/ /,,,,0,0,,,,/ /,,0,,,,,,,0,,2001-11-01 00:00:00,,"Not found on paper, typed book inventory",OHM B 864,book,,,,,,Documentary Artifact,,400 P,,,AMERICAN PUB. CO.,,HARTFORD,,,,,,,1904,,,H,Shelf,,/ /,,LITERATURE AMERICAN,,,/ /,,,,,COMPLETE WRITINGS OF CHARLES DUDLEY WARNER,,,,,,,,,,,,0,0,0,0,0,/ /,/ /,,/ /,,,,,,,,,,2007-08-10 13:11:00,Unknown,/ /,.F.
OHM B 1001,0,,,,,,pes,2007-09-07 00:00:00,,Osborne Homestead Museum,/ /,,Good,"Tucked in front cover, an essay by Carolyn Wells, ""The Sense of Nonsense""",,1,"Rees, Aabraham",,0,0,,1820,,,0,vol 1,,0,,,,,/ /,/ / : : AM,,,8: Communication Artifact,LIBRARY Case 4/Row 6,0,,/ /,,,,0,,/ /,,,,0,0,,,,/ /,,0,,,,,,,0,,2001-11-01 00:00:00,,"Not found on paper, typed book inventory",OHM B 1001,book,,,,,,Documentary Artifact,,"39 vols , 6 supplements",,,"Longman, Hurst",,london,,,,,,,1820,,,H,Shelf,,/ /,,encyclopedia,,,/ /,,,,,"Cyclopedia, or Universal Ddictionary of Arts, Sciences and Literature",,,,,,,,,,,,0,0,0,0,0,/ /,/ /,,/ /,,,,,,,,,,2010-10-31 14:03:00,Unknown,/ /,.F.
OHM B 1002,0,,,,,,pes,2007-09-07 00:00:00,,Osborne Homestead Museum,/ /,,Good,"Tucked in front cover, an essay by Carolyn Wells, ""The Sense of Nonsense""",,1,"rees, abraham",,0,0,,1820,,,0,vol 2,,0,,,,,/ /,/ / : : AM,,,8: Communication Artifact,LIBRARY Case 4/Row 6,0,,/ /,,,,0,,/ /,,,,0,0,,,,/ /,,0,,,,,,,0,,2001-11-01 00:00:00,,"Not found on paper, typed book inventory",OHM B 1002,book,,,,,,Documentary Artifact,,"39 vols , 6 supplements",,,"longman, hurst",,london,,,,,,,1820,,,H,Shelf,,/ /,,encyclopedia,,,/ /,,,,,"cyclopedia, or universal dictionary of arts, sciences and literature",,,,,,,,,,,,0,0,0,0,0,/ /,/ /,,/ /,,,,,,,,,,2010-10-31 14:03:00,Unknown,/ /,.F.
OHM B 1003,0,,,,,,pes,2007-09-07 00:00:00,,Osborne Homestead Museum,/ /,,Good,"Tucked in front cover, an essay by Carolyn Wells, ""The Sense of Nonsense""",,1,"rees, abraham",,0,0,,1820,,,0,vol 3,,0,,,,,/ /,/ / : : AM,,,8: Communication Artifact,LIBRARY Case 4/Row 6,0,,/ /,,,,0,,/ /,,,,0,0,,,,/ /,,0,,,,,,,0,,2001-11-01 00:00:00,,"Not found on paper, typed book inventory",OHM B 1003,book,,,,,,Documentary Artifact,,"39 vols , 6 supplements",,,"longman, hurst",,london,,,,,,,1820,,,H,Shelf,,/ /,,encyclopedia,,,/ /,,,,,"cyclopedia, or universal dictionary of arts, sciences and literature",,,,,,,,,,,,0,0,0,0,0,/ /,/ /,,/ /,,,,,,,,,,2010-10-31 14:04:00,Unknown,/ /,.F.
OHM B 1004,0,,,,,,pes,2007-09-07 00:00:00,,Osborne Homestead Museum,/ /,,Good,"Tucked in front cover, an essay by Carolyn Wells, ""The Sense of Nonsense""",,1,"rees, abraham",,0,0,,1820,,,0,vol 4,,0,,,,,/ /,/ / : : AM,,,8: Communication Artifact,LIBRARY Case 4/Row 6,0,,/ /,,,,0,,/ /,,,,0,0,,,,/ /,,0,,,,,,,0,,2001-11-01 00:00:00,,"Not found on paper, typed book inventory",OHM B 1004,book,,,,,,Documentary Artifact,,"39 vols , 6 supplements",,,"longman, hurst",,london,,,,,,,1820,,,H,Shelf,,/ /,,encyclopedia,,,/ /,,,,,"cyclopedia, or universal dictionary of arts, sciences and literature",,,,,,,,,,,,0,0,0,0,0,/ /,/ /,,/ /,,,,,,,,,,2010-10-31 14:04:00,Unknown,/ /,.F.
OHM B 1005,0,,,,,,pes,2007-09-07 00:00:00,,Osborne Homestead Museum,/ /,,Good,"Tucked in front cover, an essay by Carolyn Wells, ""The Sense of Nonsense""",,1,"rees, abraham",,0,0,,1820,,,0,vol 5,,0,,,,,/ /,/ / : : AM,,,8: Communication Artifact,LIBRARY Case 4/Row 6,0,,/ /,,,,0,,/ /,,,,0,0,,,,/ /,,0,,,,,,,0,,2001-11-01 00:00:00,,"Not found on paper, typed book inventory",OHM B 1005,book,,,,,,Documentary Artifact,,"39 vols , 6 supplements",,,"longman, hurst",,london,,,,,,,1820,,,H,Shelf,,/ /,,encyclopedia,,,/ /,,,,,"cyclopedia, or universal dictionary of arts, sciences and literature",,,,,,,,,,,,0,0,0,0,0,/ /,/ /,,/ /,,,,,,,,,,2010-10-31 14:05:00,Unknown,/ /,.F.
OHM B 1006,0,,,,,,pes,2007-09-07 00:00:00,,Osborne Homestead Museum,/ /,,Good,"Tucked in front cover, an essay by Carolyn Wells, ""The Sense of Nonsense""",,1,"rees, abraham",,0,0,,1820,,,0,vol 6,,0,,,,,/ /,/ / : : AM,,,8: Communication Artifact,LIBRARY Case 4/Row 6,0,,/ /,,,,0,,/ /,,,,0,0,,,,/ /,,0,,,,,,,0,,2001-11-01 00:00:00,,"Not found on paper, typed book inventory",OHM B 1006,book,,,,,,Documentary Artifact,,"39 vols , 6 supplements",,,"longman, hurst",,london,,,,,,,1820,,,H,Shelf,,/ /,,encyclopedia,,,/ /,,,,,"cyclopedia, or universal dictionary of arts, sciences and literature",,,,,,,,,,,,0,0,0,0,0,/ /,/ /,,/ /,,,,,,,,,,2010-10-31 14:05:00,Unknown,/ /,.F.
OHM B 1007,0,,,,,,pes,2007-09-07 00:00:00,,Osborne Homestead Museum,/ /,,Good,"Tucked in front cover, an essay by Carolyn Wells, ""The Sense of Nonsense""",,1,"rees, abraham",,0,0,,1820,,,0,vol 7,,0,,,,,/ /,/ / : : AM,,,8: Communication Artifact,LIBRARY Case 4/Row 6,0,,/ /,,,,0,,/ /,,,,0,0,,,,/ /,,0,,,,,,,0,,2001-11-01 00:00:00,,"Not found on paper, typed book inventory",OHM B 1007,book,,,,,,Documentary Artifact,,"39 vols , 6 supplements",,,"longman, hurst",,london,,,,,,,1820,,,H,Shelf,,/ /,,encyclopedia,,,/ /,,,,,"cyclopedia, or universal dictionary of arts, sciences and literature",,,,,,,,,,,,0,0,0,0,0,/ /,/ /,,/ /,,,,,,,,,,2010-10-31 14:06:00,Unknown,/ /,.F.
OHM B 1008,0,,,,,,pes,2007-09-07 00:00:00,,Osborne Homestead Museum,/ /,,Good,"Tucked in front cover, an essay by Carolyn Wells, ""The Sense of Nonsense""",,1,"rees, abraham",,0,0,,1820,,,0,vol 8,,0,,,,,/ /,/ / : : AM,,,8: Communication Artifact,LIBRARY Case 4/Row 7,0,,/ /,,,,0,,/ /,,,,0,0,,,,/ /,,0,,,,,,,0,,2001-11-01 00:00:00,,"Not found on paper, typed book inventory",OHM B 1008,book,,,,,,Documentary Artifact,,"39 vols , 6 supplements",,,"longman, hurst",,london,,,,,,,1820,,,H,Shelf,,/ /,,encyclopedia,,,/ /,,,,,"cyclopedia, or universal dictionary of arts, sciences and literature",,,,,,,,,,,,0,0,0,0,0,/ /,/ /,,/ /,,,,,,,,,,2010-10-31 14:06:00,Unknown,/ /,.F.
OHM B 1009,0,,,,,,pes,2007-09-07 00:00:00,,Osborne Homestead Museum,/ /,,Good,"Tucked in front cover, an essay by Carolyn Wells, ""The Sense of Nonsense""",,1,"rees, abraham",,0,0,,1820,,,0,vol 9,,0,,,,,/ /,/ / : : AM,,,8: Communication Artifact,LIBRARY Case 4/Row 7,0,,/ /,,,,0,,/ /,,,,0,0,,,,/ /,,0,,,,,,,0,,2001-11-01 00:00:00,,"Not found on paper, typed book inventory",OHM B 1009,book,,,,,,Documentary Artifact,,"39 vols , 6 supplements",,,"longman, hurst",,london,,,,,,,1820,,,H,Shelf,,/ /,,encyclopedia,,,/ /,,,,,"cyclopedia, or universal dictionary of arts, sciences and literature",,,,,,,,,,,,0,0,0,0,0,/ /,/ /,,/ /,,,,,,,,,,2010-10-31 14:07:00,Unknown,/ /,.F.
OHM B 1010,0,,,,,,pes,2007-09-07 00:00:00,,Osborne Homestead Museum,/ /,,Good,"Tucked in front cover, an essay by Carolyn Wells, ""The Sense of Nonsense""",,1,"rees, abraham",,0,0,,1820,,,0,vol 10,,0,,,,,/ /,/ / : : AM,,,8: Communication Artifact,LIBRARY Case 4/Row 7,0,,/ /,,,,0,,/ /,,,,0,0,,,,/ /,,0,,,,,,,0,,2001-11-01 00:00:00,,"Not found on paper, typed book inventory",OHM B 1010,book,,,,,,Documentary Artifact,,"39 vols , 6 supplements",,,"longman, hurst",,london,,,,,,,1820,,,H,Shelf,,/ /,,encyclopedia,,,/ /,,,,,"cyclopedia, or universal dictionary of arts, sciences and literature",,,,,,,,,,,,0,0,0,0,0,/ /,/ /,,/ /,,,,,,,,,,2010-10-31 14:07:00,Unknown,/ /,.F.
OHM B 1011,0,,,,,,pes,2007-09-07 00:00:00,,Osborne Homestead Museum,/ /,,Good,"Tucked in front cover, an essay by Carolyn Wells, ""The Sense of Nonsense""",,1,"rees, abraham",,0,0,,1820,,,0,vol 11,,0,,,,,/ /,/ / : : AM,,,8: Communication Artifact,LIBRARY Case 4/Row 7,0,,/ /,,,,0,,/ /,,,,0,0,,,,/ /,,0,,,,,,,0,,2001-11-01 00:00:00,,"Not found on paper, typed book inventory",OHM B 1011,book,,,,,,Documentary Artifact,,"39 vols , 6 supplements",,,"longman, hurst",,london,,,,,,,1820,,,H,Shelf,,/ /,,encyclopedia,,,/ /,,,,,"cyclopedia, or universal dictionary of arts, sciences and literature",,,,,,,,,,,,0,0,0,0,0,/ /,/ /,,/ /,,,,,,,,,,2010-10-31 14:08:00,Unknown,/ /,.F.
OHM B 1012,0,,,,,,pes,2007-09-07 00:00:00,,Osborne Homestead Museum,/ /,,Good,"Tucked in front cover, an essay by Carolyn Wells, ""The Sense of Nonsense""",,1,"rees, abraham",,0,0,,1820,,,0,vol 12,,0,,,,,/ /,/ / : : AM,,,8: Communication Artifact,LIBRARY Case 4/Row 7,0,,/ /,,,,0,,/ /,,,,0,0,,,,/ /,,0,,,,,,,0,,2001-11-01 00:00:00,,"Not found on paper, typed book inventory",OHM B 1012,book,,,,,,Documentary Artifact,,"39 vols , 6 supplements",,,"longman, hurst",,london,,,,,,,1820,,,H,Shelf,,/ /,,encyclopedia,,,/ /,,,,,"cyclopedia, or universal dictionary of arts, sciences and literature",,,,,,,,,,,,0,0,0,0,0,/ /,/ /,,/ /,,,,,,,,,,2010-10-31 14:08:00,Unknown,/ /,.F.
OHM B 1013,0,,,,,,pes,2007-09-07 00:00:00,,Osborne Homestead Museum,/ /,,Good,"Tucked in front cover, an essay by Carolyn Wells, ""The Sense of Nonsense""",,1,"rees, abraham",,0,0,,1820,,,0,vol 13,,0,,,,,/ /,/ / : : AM,,,8: Communication Artifact,LIBRARY Case 4/Row 7,0,,/ /,,,,0,,/ /,,,,0,0,,,,/ /,,0,,,,,,,0,,2001-11-01 00:00:00,,"Not found on paper, typed book inventory",OHM B 1013,book,,,,,,Documentary Artifact,,"39 vols , 6 supplements",,,"longman, hurst",,london,,,,,,,1820,,,H,Shelf,,/ /,,encyclopedia,,,/ /,,,,,"cyclopedia, or universal dictionary of arts, sciences and literature",,,,,,,,,,,,0,0,0,0,0,/ /,/ /,,/ /,,,,,,,,,,2010-10-31 14:09:00,Unknown,/ /,.F.
OHM B 1014,0,,,,,,pes,2007-09-07 00:00:00,,Osborne Homestead Museum,/ /,,Good,"Tucked in front cover, an essay by Carolyn Wells, ""The Sense of Nonsense""",,1,"rees, abraham",,0,0,,1820,,,0,vol 14,,0,,,,,/ /,/ / : : AM,,,8: Communication Artifact,LIBRARY Case 4/Row 7,0,,/ /,,,,0,,/ /,,,,0,0,,,,/ /,,0,,,,,,,0,,2001-11-01 00:00:00,,"Not found on paper, typed book inventory",OHM B 1014,book,,,,,,Documentary Artifact,,"39 vols , 6 supplements",,,"longman, hurst",,london,,,,,,,1820,,,H,Shelf,,/ /,,encyclopedia,,,/ /,,,,,"cyclopedia, or universal dictionary of arts, sciences and literature",,,,,,,,,,,,0,0,0,0,0,/ /,/ /,,/ /,,,,,,,,,,2010-10-31 14:10:00,Unknown,/ /,.F.
OHM B 1015,0,,,,,,pes,2007-09-07 00:00:00,,Osborne Homestead Museum,/ /,,Good,"Tucked in front cover, an essay by Carolyn Wells, ""The Sense of Nonsense""",,1,"rees, abraham",,0,0,,1820,,,0,vol 15,,0,,,,,/ /,/ / : : AM,,,8: Communication Artifact,LIBRARY,0,,/ /,,,,0,,/ /,,,,0,0,,,,/ /,,0,,,,,,,0,,2001-11-01 00:00:00,,"Not found on paper, typed book inventory",OHM B 1015,book,,,,,,Documentary Artifact,,"39 vols , 6 supplements",,,"longman, hurst",,london,,,,,,,1820,,,H,Shelf,,/ /,,encyclopedia,,,/ /,,,,,"cyclopedia, or universal dictionary of arts, sciences and literature",,,,,,,,,,,,0,0,0,0,0,/ /,/ /,,/ /,,,,,,,,,,2010-10-31 14:12:00,Unknown,/ /,.F.
OHM B 1016,0,,,,,,pes,2007-09-07 00:00:00,,Osborne Homestead Museum,/ /,,Good,"Tucked in front cover, an essay by Carolyn Wells, ""The Sense of Nonsense""",,1,"rees, abraham",,0,0,,1820,,,0,vol 16,,0,,,,,/ /,/ / : : AM,,,8: Communication Artifact,library,0,,/ /,,,,0,,/ /,,,,0,0,,,,/ /,,0,,,,,,,0,,2001-11-01 00:00:00,,"Not found on paper, typed book inventory",OHM B 1016,book,,,,,,Documentary Artifact,,"39 vols , 6 supplements",,,"longman, hurst",,london,,,,,,,1820,,,H,Shelf,,/ /,,encyclopedia,,,/ /,,,,,"cyclopedia, or universal dictionary of arts, sciences and literature",,,,,,,,,,,,0,0,0,0,0,/ /,/ /,,/ /,,,,,,,,,,2007-09-07 11:24:00,Unknown,/ /,.F.
OHM B 1017,0,,,,,,pes,2007-09-07 00:00:00,,Osborne Homestead Museum,/ /,,Good,"Tucked in front cover, an essay by Carolyn Wells, ""The Sense of Nonsense""",,1,"rees, abraham",,0,0,,1820,,,0,vol 17,,0,,,,,/ /,/ / : : AM,,,8: Communication Artifact,library,0,,/ /,,,,0,,/ /,,,,0,0,,,,/ /,,0,,,,,,,0,,2001-11-01 00:00:00,,"Not found on paper, typed book inventory",OHM B 1017,book,,,,,,Documentary Artifact,,"39 vols , 6 supplements",,,"longman, hurst",,london,,,,,,,1820,,,H,Shelf,,/ /,,encyclopedia,,,/ /,,,,,"cyclopedia, or universal dictionary of arts, sciences and literature",,,,,,,,,,,,0,0,0,0,0,/ /,/ /,,/ /,,,,,,,,,,2007-09-07 11:24:00,Unknown,/ /,.F.
OHM B 1018,0,,,,,,pes,2007-09-07 00:00:00,,Osborne Homestead Museum,/ /,,Good,"Tucked in front cover, an essay by Carolyn Wells, ""The Sense of Nonsense""",,1,"rees, abraham",,0,0,,1820,,,0,vol 18,,0,,,,,/ /,/ / : : AM,,,8: Communication Artifact,library,0,,/ /,,,,0,,/ /,,,,0,0,,,,/ /,,0,,,,,,,0,,2001-11-01 00:00:00,,"Not found on paper, typed book inventory",OHM B 1018,book,,,,,,Documentary Artifact,,"39 vols , 6 supplements",,,"longman, hurst",,london,,,,,,,1820,,,H,Shelf,,/ /,,encyclopedia,,,/ /,,,,,"cyclopedia, or universal dictionary of arts, sciences and literature",,,,,,,,,,,,0,0,0,0,0,/ /,/ /,,/ /,,,,,,,,,,2007-09-07 11:25:00,Unknown,/ /,.F.
OHM B 1019,0,,,,,,pes,2007-09-07 00:00:00,,Osborne Homestead Museum,/ /,,Good,"Tucked in front cover, an essay by Carolyn Wells, ""The Sense of Nonsense""",,1,"rees, abraham",,0,0,,1820,,,0,vol 19,,0,,,,,/ /,/ / : : AM,,,8: Communication Artifact,library,0,,/ /,,,,0,,/ /,,,,0,0,,,,/ /,,0,,,,,,,0,,2001-11-01 00:00:00,,"Not found on paper, typed book inventory",OHM B 1019,book,,,,,,Documentary Artifact,,"39 vols , 6 supplements",,,"longman, hurst",,london,,,,,,,1820,,,H,Shelf,,/ /,,encyclopedia,,,/ /,,,,,"cyclopedia, or universal dictionary of arts, sciences and literature",,,,,,,,,,,,0,0,0,0,0,/ /,/ /,,/ /,,,,,,,,,,2007-09-07 11:25:00,Unknown,/ /,.F.
OHM B 1020,0,,,,,,pes,2007-09-07 00:00:00,,Osborne Homestead Museum,/ /,,Good,"Tucked in front cover, an essay by Carolyn Wells, ""The Sense of Nonsense""",,1,"rees, abraham",,0,0,,1820,,,0,vol 20,,0,,,,,/ /,/ / : : AM,,,8: Communication Artifact,library,0,,/ /,,,,0,,/ /,,,,0,0,,,,/ /,,0,,,,,,,0,,2001-11-01 00:00:00,,"Not found on paper, typed book inventory",OHM B 1020,book,,,,,,Documentary Artifact,,"39 vols , 6 supplements",,,"longman, hurst",,london,,,,,,,1820,,,H,Shelf,,/ /,,encyclopedia,,,/ /,,,,,"cyclopedia, or universal dictionary of arts, sciences and literature",,,,,,,,,,,,0,0,0,0,0,/ /,/ /,,/ /,,,,,,,,,,2007-09-07 11:26:00,Unknown,/ /,.F.
OHM B 1021,0,,,,,,pes,2007-09-07 00:00:00,,Osborne Homestead Museum,/ /,,Good,"Tucked in front cover, an essay by Carolyn Wells, ""The Sense of Nonsense""",,1,"rees, abraham",,0,0,,1820,,,0,vol 21,,0,,,,,/ /,/ / : : AM,,,8: Communication Artifact,library,0,,/ /,,,,0,,/ /,,,,0,0,,,,/ /,,0,,,,,,,0,,2001-11-01 00:00:00,,"Not found on paper, typed book inventory",OHM B 1021,book,,,,,,Documentary Artifact,,"39 vols , 6 supplements",,,"longman, hurst",,london,,,,,,,1820,,,H,Shelf,,/ /,,encyclopedia,,,/ /,,,,,"cyclopedia, or universal dictionary of arts, sciences and literature",,,,,,,,,,,,0,0,0,0,0,/ /,/ /,,/ /,,,,,,,,,,2007-09-07 11:26:00,Unknown,/ /,.F.
OHM B 1022,0,,,,,,pes,2007-09-07 00:00:00,,Osborne Homestead Museum,/ /,,Good,"Tucked in front cover, an essay by Carolyn Wells, ""The Sense of Nonsense""",,1,"rees, abraham",,0,0,,1820,,,0,vol 22,,0,,,,,/ /,/ / : : AM,,,8: Communication Artifact,library,0,,/ /,,,,0,,/ /,,,,0,0,,,,/ /,,0,,,,,,,0,,2001-11-01 00:00:00,,"Not found on paper, typed book inventory",OHM B 1022,book,,,,,,Documentary Artifact,,"39 vols , 6 supplements",,,"longman, hurst",,london,,,,,,,1820,,,H,Shelf,,/ /,,encyclopedia,,,/ /,,,,,"cyclopedia, or universal dictionary of arts, sciences and literature",,,,,,,,,,,,0,0,0,0,0,/ /,/ /,,/ /,,,,,,,,,,2007-09-07 11:27:00,Unknown,/ /,.F.
OHM B 1023,0,,,,,,pes,2007-09-07 00:00:00,,Osborne Homestead Museum,/ /,,Good,"Tucked in front cover, an essay by Carolyn Wells, ""The Sense of Nonsense""",,1,"rees, abraham",,0,0,,1820,,,0,vol 23,,0,,,,,/ /,/ / : : AM,,,8: Communication Artifact,library,0,,/ /,,,,0,,/ /,,,,0,0,,,,/ /,,0,,,,,,,0,,2001-11-01 00:00:00,,"Not found on paper, typed book inventory",OHM B 1023,book,,,,,,Documentary Artifact,,"39 vols , 6 supplements",,,"longman, hurst",,london,,,,,,,1820,,,H,Shelf,,/ /,,encyclopedia,,,/ /,,,,,"cyclopedia, or universal dictionary of arts, sciences and literature",,,,,,,,,,,,0,0,0,0,0,/ /,/ /,,/ /,,,,,,,,,,2007-09-07 11:27:00,Unknown,/ /,.F.
OHM B 1024,0,,,,,,pes,2007-09-07 00:00:00,,Osborne Homestead Museum,/ /,,Good,"Tucked in front cover, an essay by Carolyn Wells, ""The Sense of Nonsense""",,1,"rees, abraham",,0,0,,1820,,,0,vol 24,,0,,,,,/ /,/ / : : AM,,,8: Communication Artifact,library,0,,/ /,,,,0,,/ /,,,,0,0,,,,/ /,,0,,,,,,,0,,2001-11-01 00:00:00,,"Not found on paper, typed book inventory",OHM B 1024,book,,,,,,Documentary Artifact,,"39 vols , 6 supplements",,,"longman, hurst",,london,,,,,,,1820,,,H,Shelf,,/ /,,encyclopedia,,,/ /,,,,,"cyclopedia, or universal dictionary of arts, sciences and literature",,,,,,,,,,,,0,0,0,0,0,/ /,/ /,,/ /,,,,,,,,,,2007-09-07 11:28:00,Unknown,/ /,.F.
OHM B 1025,0,,,,,,pes,2007-09-07 00:00:00,,Osborne Homestead Museum,/ /,,Good,"Tucked in front cover, an essay by Carolyn Wells, ""The Sense of Nonsense""",,1,"rees, abraham",,0,0,,1820,,,0,vol 25,,0,,,,,/ /,/ / : : AM,,,8: Communication Artifact,library,0,,/ /,,,,0,,/ /,,,,0,0,,,,/ /,,0,,,,,,,0,,2001-11-01 00:00:00,,"Not found on paper, typed book inventory",OHM B 1025,book,,,,,,Documentary Artifact,,"39 vols , 6 supplements",,,"longman, hurst",,london,,,,,,,1820,,,H,Shelf,,/ /,,encyclopedia,,,/ /,,,,,"cyclopedia, or universal dictionary of arts, sciences and literature",,,,,,,,,,,,0,0,0,0,0,/ /,/ /,,/ /,,,,,,,,,,2007-09-07 11:28:00,Unknown,/ /,.F.
OHM B 1026,0,,,,,,pes,2007-09-07 00:00:00,,Osborne Homestead Museum,/ /,,Good,"Tucked in front cover, an essay by Carolyn Wells, ""The Sense of Nonsense""",,1,"rees, abraham",,0,0,,1820,,,0,vol 26,,0,,,,,/ /,/ / : : AM,,,8: Communication Artifact,library,0,,/ /,,,,0,,/ /,,,,0,0,,,,/ /,,0,,,,,,,0,,2001-11-01 00:00:00,,"Not found on paper, typed book inventory",OHM B 1026,book,,,,,,Documentary Artifact,,"39 vols , 6 supplements",,,"longman, hurst",,london,,,,,,,1820,,,H,Shelf,,/ /,,encyclopedia,,,/ /,,,,,"cyclopedia, or universal dictionary of arts, sciences and literature",,,,,,,,,,,,0,0,0,0,0,/ /,/ /,,/ /,,,,,,,,,,2007-09-07 11:28:00,Unknown,/ /,.F.
OHM B 1027,0,,,,,,pes,2007-09-07 00:00:00,,Osborne Homestead Museum,/ /,,Good,"Tucked in front cover, an essay by Carolyn Wells, ""The Sense of Nonsense""",,1,"rees, abraham",,0,0,,1820,,,0,vol 27,,0,,,,,/ /,/ / : : AM,,,8: Communication Artifact,library,0,,/ /,,,,0,,/ /,,,,0,0,,,,/ /,,0,,,,,,,0,,2001-11-01 00:00:00,,"Not found on paper, typed book inventory",OHM B 1027,book,,,,,,Documentary Artifact,,"39 vols , 6 supplements",,,"longman, hurst",,london,,,,,,,1820,,,H,Shelf,,/ /,,encyclopedia,,,/ /,,,,,"cyclopedia, or universal dictionary of arts, sciences and literature",,,,,,,,,,,,0,0,0,0,0,/ /,/ /,,/ /,,,,,,,,,,2007-09-07 11:29:00,Unknown,/ /,.F.
OHM B 1028,0,,,,,,pes,2007-09-07 00:00:00,,Osborne Homestead Museum,/ /,,Good,"Tucked in front cover, an essay by Carolyn Wells, ""The Sense of Nonsense""",,1,"rees, abraham",,0,0,,1820,,,0,vol 28,,0,,,,,/ /,/ / : : AM,,,8: Communication Artifact,library,0,,/ /,,,,0,,/ /,,,,0,0,,,,/ /,,0,,,,,,,0,,2001-11-01 00:00:00,,"Not found on paper, typed book inventory",OHM B 1028,book,,,,,,Documentary Artifact,,"39 vols , 6 supplements",,,"longman, hurst",,london,,,,,,,1820,,,H,Shelf,,/ /,,encyclopedia,,,/ /,,,,,"cyclopedia, or universal dictionary of arts, sciences and literature",,,,,,,,,,,,0,0,0,0,0,/ /,/ /,,/ /,,,,,,,,,,2007-09-07 11:29:00,Unknown,/ /,.F.
OHM B 1029,0,,,,,,pes,2007-09-07 00:00:00,,Osborne Homestead Museum,/ /,,Good,"Tucked in front cover, an essay by Carolyn Wells, ""The Sense of Nonsense""",,1,"rees, abraham",,0,0,,1820,,,0,vol 29,,0,,,,,/ /,/ / : : AM,,,8: Communication Artifact,library,0,,/ /,,,,0,,/ /,,,,0,0,,,,/ /,,0,,,,,,,0,,2001-11-01 00:00:00,,"Not found on paper, typed book inventory",OHM B 1029,book,,,,,,Documentary Artifact,,"39 vols , 6 supplements",,,"longman, hurst",,london,,,,,,,1820,,,H,Shelf,,/ /,,encyclopedia,,,/ /,,,,,"cyclopedia, or universal dictionary of arts, sciences and literature",,,,,,,,,,,,0,0,0,0,0,/ /,/ /,,/ /,,,,,,,,,,2007-09-07 11:30:00,Unknown,/ /,.F.
OHM B 1030,0,,,,,,pes,2007-09-07 00:00:00,,Osborne Homestead Museum,/ /,,Good,"Tucked in front cover, an essay by Carolyn Wells, ""The Sense of Nonsense""",,1,"rees, abraham",,0,0,,1820,,,0,vol 30,,0,,,,,/ /,/ / : : AM,,,8: Communication Artifact,LIBRARY Case 4/Row 7,0,,/ /,,,,0,,/ /,,,,0,0,,,,/ /,,0,,,,,,,0,,2001-11-01 00:00:00,,"Not found on paper, typed book inventory",OHM B 1030,book,,,,,,Documentary Artifact,,"39 vols , 6 supplements",,,"longman, hurst",,london,,,,,,,1820,,,H,Shelf,,/ /,,encyclopedia,,,/ /,,,,,"cyclopedia, or universal dictionary of arts, sciences and literature",,,,,,,,,,,,0,0,0,0,0,/ /,/ /,,/ /,,,,,,,,,,2010-10-31 14:12:00,Unknown,/ /,.F.
OHM B 1031,0,,,,,,pes,2007-09-07 00:00:00,,Osborne Homestead Museum,/ /,,Good,"Tucked in front cover, an essay by Carolyn Wells, ""The Sense of Nonsense""",,1,"Rees, Abraham",,0,0,,1820,,,0,Vol 31,,0,,,,,/ /,/ / : : AM,,,8: Communication Artifact,LIBRARY Case 8 Row 7,0,,/ /,,,,0,,/ /,,,,0,0,,,,/ /,,0,,,,,,,0,,2001-11-01 00:00:00,,"Not found on paper, typed book inventory",OHM B 1031,book,,,,,,Documentary Artifact,,"39 vols , 6 supplements",,,"longman, hurst",,london,,,,,,,1820,,,H,Shelf,,/ /,,encyclopedia,,,/ /,,,,,"Cyclopedia, or Universal Dictionary of Arts, Sciences and Literature",,,,,,,,,,,,0,0,0,0,0,/ /,/ /,,/ /,,,,,,,,,,2010-07-18 13:33:00,Unknown,/ /,.F.
OHM B 1032,0,,,,,,pes,2007-09-07 00:00:00,,Osborne Homestead Museum,/ /,,Good,"Tucked in front cover, an essay by Carolyn Wells, ""The Sense of Nonsense""",,1,"Rees, Abraham",,0,0,,1820,,,0,Vol 32,,0,,,,,/ /,/ / : : AM,,,8: Communication Artifact,LIBRARY Case 8 Row 7,0,,/ /,,,,0,,/ /,,,,0,0,,,,/ /,,0,,,,,,,0,,2001-11-01 00:00:00,,"Not found on paper, typed book inventory",OHM B 1032,book,,,,,,Documentary Artifact,,"39 vols , 6 supplements",,,"longman, hurst",,london,,,,,,,1820,,,H,Shelf,,/ /,,encyclopedia,,,/ /,,,,,"Cyclopedia, or Universal Dictionary of Arts, Sciences and Literature",,,,,,,,,,,,0,0,0,0,0,/ /,/ /,,/ /,,,,,,,,,,2010-07-18 13:35:00,Unknown,/ /,.F.
OHM B 1033,0,,,,,,pes,2007-09-07 00:00:00,,Osborne Homestead Museum,/ /,,Good,"Tucked in front cover, an essay by Carolyn Wells, ""The Sense of Nonsense""",,1,"Rees, Abraham",,0,0,,1820,,,0,Vol 33,,0,,,,,/ /,/ / : : AM,,,8: Communication Artifact,LIBRARY Case 8 Row 7,0,,/ /,,,,0,,/ /,,,,0,0,,,,/ /,,0,,,,,,,0,,2001-11-01 00:00:00,,"Not found on paper, typed book inventory",OHM B 10323,book,,,,,,Documentary Artifact,,"39 vols , 6 supplements",,,"longman, hurst",,london,,,,,,,1820,,,H,Shelf,,/ /,,encyclopedia,,,/ /,,,,,"Cyclopedia, or Universal Dictionary of Arts, Sciences and Literature",,,,,,,,,,,,0,0,0,0,0,/ /,/ /,,/ /,,,,,,,,,,2010-07-18 13:37:00,Unknown,/ /,.F.
OHM B 1034,0,,,,,,pes,2007-09-07 00:00:00,,Osborne Homestead Museum,/ /,,Good,"Tucked in front cover, an essay by Carolyn Wells, ""The Sense of Nonsense""",,1,"Rees, Abraham",,0,0,,1820,,,0,Vol 34,,0,,,,,/ /,/ / : : AM,,,8: Communication Artifact,LIBRARY Case 8 Row 7,0,,/ /,,,,0,,/ /,,,,0,0,,,,/ /,,0,,,,,,,0,,2001-11-01 00:00:00,,"Not found on paper, typed book inventory",OHM B 1034,book,,,,,,Documentary Artifact,,"39 vols , 6 supplements",,,"longman, hurst",,london,,,,,,,1820,,,H,Shelf,,/ /,,encyclopedia,,,/ /,,,,,"Cyclopedia, or Universal Dictionary of Arts, Sciences and Literature",,,,,,,,,,,,0,0,0,0,0,/ /,/ /,,/ /,,,,,,,,,,2010-07-18 13:38:00,Unknown,/ /,.F.
OHM B 1035,0,,,,,,pes,2007-09-07 00:00:00,,Osborne Homestead Museum,/ /,,Good,"Tucked in front cover, an essay by Carolyn Wells, ""The Sense of Nonsense""",,1,"Rees, Abraham",,0,0,,1820,,,0,Vol 35,,0,,,,,/ /,/ / : : AM,,,8: Communication Artifact,LIBRARY Case 8 Row 7,0,,/ /,,,,0,,/ /,,,,0,0,,,,/ /,,0,,,,,,,0,,2001-11-01 00:00:00,,"Not found on paper, typed book inventory",OHM B 1035,book,,,,,,Documentary Artifact,,"39 vols , 6 supplements",,,"longman, hurst",,london,,,,,,,1820,,,H,Shelf,,/ /,,encyclopedia,,,/ /,,,,,"Cyclopedia, or Universal Dictionary of Arts, Sciences and Literature",,,,,,,,,,,,0,0,0,0,0,/ /,/ /,,/ /,,,,,,,,,,2010-07-18 13:40:00,Unknown,/ /,.F.
OHM B 1036,0,,,,,,pes,2007-09-07 00:00:00,,Osborne Homestead Museum,/ /,,Good,"Tucked in front cover, an essay by Carolyn Wells, ""The Sense of Nonsense""",,1,"Rees, Abraham",,0,0,,1820,,,0,Vol 36,,0,,,,,/ /,/ / : : AM,,,8: Communication Artifact,LIBRARY Case 8 Row 7,0,,/ /,,,,0,,/ /,,,,0,0,,,,/ /,,0,,,,,,,0,,2001-11-01 00:00:00,,"Not found on paper, typed book inventory",OHM B 1036,book,,,,,,Documentary Artifact,,"39 vols , 6 supplements",,,"longman, hurst",,london,,,,,,,1820,,,H,Shelf,,/ /,,encyclopedia,,,/ /,,,,,"Cyclopedia, or Universal Dictionary of Arts, Sciences and Literature",,,,,,,,,,,,0,0,0,0,0,/ /,/ /,,/ /,,,,,,,,,,2010-07-18 13:42:00,Unknown,/ /,.F.
OHM B 1037,0,,,,,,pes,2007-09-07 00:00:00,,Osborne Homestead Museum,/ /,,Good,"Tucked in front cover, an essay by Carolyn Wells, ""The Sense of Nonsense""",,1,"Rees, Abraham",,0,0,,1820,,,0,Vol 37,,0,,,,,/ /,/ / : : AM,,,8: Communication Artifact,LIBRARY Case 8 Row 7,0,,/ /,,,,0,,/ /,,,,0,0,,,,/ /,,0,,,,,,,0,,2001-11-01 00:00:00,,"Not found on paper, typed book inventory",OHM B 1037,book,,,,,,Documentary Artifact,,"39 vols , 6 supplements",,,"longman, hurst",,london,,,,,,,1820,,,H,Shelf,,/ /,,encyclopedia,,,/ /,,,,,"Cyclopedia, or Universal Dictionary of Arts, Sciences and Literature",,,,,,,,,,,,0,0,0,0,0,/ /,/ /,,/ /,,,,,,,,,,2010-07-18 13:44:00,Unknown,/ /,.F.
OHM B 1038,0,,,,,,pes,2007-09-07 00:00:00,,Osborne Homestead Museum,/ /,,Good,"Tucked in front cover, an essay by Carolyn Wells, ""The Sense of Nonsense""",,1,"Rees, Abraham",,0,0,,1820,,,0,Vol 38,,0,,,,,/ /,/ / : : AM,,,8: Communication Artifact,LIBRARY Case 8 Row 7,0,,/ /,,,,0,,/ /,,,,0,0,,,,/ /,,0,,,,,,,0,,2001-11-01 00:00:00,,"Not found on paper, typed book inventory",OHM B 1038,book,,,,,,Documentary Artifact,,"39 vols , 6 supplements",,,"longman, hurst",,london,,,,,,,1820,,,H,Shelf,,/ /,,encyclopedia,,,/ /,,,,,"Cyclopedia, or Universal Dictionary of Arts, Sciences and Literature",,,,,,,,,,,,0,0,0,0,0,/ /,/ /,,/ /,,,,,,,,,,2010-07-18 13:46:00,Unknown,/ /,.F.
OHM B 1039,0,,,,,,pes,2007-09-07 00:00:00,,Osborne Homestead Museum,/ /,,Good,"Tucked in front cover, an essay by Carolyn Wells, ""The Sense of Nonsense""",,1,"Rees, Abraham",,0,0,,1820,,,0,Vol 39,,0,,,,,/ /,/ / : : AM,,,8: Communication Artifact,LIBRARY Case 8 Row 7,0,,/ /,,,,0,,/ /,,,,0,0,,,,/ /,,0,,,,,,,0,,2001-11-01 00:00:00,,"Not found on paper, typed book inventory",OHM B 1039,book,,,,,,Documentary Artifact,,"39 vols , 6 supplements",,,"longman, hurst",,london,,,,,,,1820,,,H,Shelf,,/ /,,encyclopedia,,,/ /,,,,,"Cyclopedia, or Universal Dictionary of Arts, Sciences and Literature",,,,,,,,,,,,0,0,0,0,0,/ /,/ /,,/ /,,,,,,,,,,2010-07-18 13:47:00,Unknown,/ /,.F.
OHM B 1040,0,,,,,,pes,2007-09-07 00:00:00,,Osborne Homestead Museum,/ /,,Good,"Tucked in front cover, an essay by Carolyn Wells, ""The Sense of Nonsense""",,1,"Rees, Abraham",,0,0,,1820,,,0,Plates Vol 1,,0,,,,,/ /,/ / : : AM,,,8: Communication Artifact,LIBRARY Case 8 row 7,0,,/ /,,,,0,,/ /,,,,0,0,,,,/ /,,0,,,,,,,0,,2001-11-01 00:00:00,,"Not found on paper, typed book inventory",OHM B 1040,book,,,,,,Documentary Artifact,,"39 vols , 6 supplements",,,"longman, hurst",,london,,,,,,,1820,,,H,Shelf,,/ /,,encyclopedia,,,/ /,,,,,"Cyclopedia, or Universal Dictionary of Arts, Sciences and Literature",,,,,,,,,,,,0,0,0,0,0,/ /,/ /,,/ /,,,,,,,,,,2010-07-18 13:49:00,Unknown,/ /,.F.
OHM B 1041,0,,,,,,pes,2007-09-07 00:00:00,,Osborne Homestead Museum,/ /,,Good,"Tucked in front cover, an essay by Carolyn Wells, ""The Sense of Nonsense""",,1,"Rees, Abraham",,0,0,,1820,,,0,Plates Vol 2,,0,,,,,/ /,/ / : : AM,,,8: Communication Artifact,LIBRARY Case 8 Row 7,0,,/ /,,,,0,,/ /,,,,0,0,,,,/ /,,0,,,,,,,0,,2001-11-01 00:00:00,,"Not found on paper, typed book inventory",OHM B 1041,book,,,,,,Documentary Artifact,,"39 vols , 6 supplements",,,"longman, hurst",,london,,,,,,,1820,,,H,Shelf,,/ /,,encyclopedia,,,/ /,,,,,"Cyclopedia, or Universal Dictionary of Arts, Sciences and Literature",,,,,,,,,,,,0,0,0,0,0,/ /,/ /,,/ /,,,,,,,,,,2010-07-18 13:50:00,Unknown,/ /,.F.
OHM B 1042,0,,,,,,pes,2007-09-07 00:00:00,,Osborne Homestead Museum,/ /,,Good,"Tucked in front cover, an essay by Carolyn Wells, ""The Sense of Nonsense""",,1,"Rees, Abraham",,0,0,,1820,,,0,Plates Vol 3,,0,,,,,/ /,/ / : : AM,,,8: Communication Artifact,LIBRARY Case 8 Row 7,0,,/ /,,,,0,,/ /,,,,0,0,,,,/ /,,0,,,,,,,0,,2001-11-01 00:00:00,,"Not found on paper, typed book inventory",OHM B 1042,book,,,,,,Documentary Artifact,,"39 vols , 6 supplements",,,"longman, hurst",,london,,,,,,,1820,,,H,Shelf,,/ /,,encyclopedia,,,/ /,,,,,"Cyclopedia, or Universal Dictionary of Arts, Sciences and Literature",,,,,,,,,,,,0,0,0,0,0,/ /,/ /,,/ /,,,,,,,,,,2010-07-18 13:52:00,Unknown,/ /,.F.
OHM B 1043,0,,,,,,pes,2007-09-07 00:00:00,,Osborne Homestead Museum,/ /,,Good,"Tucked in front cover, an essay by Carolyn Wells, ""The Sense of Nonsense""",,1,"Rees, Abraham",,0,0,,1820,,,0,Plates Vol 4,,0,,,,,/ /,/ / : : AM,,,8: Communication Artifact,LIBRARY Case 8 Row 7,0,,/ /,,,,0,,/ /,,,,0,0,,,,/ /,,0,,,,,,,0,,2001-11-01 00:00:00,,"Not found on paper, typed book inventory",OHM B 1043,book,,,,,,Documentary Artifact,,"39 vols , 6 supplements",,,"longman, hurst",,london,,,,,,,1820,,,H,Shelf,,/ /,,encyclopedia,,,/ /,,,,,"Cyclopedia, or Universal Dictionary of Arts, Sciences and Literature",,,,,,,,,,,,0,0,0,0,0,/ /,/ /,,/ /,,,,,,,,,,2010-07-18 13:53:00,Unknown,/ /,.F.
OHM B 1044,0,,,,,,pes,2007-09-07 00:00:00,,Osborne Homestead Museum,/ /,,Good,"Tucked in front cover, an essay by Carolyn Wells, ""The Sense of Nonsense""",,1,"Rees, Abraham",,0,0,,1820,,,0,Plates Vol 5,,0,,,,,/ /,/ / : : AM,,,8: Communication Artifact,LIBRARY Case 8 Row 7,0,,/ /,,,,0,,/ /,,,,0,0,,,,/ /,,0,,,,,,,0,,2001-11-01 00:00:00,,"Not found on paper, typed book inventory",OHM B 1044,book,,,,,,Documentary Artifact,,"39 vols , 6 supplements",,,"longman, hurst",,london,,,,,,,1820,,,H,Shelf,,/ /,,encyclopedia,,,/ /,,,,,"Cyclopedia, or Universal Dictionary of Arts, Sciences and Literature",,,,,,,,,,,,0,0,0,0,0,/ /,/ /,,/ /,,,,,,,,,,2010-07-18 13:55:00,Unknown,/ /,.F.
OHM B 1045,0,,,,,,pes,2007-09-07 00:00:00,,Osborne Homestead Museum,/ /,,Good,"Tucked in front cover, an essay by Carolyn Wells, ""The Sense of Nonsense""",,1,"Rees, Abraham",,0,0,,1820,,,0,Plates Vol 6,,0,,,,,/ /,/ / : : AM,,,8: Communication Artifact,LIBRARY Case 8 Row 7,0,,/ /,,,,0,,/ /,,,,0,0,,,,/ /,,0,,,,,,,0,,2001-11-01 00:00:00,,"Not found on paper, typed book inventory",OHM B 1045,book,,,,,,Documentary Artifact,,"39 vols , 6 supplements",,,"longman, hurst",,london,,,,,,,1820,,,H,Shelf,,/ /,,encyclopedia,,,/ /,,,,,"Cyclopedia, or Universal Dictionary of Arts, Sciences and Literature",,,,,,,,,,,,0,0,0,0,0,/ /,/ /,,/ /,,,,,,,,,,2010-07-18 13:57:00,Unknown,/ /,.F.
OHM B 1051,0,,,,,,pes,2007-09-07 00:00:00,,Osborne Homestead Museum,/ /,,Good,"Tucked in front cover, an essay by Carolyn Wells, ""The Sense of Nonsense""",,1,"Macaulay, Lord",,0,0,,1897,,,0,Vol 1,,0,,,,,/ /,/ / : : AM,,,8: Communication Artifact,LIBRARY Case 6 Row 2,0,,/ /,,,,0,,/ /,,,,0,0,,,,/ /,,0,,,,,,,0,,2001-11-01 00:00:00,,"Not found on paper, typed book inventory",OHM B 1051,book,,,,,,Documentary Artifact,,645 p.,,,"longman, green",,edinburgh,,,,,,,1897,,,H,Shelf,,/ /,,history,,,/ /,,,,,Works of Lord Macaulay,,,,,,,,,,,,0,0,0,0,0,/ /,/ /,,/ /,,,,,,,,,,2010-07-25 14:05:00,Unknown,/ /,.F.
OHM B 1052,0,,,,,,pes,2007-09-07 00:00:00,,Osborne Homestead Museum,/ /,,Good,"Tucked in front cover, an essay by Carolyn Wells, ""The Sense of Nonsense""",,1,"Macaulay, Lord",,0,0,,1897,,,0,Vol 2,,0,,,,,/ /,/ / : : AM,,,8: Communication Artifact,LIBRARY Case 6 Row 2,0,,/ /,,,,0,,/ /,,,,0,0,,,,/ /,,0,,,,,,,0,,2001-11-01 00:00:00,,"Not found on paper, typed book inventory",OHM B 1052,book,,,,,,Documentary Artifact,,645 p.,,,"longman, green",,edinburgh,,,,,,,1897,,,H,Shelf,,/ /,,history,,,/ /,,,,,Works of Lord Macaulay,,,,,,,,,,,,0,0,0,0,0,/ /,/ /,,/ /,,,,,,,,,,2010-07-25 14:06:00,Unknown,/ /,.F.
OHM B 1053,0,,,,,,pes,2007-09-07 00:00:00,,Osborne Homestead Museum,/ /,,Good,"Tucked in front cover, an essay by Carolyn Wells, ""The Sense of Nonsense""",,1,"Macaulay, Lord",,0,0,,1897,,,0,Vol 3,,0,,,,,/ /,/ / : : AM,,,8: Communication Artifact,LIBRARY Case 6 Row 2,0,,/ /,,,,0,,/ /,,,,0,0,,,,/ /,,0,,,,,,,0,,2001-11-01 00:00:00,,"Not found on paper, typed book inventory",OHM B 1053,book,,,,,,Documentary Artifact,,645 p.,,,"longman, green",,edinburgh,,,,,,,1897,,,H,Shelf,,/ /,,history,,,/ /,,,,,Works of Lord Macaulay,,,,,,,,,,,,0,0,0,0,0,/ /,/ /,,/ /,,,,,,,,,,2010-07-25 14:08:00,Unknown,/ /,.F.
OHM B 1054,0,,,,,,pes,2007-09-07 00:00:00,,Osborne Homestead Museum,/ /,,Good,"Tucked in front cover, an essay by Carolyn Wells, ""The Sense of Nonsense""",,1,"Macaulay, Lord",,0,0,,1897,,,0,Vol 4,,0,,,,,/ /,/ / : : AM,,,8: Communication Artifact,LIBRARY Case 6 Row 2,0,,/ /,,,,0,,/ /,,,,0,0,,,,/ /,,0,,,,,,,0,,2001-11-01 00:00:00,,"Not found on paper, typed book inventory",OHM B 1054,book,,,,,,Documentary Artifact,,645 p.,,,"longman, green",,edinburgh,,,,,,,1897,,,H,Shelf,,/ /,,history,,,/ /,,,,,Works of Lord Macaulay,,,,,,,,,,,,0,0,0,0,0,/ /,/ /,,/ /,,,,,,,,,,2010-07-25 14:09:00,Unknown,/ /,.F.
OHM B 1055,0,,,,,,pes,2007-09-07 00:00:00,,Osborne Homestead Museum,/ /,,Good,"Tucked in front cover, an essay by Carolyn Wells, ""The Sense of Nonsense""",,1,"Macaulay, Lord",,0,0,,1897,,,0,Vol 5,,0,,,,,/ /,/ / : : AM,,,8: Communication Artifact,LIBRARY Case 6 Row 2,0,,/ /,,,,0,,/ /,,,,0,0,,,,/ /,,0,,,,,,,0,,2001-11-01 00:00:00,,"Not found on paper, typed book inventory",OHM B 1055,book,,,,,,Documentary Artifact,,645 p.,,,"longman, green",,edinburgh,,,,,,,1897,,,H,Shelf,,/ /,,history,,,/ /,,,,,Works of Lord Macaulay,,,,,,,,,,,,0,0,0,0,0,/ /,/ /,,/ /,,,,,,,,,,2010-07-25 14:12:00,Unknown,/ /,.F.
OHM B 1056,0,,,,,,pes,2007-09-07 00:00:00,,Osborne Homestead Museum,/ /,,Good,"Tucked in front cover, an essay by Carolyn Wells, ""The Sense of Nonsense""",,1,"Macaulay, Lord",,0,0,,1897,,,0,Vol 6,,0,,,,,/ /,/ / : : AM,,,8: Communication Artifact,LIBRARY Case 6 Row 2,0,,/ /,,,,0,,/ /,,,,0,0,,,,/ /,,0,,,,,,,0,,2001-11-01 00:00:00,,"Not found on paper, typed book inventory",OHM B 1056,book,,,,,,Documentary Artifact,,645 p.,,,"longman, green",,edinburgh,,,,,,,1897,,,H,Shelf,,/ /,,history,,,/ /,,,,,Works of Lord Macaulay,,,,,,,,,,,,0,0,0,0,0,/ /,/ /,,/ /,,,,,,,,,,2010-07-25 14:14:00,Unknown,/ /,.F.
OHM B 1057,0,,,,,,pes,2007-09-07 00:00:00,,Osborne Homestead Museum,/ /,,Good,"Tucked in front cover, an essay by Carolyn Wells, ""The Sense of Nonsense""",,1,"Macaulay, Lord",,0,0,,1897,,,0,Vol 7,,0,,,,,/ /,/ / : : AM,,,8: Communication Artifact,LIBRARY Case 6 Row 2,0,,/ /,,,,0,,/ /,,,,0,0,,,,/ /,,0,,,,,,,0,,2001-11-01 00:00:00,,"Not found on paper, typed book inventory",OHM B 1057,book,,,,,,Documentary Artifact,,645 p.,,,"longman, green",,edinburgh,,,,,,,1897,,,H,Shelf,,/ /,,history,,,/ /,,,,,Works of Lord Macaulay,,,,,,,,,,,,0,0,0,0,0,/ /,/ /,,/ /,,,,,,,,,,2010-07-25 14:17:00,Unknown,/ /,.F.
OHM B 1058,0,,,,,,pes,2007-09-07 00:00:00,,Osborne Homestead Museum,/ /,,Good,"Tucked in front cover, an essay by Carolyn Wells, ""The Sense of Nonsense""",,1,"Macaulay, Lord",,0,0,,1897,,,0,Vol 8,,0,,,,,/ /,/ / : : AM,,,8: Communication Artifact,LIBRARY Case 6 Row 2,0,,/ /,,,,0,,/ /,,,,0,0,,,,/ /,,0,,,,,,,0,,2001-11-01 00:00:00,,"Not found on paper, typed book inventory",OHM B 1058,book,,,,,,Documentary Artifact,,645 p.,,,"longman, green",,edinburgh,,,,,,,1897,,,H,Shelf,,/ /,,history,,,/ /,,,,,Works of Lord Macaulay,,,,,,,,,,,,0,0,0,0,0,/ /,/ /,,/ /,,,,,,,,,,2010-07-25 14:19:00,Unknown,/ /,.F.
OHM B 1061,0,,,,,,pes,2007-09-07 00:00:00,,Osborne Homestead Museum,/ /,,Good,"Tucked in front cover, an essay by Carolyn Wells, ""The Sense of Nonsense""",,1,"browning, elizabeth b",,0,0,,1866,,,0,vol 1,,0,,,,,/ /,/ / : : AM,,,8: Communication Artifact,library--case at left front,0,,/ /,,,,0,,/ /,,,,0,0,,,,/ /,,0,,,,,,,0,,2001-11-01 00:00:00,,"Not found on paper, typed book inventory",OHM B 1061,book,,,,,,Documentary Artifact,,300 p.,,,james miller,,new york,,,,,,,1897,,,H,Shelf,,/ /,,poetry,,,/ /,,,,,poems,,,,,,,,,,,,0,0,0,0,0,/ /,/ /,,/ /,,,,,,,,,,2007-09-07 13:35:00,Unknown,/ /,.F.
OHM B 1062,0,,,,,,pes,2007-09-07 00:00:00,,Osborne Homestead Museum,/ /,,Good,"Tucked in front cover, an essay by Carolyn Wells, ""The Sense of Nonsense""",,1,"browning, elizabeth b",,0,0,,1866,,,0,vol 2,,0,,,,,/ /,/ / : : AM,,,8: Communication Artifact,library--case at left front,0,,/ /,,,,0,,/ /,,,,0,0,,,,/ /,,0,,,,,,,0,,2001-11-01 00:00:00,,"Not found on paper, typed book inventory",OHM B 1062,book,,,,,,Documentary Artifact,,300 p.,,,james miller,,new york,,,,,,,1897,,,H,Shelf,,/ /,,poetry,,,/ /,,,,,poems,,,,,,,,,,,,0,0,0,0,0,/ /,/ /,,/ /,,,,,,,,,,2007-09-07 13:35:00,Unknown,/ /,.F.
OHM B 1063,0,,,,,,pes,2007-09-07 00:00:00,,Osborne Homestead Museum,/ /,,Good,"Tucked in front cover, an essay by Carolyn Wells, ""The Sense of Nonsense""",,1,"browning, elizabeth b",,0,0,,1866,,,0,vol 3,,0,,,,,/ /,/ / : : AM,,,8: Communication Artifact,library--case at left front,0,,/ /,,,,0,,/ /,,,,0,0,,,,/ /,,0,,,,,,,0,,2001-11-01 00:00:00,,"Not found on paper, typed book inventory",OHM B 1063,book,,,,,,Documentary Artifact,,300 p.,,,james miller,,new york,,,,,,,1897,,,H,Shelf,,/ /,,poetry,,,/ /,,,,,poems,,,,,,,,,,,,0,0,0,0,0,/ /,/ /,,/ /,,,,,,,,,,2007-09-07 13:34:00,Unknown,/ /,.F.
OHM B 1064,0,,,,,,pes,2007-09-07 00:00:00,,Osborne Homestead Museum,/ /,,Good,"Tucked in front cover, an essay by Carolyn Wells, ""The Sense of Nonsense""",,1,"browning, elizabeth b",,0,0,,1866,,,0,vol 4,,0,,,,,/ /,/ / : : AM,,,8: Communication Artifact,library--case at left front,0,,/ /,,,,0,,/ /,,,,0,0,,,,/ /,,0,,,,,,,0,,2001-11-01 00:00:00,,"Not found on paper, typed book inventory",OHM B 1064,book,,,,,,Documentary Artifact,,300 p.,,,james miller,,new york,,,,,,,1897,,,H,Shelf,,/ /,,poetry,,,/ /,,,,,poems,,,,,,,,,,,,0,0,0,0,0,/ /,/ /,,/ /,,,,,,,,,,2007-09-07 13:34:00,Unknown,/ /,.F.
OHM B 1065,0,,,,,,pes,2007-09-07 00:00:00,,Osborne Homestead Museum,/ /,,Good,"Tucked in front cover, an essay by Carolyn Wells, ""The Sense of Nonsense""",,1,"browning, elizabeth b",,0,0,,1866,,,0,vol 5,,0,,,,,/ /,/ / : : AM,,,8: Communication Artifact,library--case at left front,0,,/ /,,,,0,,/ /,,,,0,0,,,,/ /,,0,,,,,,,0,,2001-11-01 00:00:00,,"Not found on paper, typed book inventory",OHM B 1065,book,,,,,,Documentary Artifact,,300 p.,,,james miller,,new york,,,,,,,1897,,,H,Shelf,,/ /,,poetry,,,/ /,,,,,poems,,,,,,,,,,,,0,0,0,0,0,/ /,/ /,,/ /,,,,,,,,,,2007-09-07 13:34:00,Unknown,/ /,.F.
OHM B 1082,0,,,,,,pes,2007-09-07 00:00:00,,Osborne Homestead Museum,/ /,,Good,"Tucked in front cover, an essay by Carolyn Wells, ""The Sense of Nonsense""",,1,"nicoll, w. robertson, ed",,0,0,,1866,,,0,psalms,,0,,,,,/ /,/ / : : AM,,,8: Communication Artifact,living room,0,,/ /,,,,0,,/ /,,,,0,0,,,,/ /,,0,,,,,,,0,,2001-11-01 00:00:00,,"Not found on paper, typed book inventory",OHM B 1082,book,,,,,,Documentary Artifact,,385 p.,,,a.c. armstrong,,new york,,,,,,,1893,,,H,Shelf,,/ /,,bible,,,/ /,,,,,expositor's bible,,,,,,,,,,,,0,0,0,0,0,/ /,/ /,,/ /,,,,,,,,,,2007-09-14 11:57:00,Unknown,/ /,.F.
OHM B 1083,0,,,,,,pes,2007-09-07 00:00:00,,Osborne Homestead Museum,/ /,,Good,"Tucked in front cover, an essay by Carolyn Wells, ""The Sense of Nonsense""",,1,"nicoll, w. robertson, ed",,0,0,,1866,,,0,psalms,,0,,,,,/ /,/ / : : AM,,,8: Communication Artifact,living room,0,,/ /,,,,0,,/ /,,,,0,0,,,,/ /,,0,,,,,,,0,,2001-11-01 00:00:00,,"Not found on paper, typed book inventory",OHM B 1083,book,,,,,,Documentary Artifact,,385 p.,,,a.c. armstrong,,new york,,,,,,,1893,,,H,Shelf,,/ /,,bible,,,/ /,,,,,expositor's bible,,,,,,,,,,,,0,0,0,0,0,/ /,/ /,,/ /,,,,,,,,,,2007-09-14 11:57:00,Unknown,/ /,.F.
OHM B 1094,0,,,,,,pes,2007-09-07 00:00:00,,Osborne Homestead Museum,/ /,,Good,"Tucked in front cover, an essay by Carolyn Wells, ""The Sense of Nonsense""",,1,"nicoll, w. robertson, ed",,0,0,,1866,,,0,psalms,,0,,,,,/ /,/ / : : AM,,,8: Communication Artifact,living room,0,,/ /,,,,0,,/ /,,,,0,0,,,,/ /,,0,,,,,,,0,,2001-11-01 00:00:00,,"Not found on paper, typed book inventory",OHM B 1094,book,,,,,,Documentary Artifact,,385 p.,,,a.c. armstrong,,new york,,,,,,,1893,,,H,Shelf,,/ /,,bible,,,/ /,,,,,expositor's bible,,,,,,,,,,,,0,0,0,0,0,/ /,/ /,,/ /,,,,,,,,,,2007-09-14 11:58:00,Unknown,/ /,.F.
OHM B 1084,0,,,,,,pes,2007-09-07 00:00:00,,Osborne Homestead Museum,/ /,,Good,"Tucked in front cover, an essay by Carolyn Wells, ""The Sense of Nonsense""",,1,"nicoll, w. robertson, ed",,0,0,,1866,,,0,gospel of john,,0,,,,,/ /,/ / : : AM,,,8: Communication Artifact,living room,0,,/ /,,,,0,,/ /,,,,0,0,,,,/ /,,0,,,,,,,0,,2001-11-01 00:00:00,,"Not found on paper, typed book inventory",OHM B 1084,book,,,,,,Documentary Artifact,,385 p.,,,a.c. armstrong,,new york,,,,,,,1893,,,H,Shelf,,/ /,,bible,,,/ /,,,,,expositor's bible,,,,,,,,,,,,0,0,0,0,0,/ /,/ /,,/ /,,,,,,,,,,2007-09-14 11:59:00,Unknown,/ /,.F.
OHM B 1085,0,,,,,,pes,2007-09-07 00:00:00,,Osborne Homestead Museum,/ /,,Good,"Tucked in front cover, an essay by Carolyn Wells, ""The Sense of Nonsense""",,1,"nicoll, w. robertson, ed",,0,0,,1866,,,0,gospel of john,,0,,,,,/ /,/ / : : AM,,,8: Communication Artifact,living room,0,,/ /,,,,0,,/ /,,,,0,0,,,,/ /,,0,,,,,,,0,,2001-11-01 00:00:00,,"Not found on paper, typed book inventory",OHM B 1085,book,,,,,,Documentary Artifact,,385 p.,,,a.c. armstrong,,new york,,,,,,,1893,,,H,Shelf,,/ /,,bible,,,/ /,,,,,expositor's bible,,,,,,,,,,,,0,0,0,0,0,/ /,/ /,,/ /,,,,,,,,,,2007-09-14 11:59:00,Unknown,/ /,.F.
OHM B 1086,0,,,,,,pes,2007-09-07 00:00:00,,Osborne Homestead Museum,/ /,,Good,"Tucked in front cover, an essay by Carolyn Wells, ""The Sense of Nonsense""",,1,"nicoll, w. robertson, ed",,0,0,,1866,,,0,epistles of john,,0,,,,,/ /,/ / : : AM,,,8: Communication Artifact,living room,0,,/ /,,,,0,,/ /,,,,0,0,,,,/ /,,0,,,,,,,0,,2001-11-01 00:00:00,,"Not found on paper, typed book inventory",OHM B 1086,book,,,,,,Documentary Artifact,,385 p.,,,a.c. armstrong,,new york,,,,,,,1893,,,H,Shelf,,/ /,,bible,,,/ /,,,,,expositor's bible,,,,,,,,,,,,0,0,0,0,0,/ /,/ /,,/ /,,,,,,,,,,2007-09-14 12:00:00,Unknown,/ /,.F.
OHM B 1087,0,,,,,,pes,2007-09-07 00:00:00,,Osborne Homestead Museum,/ /,,Good,"Tucked in front cover, an essay by Carolyn Wells, ""The Sense of Nonsense""",,1,"nicoll, w. robertson, ed",,0,0,,1866,,,0,acts of apostles,,0,,,,,/ /,/ / : : AM,,,8: Communication Artifact,living room,0,,/ /,,,,0,,/ /,,,,0,0,,,,/ /,,0,,,,,,,0,,2001-11-01 00:00:00,,"Not found on paper, typed book inventory",OHM B 1087,book,,,,,,Documentary Artifact,,385 p.,,,a.c. armstrong,,new york,,,,,,,1893,,,H,Shelf,,/ /,,bible,,,/ /,,,,,expositor's bible,,,,,,,,,,,,0,0,0,0,0,/ /,/ /,,/ /,,,,,,,,,,2007-09-14 12:01:00,Unknown,/ /,.F.
OHM B 1088,0,,,,,,pes,2007-09-07 00:00:00,,Osborne Homestead Museum,/ /,,Good,"Tucked in front cover, an essay by Carolyn Wells, ""The Sense of Nonsense""",,1,"nicoll, w. robertson, ed",,0,0,,1866,,,0,acts of apostles,,0,,,,,/ /,/ / : : AM,,,8: Communication Artifact,living room,0,,/ /,,,,0,,/ /,,,,0,0,,,,/ /,,0,,,,,,,0,,2001-11-01 00:00:00,,"Not found on paper, typed book inventory",OHM B 1088,book,,,,,,Documentary Artifact,,385 p.,,,a.c. armstrong,,new york,,,,,,,1893,,,H,Shelf,,/ /,,bible,,,/ /,,,,,expositor's bible,,,,,,,,,,,,0,0,0,0,0,/ /,/ /,,/ /,,,,,,,,,,2007-09-14 12:02:00,Unknown,/ /,.F.
OHM B 1089,0,,,,,,pes,2007-09-07 00:00:00,,Osborne Homestead Museum,/ /,,Good,"Tucked in front cover, an essay by Carolyn Wells, ""The Sense of Nonsense""",,1,"nicoll, w. robertson, ed",,0,0,,1866,,,0,gospel of matthew,,0,,,,,/ /,/ / : : AM,,,8: Communication Artifact,living room,0,,/ /,,,,0,,/ /,,,,0,0,,,,/ /,,0,,,,,,,0,,2001-11-01 00:00:00,,"Not found on paper, typed book inventory",OHM B 1089,book,,,,,,Documentary Artifact,,385 p.,,,a.c. armstrong,,new york,,,,,,,1893,,,H,Shelf,,/ /,,bible,,,/ /,,,,,expositor's bible,,,,,,,,,,,,0,0,0,0,0,/ /,/ /,,/ /,,,,,,,,,,2007-09-14 12:03:00,Unknown,/ /,.F.
OHM B 1090,0,,,,,,pes,2007-09-07 00:00:00,,Osborne Homestead Museum,/ /,,Good,"Tucked in front cover, an essay by Carolyn Wells, ""The Sense of Nonsense""",,1,"nicoll, w. robertson, ed",,0,0,,1866,,,0,gospel of mark,,0,,,,,/ /,/ / : : AM,,,8: Communication Artifact,living room,0,,/ /,,,,0,,/ /,,,,0,0,,,,/ /,,0,,,,,,,0,,2001-11-01 00:00:00,,"Not found on paper, typed book inventory",OHM B 1090,book,,,,,,Documentary Artifact,,385 p.,,,a.c. armstrong,,new york,,,,,,,1893,,,H,Shelf,,/ /,,bible,,,/ /,,,,,expositor's bible,,,,,,,,,,,,0,0,0,0,0,/ /,/ /,,/ /,,,,,,,,,,2007-09-14 12:03:00,Unknown,/ /,.F.
OHM B 1091,0,,,,,,pes,2007-09-07 00:00:00,,Osborne Homestead Museum,/ /,,Good,"Tucked in front cover, an essay by Carolyn Wells, ""The Sense of Nonsense""",,1,"nicoll, w. robertson, ed",,0,0,,1866,,,0,book of kings,,0,,,,,/ /,/ / : : AM,,,8: Communication Artifact,living room,0,,/ /,,,,0,,/ /,,,,0,0,,,,/ /,,0,,,,,,,0,,2001-11-01 00:00:00,,"Not found on paper, typed book inventory",OHM B 1091,book,,,,,,Documentary Artifact,,385 p.,,,a.c. armstrong,,new york,,,,,,,1893,,,H,Shelf,,/ /,,bible,,,/ /,,,,,expositor's bible,,,,,,,,,,,,0,0,0,0,0,/ /,/ /,,/ /,,,,,,,,,,2007-09-14 12:04:00,Unknown,/ /,.F.
OHM B 1092,0,,,,,,pes,2007-09-07 00:00:00,,Osborne Homestead Museum,/ /,,Good,"Tucked in front cover, an essay by Carolyn Wells, ""The Sense of Nonsense""",,1,"nicoll, w. robertson, ed",,0,0,,1866,,,0,book of exodus,,0,,,,,/ /,/ / : : AM,,,8: Communication Artifact,living room,0,,/ /,,,,0,,/ /,,,,0,0,,,,/ /,,0,,,,,,,0,,2001-11-01 00:00:00,,"Not found on paper, typed book inventory",OHM B 1092,book,,,,,,Documentary Artifact,,385 p.,,,a.c. armstrong,,new york,,,,,,,1893,,,H,Shelf,,/ /,,bible,,,/ /,,,,,expositor's bible,,,,,,,,,,,,0,0,0,0,0,/ /,/ /,,/ /,,,,,,,,,,2007-09-14 12:04:00,Unknown,/ /,.F.
OHM B 1093,0,,,,,,pes,2007-09-07 00:00:00,,Osborne Homestead Museum,/ /,,Good,"Tucked in front cover, an essay by Carolyn Wells, ""The Sense of Nonsense""",,1,"nicoll, w. robertson, ed",,0,0,,1866,,,0,book of job,,0,,,,,/ /,/ / : : AM,,,8: Communication Artifact,living room,0,,/ /,,,,0,,/ /,,,,0,0,,,,/ /,,0,,,,,,,0,,2001-11-01 00:00:00,,"Not found on paper, typed book inventory",OHM B 1093,book,,,,,,Documentary Artifact,,385 p.,,,a.c. armstrong,,new york,,,,,,,1893,,,H,Shelf,,/ /,,bible,,,/ /,,,,,expositor's bible,,,,,,,,,,,,0,0,0,0,0,/ /,/ /,,/ /,,,,,,,,,,2007-09-14 12:05:00,Unknown,/ /,.F.
OHM B 1101,0,,,,,,pes,2007-09-07 00:00:00,,Osborne Homestead Museum,/ /,,Good,"Tucked in front cover, an essay by Carolyn Wells, ""The Sense of Nonsense""",,1,"CROSS, J W",,0,0,,1899,,,0,ILLUS,,0,,,,,/ /,/ / : : AM,,,8: Communication Artifact,LIBRARY Case 8 Row 1,0,,/ /,,,,0,,/ /,,,,0,0,,,,/ /,,0,,,,,,,0,,2001-11-01 00:00:00,,"Not found on paper, typed book inventory",OHM B 1101,book,,,,,,Documentary Artifact,,366 P.,,,HARPER,,new york,,,,,,,1899,,,H,Shelf,,/ /,,GEORGE ELIOT,,,/ /,,,,,GEORGE ELIOT'S LIFE,,,,,,,,,,,,0,0,0,0,0,/ /,/ /,,/ /,,,,,,,,,,2010-08-08 13:03:00,Unknown,/ /,.F.
OHM B 1102,0,,,,,,pes,2007-09-07 00:00:00,,Osborne Homestead Museum,/ /,,Good,"Tucked in front cover, an essay by Carolyn Wells, ""The Sense of Nonsense""",,1,"CROSS, J W",,0,0,,1899,,,0,ILLUS,,0,,,,,/ /,/ / : : AM,,,8: Communication Artifact,LIBRARY Case 8 Row 1,0,,/ /,,,,0,,/ /,,,,0,0,,,,/ /,,0,,,,,,,0,,2001-11-01 00:00:00,,"Not found on paper, typed book inventory",OHM B 1102,book,,,,,,Documentary Artifact,,366 P.,,,HARPER,,new york,,,,,,,1899,,,H,Shelf,,/ /,,GEORGE ELIOT,,,/ /,,,,,GEORGE ELIOT'S LIFE,,,,,,,,,,,,0,0,0,0,0,/ /,/ /,,/ /,,,,,,,,,,2010-08-08 13:04:00,Unknown,/ /,.F.
OHM B 1103,0,,,,,,pes,2007-09-07 00:00:00,,Osborne Homestead Museum,/ /,,Good,"Tucked in front cover, an essay by Carolyn Wells, ""The Sense of Nonsense""",,1,"CROSS, J W",,0,0,,1899,,,0,ILLUS,,0,,,,,/ /,/ / : : AM,,,8: Communication Artifact,LIBRARY Case 8 Row 1,0,,/ /,,,,0,,/ /,,,,0,0,,,,/ /,,0,,,,,,,0,,2001-11-01 00:00:00,,"Not found on paper, typed book inventory",OHM B 1103,book,,,,,,Documentary Artifact,,366 P.,,,HARPER,,new york,,,,,,,1899,,,H,Shelf,,/ /,,GEORGE ELIOT,,,/ /,,,,,GEORGE ELIOT'S LIFE,,,,,,,,,,,,0,0,0,0,0,/ /,/ /,,/ /,,,,,,,,,,2010-08-08 13:04:00,Unknown,/ /,.F.
OHM B 1104,0,,,,,,pes,2007-09-07 00:00:00,,Osborne Homestead Museum,/ /,,Good,"Tucked in front cover, an essay by Carolyn Wells, ""The Sense of Nonsense""",,1,"ELIOT, GEORGE",,0,0,,1899,,,0,ILLUS,,0,,,,,/ /,/ / : : AM,,,8: Communication Artifact,LIBRARY Case 8 Row 1,0,,/ /,,,,0,,/ /,,,,0,0,,,,/ /,,0,,,,,,,0,,2001-11-01 00:00:00,,"Not found on paper, typed book inventory",OHM B 1104,book,,,,,,Documentary Artifact,,366 P.,,,HARPER,,new york,,,,,"POEMS, BROTHER JACOBV, LIFTED VEIL",,1899,,,H,Shelf,,/ /,,GEORGE ELIOT POETRY,,,/ /,,,,,GEORGE ELIOT'S WORKS,,,,,,,,,,,,0,0,0,0,0,/ /,/ /,,/ /,,,,,,,,,,2010-08-22 12:55:00,Unknown,/ /,.F.
OHM B 1105,0,,,,,,pes,2007-09-07 00:00:00,,Osborne Homestead Museum,/ /,,Good,"Tucked in front cover, an essay by Carolyn Wells, ""The Sense of Nonsense""",,1,"ELIOT, GEORGE",,0,0,,1899,,,0,ILLUS,,0,,,,,/ /,/ / : : AM,,,8: Communication Artifact,LIBRARY Case 8 Row 1,0,,/ /,,,,0,,/ /,,,,0,0,,,,/ /,,0,,,,,,,0,,2001-11-01 00:00:00,,"Not found on paper, typed book inventory",OHM B 1105,book,,,,,,Documentary Artifact,,366 P.,,,HARPER,,new york,,,,,"ESSAYS, LEAVES FROM A NOTEBOOK",,1899,,,H,Shelf,,/ /,,GEORGE ELIOT ESSAYS,,,/ /,,,,,GEORGE ELIOT'S WORKS,,,,,,,,,,,,0,0,0,0,0,/ /,/ /,,/ /,,,,,,,,,,2010-08-22 12:57:00,Unknown,/ /,.F.
OHM B 1106,0,,,,,,pes,2007-09-07 00:00:00,,Osborne Homestead Museum,/ /,,Good,"Tucked in front cover, an essay by Carolyn Wells, ""The Sense of Nonsense""",,1,"ELIOT, GEORGE",,0,0,,1899,,,0,ILLUS,,0,,,,,/ /,/ / : : AM,,,8: Communication Artifact,LIBRARY Case 8 Row 1,0,,/ /,,,,0,,/ /,,,,0,0,,,,/ /,,0,,,,,,,0,,2001-11-01 00:00:00,,"Not found on paper, typed book inventory",OHM B 1106,book,,,,,,Documentary Artifact,,366 P.,,,HARPER,,new york,,,,,THEOPHRASTUS SUCH,,1899,,,H,Shelf,,/ /,,GEORGE ELIOT IMPRESSIONS,,,/ /,,,,,GEORGE ELIOT'S WORKS,,,,,,,,,,,,0,0,0,0,0,/ /,/ /,,/ /,,,,,,,,,,2010-08-22 12:56:00,Unknown,/ /,.F.
OHM B 1107,0,,,,,,pes,2007-09-07 00:00:00,,Osborne Homestead Museum,/ /,,Good,"Tucked in front cover, an essay by Carolyn Wells, ""The Sense of Nonsense""",,1,"HILDRETH, RICHARD",,0,0,,1860,,,0,Vol 1,,0,,,,,/ /,/ / : : AM,,,8: Communication Artifact,LIBRARY Case 5/Row 4,0,,/ /,,,,0,,/ /,,,,0,0,,,,/ /,,0,,,,,,,0,,2001-11-01 00:00:00,,"Not found on paper, typed book inventory",OHM B 1107,book,,,,,,Documentary Artifact,,704 P,,,Harper & Brothers,,new york,,,,,Second,,1860,,,H,Shelf,,/ /,,AMERICAN HISTORY,,,/ /,,,,,HISTORY OF THE United States of America,,,,,,,,,,,,0,0,0,0,0,/ /,/ /,,/ /,,,,,,,,,,2011-05-29 14:16:00,Unknown,/ /,.F.
OHM B 1108,0,,,,,,pes,2007-09-07 00:00:00,,Osborne Homestead Museum,/ /,,Good,"Tucked in front cover, an essay by Carolyn Wells, ""The Sense of Nonsense""",,1,"HILDRETH, RICHARD",,0,0,,1860,,,0,Vol 2,,0,,,,,/ /,/ / : : AM,,,8: Communication Artifact,LIBRARY Case 5/Row 4,0,,/ /,,,,0,,/ /,,,,0,0,,,,/ /,,0,,,,,,,0,,2001-11-01 00:00:00,,"Not found on paper, typed book inventory",OHM B 1108,book,,,,,,Documentary Artifact,,704 P,,,Harper & Brothers,,new york,,,,,Second,,1860,,,H,Shelf,,/ /,,AMERICAN HISTORY,,,/ /,,,,,HISTORY OF THE United States of America,,,,,,,,,,,,0,0,0,0,0,/ /,/ /,,/ /,,,,,,,,,,2011-05-29 14:17:00,Unknown,/ /,.F.
OHM B 1109,0,,,,,,pes,2007-09-07 00:00:00,,Osborne Homestead Museum,/ /,,Good,"Tucked in front cover, an essay by Carolyn Wells, ""The Sense of Nonsense""",,1,"HILDRETH, RICHARD",,0,0,,1860,,,0,Vol 3,,0,,,,,/ /,/ / : : AM,,,8: Communication Artifact,LIBRARY Case 5/Row 4,0,,/ /,,,,0,,/ /,,,,0,0,,,,/ /,,0,,,,,,,0,,2001-11-01 00:00:00,,"Not found on paper, typed book inventory",OHM B 1109,book,,,,,,Documentary Artifact,,704 P,,,Harper & Brothers,,new york,,,,,Second,,1860,,,H,Shelf,,/ /,,AMERICAN HISTORY,,,/ /,,,,,HISTORY OF THE United States of America,,,,,,,,,,,,0,0,0,0,0,/ /,/ /,,/ /,,,,,,,,,,2011-05-29 14:23:00,Unknown,/ /,.F.
OHM B 1110,0,,,,,,pes,2007-09-07 00:00:00,,Osborne Homestead Museum,/ /,,Good,"Tucked in front cover, an essay by Carolyn Wells, ""The Sense of Nonsense""",,1,"HILDRETH, RICHARD",,0,0,,1860,,,0,Vol 1,,0,,,,,/ /,/ / : : AM,,,8: Communication Artifact,LIBRARY Case 5/Row 4,0,,/ /,,,,0,,/ /,,,,0,0,,,,/ /,,0,,,,,,,0,,2001-11-01 00:00:00,,"Not found on paper, typed book inventory",OHM B 1110,book,,,,,,Documentary Artifact,,704 P,,,Harper & Brothers,,new york,,,,,,,1860,,,H,Shelf,,/ /,,AMERICAN HISTORY,,,/ /,,,,,History of the United States of America,,,,,,,,,,,,0,0,0,0,0,/ /,/ /,,/ /,,,,,,,,,,2011-05-29 14:12:00,Unknown,/ /,.F.
OHM B 1111,0,,,,,,pes,2007-09-07 00:00:00,,Osborne Homestead Museum,/ /,,Good,"Tucked in front cover, an essay by Carolyn Wells, ""The Sense of Nonsense""",,1,"HILDRETH, RICHARD",,0,0,,1860,,,0,Vol 2,,0,,,,,/ /,/ / : : AM,,,8: Communication Artifact,LIBRARY Case 5/Row 4,0,,/ /,,,,0,,/ /,,,,0,0,,,,/ /,,0,,,,,,,0,,2001-11-01 00:00:00,,"Not found on paper, typed book inventory",OHM B 1111,book,,,,,,Documentary Artifact,,704 P,,,Harper & Brothers,,new york,,,,,,,1860,,,H,Shelf,,/ /,,AMERICAN HISTORY,,,/ /,,,,,History of the United States of America,,,,,,,,,,,,0,0,0,0,0,/ /,/ /,,/ /,,,,,,,,,,2011-05-29 14:13:00,Unknown,/ /,.F.
OHM B 1112,0,,,,,,pes,2007-09-07 00:00:00,,Osborne Homestead Museum,/ /,,Good,"Tucked in front cover, an essay by Carolyn Wells, ""The Sense of Nonsense""",,1,"HILDRETH, RICHARD",,0,0,,1860,,,0,Vol 3,,0,,,,,/ /,/ / : : AM,,,8: Communication Artifact,LIBRARY Case 5/Row 4,0,,/ /,,,,0,,/ /,,,,0,0,,,,/ /,,0,,,,,,,0,,2001-11-01 00:00:00,,"Not found on paper, typed book inventory",OHM B 1112,book,,,,,,Documentary Artifact,,704 P,,,Harper & Brothers,,new york,,,,,,,1860,,,H,Shelf,,/ /,,AMERICAN HISTORY,,,/ /,,,,,HISTORY OF THE United States of America,,,,,,,,,,,,0,0,0,0,0,/ /,/ /,,/ /,,,,,,,,,,2011-05-29 14:15:00,Unknown,/ /,.F.
OHM B 1403,0,,,,,,pes,2007-09-29 00:00:00,,Osborne Homestead Museum,/ /,,Good,"Tucked in front cover, an essay by Carolyn Wells, ""The Sense of Nonsense""",,1,"Stowe, H. B.",,0,0,,1852,,,0,1852,,0,,,,,/ /,/ / : : AM,,,8: Communication Artifact,LIBRARY Case 8 Row2,0,,/ /,,,,0,,/ /,,,,0,0,,,,/ /,,0,,,,,,,0,,2001-11-01 00:00:00,,"Not found on paper, typed book inventory",OHM B 1403,book,,,,,,Documentary Artifact,,312 p,,,JEWETT,,BOSTON,,,,,VOL 1,,,,,H,Shelf,,/ /,,AMERICAN HISTORY,,,/ /,,,,,Uncle Tom's Cabin,,,,,,,,,,,,0,0,0,0,0,/ /,/ /,,/ /,,,,,,,,,,2010-07-11 13:49:00,Unknown,/ /,.F.
OHM B 1404,0,,,,,,pes,2007-09-29 00:00:00,,Osborne Homestead Museum,/ /,,Good,"Tucked in front cover, an essay by Carolyn Wells, ""The Sense of Nonsense""",,1,"Stowe, H. B.",,0,0,,1852,,,0,1852,,0,,,,,/ /,/ / : : AM,,,8: Communication Artifact,LIBRARY Case 8 Row 2,0,,/ /,,,,0,,/ /,,,,0,0,,,,/ /,,0,,,,,,,0,,2001-11-01 00:00:00,,"Not found on paper, typed book inventory",OHM B 1404,book,,,,,,Documentary Artifact,,312 p,,,JEWETT,,BOSTON,,,,,VOL 2,,,,,H,Shelf,,/ /,,AMERICAN HISTORY,,,/ /,,,,,Uncle Tom's Cabin,,,,,,,,,,,,0,0,0,0,0,/ /,/ /,,/ /,,,,,,,,,,2010-07-11 13:50:00,Unknown,/ /,.F.
OHM B 1400,0,,,,,,pes,2007-09-29 00:00:00,,Osborne Homestead Museum,/ /,,Good,"Tucked in front cover, an essay by Carolyn Wells, ""The Sense of Nonsense""",,1,"James, Henry",,0,0,,1897,,,0,1897,,0,,,,,/ /,/ / : : AM,,,8: Communication Artifact,LIBRARY Case 6 Row 4,0,,/ /,,,,0,,/ /,,,,0,0,,,,/ /,,0,,,,,,,0,,2001-11-01 00:00:00,,"Not found on paper, typed book inventory",OHM B 1400,book,,,,,,Documentary Artifact,,470 P,,,H. STONE,,NEW YORK,,,,,,,,,,H,Shelf,,/ /,,AMERICAN HISTORY,,,/ /,,,,,What Maisie Knew,,,,,,,,,,,,0,0,0,0,0,/ /,/ /,,/ /,,,,,,,,,,2010-08-01 13:02:00,Unknown,/ /,.F.
OHM B 1401,0,,,,,,pes,2007-09-29 00:00:00,,Osborne Homestead Museum,/ /,,Good,"Tucked in front cover, an essay by Carolyn Wells, ""The Sense of Nonsense""",,1,"Colton, Arthur",,0,0,,1901,,,0,1901,,0,,,,,/ /,/ / : : AM,,,8: Communication Artifact,LIBRARY Case 6 Row 4,0,,/ /,,,,0,,/ /,,,,0,0,,,,/ /,,0,,,,,,,0,,2001-11-01 00:00:00,,"Not found on paper, typed book inventory",OHM B 1401,book,,,,,,Documentary Artifact,,236 P,,,SCRIBNER,,NEW YORK,,,,,,,,,,H,Shelf,,/ /,,NOVEL,,,/ /,,,,,"Delectable Mountains, The",,,,,,,,,,,,0,0,0,0,0,/ /,/ /,,/ /,,,,,,,,,,2010-08-01 12:58:00,Unknown,/ /,.F.
OHM B 1402,0,,,,,,pes,2007-09-29 00:00:00,,Osborne Homestead Museum,/ /,,Good,"Tucked in front cover, an essay by Carolyn Wells, ""The Sense of Nonsense""",,1,"Cable, George",,0,0,,1883,,,0,1883,,0,,,,,/ /,/ / : : AM,,,8: Communication Artifact,LIBRARY Case 6 Row 1,0,,/ /,,,,0,,/ /,,,,0,0,,,,/ /,,0,,,,,,,0,,2001-11-01 00:00:00,,"Not found on paper, typed book inventory",OHM B 1402,book,,,,,,Documentary Artifact,,303 P,,,SCRIBNER,,NEW YORK,,,,,,,,,,H,Shelf,,/ /,,NOVEL,,,/ /,,,,,Old Creole Days,,,,,,,,,,,,0,0,0,0,0,/ /,/ /,,/ /,,,,,,,,,,2010-08-01 13:25:00,Unknown,/ /,.F.
OHM B 1405,0,,,,,,pes,2007-09-29 00:00:00,,Osborne Homestead Museum,/ /,,Good,"Tucked in front cover, an essay by Carolyn Wells, ""The Sense of Nonsense""",,1,"Hugo, Victor",,0,0,,1845,,,0,1845,,0,,,,,/ /,/ / : : AM,,,8: Communication Artifact,LIBRARY Case 8 Row 2,0,,/ /,,,,0,,/ /,,,,0,0,,,,/ /,,0,,,,,,,0,,2001-11-01 00:00:00,,"Not found on paper, typed book inventory",OHM B 1405,book,,,,,,Documentary Artifact,,291 P,,,WILEY AND PUTNAM,,NEW YORK,,,,,,,,,,H,Shelf,,/ /,,NOVEL,,,/ /,,,,,The Rhine,,,,,,,,,,,,0,0,0,0,0,/ /,/ /,,/ /,,,,,,,,,,2010-07-11 14:03:00,Unknown,/ /,.F.
OHM B1304,0,,,,,,pes,2007-09-29 00:00:00,,Osborne Homestead Museum,/ /,,Good,"Tucked in front cover, an essay by Carolyn Wells, ""The Sense of Nonsense""",,1,"Hearn, Lafcadio",,0,0,,1901,,,0,1901,,0,,,,,/ /,/ / : : AM,,,8: Communication Artifact,LIBRARY Case 6 Row 5,0,,/ /,,,,0,,/ /,,,,0,0,,,,/ /,,0,,,,,,,0,,2001-11-01 00:00:00,,"Not found on paper, typed book inventory",OHM B 1304,book,,,,,,Documentary Artifact,,305 P,,,"LITTLE, BROWN",,BOSTON,,,,,,,,,,H,Shelf,,/ /,,NOVEL,,,/ /,,,,,Japanese Miscellany,,,,,,,,,,,,0,0,0,0,0,/ /,/ /,,/ /,,,,,,,,,,2010-08-01 13:18:00,Unknown,/ /,.F.
OHM B1303,0,,,,,,pes,2007-09-29 00:00:00,,Osborne Homestead Museum,/ /,,Good,"Tucked in front cover, an essay by Carolyn Wells, ""The Sense of Nonsense""",,1,"Hearn, Lafcadio",,0,0,,1899,,,0,1899,,0,,,,,/ /,/ / : : AM,,,8: Communication Artifact,LIBRARY Case 6 Row 5,0,,/ /,,,,0,,/ /,,,,0,0,,,,/ /,,0,,,,,,,0,,2001-11-01 00:00:00,,"Not found on paper, typed book inventory",OHM B1303,book,,,,,,Documentary Artifact,,241 P,,,"LITTLE, BROWN",,BOSTON,,,,,,,,,,H,Shelf,,/ /,,NOVEL,,,/ /,,,,,In Ghostly Japan,,,,,,,,,,,,0,0,0,0,0,/ /,/ /,,/ /,,,,,,,,,,2010-08-01 13:19:00,Unknown,/ /,.F.
OHM B1306,0,,,,,,pes,2007-09-29 00:00:00,,Osborne Homestead Museum,/ /,,Good,"Tucked in front cover, an essay by Carolyn Wells, ""The Sense of Nonsense""",,1,"Hearn, Lafcadio",,0,0,,1887,,,0,1887,,0,,,,,/ /,/ / : : AM,,,8: Communication Artifact,LIBRARY Case 6 Row 5,0,,/ /,,,,0,,/ /,,,,0,0,,,,/ /,,0,,,,,,,0,,2001-11-01 00:00:00,,"Not found on paper, typed book inventory",OHM B1306,book,,,,,,Documentary Artifact,,203 P,,,"LITTLE, BROWN",,BOSTON,,,,,,,,,,H,Shelf,,/ /,,NOVEL,,,/ /,,,,,Some Chinese Ghosts,,,,,,,,,,,,0,0,0,0,0,/ /,/ /,,/ /,,,,,,,,,,2010-08-01 13:20:00,Unknown,/ /,.F.
OHM B1305,0,,,,,,pes,2007-09-29 00:00:00,,Osborne Homestead Museum,/ /,,Good,"Tucked in front cover, an essay by Carolyn Wells, ""The Sense of Nonsense""",,1,"Hearn, Lafcadio",,0,0,,1900,,,0,1900,,0,,,,,/ /,/ / : : AM,,,8: Communication Artifact,LIBRARY Case 6 Row 5,0,,/ /,,,,0,,/ /,,,,0,0,,,,/ /,,0,,,,,,,0,,2001-11-01 00:00:00,,"Not found on paper, typed book inventory",OHM B1305,book,,,,,,Documentary Artifact,,268 P,,,"LITTLE, BROWN",,BOSTON,,,,,,,,,,H,Shelf,,/ /,,NOVEL,,,/ /,,,,,Shadowings,,,,,,,,,,,,0,0,0,0,0,/ /,/ /,,/ /,,,,,,,,,,2010-08-01 13:21:00,Unknown,/ /,.F.
OHM B1302,0,,,,,,pes,2007-09-29 00:00:00,,Osborne Homestead Museum,/ /,,Good,"Tucked in front cover, an essay by Carolyn Wells, ""The Sense of Nonsense""",,1,"Hearn, Lafcadio",,0,0,,1904,,,0,1904,,0,,,,,/ /,/ / : : AM,,,8: Communication Artifact,LIRARY Case 6 Row 5,0,,/ /,,,,0,,/ /,,,,0,0,,,,/ /,,0,,,,,,,0,,2001-11-01 00:00:00,,"Not found on paper, typed book inventory",OHM B1302,book,,,,,,Documentary Artifact,,549 P,,,"LITTLE, BROWN",,BOSTON,,,,,,,,,,H,Shelf,,/ /,,JAPAN,,,/ /,,,,,Japan: An Interpretation,,,,,,,,,,,,0,0,0,0,0,/ /,/ /,,/ /,,,,,,,,,,2010-08-01 13:16:00,Unknown,/ /,.F.
OHM B1301,0,,,,,,pes,2007-09-29 00:00:00,,Osborne Homestead Museum,/ /,,Good,"Tucked in front cover, an essay by Carolyn Wells, ""The Sense of Nonsense""",,1,"Haldeman, S S",,0,0,,1865,,,0,1865,,0,,,,,/ /,/ / : : AM,,,8: Communication Artifact,LIBRARY Case 6 Row 5,0,,/ /,,,,0,,/ /,,,,0,0,,,,/ /,,0,,,,,,,0,,2001-11-01 00:00:00,,"Not found on paper, typed book inventory",OHM B1301,book,,,,,,Documentary Artifact,,271 P,,,BUTLER AND CO,,PHILADELPHIA,,,,,,,,,,H,Shelf,,/ /,,ENGLISH LANGUAGE,,,/ /,,,,,Affixes in Their Origins and Applications,,,,,,,,,,,,0,0,0,0,0,/ /,/ /,,/ /,,,,,,,,,,2010-08-01 13:37:00,Unknown,/ /,.F.
OHM B1300,0,,,,,,pes,2007-09-29 00:00:00,,Osborne Homestead Museum,/ /,,Good,"Tucked in front cover, an essay by Carolyn Wells, ""The Sense of Nonsense""",,1,"BASKERVILL, W M AND SEWELL, J W",,0,0,,1895,,,0,1895,,0,,,,,/ /,/ / : : AM,,,8: Communication Artifact,LIBRARY Case 5/Row 2,0,,/ /,,,,0,,/ /,,,,0,0,,,,/ /,,0,,,,,,,0,,2001-11-01 00:00:00,,"Not found on paper, typed book inventory",OHM B1300,book,,,,,,Documentary Artifact,,349 P,,,AMERICAN BOOK CO,,NEW YORK,,,,,,,,,,H,Shelf,,/ /,,ENGLISH LANGUAGE,,,/ /,,,,,"ENGLISH GRAMMAR, AN",,,,,,,,,,,,0,0,0,0,0,/ /,/ /,,/ /,,,,,,,,,,2010-08-15 14:09:00,Unknown,/ /,.F.
OHM B1817,0,,,,,,pes,2007-09-29 00:00:00,,Osborne Homestead Museum,/ /,,Good,"Tucked in front cover, an essay by Carolyn Wells, ""The Sense of Nonsense""",,1,"Twain, Mark",,0,0,,1897,,,0,1897,,0,,,,,/ /,/ / : : AM,,,8: Communication Artifact,LIBRARY Case 8 Row 2,0,,/ /,,,,0,,/ /,,,,0,0,,,,/ /,,0,,,,,,,0,,2001-11-01 00:00:00,,"Not found on paper, typed book inventory",OHM B1817,book,,,,,,Documentary Artifact,,233 p,,,harper,,NEW YORK,,,,,,,,,,H,Shelf,,/ /,,american humor,,,/ /,,,,,How to Tell a Story and Other Essays,,,,,,,,,,,,0,0,0,0,0,/ /,/ /,,/ /,,,,,,,,,,2010-07-11 13:54:00,Unknown,/ /,.F.
OHM B1815,0,,,,,,pes,2002-01-17 00:00:00,,Osborne Homestead Museum,/ /,,Good,,,1,"goetschius, percy",,0,0,,1900,,,1880,,,0,,,,,/ /,/ / : : AM,,,8: Communication Artifact,livingroom case behind grandfather clock,0,,/ /,,,,0,,/ /,,,,0,0,,,,/ /,,0,,,,,,,0,,2002-01-17 00:00:00,,marbled endpapers and edgings,1OHM B185,book,,,,,,Documentary Artifact,,126 p,,,"g, schirmer",,new york,,,,,,,,,,,Shelf,,/ /,,music,,,/ /,,,,,excercises in melody-writing,,,,,,,,,,,,0,0,0,0,0,/ /,/ /,,/ /,,,,,,,,,,2007-10-26 13:55:00,Unknown,/ /,.F.
OHM B1816,0,,,,,,pes,2002-01-17 00:00:00,,Osborne Homestead Museum,/ /,,Good,,,1,courvoisier. Karl,,0,0,,1880,,,1880,,,0,,,,,/ /,/ / : : AM,,,8: Communication Artifact,livingroom case behind grandfather clock,0,,/ /,,,,0,,/ /,,,,0,0,,,,/ /,,0,,,,,,,0,,2002-01-17 00:00:00,,marbled endpapers and edgings,OHM B1816,book,,,,,,Documentary Artifact,,52 p,,,ditson and co,,new york,,,,,Trans. H.E. Krehbiel,,,,,,Shelf,,/ /,,music,,,/ /,,,,,technics of violin playing,,,,,,,,,,,,0,0,0,0,0,/ /,/ /,,/ /,,,,,,,,,,2007-10-26 13:57:00,Unknown,/ /,.F.
OHM B1803,0,,,,,,pes,2002-01-17 00:00:00,,Osborne Homestead Museum,/ /,,Good,,,1,"stainer, j and barrett, w a",,0,0,,no date,,,1880,,,0,,,,,/ /,/ / : : AM,,,8: Communication Artifact,livingroom case behind grandfather clock,0,,/ /,,,,0,,/ /,,,,0,0,,,,/ /,,0,,,,,,,0,,2002-01-17 00:00:00,,marbled endpapers and edgings,OHM B1803,book,,,,,,Documentary Artifact,,96 p,,,"novello, ewer",,new york,,,,,8th ed,,,,,,Shelf,,/ /,,music,,,/ /,,,,,distionary of musical terms,,,,,,,,,,,,0,0,0,0,0,/ /,/ /,,/ /,,,,,,,,,,2007-10-26 14:00:00,Unknown,/ /,.F.
OHM B1812,0,,,,,,pes,2002-01-17 00:00:00,,Osborne Homestead Museum,/ /,,Good,,,1,"Devere, M Schele",,0,0,,1872,,,1880,,,0,,,,,/ /,/ / : : AM,,,8: Communication Artifact,LIBRARY Case 8 Row 2,0,,/ /,,,,0,,/ /,,,,0,0,,,,/ /,,0,,,,,,,0,,2002-01-17 00:00:00,,marbled endpapers and edgings,OHM B1812,book,,,,,,Documentary Artifact,,685 p,,,scribner,,new york,,,,,,,,,,,Shelf,,/ /,,american language,,,/ /,,,,,Americanisms: The English of the New World,,,,,,,,,,,,0,0,0,0,0,/ /,/ /,,/ /,,,,,,,,,,2010-07-11 14:01:00,Unknown,/ /,.F.
OHM B1810,0,,,,,,pes,2002-01-17 00:00:00,,Osborne Homestead Museum,/ /,,Good,,,1,"maitland, j a fuller",,0,0,,1902,,,1880,,,0,,,,,/ /,/ / : : AM,,,8: Communication Artifact,livingroom case behind grandfather clock,0,,/ /,,,,0,,/ /,,,,0,0,,,,/ /,,0,,,,,,,0,,2002-01-17 00:00:00,,marbled endpapers and edgings,OHM B1810,book,,,,,,Documentary Artifact,,362 p,,,clarendon press,,oxford,,,,,vol 4,,,,,,Shelf,,/ /,,music,,,/ /,,,,,oxford history of music,,,,,,,,,,,,0,0,0,0,0,/ /,/ /,,/ /,,,,,,,,,,2007-10-26 14:04:00,Unknown,/ /,.F.
OHM B1811,0,,,,,,pes,2002-01-17 00:00:00,,Osborne Homestead Museum,/ /,,Good,,,1,"hadow, w h",,0,0,,1902,,,1880,,,0,,,,,/ /,/ / : : AM,,,8: Communication Artifact,livingroom case behind grandfather clock,0,,/ /,,,,0,,/ /,,,,0,0,,,,/ /,,0,,,,,,,0,,2002-01-17 00:00:00,,marbled endpapers and edgings,OHM B1811,book,,,,,,Documentary Artifact,,362 p,,,clarendon press,,oxford,,,,,vol 5,,,,,,Shelf,,/ /,,music,,,/ /,,,,,oxford history of music,,,,,,,,,,,,0,0,0,0,0,/ /,/ /,,/ /,,,,,,,,,,2007-10-26 14:05:00,Unknown,/ /,.F.
OHM B1800,0,,,,,,pes,2002-01-17 00:00:00,,Osborne Homestead Museum,/ /,,Good,,,1,"hope, robert charles",,0,0,,1894,,,1880,,,0,,,,,/ /,/ / : : AM,,,8: Communication Artifact,livingroom case behind grandfather clock,0,,/ /,,,,0,,/ /,,,,0,0,,,,/ /,,0,,,,,,,0,,2002-01-17 00:00:00,,marbled endpapers and edgings,OHM B1800,book,,,,,,Documentary Artifact,,176 p,,,scribner,,new york,,,,,,,,,,,Shelf,,/ /,,music,,,/ /,,,,,mediaeval music,,,,,,,,,,,,0,0,0,0,0,/ /,/ /,,/ /,,,,,,,,,,2007-10-26 14:06:00,Unknown,/ /,.F.
OHM B1801,0,,,,,,pes,2002-01-17 00:00:00,,Osborne Homestead Museum,/ /,,Good,,,1,"smith, justin h",,0,0,,1899,,,1880,,,0,,,,,/ /,/ / : : AM,,,8: Communication Artifact,LIBRARY Case 6 Row 7,0,,/ /,,,,0,,/ /,,,,0,0,,,,/ /,,0,,,,,,,0,,2002-01-17 00:00:00,,marbled endpapers and edgings,OHM B1801,book,,,,,,Documentary Artifact,,493 p,,,putnam,,new york,,,,,vol 1,,,,,,Shelf,,/ /,,music,,,/ /,,,,,troubadours at home,,,,,,,,,,,,0,0,0,0,0,/ /,/ /,,/ /,,,,,,,,,,2010-08-08 12:37:00,Unknown,/ /,.F.
OHM B1802,0,,,,,,pes,2002-01-17 00:00:00,,Osborne Homestead Museum,/ /,,Good,,,1,"smith, justin h",,0,0,,1899,,,1880,,,0,,,,,/ /,/ / : : AM,,,8: Communication Artifact,LIBRARY Case 6 Row 7,0,,/ /,,,,0,,/ /,,,,0,0,,,,/ /,,0,,,,,,,0,,2002-01-17 00:00:00,,marbled endpapers and edgings,OHM B1802,book,,,,,,Documentary Artifact,,493 p,,,putnam,,new york,,,,,vol 2,,,,,,Shelf,,/ /,,music,,,/ /,,,,,troubadours at home,,,,,,,,,,,,0,0,0,0,0,/ /,/ /,,/ /,,,,,,,,,,2010-08-08 12:38:00,Unknown,/ /,.F.
OHM B1826,0,,,,,,pes,2002-01-17 00:00:00,,Osborne Homestead Museum,/ /,,Good,,,1,"browning, robert",,0,0,,1898,,,1880,,,0,,,,,/ /,/ / : : AM,,,8: Communication Artifact,livingroom case behind grandfather clock,0,,/ /,,,,0,,/ /,,,,0,0,,,,/ /,,0,,,,,,,0,,2002-01-17 00:00:00,,marbled endpapers and edgings,OHM B1826,book,,,,,,Documentary Artifact,,200 p,,,crowell,,new york,,,,,,,,,,,Shelf,,/ /,,english poetry,,,/ /,,,,,agamemon,,,,,,,,,,,,0,0,0,0,0,/ /,/ /,,/ /,,,,,,,,,,2007-10-26 14:10:00,Unknown,/ /,.F.
OHM B1827,0,,,,,,pes,2002-01-17 00:00:00,,Osborne Homestead Museum,/ /,,Good,,,1,"browning, robert",,0,0,,1898,,,1880,,,0,,,,,/ /,/ / : : AM,,,8: Communication Artifact,livingroom case behind grandfather clock,0,,/ /,,,,0,,/ /,,,,0,0,,,,/ /,,0,,,,,,,0,,2002-01-17 00:00:00,,marbled endpapers and edgings,OHM B1827,book,,,,,,Documentary Artifact,,200 p,,,crowell,,new york,,,,,,,,,,,Shelf,,/ /,,english poetry,,,/ /,,,,,balaustion's adventure,,,,,,,,,,,,0,0,0,0,0,/ /,/ /,,/ /,,,,,,,,,,2007-10-26 14:11:00,Unknown,/ /,.F.
OHM B1828,0,,,,,,pes,2002-01-17 00:00:00,,Osborne Homestead Museum,/ /,,Good,,,1,"browning, robert",,0,0,,1898,,,1880,,,0,,,,,/ /,/ / : : AM,,,8: Communication Artifact,livingroom case behind grandfather clock,0,,/ /,,,,0,,/ /,,,,0,0,,,,/ /,,0,,,,,,,0,,2002-01-17 00:00:00,,marbled endpapers and edgings,OHM B1828,book,,,,,,Documentary Artifact,,200 p,,,crowell,,new york,,,,,,,,,,,Shelf,,/ /,,english poetry,,,/ /,,,,,dramatic lyrics,,,,,,,,,,,,0,0,0,0,0,/ /,/ /,,/ /,,,,,,,,,,2007-10-26 14:11:00,Unknown,/ /,.F.
OHM B1829,0,,,,,,pes,2002-01-17 00:00:00,,Osborne Homestead Museum,/ /,,Good,,,1,"browning, robert",,0,0,,1898,,,1880,,,0,,,,,/ /,/ / : : AM,,,8: Communication Artifact,livingroom case behind grandfather clock,0,,/ /,,,,0,,/ /,,,,0,0,,,,/ /,,0,,,,,,,0,,2002-01-17 00:00:00,,marbled endpapers and edgings,OHM B1829,book,,,,,,Documentary Artifact,,200 p,,,crowell,,new york,,,,,,,,,,,Shelf,,/ /,,english poetry,,,/ /,,,,,return of the druses,,,,,,,,,,,,0,0,0,0,0,/ /,/ /,,/ /,,,,,,,,,,2007-10-26 14:12:00,Unknown,/ /,.F.
OHM B1830,0,,,,,,pes,2002-01-17 00:00:00,,Osborne Homestead Museum,/ /,,Good,,,1,"browning, robert",,0,0,,1898,,,1880,,,0,,,,,/ /,/ / : : AM,,,8: Communication Artifact,livingroom case behind grandfather clock,0,,/ /,,,,0,,/ /,,,,0,0,,,,/ /,,0,,,,,,,0,,2002-01-17 00:00:00,,marbled endpapers and edgings,OHM B1830,book,,,,,,Documentary Artifact,,200 p,,,crowell,,new york,,,,,,,,,,,Shelf,,/ /,,english poetry,,,/ /,,,,,ferishtah's fancies,,,,,,,,,,,,0,0,0,0,0,/ /,/ /,,/ /,,,,,,,,,,2007-10-26 14:13:00,Unknown,/ /,.F.
OHM B1823,0,,,,,,pes,2002-01-17 00:00:00,,Osborne Homestead Museum,/ /,,Good,,,1,"browning, robert",,0,0,,1898,,,1880,,,0,,,,,/ /,/ / : : AM,,,8: Communication Artifact,livingroom case behind grandfather clock,0,,/ /,,,,0,,/ /,,,,0,0,,,,/ /,,0,,,,,,,0,,2002-01-17 00:00:00,,marbled endpapers and edgings,OHM B1823,book,,,,,,Documentary Artifact,,200 p,,,crowell,,new york,,,,,,,,,,,Shelf,,/ /,,english poetry,,,/ /,,,,,men and women,,,,,,,,,,,,0,0,0,0,0,/ /,/ /,,/ /,,,,,,,,,,2007-10-26 14:14:00,Unknown,/ /,.F.
OHM B1824,0,,,,,,pes,2002-01-17 00:00:00,,Osborne Homestead Museum,/ /,,Good,,,1,"browning, robert",,0,0,,1898,,,1880,,,0,,,,,/ /,/ / : : AM,,,9: Recreational Artifacts,livingroom case behind grandfather clock,0,,/ /,,,,0,,/ /,,,,0,0,,,,/ /,,0,,,,,,,0,,2002-01-17 00:00:00,,marbled endpapers and edgings,OHM B1824,book,,,,,,Toy,,200 p,,,crowell,,new york,,,,,,,,,,,Shelf,,/ /,,english poetry,,,/ /,,,,,pauline,,,,,,,,,,,,0,0,0,0,0,/ /,/ /,,/ /,,,,,,,,,,2007-10-26 14:14:00,Unknown,/ /,.F.
OHM B1825,0,,,,,,pes,2002-01-17 00:00:00,,Osborne Homestead Museum,/ /,,Good,,,1,"browning, robert",,0,0,,1898,,,1880,,,0,,,,,/ /,/ / : : AM,,,10: Unclassifiable Artifacts,livingroom case behind grandfather clock,0,,/ /,,,,0,,/ /,,,,0,0,,,,/ /,,0,,,,,,,0,,2002-01-17 00:00:00,,marbled endpapers and edgings,OHM B1825,book,,,,,,Need to Pick Subcategory,,200 p,,,crowell,,new york,,,,,,,,,,,Shelf,,/ /,,english poetry,,,/ /,,,,,prince holenstiel,,,,,,,,,,,,0,0,0,0,0,/ /,/ /,,/ /,,,,,,,,,,2007-10-26 14:16:00,Unknown,/ /,.F.
OHM B1831,0,,,,,,pes,2002-01-17 00:00:00,,Osborne Homestead Museum,/ /,,Good,,,1,"browning, robert",,0,0,,1898,,,1880,,,0,,,,,/ /,/ / : : AM,,,10: Unclassifiable Artifacts,livingroom case behind grandfather clock,0,,/ /,,,,0,,/ /,,,,0,0,,,,/ /,,0,,,,,,,0,,2002-01-17 00:00:00,,marbled endpapers and edgings,OHM B1831,book,,,,,,Need to Pick Subcategory,,200 p,,,crowell,,new york,,,,,,,,,,,Shelf,,/ /,,english poetry,,,/ /,,,,,red cotton night cap country,,,,,,,,,,,,0,0,0,0,0,/ /,/ /,,/ /,,,,,,,,,,2007-10-26 14:17:00,Unknown,/ /,.F.
OHM B1820,0,,,,,,pes,2002-01-17 00:00:00,,Osborne Homestead Museum,/ /,,Good,,,1,"browning, robert",,0,0,,1898,,,1880,,,0,,,,,/ /,/ / : : AM,,,10: Unclassifiable Artifacts,livingroom case behind grandfather clock,0,,/ /,,,,0,,/ /,,,,0,0,,,,/ /,,0,,,,,,,0,,2002-01-17 00:00:00,,marbled endpapers and edgings,OHM B1820,book,,,,,,Need to Pick Subcategory,,200 p,,,crowell,,new york,,,,,vol 1,,,,,,Shelf,,/ /,,english poetry,,,/ /,,,,,the ring and the book,,,,,,,,,,,,0,0,0,0,0,/ /,/ /,,/ /,,,,,,,,,,2007-10-26 14:17:00,Unknown,/ /,.F.
OHM B1821,0,,,,,,pes,2002-01-17 00:00:00,,Osborne Homestead Museum,/ /,,Good,,,1,"browning, robert",,0,0,,1898,,,1880,,,0,,,,,/ /,/ / : : AM,,,10: Unclassifiable Artifacts,livingroom case behind grandfather clock,0,,/ /,,,,0,,/ /,,,,0,0,,,,/ /,,0,,,,,,,0,,2002-01-17 00:00:00,,marbled endpapers and edgings,OHM B1821,book,,,,,,Need to Pick Subcategory,,200 p,,,crowell,,new york,,,,,vol 2,,,,,,Shelf,,/ /,,english poetry,,,/ /,,,,,the ring and the book,,,,,,,,,,,,0,0,0,0,0,/ /,/ /,,/ /,,,,,,,,,,2007-10-26 14:18:00,Unknown,/ /,.F.
OHM B1822,0,,,,,,pes,2002-01-17 00:00:00,,Osborne Homestead Museum,/ /,,Good,,,1,"browning, robert",,0,0,,1898,,,1880,,,0,,,,,/ /,/ / : : AM,,,10: Unclassifiable Artifacts,livingroom case behind grandfather clock,0,,/ /,,,,0,,/ /,,,,0,0,,,,/ /,,0,,,,,,,0,,2002-01-17 00:00:00,,marbled endpapers and edgings,OHM B1822,book,,,,,,Need to Pick Subcategory,,200 p,,,crowell,,new york,,,,,,,,,,,Shelf,,/ /,,english poetry,,,/ /,,,,,stafford,,,,,,,,,,,,0,0,0,0,0,/ /,/ /,,/ /,,,,,,,,,,2007-10-26 14:19:00,Unknown,/ /,.F.
OHM B1852,0,,,,,,pes,2002-01-17 00:00:00,,Osborne Homestead Museum,/ /,,Good,,,1,"jourdain, m.",,0,0,,1912,,,1880,,,0,,,,,/ /,/ / : : AM,,,10: Unclassifiable Artifacts,livingroom case by driveway,0,,/ /,,,,0,,/ /,,,,0,0,,,,/ /,,0,,,,,,,0,,2002-01-17 00:00:00,,marbled endpapers and edgings,OHM B1852,book,,,,,,Need to Pick Subcategory,,202 p,,,dutton,,new york,,,,,,,,,,,Shelf,,/ /,,emboidery,,,/ /,,,,,history of english secular embroidery,,,,,,,,,,,,0,0,0,0,0,/ /,/ /,,/ /,,,,,,,,,,2007-10-26 14:21:00,Unknown,/ /,.F.
OHM B1853,0,,,,,,pes,2002-01-17 00:00:00,,Osborne Homestead Museum,/ /,,Good,,,1,"groome, francis h,",,0,0,,mdccxcv,,,1880,,,0,,,,,/ /,/ / : : AM,,,10: Unclassifiable Artifacts,livingroom case by driveway,0,,/ /,,,,0,,/ /,,,,0,0,,,,/ /,,0,,,,,,,0,,2002-01-17 00:00:00,,marbled endpapers and edgings,OHM B1853,book,,,,,,Need to Pick Subcategory,,132 p,,,wm blackwood and sons,,london,,,,,,,,,,,Shelf,,/ /,,novel,,,/ /,,,,,two suffolk friends,,,,,,,,,,,,0,0,0,0,0,/ /,/ /,,/ /,,,,,,,,,,2007-10-26 14:24:00,Unknown,/ /,.F.
OHM B1850,0,,,,,,pes,2002-01-17 00:00:00,,Osborne Homestead Museum,/ /,,Good,,,1,"howells, w d",,0,0,,mdccxcv 1901,,,1880,,,0,,,,,/ /,/ / : : AM,,,10: Unclassifiable Artifacts,livingroom case by driveway,0,,/ /,,,,0,,/ /,,,,0,0,,,,/ /,,0,,,,,,,0,,2002-01-17 00:00:00,,marbled endpapers and edgings,OHM B1850,book,,,,,,Need to Pick Subcategory,,238 p,,,harper,,new york,,,,,vol 1,,,,,,Shelf,,/ /,,literary criticism,,,/ /,,,,,heroines of fiction,,,,,,,,,,,,0,0,0,0,0,/ /,/ /,,/ /,,,,,,,,,,2007-10-26 14:26:00,Unknown,/ /,.F.
OHM B1851,0,,,,,,pes,2002-01-17 00:00:00,,Osborne Homestead Museum,/ /,,Good,,,1,"howells, w d",,0,0,,mdccxcv 1901,,,1880,,,0,,,,,/ /,/ / : : AM,,,10: Unclassifiable Artifacts,livingroom case by driveway,0,,/ /,,,,0,,/ /,,,,0,0,,,,/ /,,0,,,,,,,0,,2002-01-17 00:00:00,,marbled endpapers and edgings,OHM B1851,book,,,,,,Need to Pick Subcategory,,273 p,,,harper,,new york,,,,,vol 2,,,,,,Shelf,,/ /,,literary criticism,,,/ /,,,,,heroines of fiction,,,,,,,,,,,,0,0,0,0,0,/ /,/ /,,/ /,,,,,,,,,,2007-10-26 14:26:00,Unknown,/ /,.F.
OHM B1854,0,,,,,,pes,2002-01-17 00:00:00,,Osborne Homestead Museum,/ /,,Good,,,1,"mitchell, donald g",,0,0,,1899,,,1880,,,0,,,,,/ /,/ / : : AM,,,10: Unclassifiable Artifacts,livingroom case by driveway,0,,/ /,,,,0,,/ /,,,,0,0,,,,/ /,,0,,,,,,,0,,2002-01-17 00:00:00,,marbled endpapers and edgings,OHM B1854,book,,,,,,Need to Pick Subcategory,,412 p,,,scribner,,new york,,,,,leather stockings,,,,,,Shelf,,/ /,,literary criticism,,,/ /,,,,,american land and letters,,,,,,,,,,,,0,0,0,0,0,/ /,/ /,,/ /,,,,,,,,,,2007-10-26 14:28:00,Unknown,/ /,.F.
OHM B1855,0,,,,,,pes,2002-01-17 00:00:00,,Osborne Homestead Museum,/ /,,Good,,,1,"mitchell, donald g",,0,0,,1899,,,1880,,,0,,,,,/ /,/ / : : AM,,,10: Unclassifiable Artifacts,livingroom case by driveway,0,,/ /,,,,0,,/ /,,,,0,0,,,,/ /,,0,,,,,,,0,,2002-01-17 00:00:00,,marbled endpapers and edgings,OHM B1855,book,,,,,,Need to Pick Subcategory,,412 p,,,scribner,,new york,,,,,cotton mather,,,,,,Shelf,,/ /,,literary criticism,,,/ /,,,,,american land and letters,,,,,,,,,,,,0,0,0,0,0,/ /,/ /,,/ /,,,,,,,,,,2007-10-26 14:29:00,Unknown,/ /,.F.
OHM B1860,0,,,,,,pes,2002-01-17 00:00:00,,Osborne Homestead Museum,/ /,,Good,,,1,"carlyle, thomas",,0,0,,1913,,,1880,,,0,,,,,/ /,/ / : : AM,,,10: Unclassifiable Artifacts,livingroom case by driveway,0,,/ /,,,,0,,/ /,,,,0,0,,,,/ /,,0,,,,,,,0,,2002-01-17 00:00:00,,marbled endpapers and edgings,OHM B1860,book,,,,,,Need to Pick Subcategory,,445 p,,,scribner,,new york,,,,,vol 1,,,,,,Shelf,,/ /,,biography,,,/ /,,,,,letters and memorials of jane welsh carlyle,,,,,,,,,,,,0,0,0,0,0,/ /,/ /,,/ /,,,,,,,,,,2007-10-26 14:31:00,Unknown,/ /,.F.
OHM B1861,0,,,,,,pes,2002-01-17 00:00:00,,Osborne Homestead Museum,/ /,,Good,,,1,"carlyle, thomas",,0,0,,1913,,,1880,,,0,,,,,/ /,/ / : : AM,,,10: Unclassifiable Artifacts,livingroom case by driveway,0,,/ /,,,,0,,/ /,,,,0,0,,,,/ /,,0,,,,,,,0,,2002-01-17 00:00:00,,marbled endpapers and edgings,OHM B1861,book,,,,,,Need to Pick Subcategory,,405 p,,,scribner,,new york,,,,,vol 2,,,,,,Shelf,,/ /,,biography,,,/ /,,,,,letters and memorials of jane welsh carlyle,,,,,,,,,,,,0,0,0,0,0,/ /,/ /,,/ /,,,,,,,,,,2007-10-26 14:31:00,Unknown,/ /,.F.
OHM B1905,0,,,,,,pes,2002-01-17 00:00:00,,Osborne Homestead Museum,/ /,,Good,,,1,"fitzwilliam, ada w and hands, a f morris",,0,0,,1913,1913,,1880,,,0,,,,,/ /,/ / : : AM,,,10: Unclassifiable Artifacts,livingroom case by driveway,0,,/ /,,,,0,,/ /,,,,0,0,,,,/ /,,0,,,,,,,0,,2002-01-17 00:00:00,,marbled endpapers and edgings,OHM B1905,book,,,,,,Need to Pick Subcategory,,56 p,,,dutton,,new york,,,,,,,,,,,Shelf,,/ /,,embroidery,,,/ /,,,,,jacobean emroidery,,,,,,,,,,,,0,0,0,0,0,/ /,/ /,,/ /,,,,,,,,,,2007-10-26 14:34:00,Unknown,/ /,.F.
OHM B1906,0,,,,,,pes,2002-01-17 00:00:00,,Osborne Homestead Museum,/ /,,Good,,,1,"schnitzler, arthur",,0,0,,no date,1913,,1880,,,0,,,,,/ /,/ / : : AM,,,10: Unclassifiable Artifacts,livingroom case by driveway,0,,/ /,,,,0,,/ /,,,,0,0,,,,/ /,,0,,,,,,,0,,2002-01-17 00:00:00,,marbled endpapers and edgings,OHM B1906,book,,,,,,Need to Pick Subcategory,,123 p,,,mcclurg,,chicago,,,,,,,,,,,Shelf,,/ /,,plays,,,/ /,,,,,green cockatoo and other plays,,,,,,,,,,,,0,0,0,0,0,/ /,/ /,,/ /,,,,,,,,,,2007-10-26 14:35:00,Unknown,/ /,.F.
OHM B1900,0,,,,,,pes,2002-01-17 00:00:00,,Osborne Homestead Museum,/ /,,Good,,,1,"sterne, laurence",,0,0,,1910,1913,,1880,,,0,,,,,/ /,/ / : : AM,,,8: Communication Artifact,LIBRARY Case 6 Row 7,0,,/ /,,,,0,,/ /,,,,0,0,,,,/ /,,0,,,,,,,0,,2002-01-17 00:00:00,,marbled endpapers and edgings,OHM B1900,book,,,,,,Documentary Artifact,,187 p,,,putnam,,new york,,,,,,,,,,,Shelf,,/ /,,travel italy france,,,/ /,,,,,sentimental journey through france and italy,,,,,,,,,,,,0,0,0,0,0,/ /,/ /,,/ /,,,,,,,,,,2010-08-08 12:42:00,Unknown,/ /,.F.
OHM B1901,0,,,,,,pes,2002-01-17 00:00:00,,Osborne Homestead Museum,/ /,,Good,,,1,"Longfellow, Henry Wadsworth",,0,0,,1883,1913,,1880,,,0,,,,,/ /,/ / : : AM,,,8: Communication Artifact,LIBRARY Case 8 Row 2,0,,/ /,,,,0,,/ /,,,,0,0,,,,/ /,,0,,,,,,,0,,2002-01-17 00:00:00,,marbled endpapers and edgings,OHM B1901,book,,,,,,Documentary Artifact,,61 p,,,houghton mifflin,,boston,,,,,,,,,,,Shelf,,/ /,,poetry american lit.,,,/ /,,,,,Twenty Poems by Longfellow,,,,,,,,,,,,0,0,0,0,0,/ /,/ /,,/ /,,,,,,,,,,2010-07-11 14:10:00,Unknown,/ /,.F.
OHM B1890,0,,,,,,pes,2002-01-17 00:00:00,,Osborne Homestead Museum,/ /,,Good,,,1,"Brewer, Rev. E. Cobham",,0,0,,no date,1913,,1880,2nd,,0,,,,,/ /,/ / : : AM,,,8: Communication Artifact,LIBRARY Case 6 Row 4,0,,/ /,,,,0,,/ /,,,English,0,0,,,,/ /,,0,,,,,,,0,,2002-01-17 00:00:00,,marbled endpapers and edgings,OHM B1890,book,,,,,,Documentary Artifact,,979 p,,,"claxton, remsen and haffelfinger",,philadelphia,,,,,,,,,,,Shelf,,/ /,,dictionary literary terms,,,/ /,,,,,Dictionary of Phrase and Fable,,,,,,,,,,,,0,0,0,0,0,/ /,/ /,,/ /,,,,,,,,,,2010-08-01 13:05:00,Unknown,/ /,.F.
OHM B1881,0,,,,,,pes,2002-01-17 00:00:00,,Osborne Homestead Museum,/ /,,Good,,,1,"Trench, Richard C",,0,0,,1858,1913,,1880,2nd,,0,,,,,/ /,/ / : : AM,,,8: Communication Artifact,LIBRARY Case 6 Row 5,0,,/ /,,,,0,,/ /,,,English,0,0,,,,/ /,,0,,,,,,,0,,2002-01-17 00:00:00,,marbled endpapers and edgings,OHM B1881,book,,,,,,Documentary Artifact,,236 p,,,redfield,,new york,,,,,,,,,,,Shelf,,/ /,,dictionary literary terms,,,/ /,,,,,On the Study of ords,,,,,,,,,,,,0,0,0,0,0,/ /,/ /,,/ /,,,,,,,,,,2010-08-01 13:12:00,Unknown,/ /,.F.
OHM B1882,0,,,,,,pes,2002-01-17 00:00:00,,Osborne Homestead Museum,/ /,,Good,,,1,"Trench, Richard C",,0,0,,1855,1913,,1880,,,0,,,,,/ /,/ / : : AM,,,8: Communication Artifact,LIBRARY Case 6 Row 5,0,,/ /,,,,0,,/ /,,,English,0,0,,,,/ /,,0,,,,,,,0,,2002-01-17 00:00:00,,marbled endpapers and edgings,OHM B1882,book,,,,,,Documentary Artifact,,213 p,,,redfield,,new york,,,,,,,,,,,Shelf,,/ /,,"dictionary english language, history",,,/ /,,,,,English Past and Present,,,,,,,,,,,,0,0,0,0,0,/ /,/ /,,/ /,,,,,,,,,,2010-08-01 13:10:00,Unknown,/ /,.F.
OHM B1880,0,,,,,,pes,2002-01-17 00:00:00,,Osborne Homestead Museum,/ /,,Good,,,1,"muller, max",,0,0,,1890,1913,,1880,,,0,,,,,/ /,/ / : : AM,,,8: Communication Artifact,livingroom case by driveway,0,,/ /,,,,0,,/ /,,,English,0,0,,,,/ /,,0,,,,,,,0,,2002-01-17 00:00:00,,marbled endpapers and edgings,OHM B1880,book,,,,,,Documentary Artifact,,622 p,,,scribner,,new york,,,,,2 nd,,,,,,Shelf,,/ /,,"dictionary english language, history",,,/ /,,,,,english past and present,,,,,,,,,,,,0,0,0,0,0,/ /,/ /,,/ /,,,,,,,,,,2007-10-28 11:22:00,Unknown,/ /,.F.
OHM B1889,0,,,,,,pes,2002-01-17 00:00:00,,Osborne Homestead Museum,/ /,,Good,,,1,"Whitney, William Dwight",,0,0,,1890 1891,1913,,1880,,,0,,,,,/ /,/ / : : AM,,,8: Communication Artifact,LIBRARY Case 6 Row 5,0,,/ /,,,,0,,/ /,,,English,0,0,,,,/ /,,0,,,,,,,0,,2002-01-17 00:00:00,,marbled endpapers and edgings,OHM B1889,book,,,,,,Documentary Artifact,,177 p,,,holt,,new york,,,,,,,,,,,Shelf,,/ /,,dictionary french language,,,/ /,,,,,Brief French Grammar,,,,,,,,,,,,0,0,0,0,0,/ /,/ /,,/ /,,,,,,,,,,2010-08-01 13:31:00,Unknown,/ /,.F.
OHM B1872,0,,,,,,pes,2002-01-17 00:00:00,,Osborne Homestead Museum,/ /,,Good,,,1,"Drachmann, Holger",,0,0,,1895,1913,,1880,,,0,,,,,/ /,/ / : : AM,,,8: Communication Artifact,LIBRARY Case 6 Row 5,0,,/ /,,,,0,,/ /,,,English,0,0,,,,/ /,,0,,,,,,,0,,2002-01-17 00:00:00,,marbled endpapers and edgings,OHM B1872,book,,,,,,Documentary Artifact,,208 p,,,way and williams,,chicago,,,,,,,,,,,Shelf,,/ /,,novel,,,/ /,,,,,Paul and Virginia of a Northern Zone,,,,,,,,,,,,0,0,0,0,0,/ /,/ /,,/ /,,,,,,,,,,2010-08-01 13:39:00,Unknown,/ /,.F.
OHM B1875,0,,,,,,pes,2002-01-17 00:00:00,,Osborne Homestead Museum,/ /,,Good,,,1,"Warner, Charles Dudley",,0,0,,1885,,,1880,13th,,0,,,,,/ /,/ / : : AM,,,8: Communication Artifact,LIBRARY Case 6 Row 5,0,,/ /,,,,0,,/ /,,,English,0,0,,,,/ /,,0,,,,,,,0,,2002-01-17 00:00:00,,marbled endpapers and edgings,OHM B1875,book,,,,,,Documentary Artifact,,262 p,,,houghton mifflin,,boston,,,,,,,,,,,Shelf,,/ /,,literary essays,,,/ /,,,,,Backlog Studies,,,,,,,,,,,,0,0,0,0,0,/ /,/ /,,/ /,,,,,,,,,,2010-08-01 13:40:00,Unknown,/ /,.F.
OHM B1874,0,,,,,,pes,2002-01-17 00:00:00,,Osborne Homestead Museum,/ /,,Good,,,1,"Harte, Bret",,0,0,,1885,,,1880,11th,,0,,,,,/ /,/ / : : AM,,,8: Communication Artifact,LIBRARY Case 6 Row 5,0,,/ /,,,,0,,/ /,,,English,0,0,,,,/ /,,0,,,,,,,0,,2002-01-17 00:00:00,,marbled endpapers and edgings,OHM B1874,book,,,,,,Documentary Artifact,,279 p,,,houghton mifflin,,boston,,,,,,,,,,,Shelf,,/ /,,short stories american literature,,,/ /,,,,,Luck of Roaring Camp and Other Stories,,,,,,,,,,,,0,0,0,0,0,/ /,/ /,,/ /,,,,,,,,,,2010-08-01 13:42:00,Unknown,/ /,.F.
OHM B1873,0,,,,,,pes,2002-01-17 00:00:00,,Osborne Homestead Museum,/ /,,Good,,,1,"Aldrich, Thomas Bailey",,0,0,,1896,,,1880,11th,,0,,,,,/ /,/ / : : AM,,,8: Communication Artifact,LIBRARY Case 6 Row 5,0,,/ /,,,,0,,/ /,,,English,0,0,,,,/ /,,0,,,,,,,0,,2002-01-17 00:00:00,,marbled endpapers and edgings,OHM B1873,book,,,,,,Documentary Artifact,,287 p,,,houghton mifflin,,boston,,,,,,,,,,,Shelf,,/ /,,short stories american literature,,,/ /,,,,,Marjorie Daw and Other Stories,,,,,,,,,,,,0,0,0,0,0,/ /,/ /,,/ /,,,,,,,,,,2010-08-01 13:38:00,Unknown,/ /,.F.
OHM B1870,0,,,,,,pes,2002-01-17 00:00:00,,Osborne Homestead Museum,/ /,,Good,,,1,"Destaal-Delaunay, Madame",,0,0,,1892,,,1880,Vol 1 ltd ed,,0,,,,,/ /,/ / : : AM,,,8: Communication Artifact,LIBRARY Case 6 Row 5,0,,/ /,,,,0,,/ /,,,English,0,0,,,,/ /,,0,,,,,,,0,,2002-01-17 00:00:00,,marbled endpapers and edgings,OHM B1870,book,,,,,,Documentary Artifact,,208 p,,,"james osgood, mcilvaine",,london,,,,,,,,,,,Shelf,,/ /,,memoirs biography,,,/ /,,,,,Memoires,,,,,,,,,,,,0,0,0,0,0,/ /,/ /,,/ /,,,,,,,,,,2010-08-01 13:46:00,Unknown,/ /,.F.
OHM B1950,0,,,,,,pes,2002-01-17 00:00:00,,Osborne Homestead Museum,/ /,,Good,,,1,"de goncourt, edmond and jules",,0,0,,1895,,,1880,,,0,,,,,/ /,/ / : : AM,,,8: Communication Artifact,livingroom case by driveway,0,,/ /,,,,0,,/ /,,,English,0,0,,,,/ /,,0,,,,,,,0,,2002-01-17 00:00:00,,marbled endpapers and edgings,OHM B1950,book,,,,,,Documentary Artifact,,244 p,,,"dodd, mead",,new york,,,,,vol 1,,,,,,Shelf,,/ /,,memoirs biography,,,/ /,,,,,letters and journald,,,,,,,,,,,,0,0,0,0,0,/ /,/ /,,/ /,,,,,,,,,,2007-10-28 11:36:00,Unknown,/ /,.F.
OHM B1951,0,,,,,,pes,2002-01-17 00:00:00,,Osborne Homestead Museum,/ /,,Good,,,1,"de goncourt, edmond and jules",,0,0,,1895,,,1880,,,0,,,,,/ /,/ / : : AM,,,8: Communication Artifact,livingroom case by driveway,0,,/ /,,,,0,,/ /,,,English,0,0,,,,/ /,,0,,,,,,,0,,2002-01-17 00:00:00,,marbled endpapers and edgings,OHM B1951,book,,,,,,Documentary Artifact,,244 p,,,"dodd, mead",,new york,,,,,vol 2,,,,,,Shelf,,/ /,,memoirs biography,,,/ /,,,,,letters and journald,,,,,,,,,,,,0,0,0,0,0,/ /,/ /,,/ /,,,,,,,,,,2007-10-28 11:36:00,Unknown,/ /,.F.
OHM B2002,0,,,,,,pes,2002-01-17 00:00:00,,Osborne Homestead Museum,/ /,,Good,,,1,"grahame, kenneth",,0,0,,1898,,,1880,,,0,,,,,/ /,/ / : : AM,,,8: Communication Artifact,livingroom case by driveway,0,,/ /,,,,0,,/ /,,,English,0,0,,,,/ /,,0,,,,,,,0,,2002-01-17 00:00:00,,marbled endpapers and edgings,OHM B2002,book,,,,,,Documentary Artifact,,192 p,,,bodley head,,new york and london,,,,,,,,,,,Shelf,,/ /,,essays,,,/ /,,,,,pagan papers,,,,,,,,,,,,0,0,0,0,0,/ /,/ /,,/ /,,,,,,,,,,2007-10-28 11:38:00,Unknown,/ /,.F.
OHM B2001,0,,,,,,pes,2002-01-17 00:00:00,,Osborne Homestead Museum,/ /,,Good,,,1,"winchester, c t",,0,0,,1899,,,1880,,,0,,,,,/ /,/ / : : AM,,,8: Communication Artifact,livingroom case by driveway,0,,/ /,,,,0,,/ /,,,English,0,0,,,,/ /,,0,,,,,,,0,,2002-01-17 00:00:00,,marbled endpapers and edgings,OHM B2001,book,,,,,,Documentary Artifact,,352 p,,,macmillan,,new york,,,,,,,,,,,Shelf,,/ /,,essays literary criticism,,,/ /,,,,,some principles of literary criticism,,,,,,,,,,,,0,0,0,0,0,/ /,/ /,,/ /,,,,,,,,,,2007-10-28 11:40:00,Unknown,/ /,.F.
OHM B2000,0,,,,,,pes,2002-01-17 00:00:00,,Osborne Homestead Museum,/ /,,Good,,,1,"cross, wilbur l",,0,0,,1899,,,1880,,,0,,,,,/ /,/ / : : AM,,,8: Communication Artifact,livingroom case by driveway,0,,/ /,,,,0,,/ /,,,English,0,0,,,,/ /,,0,,,,,,,0,,2002-01-17 00:00:00,,marbled endpapers and edgings,OHM B2000,book,,,,,,Documentary Artifact,,329 p,,,macmillan,,new york,,,,,,,,,,,Shelf,,/ /,,essays literary criticism,,,/ /,,,,,development of the english novel,,,,,,,,,,,,0,0,0,0,0,/ /,/ /,,/ /,,,,,,,,,,2007-10-28 11:41:00,Unknown,/ /,.F.
OHM B 4000,0,,,,,,pes,2009-08-28 00:00:00,,Osborne Homestead Museum,/ /,,Good,,,1,"Hawthorne, Nathaniel",,0,0,,1882,,,1906,,,0,,,,,/ /,/ / : : AM,,,8: Communication Artifact,LIBRARY CASE BY MUSIC CABINET,0,,/ /,,,,0,,/ /,,,,0,0,,,,/ /,,0,,,,,,,0,,2009-08-28 00:00:00,,,OHM B 4000,book,,,,,,Documentary Artifact,,538 p.,,,Houghton Mifflin,,Boston,,,,,,,1917,,,,Shelf,,/ /,,"fidtion, American",,,/ /,,,,,Twice Told Tales,,,,,,,,,,,,0,0,0,0,0,/ /,/ /,,/ /,,,,,,,,,,2009-08-28 14:09:00,Unknown,/ /,.F.
OHM B 4001,0,,,,,,pes,2009-08-28 00:00:00,,Osborne Homestead Museum,/ /,,Good,,,1,"Hawthorne, Nathaniel",,0,0,,1882,,,1906,,,0,,,,,/ /,/ / : : AM,,,8: Communication Artifact,LIBRARY CASE BY MUSIC CABINET,0,,/ /,,,,0,,/ /,,,,0,0,,,,/ /,,0,,,,,,,0,,2009-08-28 00:00:00,,,OHM B 4001,book,,,,,,Documentary Artifact,,538 p.,,,Houghton Mifflin,,Boston,,,,,,,1882,,,,Shelf,,/ /,,"fidtion, American",,,/ /,,,,,mosses from an old manse,,,,,,,,,,,,0,0,0,0,0,/ /,/ /,,/ /,,,,,,,,,,2009-08-28 14:10:00,Unknown,/ /,.F.
OHM B 4002,0,,,,,,pes,2009-08-28 00:00:00,,Osborne Homestead Museum,/ /,,Good,,,1,"Hawthorne, Nathaniel",,0,0,,1883,,,1906,,,0,,,,,/ /,/ / : : AM,,,8: Communication Artifact,LIBRARY CASE BY MUSIC CABINET,0,,/ /,,,,0,,/ /,,,,0,0,,,,/ /,,0,,,,,,,0,,2009-08-28 00:00:00,,,OHM B 4002,book,,,,,,Documentary Artifact,,641 p.,,,Houghton Mifflin,,Boston,,,,,,,1882,,,,Shelf,,/ /,,"fidtion, American",,,/ /,,,,,House of the Seven Gables,,,,,,,,,,,,0,0,0,0,0,/ /,/ /,,/ /,,,,,,,,,,2009-08-28 14:12:00,Unknown,/ /,.F.
OHM B 4003,0,,,,,,pes,2009-08-28 00:00:00,,Osborne Homestead Museum,/ /,,Good,,,1,"Hawthorne, Nathaniel",,0,0,,1883,,,1906,,,0,,,,,/ /,/ / : : AM,,,8: Communication Artifact,LIBRARY CASE BY MUSIC CABINET,0,,/ /,,,,0,,/ /,,,,0,0,,,,/ /,,0,,,,,,,0,,2009-08-28 00:00:00,,,OHM B 4003,book,,,,,,Documentary Artifact,,637 p.,,,Houghton Mifflin,,Boston,,,,,,,1883,,,,Shelf,,/ /,,"fidtion, American",,,/ /,,,,,The Wonder Book,,,,,,,,,,,,0,0,0,0,0,/ /,/ /,,/ /,,,,,,,,,,2009-08-28 14:13:00,Unknown,/ /,.F.
OHM B 4004,0,,,,,,pes,2009-08-28 00:00:00,,Osborne Homestead Museum,/ /,,Good,,,1,"Hawthorne, Nathaniel",,0,0,,1883,,,1906,,,0,,,,,/ /,/ / : : AM,,,8: Communication Artifact,LIBRARY CASE BY MUSIC CABINET,0,,/ /,,,,0,,/ /,,,,0,0,,,,/ /,,0,,,,,,,0,,2009-08-28 00:00:00,,,OHM B 4004,book,,,,,,Documentary Artifact,,600 p.,,,Houghton Mifflin,,Boston,,,,,,,1883,,,,Shelf,,/ /,,"fidtion, American",,,/ /,,,,,The Scarlet Letter,,,,,,,,,,,,0,0,0,0,0,/ /,/ /,,/ /,,,,,,,,,,2009-08-28 14:14:00,Unknown,/ /,.F.
OHM B 4005,0,,,,,,pes,2009-08-28 00:00:00,,Osborne Homestead Museum,/ /,,Good,,,1,"Hawthorne, Nathaniel",,0,0,,1888,,,1906,,,0,,,,,/ /,/ / : : AM,,,8: Communication Artifact,LIBRARY CASE BY MUSIC CABINET,0,,/ /,,,,0,,/ /,,,,0,0,,,,/ /,,0,,,,,,,0,,2009-08-28 00:00:00,,,OHM B 4005,book,,,,,,Documentary Artifact,,527 p.,,,Houghton Mifflin,,Boston,,,,,,,1888,,,,Shelf,,/ /,,"fidtion, American",,,/ /,,,,,The Marble faun,,,,,,,,,,,,0,0,0,0,0,/ /,/ /,,/ /,,,,,,,,,,2009-08-28 14:14:00,Unknown,/ /,.F.
OHM B 4006,0,,,,,,pes,2009-08-28 00:00:00,,Osborne Homestead Museum,/ /,,Good,,,1,"Hawthorne, Nathaniel",,0,0,,1891,,,1906,,,0,,,,,/ /,/ / : : AM,,,8: Communication Artifact,LIBRARY CASE BY MUSIC CABINET,0,,/ /,,,,0,,/ /,,,,0,0,,,,/ /,,0,,,,,,,0,,2009-08-28 00:00:00,,,OHM B 4006,book,,,,,,Documentary Artifact,,588 p.,,,Houghton Mifflin,,Boston,,,,,vol 1,,1891,,,,Shelf,,/ /,,"prose , American",,,/ /,,,,,Our Old Home/English Note-books,,,,,,,,,,,,0,0,0,0,0,/ /,/ /,,/ /,,,,,,,,,,2009-08-28 14:16:00,Unknown,/ /,.F.
OHM B 4007,0,,,,,,pes,2009-08-28 00:00:00,,Osborne Homestead Museum,/ /,,Good,,,1,"Hawthorne, Nathaniel",,0,0,,1891,,,1906,,,0,,,,,/ /,/ / : : AM,,,8: Communication Artifact,LIBRARY CASE BY MUSIC CABINET,0,,/ /,,,,0,,/ /,,,,0,0,,,,/ /,,0,,,,,,,0,,2009-08-28 00:00:00,,,OHM B 4007,book,,,,,,Documentary Artifact,,619 p.,,,Houghton Mifflin,,Boston,,,,,vol 2,,1891,,,,Shelf,,/ /,,"prose , American",,,/ /,,,,,Our Old Home/English Note-books,,,,,,,,,,,,0,0,0,0,0,/ /,/ /,,/ /,,,,,,,,,,2009-08-28 14:17:00,Unknown,/ /,.F.
OHM B 4008,0,,,,,,pes,2009-08-28 00:00:00,,Osborne Homestead Museum,/ /,,Good,,,1,"Hawthorne, Nathaniel",,0,0,,1896,,,1906,,,0,,,,,/ /,/ / : : AM,,,8: Communication Artifact,LIBRARY CASE BY MUSIC CABINET,0,,/ /,,,,0,,/ /,,,,0,0,,,,/ /,,0,,,,,,,0,,2009-08-28 00:00:00,,,OHM B 4008,book,,,,,,Documentary Artifact,,458 p.,,,Houghton Mifflin,,Boston,,,,,,,1896,,,,Shelf,,/ /,,"prose , American",,,/ /,,,,,Passages from the American Note-books,,,,,,,,,,,,0,0,0,0,0,/ /,/ /,,/ /,,,,,,,,,,2009-08-28 14:18:00,Unknown,/ /,.F.
OHM B 4009,0,,,,,,pes,2009-08-28 00:00:00,,Osborne Homestead Museum,/ /,,Good,,,1,"Hawthorne, Nathaniel",,0,0,,1883,,,1906,,,0,,,,,/ /,/ / : : AM,,,8: Communication Artifact,LIBRARY CASE BY MUSIC CABINET,0,,/ /,,,,0,,/ /,,,,0,0,,,,/ /,,0,,,,,,,0,,2009-08-28 00:00:00,,,OHM B 4009,book,,,,,,Documentary Artifact,,573 p.,,,Houghton Mifflin,,Boston,,,,,,,1883,,,,Shelf,,/ /,,"prose , American",,,/ /,,,,,Passages from the French and Italian Note-books,,,,,,,,,,,,0,0,0,0,0,/ /,/ /,,/ /,,,,,,,,,,2009-08-28 14:19:00,Unknown,/ /,.F.
OHM B 4010,0,,,,,,pes,2009-08-28 00:00:00,,Osborne Homestead Museum,/ /,,Good,,,1,"Hawthorne, Nathaniel",,0,0,,1883,,,1906,,,0,,,,,/ /,/ / : : AM,,,8: Communication Artifact,LIBRARY CASE BY MUSIC CABINET,0,,/ /,,,,0,,/ /,,,,0,0,,,,/ /,,0,,,,,,,0,,2009-08-28 00:00:00,,,OHM B 4010,book,,,,,,Documentary Artifact,,521 p.,,,Houghton Mifflin,,Boston,,,,,,,1883,,,,Shelf,,/ /,,"prose , American",,,/ /,,,,,"Dolliver Romance, Septimius Felton, etc.",,,,,,,,,,,,0,0,0,0,0,/ /,/ /,,/ /,,,,,,,,,,2009-08-28 14:21:00,Unknown,/ /,.F.
OHM B 4011,0,,,,,,pes,2009-08-28 00:00:00,,Osborne Homestead Museum,/ /,,Good,,,1,"Hawthorne, Nathaniel",,0,0,,1883,,,1906,,,0,,,,,/ /,/ / : : AM,,,8: Communication Artifact,LIBRARY CASE BY MUSIC CABINET,0,,/ /,,,,0,,/ /,,,,0,0,,,,/ /,,0,,,,,,,0,,2009-08-28 00:00:00,,,OHM B 4011,book,,,,,,Documentary Artifact,,569 p.,,,Houghton Mifflin,,Boston,,,,,,,1883,,,,Shelf,,/ /,,"prose , American",,,/ /,,,,,"Tales, Sketches and Other Papers",,,,,,,,,,,,0,0,0,0,0,/ /,/ /,,/ /,,,,,,,,,,2009-08-28 14:21:00,Unknown,/ /,.F.
OHM B 4012,0,,,,,,pes,2009-08-28 00:00:00,,Osborne Homestead Museum,/ /,,Good,,,1,"Hawthorne, Nathaniel",,0,0,,1882,,,1906,,,0,,,,,/ /,/ / : : AM,,,8: Communication Artifact,LIBRARY CASE BY MUSIC CABINET,0,,/ /,,,,0,,/ /,,,,0,0,,,,/ /,,0,,,,,,,0,,2009-08-28 00:00:00,,,OHM B 4012,book,,,,,,Documentary Artifact,,376 p.,,,Houghton Mifflin,,Boston,,,,,,,1882,,,,Shelf,,/ /,,"prose , American",,,/ /,,,,,Dr. Grimshawe's secret/ Index,,,,,,,,,,,,0,0,0,0,0,/ /,/ /,,/ /,,,,,,,,,,2009-08-28 14:22:00,Unknown,/ /,.F.
OHM B 5110,0,,,,,,pes,2009-08-28 00:00:00,,Osborne Homestead Museum,/ /,,Good,,,1,"fitagerald, edward",,0,0,,1892,,,1906,,,0,,,,,/ /,/ / : : AM,,,8: Communication Artifact,LIBRARY CASE BY MUSIC CABINET,0,,/ /,,,,0,,/ /,,,,0,0,,,,/ /,,0,,,,,,,0,,2009-08-28 00:00:00,,,OHM B 5110,book,,,,,,Documentary Artifact,,228 p.,,,"doubleday, page",,new york,,,,,vol 1,,1892,,,,Shelf,,/ /,,poetry and prose,,,/ /,,,,,Variorum and definitive edition of the poetical and prose writings of Edward Fitzgerald,,,,,,,,,,,,0,0,0,0,0,/ /,/ /,,/ /,,,,,,,,,,2009-09-04 10:49:00,Unknown,/ /,.F.
OHM B 5111,0,,,,,,pes,2009-09-04 00:00:00,,Osborne Homestead Museum,/ /,,Good,,,1,"fitagerald, edward",,0,0,,1892,,,1906,,,0,,,,,/ /,/ / : : AM,,,8: Communication Artifact,LIBRARY CASE BY MUSIC CABINET,0,,/ /,,,,0,,/ /,,,,0,0,,,,/ /,,0,,,,,,,0,,2009-08-28 00:00:00,,,OHM B 5111,book,,,,,,Documentary Artifact,,228 p.,,,"doubleday, page",,new york,,,,,vol 2,,1892,,,,Shelf,,/ /,,poetry and prose,,,/ /,,,,,Variorum and definitive edition of the poetical and prose writings of Edward Fitzgerald,,,,,,,,,,,,0,0,0,0,0,/ /,/ /,,/ /,,,,,,,,,,2009-09-04 10:50:00,Unknown,/ /,.F.
OHM B 5112,0,,,,,,pes,2009-09-04 00:00:00,,Osborne Homestead Museum,/ /,,Good,,,1,"fitagerald, edward",,0,0,,1892,,,1906,,,0,,,,,/ /,/ / : : AM,,,8: Communication Artifact,LIBRARY CASE BY MUSIC CABINET,0,,/ /,,,,0,,/ /,,,,0,0,,,,/ /,,0,,,,,,,0,,2009-08-28 00:00:00,,,OHM B 5112,book,,,,,,Documentary Artifact,,228 p.,,,"doubleday, page",,new york,,,,,vol 3,,1892,,,,Shelf,,/ /,,poetry and prose,,,/ /,,,,,Variorum and definitive edition of the poetical and prose writings of Edward Fitzgerald,,,,,,,,,,,,0,0,0,0,0,/ /,/ /,,/ /,,,,,,,,,,2009-09-04 10:50:00,Unknown,/ /,.F.
OHM B 5113,0,,,,,,pes,2009-09-04 00:00:00,,Osborne Homestead Museum,/ /,,Good,,,1,"fitagerald, edward",,0,0,,1892,,,1906,,,0,,,,,/ /,/ / : : AM,,,8: Communication Artifact,LIBRARY CASE BY MUSIC CABINET,0,,/ /,,,,0,,/ /,,,,0,0,,,,/ /,,0,,,,,,,0,,2009-08-28 00:00:00,,,OHM B 5113,book,,,,,,Documentary Artifact,,228 p.,,,"doubleday, page",,new york,,,,,vol 4,,1892,,,,Shelf,,/ /,,poetry and prose,,,/ /,,,,,Variorum and definitive edition of the poetical and prose writings of Edward Fitzgerald,,,,,,,,,,,,0,0,0,0,0,/ /,/ /,,/ /,,,,,,,,,,2009-09-04 10:51:00,Unknown,/ /,.F.
OHM B 5114,0,,,,,,pes,2009-09-04 00:00:00,,Osborne Homestead Museum,/ /,,Good,,,1,"fitagerald, edward",,0,0,,1892,,,1906,,,0,,,,,/ /,/ / : : AM,,,8: Communication Artifact,LIBRARY CASE BY MUSIC CABINET,0,,/ /,,,,0,,/ /,,,,0,0,,,,/ /,,0,,,,,,,0,,2009-08-28 00:00:00,,,OHM B 5114,book,,,,,,Documentary Artifact,,228 p.,,,"doubleday, page",,new york,,,,,vol 5,,1892,,,,Shelf,,/ /,,poetry and prose,,,/ /,,,,,Variorum and definitive edition of the poetical and prose writings of Edward Fitzgerald,,,,,,,,,,,,0,0,0,0,0,/ /,/ /,,/ /,,,,,,,,,,2009-09-04 10:51:00,Unknown,/ /,.F.
OHM B 5115,0,,,,,,pes,2009-09-04 00:00:00,,Osborne Homestead Museum,/ /,,Good,,,1,"fitagerald, edward",,0,0,,1892,,,1906,,,0,,,,,/ /,/ / : : AM,,,8: Communication Artifact,LIBRARY CASE BY MUSIC CABINET,0,,/ /,,,,0,,/ /,,,,0,0,,,,/ /,,0,,,,,,,0,,2009-08-28 00:00:00,,,OHM B 5115,book,,,,,,Documentary Artifact,,228 p.,,,"doubleday, page",,new york,,,,,vol 6,,1892,,,,Shelf,,/ /,,poetry and prose,,,/ /,,,,,Variorum and definitive edition of the poetical and prose writings of Edward Fitzgerald,,,,,,,,,,,,0,0,0,0,0,/ /,/ /,,/ /,,,,,,,,,,2009-09-04 10:51:00,Unknown,/ /,.F.
OHM B 5116,0,,,,,,pes,2009-09-04 00:00:00,,Osborne Homestead Museum,/ /,,Good,,,1,"fitagerald, edward",,0,0,,1892,,,1906,,,0,,,,,/ /,/ / : : AM,,,8: Communication Artifact,LIBRARY CASE BY MUSIC CABINET,0,,/ /,,,,0,,/ /,,,,0,0,,,,/ /,,0,,,,,,,0,,2009-08-28 00:00:00,,,OHM B 5116,book,,,,,,Documentary Artifact,,228 p.,,,"doubleday, page",,new york,,,,,vol 7,,1892,,,,Shelf,,/ /,,poetry and prose,,,/ /,,,,,Variorum and definitive edition of the poetical and prose writings of Edward Fitzgerald,,,,,,,,,,,,0,0,0,0,0,/ /,/ /,,/ /,,,,,,,,,,2009-09-04 10:52:00,Unknown,/ /,.F.
OHM B 5106,0,,,,,,pes,2009-09-04 00:00:00,,Osborne Homestead Museum,/ /,,Good,,,1,"blanchard, mrs. john osgood",,0,0,,1916,,,1906,,,0,,,,,/ /,/ / : : AM,,,8: Communication Artifact,LIBRARY Case 7/Row 5,0,,/ /,,,,0,,/ /,,,,0,0,,,,/ /,,0,,,,,,,0,,2009-08-28 00:00:00,,,OHM B 5106,book,,,,,,Documentary Artifact,,n.p.,,,american art association,,new york,,,,,april 5 and 6--sale dates,,1916,,,,Shelf,,/ /,,japanese art,,,/ /,,,,,"japanese color prints, illustrated catalogue",,,,,,,,,,,,0,0,0,0,0,/ /,/ /,,/ /,,,,,,,,,,2010-08-15 13:52:00,Unknown,/ /,.F.
OHM B 5002,0,,,,,,pes,2009-09-04 00:00:00,,Osborne Homestead Museum,/ /,,Good,,,1,"waley, arthur",,0,0,,1923,,,1906,,,0,,,,,/ /,/ / : : AM,,,8: Communication Artifact,LIBRARY Case 7/Row 5,0,,/ /,,,,0,,/ /,,,,0,0,,,,/ /,,0,,,,,,,0,,2009-08-28 00:00:00,,,OHM B 5002,book,,,,,,Documentary Artifact,,261 p.,,,scribner,,new york,,,,,,,1923,,,,Shelf,,/ /,,chinese art,,,/ /,,,,,introduction to the study of chinese painting,,,,,,,,,,,,0,0,0,0,0,/ /,/ /,,/ /,,,,,,,,,,2010-08-15 13:53:00,Unknown,/ /,.F.
OHM B 5001,0,,,,,,pes,2009-09-04 00:00:00,,Osborne Homestead Museum,/ /,,Good,,,1,"Noguchi, Yone",,0,0,,1934,,,0,,,0,,,,,/ /,/ / : : AM,,,8: Communication Artifact,LIBRARY Case 7 Row 5,0,,/ /,,,,0,,/ /,,,,0,0,,,,/ /,,0,,,,,,,0,,2009-08-28 00:00:00,,,OHM B 5001,book,,,,,,Documentary Artifact,,156 p.,,,e. weyhe,,new york,,,,,,,1934,,,,Shelf,,/ /,,japanese art,,,/ /,,,,,Hiroshige,,,,,,,,,,,,0,0,0,0,0,/ /,/ /,,/ /,,,,,,,,,,2010-07-25 13:10:00,Unknown,/ /,.F.
OHM B 5004,0,,,,,,pes,2009-09-04 00:00:00,,Osborne Homestead Museum,/ /,,Good,,,1,"holmes, c j",,0,0,,1909,,,0,,,0,,,,,/ /,/ / : : AM,,,8: Communication Artifact,LIBRARY 1st case by hall,0,,/ /,,,,0,,/ /,,,,0,0,,,,/ /,,0,,,,,,,0,,2009-08-28 00:00:00,,,OHM B 5004,book,,,,,,Documentary Artifact,,48 p.,,,unicorn press,,london,,,,,,,1909,,,,Shelf,,/ /,,japanese art,,,/ /,,,,,Hokusai,,,,,,,,,,,,0,0,0,0,0,/ /,/ /,,/ /,,,,,,,,,,2009-09-04 11:06:00,Unknown,/ /,.F.
OHM B 5000,0,,,,,,pes,2009-09-04 00:00:00,,Osborne Homestead Museum,/ /,,Good,,,1,"Urban, Abram Linwood",,0,0,,1912,,,0,,,0,,,,,/ /,/ / : : AM,,,8: Communication Artifact,LIBRARY Case 7 Row 3,0,,/ /,,,,0,,/ /,,,,0,0,,,,/ /,,0,,,,,,,0,,2009-08-28 00:00:00,,,OHM B 5000,book,,,,,,Documentary Artifact,,93 p.,,,unicorn press,,london,,,,,,,1912,,,,Shelf,,/ /,,,,,/ /,,,,,Voice of the Garden,,,,,,,,,,,,0,0,0,0,0,/ /,/ /,,/ /,,,,,,,,,,2010-07-25 12:41:00,Unknown,/ /,.F.
OHM B 5020,0,,,,,,pes,2009-09-04 00:00:00,,Osborne Homestead Museum,/ /,,Good,,,1,"camehl, ada walker",,0,0,,1916,,,0,,,0,,,,,/ /,/ / : : AM,,,8: Communication Artifact,LIBRARY Case 8 Row 2,0,,/ /,,,,0,,/ /,,,,0,0,,,,/ /,,0,,,,,,,0,,2009-08-28 00:00:00,,,OHM B 5020,book,,,,,,Documentary Artifact,,200 p,,,dutton,,new york,,,,,,,1916,,,,Shelf,,/ /,,"pottery, american",,,/ /,,,,,the blue-china book,,,,,,,,,,,,0,0,0,0,0,/ /,/ /,,/ /,,,,,,,,,,2010-07-11 13:16:00,Unknown,/ /,.F.
OHM B 5021,0,,,,,,pes,2009-09-04 00:00:00,,Osborne Homestead Museum,/ /,,Good,,,1,"Binyon, Laurence",,0,0,,1916,,,0,,,0,,,,,/ /,/ / : : AM,,,8: Communication Artifact,LIBRARY Case 7 Row 5,0,,/ /,,,,0,,/ /,,,,0,0,,,,/ /,,0,,,,,,,0,,2009-08-28 00:00:00,,,OHM B 5021,book,,,,,,Documentary Artifact,,605 p,,,oxford univ press,,london,,,,,at British Museum,,1916,,,,Shelf,,/ /,,japanese and chinese art,,,/ /,,,,,Catalogue of Japanese and Chinese Woodcuts,,,,,,,,,,,,0,0,0,0,0,/ /,/ /,,/ /,,,,,,,,,,2010-07-25 12:56:00,Unknown,/ /,.F.
OHM B 5102,0,,,,,,pes,2009-09-04 00:00:00,,Osborne Homestead Museum,/ /,,Good,,,1,"flotow, friedrich von",,0,0,,1902,,,0,,,0,,,,,/ /,/ / : : AM,,,8: Communication Artifact,LIBRARY case by music cabinet,0,,/ /,,,,0,,/ /,,,,0,0,,,,/ /,,0,,,,,,,0,,2009-08-28 00:00:00,,,OHM B 5102,book,,,,,,Documentary Artifact,,255 p,,,g. schrimer,,new york,,,,,trans. H.E. Krehbiel,,1916,,,,Shelf,,/ /,,"opera, German",,,/ /,,,,,"martha, or the fair at richmond",,,,,,,,,,,,0,0,0,0,0,/ /,/ /,,/ /,,,,,,,,,,2009-09-04 11:16:00,Unknown,/ /,.F.
OHM B 5101,0,,,,,,pes,2009-09-04 00:00:00,,Osborne Homestead Museum,/ /,,Good,,,1,"puccini, giacomo",,0,0,,1893,,,0,,,0,,,,,/ /,/ / : : AM,,,8: Communication Artifact,LIBRARY case by music cabinet,0,,/ /,,,,0,,/ /,,,,0,0,,,,/ /,,0,,,,,,,0,,2009-08-28 00:00:00,,,OHM B 5101,book,,,,,,Documentary Artifact,,304 p,,,g. ricordi,,london,,,,,,,1893,,,,Shelf,,/ /,,"opera, Italian",,,/ /,,,,,manon lescaut,,,,,,,,,,,,0,0,0,0,0,/ /,/ /,,/ /,,,,,,,,,,2009-09-04 11:21:00,Unknown,/ /,.F.
OHM B 5103,0,,,,,,pes,2009-09-04 00:00:00,,Osborne Homestead Museum,/ /,,Good,,,1,"puccini, giacomo",,0,0,,1905,,,0,,,0,,,,,/ /,/ / : : AM,,,8: Communication Artifact,LIBRARY case by music cabinet,0,,/ /,,,,0,,/ /,,,,0,0,,,,/ /,,0,,,,,,,0,,2009-08-28 00:00:00,,,OHM B 5103,book,,,,,,Documentary Artifact,,335 p,,,g. ricordi,,london,,,,,,,1905,,,,Shelf,,/ /,,"opera, Italian",,,/ /,,,,,tosca,,,,,,,,,,,,0,0,0,0,0,/ /,/ /,,/ /,,,,,,,,,,2009-09-04 11:19:00,Unknown,/ /,.F.
OHM B 5104,0,,,,,,pes,2009-09-04 00:00:00,,Osborne Homestead Museum,/ /,,Good,,,1,"puccini, giacomo",,0,0,,1906,,,0,,,0,,,,,/ /,/ / : : AM,,,8: Communication Artifact,LIBRARY case by music cabinet,0,,/ /,,,,0,,/ /,,,,0,0,,,,/ /,,0,,,,,,,0,,2009-08-28 00:00:00,,,OHM B 5104,book,,,,,,Documentary Artifact,,279 p,,,g. ricordi,,london,,,,,,,1906,,,,Shelf,,/ /,,"opera, Italian",,,/ /,,,,,"madame butterfly, a japanese tragedy",,,,,,,,,,,,0,0,0,0,0,/ /,/ /,,/ /,,,,,,,,,,2009-09-04 11:22:00,Unknown,/ /,.F.
OHM B 5100,0,,,,,,pes,2009-09-04 00:00:00,,Osborne Homestead Museum,/ /,,Good,,,1,"charpentier, gustave",,0,0,,1907,,,0,,,0,,,,,/ /,/ / : : AM,,,8: Communication Artifact,LIBRARY case by music cabinet,0,,/ /,,,,0,,/ /,,,,0,0,,,,/ /,,0,,,,,,,0,,2009-08-28 00:00:00,,,OHM B 5100,book,,,,,,Documentary Artifact,,404 p,,,au menstrel,,paris,,,,,,,1907,,,,Shelf,,/ /,,opera,,,/ /,,,,,"louise, a musical romance",,,,,,,,,,,,0,0,0,0,0,/ /,/ /,,/ /,,,,,,,,,,2009-09-04 11:25:00,Unknown,/ /,.F.
OHM B 5200,0,,,,,,pes,2009-09-04 00:00:00,,Osborne Homestead Museum,/ /,,Good,,,1,"chesterton, g.k.",,0,0,,1906,,,0,,,0,,,,,/ /,/ / : : AM,,,8: Communication Artifact,LIBRARY Case 8 Row 2,0,,/ /,,,,0,,/ /,,,,0,0,,,,/ /,,0,,,,,,,0,,2009-08-28 00:00:00,,,OHM B 5200,book,,,,,,Documentary Artifact,,299 p,,,"dodd, mead",,new york,,,,,,,1906,,,,Shelf,,/ /,,literary criticism,,,/ /,,,,,"Charles Dickens, a critical study",,,,,,,,,,,,0,0,0,0,0,/ /,/ /,,/ /,,,,,,,,,,2010-07-11 13:13:00,Unknown,/ /,.F.
OHM B 6000,0,,,,,,pes,2009-09-04 00:00:00,,Osborne Homestead Museum,/ /,,Good,,,1,"Gleizes, Albert and Metzinger, Jean",,0,0,,1913,,,0,,,0,,,,,/ /,/ / : : AM,,,8: Communication Artifact,LIBRARY Case 7 Row 5,0,,/ /,,,,0,,/ /,,,,0,0,,,,/ /,,0,,,,,,,0,,2009-08-28 00:00:00,,,OHM B 6000,book,,,,,,Documentary Artifact,,133 p,,,t. fisher unwin,,london,,,,,,,1913,,,,Shelf,,/ /,,art criticism,,,/ /,,,,,Cubism,,,,,,,,,,,,0,0,0,0,0,/ /,/ /,,/ /,,,,,,,,,,2010-07-25 12:57:00,Unknown,/ /,.F.
OHM B 6101,0,,,,,,pes,2009-09-11 00:00:00,,Osborne Homestead Museum,/ /,,Good,,,1,"spicker, max, ed",,0,0,,1907,,,0,,,0,,,,,/ /,/ / : : AM,,,8: Communication Artifact,library by music cabinet,0,,/ /,,,,0,,/ /,,,,0,0,,,,/ /,,0,,,,,,,0,,2009-08-28 00:00:00,,,OHM B 6101,book,,,,,,Documentary Artifact,,165 p,,,g schirmer,,new york,,,,,,,1907,,,,Shelf,,/ /,,music,,,/ /,,,,,"golden treasury of music--franz, robert",,,,,,,,,,,,0,0,0,0,0,/ /,/ /,,/ /,,,,,,,,,,2009-09-11 10:56:00,Unknown,/ /,.F.
OHM B 6100,0,,,,,,pes,2009-09-11 00:00:00,,Osborne Homestead Museum,/ /,,Good,,,1,"spicker, max, ed",,0,0,,1910,,,0,,,0,,,,,/ /,/ / : : AM,,,8: Communication Artifact,library by music cabinet,0,,/ /,,,,0,,/ /,,,,0,0,,,,/ /,,0,,,,,,,0,,2009-08-28 00:00:00,,,OHM B 6100,book,,,,,,Documentary Artifact,,195 p,,,g schirmer,,new york,,,,,,,1910,,,,Shelf,,/ /,,music,,,/ /,,,,,"golden treasury of music--brahms, johannes",,,,,,,,,,,,0,0,0,0,0,/ /,/ /,,/ /,,,,,,,,,,2009-09-11 10:57:00,Unknown,/ /,.F.
OHM B 6102,0,,,,,,pes,2009-09-11 00:00:00,,Osborne Homestead Museum,/ /,,Good,,,1,"spicker, max, ed",,0,0,,1912,,,0,,,0,,,,,/ /,/ / : : AM,,,8: Communication Artifact,library by music cabinet,0,,/ /,,,,0,,/ /,,,,0,0,,,,/ /,,0,,,,,,,0,,2009-08-28 00:00:00,,,OHM B 6102,book,,,,,,Documentary Artifact,,186 p,,,g schirmer,,new york,,,,,,,1912,,,,Shelf,,/ /,,music,,,/ /,,,,,golden treasury of music--modern french song,,,,,,,,,,,,0,0,0,0,0,/ /,/ /,,/ /,,,,,,,,,,2009-09-11 10:58:00,Unknown,/ /,.F.
OHM B 6300,0,,,,,,pes,2009-09-11 00:00:00,,Osborne Homestead Museum,/ /,,Good,,,1,"haydn, joseph",,0,0,,none,,,0,,,0,,,,,/ /,/ / : : AM,,,8: Communication Artifact,library by music cabinet,0,,/ /,,,,0,,/ /,,,,0,0,,,,/ /,,0,,,,,,,0,,2009-08-28 00:00:00,,,OHM B 6300,book,,,,,,Documentary Artifact,,93 p,,,c.f. peters,,leipzig,,,,,piano,,none,,,,Shelf,,/ /,,music,,,/ /,,,,,"sonaten, fur pianoforte and violine",,,,,,,,,,,,0,0,0,0,0,/ /,/ /,,/ /,,,,,,,,,,2009-09-11 11:01:00,Unknown,/ /,.F.
OHM B 6301,0,,,,,,pes,2009-09-11 00:00:00,,Osborne Homestead Museum,/ /,,Good,,,1,"haydn, joseph",,0,0,,none,,,0,,,0,,,,,/ /,/ / : : AM,,,8: Communication Artifact,library by music cabinet,0,,/ /,,,,0,,/ /,,,,0,0,,,,/ /,,0,,,,,,,0,,2009-08-28 00:00:00,,,OHM B 6301,book,,,,,,Documentary Artifact,,35p,,,c.f. peters,,leipzig,,,,,violin,,none,,,,Shelf,,/ /,,music,,,/ /,,,,,"sonaten, fur pianoforte and violine",,,,,,,,,,,,0,0,0,0,0,/ /,/ /,,/ /,,,,,,,,,,2009-09-11 11:02:00,Unknown,/ /,.F.
OHM B 6200,0,,,,,,pes,2009-09-11 00:00:00,,Osborne Homestead Museum,/ /,,Good,,,1,"oesterle, louis, ed",,0,0,,1904,,,0,,,0,,,,,/ /,/ / : : AM,,,8: Communication Artifact,library by music cabinet,0,,/ /,,,,0,,/ /,,,,0,0,,,,/ /,,0,,,,,,,0,,2009-08-28 00:00:00,,,OHM B 6200,book,,,,,,Documentary Artifact,,202 p.,,,g schirmer,,new york,,,,,vol 1,,1904,,,,Shelf,,/ /,,music,,,/ /,,,,,golden treasury of piano music,,,,,,,,,,,,0,0,0,0,0,/ /,/ /,,/ /,,,,,,,,,,2009-09-11 11:05:00,Unknown,/ /,.F.
OHM B 6201,0,,,,,,pes,2009-09-11 00:00:00,,Osborne Homestead Museum,/ /,,Good,,,1,"oesterle, louis, ed",,0,0,,1904,,,0,,,0,,,,,/ /,/ / : : AM,,,8: Communication Artifact,library by music cabinet,0,,/ /,,,,0,,/ /,,,,0,0,,,,/ /,,0,,,,,,,0,,2009-08-28 00:00:00,,,OHM B 6201,book,,,,,,Documentary Artifact,,202 p.,,,g schirmer,,new york,,,,,vol 2,,1904,,,,Shelf,,/ /,,music,,,/ /,,,,,golden treasury of piano music,,,,,,,,,,,,0,0,0,0,0,/ /,/ /,,/ /,,,,,,,,,,2009-09-11 11:05:00,Unknown,/ /,.F.
OHM B 6202,0,,,,,,pes,2009-09-11 00:00:00,,Osborne Homestead Museum,/ /,,Good,,,1,"oesterle, louis, ed",,0,0,,1904,,,0,,,0,,,,,/ /,/ / : : AM,,,8: Communication Artifact,library by music cabinet,0,,/ /,,,,0,,/ /,,,,0,0,,,,/ /,,0,,,,,,,0,,2009-08-28 00:00:00,,,OHM B 6202,book,,,,,,Documentary Artifact,,202 p.,,,g schirmer,,new york,,,,,vol 3,,1904,,,,Shelf,,/ /,,music,,,/ /,,,,,golden treasury of piano music,,,,,,,,,,,,0,0,0,0,0,/ /,/ /,,/ /,,,,,,,,,,2009-09-11 11:05:00,Unknown,/ /,.F.
OHM B 6203,0,,,,,,pes,2009-09-11 00:00:00,,Osborne Homestead Museum,/ /,,Good,,,1,"oesterle, louis, ed",,0,0,,1904,,,0,,,0,,,,,/ /,/ / : : AM,,,8: Communication Artifact,library by music cabinet,0,,/ /,,,,0,,/ /,,,,0,0,,,,/ /,,0,,,,,,,0,,2009-08-28 00:00:00,,,OHM B 6203,book,,,,,,Documentary Artifact,,202 p.,,,g schirmer,,new york,,,,,vol 4,,1904,,,,Shelf,,/ /,,music,,,/ /,,,,,golden treasury of piano music,,,,,,,,,,,,0,0,0,0,0,/ /,/ /,,/ /,,,,,,,,,,2009-09-11 11:06:00,Unknown,/ /,.F.
OHM B 6204,0,,,,,,pes,2009-09-11 00:00:00,,Osborne Homestead Museum,/ /,,Good,,,1,"oesterle, louis, ed",,0,0,,1904,,,0,,,0,,,,,/ /,/ / : : AM,,,8: Communication Artifact,library by music cabinet,0,,/ /,,,,0,,/ /,,,,0,0,,,,/ /,,0,,,,,,,0,,2009-08-28 00:00:00,,,OHM B 6204,book,,,,,,Documentary Artifact,,202 p.,,,g schirmer,,new york,,,,,vol 5,,1904,,,,Shelf,,/ /,,music,,,/ /,,,,,golden treasury of piano music,,,,,,,,,,,,0,0,0,0,0,/ /,/ /,,/ /,,,,,,,,,,2009-09-11 11:13:00,Unknown,/ /,.F.
OHM B 6330,0,,,,,,pes,2009-09-11 00:00:00,,Osborne Homestead Museum,/ /,,Good,,,1,"wolf-ferrari, ermanno",,0,0,,1912,,,0,,,0,,,,,/ /,/ / : : AM,,,8: Communication Artifact,library by music cabinet,0,,/ /,,,,0,,/ /,,,,0,0,,,,/ /,,0,,,,,,,0,,2009-08-28 00:00:00,,,OHM B 6330,book,,,,,,Documentary Artifact,,316 p.,,,g schirmer,,new york,,,,,,,1912,,,,Shelf,,/ /,,music,,,/ /,,,,,jewels of the madonna,,,,,,,,,,,,0,0,0,0,0,/ /,/ /,,/ /,,,,,,,,,,2009-09-11 11:15:00,Unknown,/ /,.F.
OHM B 6400,0,,,,,,pes,2009-09-11 00:00:00,,Osborne Homestead Museum,/ /,,Good,,,1,"verdi, giuseppe",,0,0,,1899,,,0,,,0,,,,,/ /,/ / : : AM,,,8: Communication Artifact,library by music cabinet,0,,/ /,,,,0,,/ /,,,,0,0,,,,/ /,,0,,,,,,,0,,2009-08-28 00:00:00,,,OHM B 6400,book,,,,,,Documentary Artifact,,232 p.,,,g schirmer,,new york,,,,,,,1899,,,,Shelf,,/ /,,music,,,/ /,,,,,la traviata,,,,,,,,,,,,0,0,0,0,0,/ /,/ /,,/ /,,,,,,,,,,2009-09-11 11:17:00,Unknown,/ /,.F.
OHM B 6321,0,,,,,,pes,2009-09-11 00:00:00,,Osborne Homestead Museum,/ /,,Good,,,1,"wagner, richard",,0,0,,1904,,,0,,,0,,,,,/ /,/ / : : AM,,,8: Communication Artifact,library by music cabinet,0,,/ /,,,,0,,/ /,,,,0,0,,,,/ /,,0,,,,,,,0,,2009-08-28 00:00:00,,,OHM B 6321,book,,,,,,Documentary Artifact,,340 p.,,,g schirmer,,new york,,,,,,,1904,,,,Shelf,,/ /,,music,,,/ /,,,,,dusk of the gods,,,,,,,,,,,,0,0,0,0,0,/ /,/ /,,/ /,,,,,,,,,,2009-09-11 11:18:00,Unknown,/ /,.F.
OHM B 6320,0,,,,,,pes,2009-09-11 00:00:00,,Osborne Homestead Museum,/ /,,Good,,,1,"verdi, giuseppe",,0,0,,no date,,,0,,,0,,,,,/ /,/ / : : AM,,,8: Communication Artifact,library by music cabinet,0,,/ /,,,,0,,/ /,,,,0,0,,,,/ /,,0,,,,,,,0,,2009-08-28 00:00:00,,,OHM B 6320,book,,,,,,Documentary Artifact,,364 p.,,,"g, ricordi and co",,no city,,,,,,,no date,,,,Shelf,,/ /,,music,,,/ /,,,,,otello,,,,,,,,,,,,0,0,0,0,0,/ /,/ /,,/ /,,,,,,,,,,2009-09-11 11:20:00,Unknown,/ /,.F.
OHM B 6500,0,,,,,,pes,2009-09-11 00:00:00,,Osborne Homestead Museum,/ /,,Good,,,1,"schindler, kurt",,0,0,,1913,,,0,,,0,,,,,/ /,/ / : : AM,,,8: Communication Artifact,library by music cabinet,0,,/ /,,,,0,,/ /,,,,0,0,,,,/ /,,0,,,,,,,0,,2009-08-28 00:00:00,,,OHM B 6500,book,,,,,,Documentary Artifact,,158 p.,,,g. schirmer,,new york,,,,,,,1913,,,,Shelf,,/ /,,music,,,/ /,,,,,development of opera,,,,,,,,,,,,0,0,0,0,0,/ /,/ /,,/ /,,,,,,,,,,2009-09-11 11:22:00,Unknown,/ /,.F.
OHM B 6550,0,,,,,,pes,2009-09-11 00:00:00,,Osborne Homestead Museum,/ /,,Good,,,1,"jameson, frederick, trans",,0,0,,1904,,,0,,,0,,,,,/ /,/ / : : AM,,,8: Communication Artifact,library by music cabinet,0,,/ /,,,,0,,/ /,,,,0,0,,,,/ /,,0,,,,,,,0,,2009-08-28 00:00:00,,,OHM B 6550,book,,,,,,Documentary Artifact,,337 p.,,,g. schirmer,,new york,,,,,,,1904,,,,Shelf,,/ /,,music,,,/ /,,,,,siegfried,,,,,,,,,,,,0,0,0,0,0,/ /,/ /,,/ /,,,,,,,,,,2009-09-11 11:28:00,Unknown,/ /,.F.
OHM B 6551,0,,,,,,pes,2009-09-11 00:00:00,,Osborne Homestead Museum,/ /,,Good,,,1,"jameson, frederick, trans",,0,0,,no date,,,0,,,0,,,,,/ /,/ / : : AM,,,8: Communication Artifact,library by music cabinet,0,,/ /,,,,0,,/ /,,,,0,0,,,,/ /,,0,,,,,,,0,,2009-08-28 00:00:00,,,OHM B 6551,book,,,,,,Documentary Artifact,,221 p.,,,g. schirmer,,new york,,,,,,,no date,,,,Shelf,,/ /,,music,,,/ /,,,,,the rhinegold,,,,,,,,,,,,0,0,0,0,0,/ /,/ /,,/ /,,,,,,,,,,2009-09-11 11:29:00,Unknown,/ /,.F.
OHM B 6520,0,,,,,,pes,2009-09-11 00:00:00,,Osborne Homestead Museum,/ /,,Good,,,1,berlioz,,0,0,,1880,,,0,,,0,,,,,/ /,/ / : : AM,,,8: Communication Artifact,library by music cabinet,0,,/ /,,,,0,,/ /,,,,0,0,,,,/ /,,0,,,,,,,0,,2009-08-28 00:00:00,,,OHM B 6520,book,,,,,,Documentary Artifact,,236 p.,,,g. schirmer,,new york,,,,,,,1880,,,,Shelf,,/ /,,music,,,/ /,,,,,damnation of faust,,,,,,,,,,,,0,0,0,0,0,/ /,/ /,,/ /,,,,,,,,,,2009-09-11 11:30:00,Unknown,/ /,.F.
OHM B 6510,0,,,,,,pes,2009-09-11 00:00:00,,Osborne Homestead Museum,/ /,,Good,,,1,"beethoven, ludwig van",,0,0,,1894,,,0,violin,,0,,,,,/ /,/ / : : AM,,,8: Communication Artifact,library by music cabinet,0,,/ /,,,,0,,/ /,,,,0,0,,,,/ /,,0,,,,,,,0,,2009-08-28 00:00:00,,,OHM B 6510,book,,,,,,Documentary Artifact,,76 p.,,,g. schirmer,,new york,,,,,,,1894,,,,Shelf,,/ /,,music,,,/ /,,,,,sonatas for pianoforte and violin,,,,,,,,,,,,0,0,0,0,0,/ /,/ /,,/ /,,,,,,,,,,2009-09-11 11:33:00,Unknown,/ /,.F.
OHM B 6511,0,,,,,,pes,2009-09-11 00:00:00,,Osborne Homestead Museum,/ /,,Good,,,1,"beethoven, ludwig van",,0,0,,1894,,,0,piano,,0,,,,,/ /,/ / : : AM,,,8: Communication Artifact,library by music cabinet,0,,/ /,,,,0,,/ /,,,,0,0,,,,/ /,,0,,,,,,,0,,2009-08-28 00:00:00,,,OHM B 6511,book,,,,,,Documentary Artifact,,247 p.,,,g. schirmer,,new york,,,,,,,1894,,,,Shelf,,/ /,,music,,,/ /,,,,,sonatas for pianoforte and violin,,,,,,,,,,,,0,0,0,0,0,/ /,/ /,,/ /,,,,,,,,,,2009-09-11 13:09:00,Unknown,/ /,.F.
OHM B 6530,0,,,,,,pes,2009-09-11 00:00:00,,Osborne Homestead Museum,/ /,,Good,,,1,"parker, horatio",,0,0,,1908,,,0,,,0,,,,,/ /,/ / : : AM,,,8: Communication Artifact,library by music cabinet,0,,/ /,,,,0,,/ /,,,,0,0,,,,/ /,,0,,,,,,,0,,2009-08-28 00:00:00,,,OHM B 6530,book,,,,,,Documentary Artifact,,28 p.,,,g. schirmer,,new york,,,,,,,1908,,,,Shelf,,/ /,,music,,,/ /,,,,,king gorm the grim,,,,,,,,,,,,0,0,0,0,0,/ /,/ /,,/ /,,,,,,,,,,2009-09-11 13:23:00,Unknown,/ /,.F.
OHM B 6540,0,,,,,,pes,2009-09-11 00:00:00,,Osborne Homestead Museum,/ /,,Good,,,1,"howard, george e.",,0,0,,1889,,,0,,,0,,,,,/ /,/ / : : AM,,,8: Communication Artifact,"center shelf, library",0,,/ /,,,,0,,/ /,,,,0,0,,,,/ /,,0,,,,,,,0,,2009-08-28 00:00:00,,,OHM B 6540,book,,,,,,Documentary Artifact,,526 p.,,,johns hopkins univ,,baltimore,,,,,,,1908,,,,Shelf,,/ /,,ploitical science,,,/ /,,,,,local constitutional history of the united states,,,,,,,,,,,,0,0,0,0,0,/ /,/ /,,/ /,,,,,,,,,,2009-09-11 13:26:00,Unknown,/ /,.F.
OHM B 6543,0,,,,,,pes,2009-09-11 00:00:00,,Osborne Homestead Museum,/ /,,Good,,,1,"peck, charles h.",,0,0,,1899,,,0,,,0,,,,,/ /,/ / : : AM,,,8: Communication Artifact,"center case, library",0,,/ /,,,,0,,/ /,,,,0,0,,,,/ /,,0,,,,,,,0,,2009-08-28 00:00:00,,,OHM B 6543,book,,,,,,Documentary Artifact,,472 p.,,,harper,,new york,,,,,,,1899,,,,Shelf,,/ /,,political science american history,,,/ /,,,,,the jacksonian epoch,,,,,,,,,,,,0,0,0,0,0,/ /,/ /,,/ /,,,,,,,,,,2009-09-11 13:28:00,Unknown,/ /,.F.
OHM B 6542,0,,,,,,pes,2009-09-11 00:00:00,,Osborne Homestead Museum,/ /,,Good,,,1,"bolles, albert s.",,0,0,,1886,,,0,,,0,,,,,/ /,/ / : : AM,,,8: Communication Artifact,"center case, library",0,,/ /,,,,0,,/ /,,,,0,0,,,,/ /,,0,,,,,,,0,,2009-08-28 00:00:00,,,OHM B 6542,book,,,,,,Documentary Artifact,,585 p.,,,d. appleton,,new york,,,,,1861-1865,,1886,,,,Shelf,,/ /,,political science american history,,,/ /,,,,,the financial history of the united states,,,,,,,,,,,,0,0,0,0,0,/ /,/ /,,/ /,,,,,,,,,,2009-09-11 13:30:00,Unknown,/ /,.F.
OHM B 6541,0,,,,,,pes,2009-09-11 00:00:00,,Osborne Homestead Museum,/ /,,Good,,,1,"bolles, albert s.",,0,0,,1891,,,0,,,0,,,,,/ /,/ / : : AM,,,8: Communication Artifact,"center case, library",0,,/ /,,,,0,,/ /,,,,0,0,,,,/ /,,0,,,,,,,0,,2009-08-28 00:00:00,,,OHM B 6541,book,,,,,,Documentary Artifact,,621 p.,,,d. appleton,,new york,,,,,1789-1860,,1891,,,,Shelf,,/ /,,political science american history,,,/ /,,,,,the financial history of the united states,,,,,,,,,,,,0,0,0,0,0,/ /,/ /,,/ /,,,,,,,,,,2009-09-11 13:31:00,Unknown,/ /,.F.
OHM B 6544,0,,,,,,pes,2009-09-11 00:00:00,,Osborne Homestead Museum,/ /,,Good,,,1,"adams, herbert b., ed",,0,0,,1883,,,0,vol 1,,0,,,,,/ /,/ / : : AM,,,8: Communication Artifact,"center case, library",0,,/ /,,,,0,,/ /,,,,0,0,,,,/ /,,0,,,,,,,0,,2009-08-28 00:00:00,,,OHM B 6544,book,,,,,,Documentary Artifact,,blank,,,johns hopkins univ press,,baltimore,,,,,local institutions,,1883,,,,Shelf,,/ /,,political science american history,,,/ /,,,,,studies in historical and political science,,,,,,,,,,,,0,0,0,0,0,/ /,/ /,,/ /,,,,,,,,,,2009-09-11 13:38:00,Unknown,/ /,.F.
OHM B 6545,0,,,,,,pes,2009-09-11 00:00:00,,Osborne Homestead Museum,/ /,,Good,,,1,"adams, herbert b., ed",,0,0,,1883,,,0,vol 2,,0,,,,,/ /,/ / : : AM,,,8: Communication Artifact,"center case, library",0,,/ /,,,,0,,/ /,,,,0,0,,,,/ /,,0,,,,,,,0,,2009-08-28 00:00:00,,,OHM B 6545,book,,,,,,Documentary Artifact,,blank,,,johns hopkins univ press,,baltimore,,,,,institutions and economics,,1883,,,,Shelf,,/ /,,political science american history,,,/ /,,,,,studies in historical and political science,,,,,,,,,,,,0,0,0,0,0,/ /,/ /,,/ /,,,,,,,,,,2009-09-11 13:39:00,Unknown,/ /,.F.
OHM B 6546,0,,,,,,pes,2009-09-11 00:00:00,,Osborne Homestead Museum,/ /,,Good,,,1,"adams, herbert b., ed",,0,0,,1883,,,0,vol 3,,0,,,,,/ /,/ / : : AM,,,8: Communication Artifact,"center case, library",0,,/ /,,,,0,,/ /,,,,0,0,,,,/ /,,0,,,,,,,0,,2009-08-28 00:00:00,,,OHM B 6546,book,,,,,,Documentary Artifact,,blank,,,johns hopkins univ press,,baltimore,,,,,"maryland, virginia, and washington",,1883,,,,Shelf,,/ /,,political science american history,,,/ /,,,,,studies in historical and political science,,,,,,,,,,,,0,0,0,0,0,/ /,/ /,,/ /,,,,,,,,,,2009-09-11 13:40:00,Unknown,/ /,.F.
OHM B 6547,0,,,,,,pes,2009-09-11 00:00:00,,Osborne Homestead Museum,/ /,,Good,,,1,"adams, herbert b., ed",,0,0,,1883,,,0,vol 4,,0,,,,,/ /,/ / : : AM,,,8: Communication Artifact,"center case, library",0,,/ /,,,,0,,/ /,,,,0,0,,,,/ /,,0,,,,,,,0,,2009-08-28 00:00:00,,,OHM B 6547,book,,,,,,Documentary Artifact,,blank,,,johns hopkins univ press,,baltimore,,,,,municipal government and land tenure,,1883,,,,Shelf,,/ /,,political science american history,,,/ /,,,,,studies in historical and political science,,,,,,,,,,,,0,0,0,0,0,/ /,/ /,,/ /,,,,,,,,,,2009-09-11 13:41:00,Unknown,/ /,.F.
OHM B 7200,0,,,,,,pes,2009-09-11 00:00:00,,Osborne Homestead Museum,/ /,,Good,,,1,"tyler, moses coit",,0,0,,1897,,,0,,,0,,,,,/ /,/ / : : AM,,,8: Communication Artifact,"center case, library",0,,/ /,,,,0,,/ /,,,,0,0,,,,/ /,,0,,,,,,,0,,2009-08-28 00:00:00,,,OHM B 7200,book,,,,,,Documentary Artifact,,521 p.,,,putnam,,new york,,,,,"vol 1, 1763-1776",,1897,,,,Shelf,,/ /,,american history american literature,,,/ /,,,,,the literary history of the american revolution,,,,,,,,,,,,0,0,0,0,0,/ /,/ /,,/ /,,,,,,,,,,2009-09-11 14:12:00,Unknown,/ /,.F.
OHM B 7201,0,,,,,,pes,2009-09-11 00:00:00,,Osborne Homestead Museum,/ /,,Good,,,1,"tyler, moses coit",,0,0,,1897,,,0,,,0,,,,,/ /,/ / : : AM,,,8: Communication Artifact,"center case, library",0,,/ /,,,,0,,/ /,,,,0,0,,,,/ /,,0,,,,,,,0,,2009-08-28 00:00:00,,,OHM B 7201,book,,,,,,Documentary Artifact,,521 p.,,,putnam,,new york,,,,,"vol 2, 1776-1783",,1897,,,,Shelf,,/ /,,american history american literature,,,/ /,,,,,the literary history of the american revolution,,,,,,,,,,,,0,0,0,0,0,/ /,/ /,,/ /,,,,,,,,,,2009-09-11 14:13:00,Unknown,/ /,.F.
OHM B 7100,0,,,,,,pes,2009-09-11 00:00:00,,Osborne Homestead Museum,/ /,,Good,,,1,"trevelyan, sir george ott",,0,0,,1898,,,0,,,0,,,,,/ /,/ / : : AM,,,8: Communication Artifact,"center case, library",0,,/ /,,,,0,,/ /,,,,0,0,,,,/ /,,0,,,,,,,0,,2009-08-28 00:00:00,,,OHN B 7100,book,,,,,,Documentary Artifact,,434 p.,,,"longmans, green",,new york,,,,,1766-176,,1898,,,,Shelf,,/ /,,american history,,,/ /,,,,,"the american revolution, part 1",,,,,,,,,,,,0,0,0,0,0,/ /,/ /,,/ /,,,,,,,,,,2009-09-11 14:15:00,Unknown,/ /,.F.
OHM B 7203,0,,,,,,pes,2009-09-11 00:00:00,,Osborne Homestead Museum,/ /,,Good,,,1,"byington, ezra hoyt",,0,0,,1896,,,0,,,0,,,,,/ /,/ / : : AM,,,8: Communication Artifact,"center case, library",0,,/ /,,,,0,,/ /,,,,0,0,,,,/ /,,0,,,,,,,0,,2009-08-28 00:00:00,,,OHM B 7203,book,,,,,,Documentary Artifact,,406 p.,,,roberts bros,,boston,,,,,,,1896,,,,Shelf,,/ /,,american history,,,/ /,,,,,the puritan in england and new england,,,,,,,,,,,,0,0,0,0,0,/ /,/ /,,/ /,,,,,,,,,,2009-09-11 14:17:00,Unknown,/ /,.F.
OHM B 7000,0,,,,,,pes,2009-09-11 00:00:00,,Osborne Homestead Museum,/ /,,Good,,,1,"bolles, albert s",,0,0,,1896,,,0,,,0,,,,,/ /,/ / : : AM,,,8: Communication Artifact,"center case, library",0,,/ /,,,,0,,/ /,,,,0,0,,,,/ /,,0,,,,,,,0,,2009-08-28 00:00:00,,,OHM B 7000,book,,,,,,Documentary Artifact,,371 p.,,,d appleton,,new york,,,,,1774-1789,,1896,,,,Shelf,,/ /,,american history,,,/ /,,,,,the financial history of the united states,,,,,,,,,,,,0,0,0,0,0,/ /,/ /,,/ /,,,,,,,,,,2009-09-11 14:19:00,Unknown,/ /,.F.
OHM B 7001,0,,,,,,pes,2009-09-11 00:00:00,,Osborne Homestead Museum,/ /,,Good,,,1,"nichols, beverly",,0,0,,1933,,,0,,,0,,,,,/ /,/ / : : AM,,,8: Communication Artifact,LIBRARY Case 5/Row 3,0,,/ /,,,,0,,/ /,,,,0,0,,,,/ /,,0,,,,,,,0,,2009-08-28 00:00:00,,,OHM B 7001,book,,,,,,Documentary Artifact,,294 p.,,,"doubleday, doran and co",,new york,,,,,,,1933,,,,Shelf,,/ /,,novel fiction,,,/ /,,,,,a thatched roof,,,,,,,,,,,,0,0,0,0,0,/ /,/ /,,/ /,,,,,,,,,,2010-08-15 14:21:00,Unknown,/ /,.F.
OHM B 7002,0,,,,,,pes,2009-09-11 00:00:00,,Osborne Homestead Museum,/ /,,Good,,,1,"nichols, beverly",,0,0,,1934,,,0,,,0,,,,,/ /,/ / : : AM,,,8: Communication Artifact,LIBRARY Case 5/Row 3,0,,/ /,,,,0,,/ /,,,,0,0,,,,/ /,,0,,,,,,,0,,2009-08-28 00:00:00,,,OHM B 7002,book,,,,,,Documentary Artifact,,319 p.,,,"doubleday, doran and co",,new york,,,,,,,1934,,,,Shelf,,/ /,,novel fiction,,,/ /,,,,,a village in a valley,,,,,,,,,,,,0,0,0,0,0,/ /,/ /,,/ /,,,,,,,,,,2010-08-15 14:21:00,Unknown,/ /,.F.
OHM B 6666,0,,,,,,pes,2009-09-11 00:00:00,,Osborne Homestead Museum,/ /,,Good,,,1,"wilde, oscar",,0,0,,1901,,,0,,,0,,,,,/ /,/ / : : AM,,,8: Communication Artifact,"front windowseat, 2nd floor",0,,/ /,,,,0,,/ /,,,,0,0,,,,/ /,,0,,,,,,,0,,2009-08-28 00:00:00,,,OHM B 6666,book,,,,,,Documentary Artifact,,175 p.,,,privately printed,,london,,,,,,,1901,,,,Shelf,,/ /,,english essays,,,/ /,,,,,"essays, criticisms, and reviews",,,,,,,,,,,,0,0,0,0,0,/ /,/ /,,/ /,,,,,,,,,,2009-09-11 14:44:00,Unknown,/ /,.F.
OHM B 9704,0,,,,,,pes,2009-09-11 00:00:00,,Osborne Homestead Museum,/ /,,Good,,,1,"conrad, joseph",,0,0,,1929,,,0,,,0,,,,,/ /,/ / : : AM,,,8: Communication Artifact,"front windowseat, 2nd floor",0,,/ /,,,,0,,/ /,,,,0,0,,,,/ /,,0,,,,,,,0,,2009-08-28 00:00:00,,,OHM B 9704,book,,,,,,Documentary Artifact,,133 p.,,,"doubleday, doran",,new york,,,,,,,1929,,,,Shelf,,/ /,,novel,,,/ /,,,,,"a personal record--the shadow line, a confession",,,,,,,,,,,,0,0,0,0,0,/ /,/ /,,/ /,,,,,,,,,,2009-09-18 14:03:00,Unknown,/ /,.F.
OHM B 9706,0,,,,,,pes,2009-09-18 00:00:00,,Osborne Homestead Museum,/ /,,Good,,,1,"conrad, joseph",,0,0,,1929,,,0,,,0,,,,,/ /,/ / : : AM,,,8: Communication Artifact,"front windowseat, 2nd floor",0,,/ /,,,,0,,/ /,,,,0,0,,,,/ /,,0,,,,,,,0,,2009-08-28 00:00:00,,,OHM B 9706,book,,,,,,Documentary Artifact,,339 p.,,,"doubleday, doran",,new york,,,,,,,1929,,,,Shelf,,/ /,,novel,,,/ /,,,,,youth and other stories,,,,,,,,,,,,0,0,0,0,0,/ /,/ /,,/ /,,,,,,,,,,2009-09-18 14:04:00,Unknown,/ /,.F.
OHM B 9705,0,,,,,,pes,2009-09-18 00:00:00,,Osborne Homestead Museum,/ /,,Good,,,1,"conrad, joseph",,0,0,,1929,,,0,,,0,,,,,/ /,/ / : : AM,,,8: Communication Artifact,"front windowseat, 2nd floor",0,,/ /,,,,0,,/ /,,,,0,0,,,,/ /,,0,,,,,,,0,,2009-08-28 00:00:00,,,OHM B 9705,book,,,,,,Documentary Artifact,,412 p.,,,"doubleday, doran",,new york,,,,,,,1929,,,,Shelf,,/ /,,novel,,,/ /,,,,,victory,,,,,,,,,,,,0,0,0,0,0,/ /,/ /,,/ /,,,,,,,,,,2009-09-18 14:05:00,Unknown,/ /,.F.
OHM B 9700,0,,,,,,pes,2009-09-18 00:00:00,,Osborne Homestead Museum,/ /,,Good,,,1,"conrad, joseph",,0,0,,1929,,,0,,,0,,,,,/ /,/ / : : AM,,,8: Communication Artifact,"front windowseat, 2nd floor",0,,/ /,,,,0,,/ /,,,,0,0,,,,/ /,,0,,,,,,,0,,2009-08-28 00:00:00,,,OHM B 9700,book,,,,,,Documentary Artifact,,286 p.,,,"doubleday, doran",,new york,,,,,,,1929,,,,Shelf,,/ /,,novel,,,/ /,,,,,the rover,,,,,,,,,,,,0,0,0,0,0,/ /,/ /,,/ /,,,,,,,,,,2009-09-18 14:05:00,Unknown,/ /,.F.
OHM B 9709,0,,,,,,pes,2009-09-18 00:00:00,,Osborne Homestead Museum,/ /,,Good,,,1,"conrad, joseph",,0,0,,1929,,,0,,,0,,,,,/ /,/ / : : AM,,,8: Communication Artifact,"front windowseat, 2nd floor",0,,/ /,,,,0,,/ /,,,,0,0,,,,/ /,,0,,,,,,,0,,2009-08-28 00:00:00,,,OHM B 9709,book,,,,,,Documentary Artifact,,208 p.,,,"doubleday, doran",,new york,,,,,,,1929,,,,Shelf,,/ /,,novel,,,/ /,,,,,almayer's folly,,,,,,,,,,,,0,0,0,0,0,/ /,/ /,,/ /,,,,,,,,,,2009-09-18 14:06:00,Unknown,/ /,.F.
OHM B 9710,0,,,,,,pes,2009-09-18 00:00:00,,Osborne Homestead Museum,/ /,,Good,,,1,"conrad, joseph",,0,0,,1929,,,0,,,0,,,,,/ /,/ / : : AM,,,8: Communication Artifact,"front windowseat, 2nd floor",0,,/ /,,,,0,,/ /,,,,0,0,,,,/ /,,0,,,,,,,0,,2009-08-28 00:00:00,,,OHM B 9710,book,,,,,,Documentary Artifact,,352 p.,,,"doubleday, doran",,new york,,,,,,,1929,,,,Shelf,,/ /,,novel,,,/ /,,,,,arrow of gold,,,,,,,,,,,,0,0,0,0,0,/ /,/ /,,/ /,,,,,,,,,,2009-09-18 14:07:00,Unknown,/ /,.F.
OHM B 9701,0,,,,,,pes,2009-09-18 00:00:00,,Osborne Homestead Museum,/ /,,Good,,,1,"conrad, joseph",,0,0,,1929,,,0,,,0,,,,,/ /,/ / : : AM,,,8: Communication Artifact,"front windowseat, 2nd floor",0,,/ /,,,,0,,/ /,,,,0,0,,,,/ /,,0,,,,,,,0,,2009-08-28 00:00:00,,,OHM B 9701,book,,,,,,Documentary Artifact,,417 p.,,,"doubleday, doran",,new york,,,,,,,1929,,,,Shelf,,/ /,,novel,,,/ /,,,,,"lord jim, a romance",,,,,,,,,,,,0,0,0,0,0,/ /,/ /,,/ /,,,,,,,,,,2009-09-18 14:08:00,Unknown,/ /,.F.
OHM B 9702,0,,,,,,pes,2009-09-18 00:00:00,,Osborne Homestead Museum,/ /,,Good,,,1,"conrad, joseph",,0,0,,1929,,,0,,,0,,,,,/ /,/ / : : AM,,,8: Communication Artifact,"front windowseat, 2nd floor",0,,/ /,,,,0,,/ /,,,,0,0,,,,/ /,,0,,,,,,,0,,2009-08-28 00:00:00,,,OHM B 9702,book,,,,,,Documentary Artifact,,173 p.,,,"doubleday, doran",,new york,,,,,,,1929,,,,Shelf,,/ /,,novel,,,/ /,,,,,the nigger of the narcissus,,,,,,,,,,,,0,0,0,0,0,/ /,/ /,,/ /,,,,,,,,,,2009-09-18 14:08:00,Unknown,/ /,.F.
OHM B 9900,0,,,,,,pes,2009-09-18 00:00:00,,Osborne Homestead Museum,/ /,,Good,,,1,"conrad, joseph",,0,0,,1929,,,0,,,0,,,,,/ /,/ / : : AM,,,8: Communication Artifact,"front windowseat, 2nd floor",0,,/ /,,,,0,,/ /,,,,0,0,,,,/ /,,0,,,,,,,0,,2009-08-28 00:00:00,,,OHM B 9900,book,,,,,,Documentary Artifact,,277 p.,,,"doubleday, doran",,new york,,,,,,,1929,,,,Shelf,,/ /,,novel,,,/ /,,,,,typhoon and other stories,,,,,,,,,,,,0,0,0,0,0,/ /,/ /,,/ /,,,,,,,,,,2009-09-18 14:33:00,Unknown,/ /,.F.
OHM B 9300,0,,,,,,pes,2009-09-25 00:00:00,,Osborne Homestead Museum,/ /,,Good,,,1,"gaboriau, emile",,0,0,,1900,,,0,,,0,,,,,/ /,/ / : : AM,,,8: Communication Artifact,LIBRARY Case 5/Row 2,0,,/ /,,,,0,,/ /,,,,0,0,,,,/ /,,0,,,,,,,0,,2009-08-28 00:00:00,,,OHM B 9300,book,,,,,,Documentary Artifact,,366 p.,,,charles scribner,,new york,,,,,,,1900,,,,Shelf,,/ /,,novel,,,/ /,,,,,Monsieur Lecoq,,,,,,,,,,,,0,0,0,0,0,/ /,/ /,,/ /,,,,,,,,,,2010-08-15 14:06:00,Unknown,/ /,.F.
OHM B 9303,0,,,,,,pes,2009-09-25 00:00:00,,Osborne Homestead Museum,/ /,,Good,,,1,"gaboriau, emile",,0,0,,1900,,,0,,,0,,,,,/ /,/ / : : AM,,,8: Communication Artifact,LIBRARY Case 5/Row 2,0,,/ /,,,,0,,/ /,,,,0,0,,,,/ /,,0,,,,,,,0,,2009-08-28 00:00:00,,,OHM B 9303,book,,,,,,Documentary Artifact,,533 p.,,,charles scribner,,new york,,,,,,,1900,,,,Shelf,,/ /,,novel,,,/ /,,,,,Other People's Money,,,,,,,,,,,,0,0,0,0,0,/ /,/ /,,/ /,,,,,,,,,,2010-08-15 14:07:00,Unknown,/ /,.F.
OHM B 9301,0,,,,,,pes,2009-09-25 00:00:00,,Osborne Homestead Museum,/ /,,Good,,,1,"gaboriau, emile",,0,0,,1900,,,0,,,0,,,,,/ /,/ / : : AM,,,8: Communication Artifact,LIBRARY Case 5/Row 2,0,,/ /,,,,0,,/ /,,,,0,0,,,,/ /,,0,,,,,,,0,,2009-08-28 00:00:00,,,OHM B 9301,book,,,,,,Documentary Artifact,,585 p.,,,charles scribner,,new york,,,,,,,1900,,,,Shelf,,/ /,,novel,,,/ /,,,,,the honor of the name,,,,,,,,,,,,0,0,0,0,0,/ /,/ /,,/ /,,,,,,,,,,2010-08-15 14:07:00,Unknown,/ /,.F.
OHM B 9302,0,,,,,,pes,2009-09-25 00:00:00,,Osborne Homestead Museum,/ /,,Good,,,1,"gaboriau, emile",,0,0,,1900,,,0,,,0,,,,,/ /,/ / : : AM,,,8: Communication Artifact,LIBRARY Case 5/Row 2,0,,/ /,,,,0,,/ /,,,,0,0,,,,/ /,,0,,,,,,,0,,2009-08-28 00:00:00,,,OHM B 9302,book,,,,,,Documentary Artifact,,376 p.,,,charles scribner,,new york,,,,,,,1900,,,,Shelf,,/ /,,novel,,,/ /,,,,,the mystery of orcival,,,,,,,,,,,,0,0,0,0,0,/ /,/ /,,/ /,,,,,,,,,,2010-08-15 14:08:00,Unknown,/ /,.F.
OHM B 9280,0,,,,,,pes,2009-09-25 00:00:00,,Osborne Homestead Museum,/ /,,Good,,,1,"Kinglake, Alexander William",,0,0,,1863,,,0,,,0,,,,,/ /,/ / : : AM,,,8: Communication Artifact,LIBRARY Case 5/Row 2,0,,/ /,,,,0,,/ /,,,,0,0,,,,/ /,,0,,,,,,,0,,2009-08-28 00:00:00,,,OHM B 9280,book,,,,,,Documentary Artifact,,650 p.,,,harper,,new york,,,,,,,1863,,,,Shelf,,/ /,,history--crimea,,,/ /,,,,,"Invasion of the Crimea, The",,,,,,,,,,,,0,0,0,0,0,/ /,/ /,,/ /,,,,,,,,,,2010-08-15 14:05:00,Unknown,/ /,.F.
OHM B 9500,0,,,,,,pes,2009-09-25 00:00:00,,Osborne Homestead Museum,/ /,,Good,,,1,"Disraeli, Isaac",,0,0,,1880,,,0,vol 1,,0,,,,,/ /,/ / : : AM,,,8: Communication Artifact,"side case, left of desk, library",0,,/ /,,,,0,,/ /,,,,0,0,,,,/ /,,0,,,,,,,0,,2009-08-28 00:00:00,,,OHM B 9500,book,,,,,,Documentary Artifact,,447 p.,,,a.c. armstrong,,new york,,,,,,,1880,,,,Shelf,,/ /,,literary criticism,,,/ /,,,,,Curiosities of Literature,,,,,,,,,,,,0,0,0,0,0,/ /,/ /,,/ /,,,,,,,,,,2009-09-25 14:17:00,Unknown,/ /,.F.
OHM B 9501,0,,,,,,pes,2009-09-25 00:00:00,,Osborne Homestead Museum,/ /,,Good,,,1,"Disraeli, Isaac",,0,0,,1880,,,0,vol 2,,0,,,,,/ /,/ / : : AM,,,8: Communication Artifact,"side case, left of desk, library",0,,/ /,,,,0,,/ /,,,,0,0,,,,/ /,,0,,,,,,,0,,2009-08-28 00:00:00,,,OHM B 9501,book,,,,,,Documentary Artifact,,468 p.,,,a.c. armstrong,,new york,,,,,,,1880,,,,Shelf,,/ /,,literary criticism,,,/ /,,,,,Curiosities of Literature,,,,,,,,,,,,0,0,0,0,0,/ /,/ /,,/ /,,,,,,,,,,2009-09-25 14:18:00,Unknown,/ /,.F.
OHM B 9502,0,,,,,,pes,2009-09-25 00:00:00,,Osborne Homestead Museum,/ /,,Good,,,1,"Disraeli, Isaac",,0,0,,1880,,,0,vol 3,,0,,,,,/ /,/ / : : AM,,,8: Communication Artifact,"side case, left of desk, library",0,,/ /,,,,0,,/ /,,,,0,0,,,,/ /,,0,,,,,,,0,,2009-08-28 00:00:00,,,OHM B 9502,book,,,,,,Documentary Artifact,,466 p.,,,a.c. armstrong,,new york,,,,,,,1880,,,,Shelf,,/ /,,literary criticism,,,/ /,,,,,Curiosities of Literature,,,,,,,,,,,,0,0,0,0,0,/ /,/ /,,/ /,,,,,,,,,,2009-09-25 14:18:00,Unknown,/ /,.F.
OHM B 9503,0,,,,,,pes,2009-09-25 00:00:00,,Osborne Homestead Museum,/ /,,Good,,,1,"Disraeli, Isaac",,0,0,,1880,,,0,vol 4,,0,,,,,/ /,/ / : : AM,,,8: Communication Artifact,"side case, left of desk, library",0,,/ /,,,,0,,/ /,,,,0,0,,,,/ /,,0,,,,,,,0,,2009-08-28 00:00:00,,,OHM B 9503,book,,,,,,Documentary Artifact,,472 p.,,,a.c. armstrong,,new york,,,,,,,1880,,,,Shelf,,/ /,,literary criticism,,,/ /,,,,,Curiosities of Literature,,,,,,,,,,,,0,0,0,0,0,/ /,/ /,,/ /,,,,,,,,,,2009-09-25 14:19:00,Unknown,/ /,.F.
OHM B 9333,0,,,,,,pes,2009-09-25 00:00:00,,Osborne Homestead Museum,/ /,,Good,,,1,"Halpine, Chales G. (Miles O'Reilly)",,0,0,,1869,,,0,,,0,,,,,/ /,/ / : : AM,,,8: Communication Artifact,"side case, left of desk, library",0,,/ /,,,,0,,/ /,,,,0,0,,,,/ /,,0,,,,,,,0,,2009-08-28 00:00:00,,,OHM B 9333,book,,,,,,Documentary Artifact,,352 p.,,,harper,,new york,,,,,,,1869,,,,Shelf,,/ /,,poetry,,,/ /,,,,,Poetical workds of Charles G. Halpine,,,,,,,,,,,,0,0,0,0,0,/ /,/ /,,/ /,,,,,,,,,,2009-09-25 14:27:00,Unknown,/ /,.F.
OHM B 9334,0,,,,,,pes,2009-09-25 00:00:00,,Osborne Homestead Museum,/ /,,Good,,,1,"Moulton, Richard G",,0,0,,1879,,,0,,,0,,,,,/ /,/ / : : AM,,,8: Communication Artifact,"side case, left of desk, library",0,,/ /,,,,0,,/ /,,,,0,0,,,,/ /,,0,,,,,,,0,,2009-08-28 00:00:00,,,OHM B 9334,book,,,,,,Documentary Artifact,,352 p.,,,clarendon press,,oxford,,,,,,,1879,,,,Shelf,,/ /,,literary criticism,,,/ /,,,,,Shakespeare as a Dramatic Artist,,,,,,,,,,,,0,0,0,0,0,/ /,/ /,,/ /,,,,,,,,,,2009-09-25 14:29:00,Unknown,/ /,.F.
OHM B 9335,0,,,,,,pes,2009-09-25 00:00:00,,Osborne Homestead Museum,/ /,,Good,,,1,"Keats, John",,0,0,,1877,,,0,,,0,,,,,/ /,/ / : : AM,,,8: Communication Artifact,"side case, left of desk, library",0,,/ /,,,,0,,/ /,,,,0,0,,,,/ /,,0,,,,,,,0,,2009-08-28 00:00:00,,,OHM B 9335,book,,,,,,Documentary Artifact,,157p.,,,D. Appleton,,New York,,,,,,,1877,,,,Shelf,,/ /,,poetry,,,/ /,,,,,Poetical Works of John Keats,,,,,,,,,,,,0,0,0,0,0,/ /,/ /,,/ /,,,,,,,,,,2009-09-25 14:31:00,Unknown,/ /,.F.
OHM B 9440,0,,,,,,pes,2009-09-25 00:00:00,,Osborne Homestead Museum,/ /,,Good,,,1,"Lowell, James Russell",,0,0,,1899,,,0,vol 1,,0,,,,,/ /,/ / : : AM,,,8: Communication Artifact,"side case, left of desk, library",0,,/ /,,,,0,,/ /,,,,0,0,,,,/ /,,0,,,,,,,0,,2009-08-28 00:00:00,,,OHM B 9440,book,,,,,,Documentary Artifact,,200 p.,,,houghton mifflin,,boston,,,,,,,1899,,,,Shelf,,/ /,,literary criticism,,,/ /,,,,,Writings of James Russell Lowell,,,,,,,,,,,,0,0,0,0,0,/ /,/ /,,/ /,,,,,,,,,,2009-09-25 14:39:00,Unknown,/ /,.F.
OHM B 9441,0,,,,,,pes,2009-09-25 00:00:00,,Osborne Homestead Museum,/ /,,Good,,,1,"Lowell, James Russell",,0,0,,1899,,,0,vol 2,,0,,,,,/ /,/ / : : AM,,,8: Communication Artifact,"side case, left of desk, library",0,,/ /,,,,0,,/ /,,,,0,0,,,,/ /,,0,,,,,,,0,,2009-08-28 00:00:00,,,OHM B 9441,book,,,,,,Documentary Artifact,,200 p.,,,houghton mifflin,,boston,,,,,,,1899,,,,Shelf,,/ /,,literary criticism,,,/ /,,,,,Writings of James Russell Lowell,,,,,,,,,,,,0,0,0,0,0,/ /,/ /,,/ /,,,,,,,,,,2009-09-25 14:39:00,Unknown,/ /,.F.
OHM B 9442,0,,,,,,pes,2009-09-25 00:00:00,,Osborne Homestead Museum,/ /,,Good,,,1,"Lowell, James Russell",,0,0,,1899,,,0,vol 3,,0,,,,,/ /,/ / : : AM,,,8: Communication Artifact,"side case, left of desk, library",0,,/ /,,,,0,,/ /,,,,0,0,,,,/ /,,0,,,,,,,0,,2009-08-28 00:00:00,,,OHM B 9442,book,,,,,,Documentary Artifact,,200 p.,,,houghton mifflin,,boston,,,,,,,1899,,,,Shelf,,/ /,,literary criticism,,,/ /,,,,,Writings of James Russell Lowell,,,,,,,,,,,,0,0,0,0,0,/ /,/ /,,/ /,,,,,,,,,,2009-09-25 14:39:00,Unknown,/ /,.F.
OHM B 9443,0,,,,,,pes,2009-09-25 00:00:00,,Osborne Homestead Museum,/ /,,Good,,,1,"Lowell, James Russell",,0,0,,1899,,,0,vol 4,,0,,,,,/ /,/ / : : AM,,,8: Communication Artifact,"side case, left of desk, library",0,,/ /,,,,0,,/ /,,,,0,0,,,,/ /,,0,,,,,,,0,,2009-08-28 00:00:00,,,OHM B 9443,book,,,,,,Documentary Artifact,,200 p.,,,houghton mifflin,,boston,,,,,,,1899,,,,Shelf,,/ /,,literary criticism,,,/ /,,,,,Writings of James Russell Lowell,,,,,,,,,,,,0,0,0,0,0,/ /,/ /,,/ /,,,,,,,,,,2009-09-25 14:40:00,Unknown,/ /,.F.
OHM B 9444,0,,,,,,pes,2009-09-25 00:00:00,,Osborne Homestead Museum,/ /,,Good,,,1,"Lowell, James Russell",,0,0,,1899,,,0,vol 5,,0,,,,,/ /,/ / : : AM,,,8: Communication Artifact,"side case, left of desk, library",0,,/ /,,,,0,,/ /,,,,0,0,,,,/ /,,0,,,,,,,0,,2009-08-28 00:00:00,,,OHM B 9444,book,,,,,,Documentary Artifact,,200 p.,,,houghton mifflin,,boston,,,,,,,1899,,,,Shelf,,/ /,,literary criticism,,,/ /,,,,,Writings of James Russell Lowell,,,,,,,,,,,,0,0,0,0,0,/ /,/ /,,/ /,,,,,,,,,,2009-09-25 14:40:00,Unknown,/ /,.F.
OHM B 9445,0,,,,,,pes,2009-09-25 00:00:00,,Osborne Homestead Museum,/ /,,Good,,,1,"Lowell, James Russell",,0,0,,1899,,,0,vol 6,,0,,,,,/ /,/ / : : AM,,,8: Communication Artifact,"side case, left of desk, library",0,,/ /,,,,0,,/ /,,,,0,0,,,,/ /,,0,,,,,,,0,,2009-08-28 00:00:00,,,OHM B 9445,book,,,,,,Documentary Artifact,,200 p.,,,houghton mifflin,,boston,,,,,,,1899,,,,Shelf,,/ /,,literary criticism,,,/ /,,,,,Writings of James Russell Lowell,,,,,,,,,,,,0,0,0,0,0,/ /,/ /,,/ /,,,,,,,,,,2009-09-25 14:40:00,Unknown,/ /,.F.
OHM B 9446,0,,,,,,pes,2009-09-25 00:00:00,,Osborne Homestead Museum,/ /,,Good,,,1,"Lowell, James Russell",,0,0,,1899,,,0,vol 7,,0,,,,,/ /,/ / : : AM,,,8: Communication Artifact,"side case, left of desk, library",0,,/ /,,,,0,,/ /,,,,0,0,,,,/ /,,0,,,,,,,0,,2009-08-28 00:00:00,,,OHM B 9446,book,,,,,,Documentary Artifact,,200 p.,,,houghton mifflin,,boston,,,,,,,1899,,,,Shelf,,/ /,,literary criticism,,,/ /,,,,,Writings of James Russell Lowell,,,,,,,,,,,,0,0,0,0,0,/ /,/ /,,/ /,,,,,,,,,,2009-09-25 14:40:00,Unknown,/ /,.F.
OHM B 9800,0,,,,,,pes,2009-09-25 00:00:00,,Osborne Homestead Museum,/ /,,Good,,,1,"Emerson, Ralph Waldo",,0,0,,1883,,,0,,,0,,,,,/ /,/ / : : AM,,,8: Communication Artifact,"side case, left of desk, library",0,,/ /,,,,0,,/ /,,,,0,0,,,,/ /,,0,,,,,,,0,,2009-08-28 00:00:00,,,OHM B 9800,book,,,,,,Documentary Artifact,,372 p.,,,houghton mifflin,,boston,,,,,,,1883,,,,Shelf,,/ /,,essays,,,/ /,,,,,"Representative men, nature, adresses, etc",,,,,,,,,,,,0,0,0,0,0,/ /,/ /,,/ /,,,,,,,,,,2009-09-25 14:47:00,Unknown,/ /,.F.
OHM B 9803,0,,,,,,pes,2009-09-25 00:00:00,,Osborne Homestead Museum,/ /,,Good,,,1,"Fitzgerald, Edward",,0,0,,1894,,,0,vol 1,,0,,,,,/ /,/ / : : AM,,,8: Communication Artifact,"side case, left of desk, library",0,,/ /,,,,0,,/ /,,,,0,0,,,,/ /,,0,,,,,,,0,,2009-08-28 00:00:00,,,OHM B 9803,book,,,,,,Documentary Artifact,,200 p.,,,new york,,macmillan,,,,,,,1894,,,,Shelf,,/ /,,letters,,,/ /,,,,,Letters of Edward Fitzgerald,,,,,,,,,,,,0,0,0,0,0,/ /,/ /,,/ /,,,,,,,,,,2009-09-25 14:48:00,Unknown,/ /,.F.
OHM B 9804,0,,,,,,pes,2009-09-25 00:00:00,,Osborne Homestead Museum,/ /,,Good,,,1,"Fitzgerald, Edward",,0,0,,1894,,,0,vol 2,,0,,,,,/ /,/ / : : AM,,,8: Communication Artifact,"side case, left of desk, library",0,,/ /,,,,0,,/ /,,,,0,0,,,,/ /,,0,,,,,,,0,,2009-08-28 00:00:00,,,OHM B 9804,book,,,,,,Documentary Artifact,,200 p.,,,new york,,macmillan,,,,,,,1894,,,,Shelf,,/ /,,letters,,,/ /,,,,,Letters of Edward Fitzgerald,,,,,,,,,,,,0,0,0,0,0,/ /,/ /,,/ /,,,,,,,,,,2009-09-25 14:48:00,Unknown,/ /,.F.
OHM B 9802,0,,,,,,pes,2009-09-25 00:00:00,,Osborne Homestead Museum,/ /,,Good,,,1,"Fitzgerald, Edward",,0,0,,1902,,,0,,,0,,,,,/ /,/ / : : AM,,,8: Communication Artifact,"side case, left of desk, library",0,,/ /,,,,0,,/ /,,,,0,0,,,,/ /,,0,,,,,,,0,,2009-08-28 00:00:00,,,OHM B 9802,book,,,,,,Documentary Artifact,,285 p.,,,new york,,macmillan,,,,,,,1902,,,,Shelf,,/ /,,letters,,,/ /,,,,,More Letters of Edward Fitzgerald,,,,,,,,,,,,0,0,0,0,0,/ /,/ /,,/ /,,,,,,,,,,2009-09-25 14:49:00,Unknown,/ /,.F.
OHM B 9801,0,,,,,,pes,2009-09-25 00:00:00,,Osborne Homestead Museum,/ /,,Good,,,1,"Fitzgerald, Edward",,0,0,,1902,,,0,,,0,,,,,/ /,/ / : : AM,,,8: Communication Artifact,"side case, left of desk, library",0,,/ /,,,,0,,/ /,,,,0,0,,,,/ /,,0,,,,,,,0,,2009-08-28 00:00:00,,,OHM B 9801,book,,,,,,Documentary Artifact,,200 p.,,,new york,,macmillan,,,,,,,1902,,,,Shelf,,/ /,,letters,,,/ /,,,,,Letters of Edward Fitzgerald to Fanny Kemble,,,,,,,,,,,,0,0,0,0,0,/ /,/ /,,/ /,,,,,,,,,,2009-09-25 14:50:00,Unknown,/ /,.F.
OHM B 9400,0,,,,,,pes,2009-10-02 00:00:00,,Osborne Homestead Museum,/ /,,Good,,,1,"Bunner, H.C.",,0,0,,1917,,,0,,,0,,,,,/ /,/ / : : AM,,,8: Communication Artifact,LIBRARY Case 6 Row 1,0,,/ /,,,,0,,/ /,,,,0,0,,,,/ /,,0,,,,,,,0,,2009-08-28 00:00:00,,,OHM B 9400,book,,,,,,Documentary Artifact,,377 p.,,,Charles Scribner's Sons,,New York,,,,,,,1917,,,,Shelf,,/ /,,short stories,,,/ /,,,,,Stories of H.C. Bunner: More Short Stories and the Runaway Browns,,,,,,,,,,,,0,0,0,0,0,/ /,/ /,,/ /,,,,,,,,,,2010-09-19 14:42:00,Unknown,/ /,.F.
OHM B 9401,0,,,,,,pes,2009-10-02 00:00:00,,Osborne Homestead Museum,/ /,,Good,,,1,"Bunner, H.C.",,0,0,,1916,,,0,,,0,,,,,/ /,/ / : : AM,,,8: Communication Artifact,LIBRAR Case 6 Row 1,0,,/ /,,,,0,,/ /,,,,0,0,,,,/ /,,0,,,,,,,0,,2009-08-28 00:00:00,,,OHM B 9401,book,,,,,,Documentary Artifact,,372 p.,,,Charles Scribner's Sons,,New York,,,,,,,1916,,,,Shelf,,/ /,,short stories,,,/ /,,,,,Stories of H.C. Bunner: Second Series,,,,,,,,,,,,0,0,0,0,0,/ /,/ /,,/ /,,,,,,,,,,2010-09-19 14:41:00,Unknown,/ /,.F.
OHM B 9402,0,,,,,,pes,2009-10-02 00:00:00,,Osborne Homestead Museum,/ /,,Good,,,1,"Bunner, H.C.",,0,0,,1917,,,0,,,0,,,,,/ /,/ / : : AM,,,8: Communication Artifact,LIBRARY Case 6 Row 1,0,,/ /,,,,0,,/ /,,,,0,0,,,,/ /,,0,,,,,,,0,,2009-08-28 00:00:00,,,OHM B 9402,book,,,,,,Documentary Artifact,,320 p.,,,Charles Scribner's Sons,,New York,,,,,,,1917,,,,Shelf,,/ /,,short stories,,,/ /,,,,,Stories of H.C. Bunner: Short Sixes and the Suburban Sage,,,,,,,,,,,,0,0,0,0,0,/ /,/ /,,/ /,,,,,,,,,,2010-09-19 14:40:00,Unknown,/ /,.F.
OHM B 9420,0,,,,,,pes,2009-10-02 00:00:00,,Osborne Homestead Museum,/ /,,Good,,,1,"Cockerell, Douglas",,0,0,,1908,,,0,,,0,,,,,/ /,/ / : : AM,,,8: Communication Artifact,LIBRARY Case 6/Row 1,0,,/ /,,,,0,,/ /,,,,0,0,,,,/ /,,0,,,,,,,0,,2009-08-28 00:00:00,,,OHM B 9420,book,,,,,,Documentary Artifact,,,,,D Appleton & Co,,New York,,,,,The Artistic Crafts Series of Technical Handbooks,,1908,,,``,Shelf,,/ /,,crafts,,,/ /,,,,,Bookbinding and the Care of Books,,,,,,,,,,,,0,0,0,0,0,/ /,/ /,,/ /,,,,,,,,,,2010-09-19 14:35:00,Unknown,/ /,.F.
OHM B 9421,0,,,,,,pes,2009-10-02 00:00:00,,Osborne Homestead Museum,/ /,,Good,,,1,"Wilson, H",,0,0,,1903,,,0,,,0,,,,,/ /,/ / : : AM,,,8: Communication Artifact,LIBRARY Case 6/Row 1,0,,/ /,,,,0,,/ /,,,,0,0,,,,/ /,,0,,,,,,,0,,2009-08-28 00:00:00,,,OHM B 9421,book,,,,,,Documentary Artifact,,,,,D Appleton & Co,,New York,,,,,The Artistic Crafts Series of Technical Handbooks,,,,,,Shelf,,/ /,,crafts,,,/ /,,,,,Silverwork and Jewelry,,,,,,,,,,,,0,0,0,0,0,/ /,/ /,,/ /,,,,,,,,,,2010-09-19 14:28:00,Unknown,/ /,.F.
OHM B 9422,0,,,,,,pes,2009-10-02 00:00:00,,Osborne Homestead Museum,/ /,,Good,,,1,"Jack, George",,0,0,,1903,,,0,,,0,,,,,/ /,/ / : : AM,,,8: Communication Artifact,LIBRARY Case 6/Row 1,0,,/ /,,,,0,,/ /,,,,0,0,,,,/ /,,0,,,,,,,0,,2009-08-28 00:00:00,,,OHM B 9422,book,,,,,,Documentary Artifact,,,,,D Appleton & Co,,New York,,,,,The Artistic Crafts Series of Technical Handbooks,,1903,,,,Shelf,,/ /,,crafts,,,/ /,,,,,Wood-carving Design and Workmanship,,,,,,,,,,,,0,0,0,0,0,/ /,/ /,,/ /,,,,,,,,,,2010-09-19 14:35:00,Unknown,/ /,.F.
OHM B 9423,0,,,,,,pes,2009-10-02 00:00:00,,Osborne Homestead Museum,/ /,,Good,,,1,"Whall, C W",,0,0,,1905,,,0,,,0,,,,,/ /,/ / : : AM,,,8: Communication Artifact,LIBRARY Case 6/Row 1,0,,/ /,,,,0,,/ /,,,,0,0,,,,/ /,,0,,,,,,,0,,2009-08-28 00:00:00,,,OHM B 9423,book,,,,,,Documentary Artifact,,380 p.,,,D Appleton & Co,,New York,,,,,The Artistic Crafts Series of Technical Handbooks,,1905,,,,Shelf,,/ /,,crafts,,,/ /,,,,,Stained-Glass Work,,,,,,,,,,,,0,0,0,0,0,/ /,/ /,,/ /,,,,,,,,,,2010-09-19 14:38:00,Unknown,/ /,.F.
OHM B 9670,0,,,,,,pes,2009-10-02 00:00:00,,Osborne Homestead Museum,/ /,,Good,,,1,"fitch, george hamlin",,0,0,,n.d.,,,0,,,0,,,,,/ /,/ / : : AM,,,8: Communication Artifact,"side case, on driveway, library",0,,/ /,,,,0,,/ /,,,,0,0,,,,/ /,,0,,,,,,,0,,2009-08-28 00:00:00,,,OHM B 9670,book,,,,,,Documentary Artifact,,171 p.,,,san francisco,,paul elder and co,,,,,,,n d,,,,Shelf,,/ /,,essays,,,/ /,,,,,comfort found in good old books,,,,,,,,,,,,0,0,0,0,0,/ /,/ /,,/ /,,,,,,,,,,2009-10-02 12:01:00,Unknown,/ /,.F.
OHM B 9657,0,,,,,,pes,2009-10-02 00:00:00,,Osborne Homestead Museum,/ /,,Good,,,1,"whipple, edwin p",,0,0,,1877,,,0,,,0,,,,,/ /,/ / : : AM,,,8: Communication Artifact,"side case, on driveway, library",0,,/ /,,,,0,,/ /,,,,0,0,,,,/ /,,0,,,,,,,0,,2009-08-28 00:00:00,,,OHM B 9657,book,,,,,,Documentary Artifact,,344 p.,,,boston,,osgood and co,,,,,,,1877,,,,Shelf,,/ /,,essays,,,/ /,,,,,literature and life,,,,,,,,,,,,0,0,0,0,0,/ /,/ /,,/ /,,,,,,,,,,2009-10-02 12:03:00,Unknown,/ /,.F.
OHM B 9660,0,,,,,,pes,2009-10-02 00:00:00,,Osborne Homestead Museum,/ /,,Good,,,1,"matthews, brander",,0,0,,1896,,,0,,,0,,,,,/ /,/ / : : AM,,,8: Communication Artifact,"side case, on driveway, library",0,,/ /,,,,0,,/ /,,,,0,0,,,,/ /,,0,,,,,,,0,,2009-08-28 00:00:00,,,OHM B 9660,book,,,,,,Documentary Artifact,,256 p.,,,american book co,,new york,,,,,,,1896,,,,Shelf,,/ /,,essays,,,/ /,,,,,an introduction to the study of american literature,,,,,,,,,,,,0,0,0,0,0,/ /,/ /,,/ /,,,,,,,,,,2009-10-02 12:05:00,Unknown,/ /,.F.
OHM B 9659,0,,,,,,pes,2009-10-02 00:00:00,,Osborne Homestead Museum,/ /,,Good,,,1,"lucas, e.v.",,0,0,,n.d.,,,0,,,0,,,,,/ /,/ / : : AM,,,8: Communication Artifact,"side case, on driveway, library",0,,/ /,,,,0,,/ /,,,,0,0,,,,/ /,,0,,,,,,,0,,2009-08-28 00:00:00,,,OHM B 9659,book,,,,,,Documentary Artifact,,422 p.,,,methuem and co,,london,,,,,,,n.d.,,,,Shelf,,/ /,,letters,,,/ /,,,,,the gentlest art,,,,,,,,,,,,0,0,0,0,0,/ /,/ /,,/ /,,,,,,,,,,2009-10-02 12:07:00,Unknown,/ /,.F.
OHM B 9658,0,,,,,,pes,2009-10-02 00:00:00,,Osborne Homestead Museum,/ /,,Good,,,1,"farrar, f w",,0,0,,1883,gift from joseph pullman,,0,,,0,,,,,/ /,/ / : : AM,,,8: Communication Artifact,"side case, on driveway, library",0,,/ /,,,,0,,/ /,,,,0,0,,,,/ /,,0,,,,,,,0,,2009-08-28 00:00:00,,,OHM B 9658,book,,,,,,Documentary Artifact,,290 p.,,,funk and wagnalls,,new york,,,,,,,1883,,,,Shelf,,/ /,,poetry,,,/ /,,,,,with the poets,,,,,,,,,,,,0,0,0,0,0,/ /,/ /,,/ /,,,,,,,,,,2009-10-02 12:09:00,Unknown,/ /,.F.
OHM B 9655,0,,,,,,pes,2009-10-02 00:00:00,,Osborne Homestead Museum,/ /,,Good,,,1,"gaskell, mrs.",,0,0,,1891,,,0,,,0,,,,,/ /,/ / : : AM,,,8: Communication Artifact,"side case, on driveway, library",0,,/ /,,,,0,,/ /,,,,0,0,,,,/ /,,0,,,,,,,0,,2009-08-28 00:00:00,,,OHM B 9655,book,,,,,,Documentary Artifact,,n. p.,,,macmillan and co,,new york,,,,,,,1891,,,,Shelf,,/ /,,novel,,,/ /,,,,,cranford,,,,,,,,,,,,0,0,0,0,0,/ /,/ /,,/ /,,,,,,,,,,2009-10-02 14:14:00,Unknown,/ /,.F.
OHM B 9656,0,,,,,,pes,2009-10-02 00:00:00,,Osborne Homestead Museum,/ /,,Good,,,1,"oliphant, mrs.",,0,0,,n.d.,,,0,,,0,,,,,/ /,/ / : : AM,,,8: Communication Artifact,"side case, on driveway, library",0,,/ /,,,,0,,/ /,,,,0,0,,,,/ /,,0,,,,,,,0,,2009-08-28 00:00:00,,,OHM B 9656,book,,,,,,Documentary Artifact,,496 p.,,,blackwood and sons,,london,,,,,,,n.d.,,,,Shelf,,/ /,,short stories,,,/ /,,,,,chronicles of carlingford,,,,,,,,,,,,0,0,0,0,0,/ /,/ /,,/ /,,,,,,,,,,2009-10-02 14:16:00,Unknown,/ /,.F.
OHM B 9650,0,,,,,,pes,2009-10-02 00:00:00,,Osborne Homestead Museum,/ /,,Good,,,1,"grahame, kenneth",,0,0,,1902,,,0,,,0,,,,,/ /,/ / : : AM,,,8: Communication Artifact,"side case, on driveway, library",0,,/ /,,,,0,,/ /,,,,0,0,,,,/ /,,0,,,,,,,0,,2009-08-28 00:00:00,,,OHM B 9650,book,,,,,,Documentary Artifact,,241 p.,,,bodley head,,new york,,,,,,,1902,,,,Shelf,,/ /,,short stories,,,/ /,,,,,the golden age,,,,,,,,,,,,0,0,0,0,0,/ /,/ /,,/ /,,,,,,,,,,2009-10-02 14:18:00,Unknown,/ /,.F.
OHM B 9651,0,,,,,,pes,2009-10-02 00:00:00,,Osborne Homestead Museum,/ /,,Good,,,1,"grahame, kenneth",,0,0,,1899,,,0,,,0,,,,,/ /,/ / : : AM,,,8: Communication Artifact,"side case, on driveway, library",0,,/ /,,,,0,,/ /,,,,0,0,,,,/ /,,0,,,,,,,0,,2009-08-28 00:00:00,,,OHM B 9651,book,,,,,,Documentary Artifact,,275 p.,,,bodley head,,new york,,,,,,,1899,,,,Shelf,,/ /,,short stories,,,/ /,,,,,dream days,,,,,,,,,,,,0,0,0,0,0,/ /,/ /,,/ /,,,,,,,,,,2009-10-02 14:19:00,Unknown,/ /,.F.
OHM B 9322,0,,,,,,pes,2009-10-02 00:00:00,,Osborne Homestead Museum,/ /,,Good,,,1,"carlyle, thomas",,0,0,,1870,,,0,,,0,,,,,/ /,/ / : : AM,,,8: Communication Artifact,"side case, on driveway, library",0,,/ /,,,,0,,/ /,,,,0,0,,,,/ /,,0,,,,,,,0,,2009-08-28 00:00:00,,,OHM B 9322,book,,,,,,Documentary Artifact,,568 p.,,,appleton,,new york,,,,,,,1870,,,,Shelf,,/ /,,essays,,,/ /,,,,,critical and miscellaneous essays,,,,,,,,,,,,0,0,0,0,0,/ /,/ /,,/ /,,,,,,,,,,2009-10-02 14:30:00,Unknown,/ /,.F.
OHM B 9323,0,,,,,,pes,2009-10-02 00:00:00,,Osborne Homestead Museum,/ /,,Good,,,1,"bryce, james",,0,0,,1913,,,0,,,0,,,,,/ /,/ / : : AM,,,8: Communication Artifact,"side case, on driveway, library",0,,/ /,,,,0,,/ /,,,,0,0,,,,/ /,,0,,,,,,,0,,2009-08-28 00:00:00,,,OHM B 9323,book,,,,,,Documentary Artifact,,433 p.,,,macmillan,,new york,,,,,,,1913,,,,Shelf,,/ /,,essays,,,/ /,,,,,university and historical addresses,,,,,,,,,,,,0,0,0,0,0,/ /,/ /,,/ /,,,,,,,,,,2009-10-02 14:31:00,Unknown,/ /,.F.
OHM B 9321,0,,,,,,pes,2009-10-02 00:00:00,,Osborne Homestead Museum,/ /,,Good,,,1,"collins, w.w.",,0,0,,1912,,,0,,,0,,,,,/ /,/ / : : AM,,,8: Communication Artifact,"side case, on driveway, library",0,,/ /,,,,0,,/ /,,,,0,0,,,,/ /,,0,,,,,,,0,,2009-08-28 00:00:00,,,OHM B 9321,book,,,,,,Documentary Artifact,,358 p.,,,"dodd, mead",,new york,,,,,,,1912,,,,Shelf,,/ /,,essays,,,/ /,,,,,cathedral cities of spain,,,,,,,,,,,,0,0,0,0,0,/ /,/ /,,/ /,,,,,,,,,,2009-10-02 14:33:00,Unknown,/ /,.F.
OHM B 9234,0,,,,,,pes,2009-10-02 00:00:00,,Osborne Homestead Museum,/ /,,Good,,,1,"ingoldsby, thomas",,0,0,,1864,,,0,,,0,,,,,/ /,/ / : : AM,,,8: Communication Artifact,"side case, on driveway, library",0,,/ /,,,,0,,/ /,,,,0,0,,,,/ /,,0,,,,,,,0,,2009-08-28 00:00:00,,,OHM B 9234,book,,,,,,Documentary Artifact,,427p.,,,richard bentley,,london,,,,,,,1864,,,,Shelf,,/ /,,essays,,,/ /,,,,,ingoldsby legends,,,,,,,,,,,,0,0,0,0,0,/ /,/ /,,/ /,,,,,,,,,,2009-10-02 14:35:00,Unknown,/ /,.F.
OHM B 9990,0,,,,,,pes,2009-10-02 00:00:00,,Osborne Homestead Museum,/ /,,Good,,,1,"Simms, Gilmore",,0,0,,1846,,,0,,,0,,,,,/ /,/ / : : AM,,,8: Communication Artifact,LIBRARY Case 6 Row 5,0,,/ /,,,,0,,/ /,,,,0,0,,,,/ /,,0,,,,,,,0,,2009-08-28 00:00:00,,,OHM B 9990,book,,,,,,Documentary Artifact,,347 p.,,,geo. f cooledge and brother,,new york,,,,,,,1846,,,,Shelf,,/ /,,biography,,,/ /,,,,,Life of Francis Marion,,,,,,,,,,,,0,0,0,0,0,/ /,/ /,,/ /,,,,,,,,,,2010-08-01 13:53:00,Unknown,/ /,.F.
OHM B 9871,0,,,,,,pes,2009-10-02 00:00:00,,Osborne Homestead Museum,/ /,,Good,,,1,"mitchell, donald g",,0,0,,1889,,,0,,,0,,,,,/ /,/ / : : AM,,,8: Communication Artifact,LIBRARY Case 5/Row 3,0,,/ /,,,,0,,/ /,,,,0,0,,,,/ /,,0,,,,,,,0,,2009-08-28 00:00:00,,,OHM B 9871,book,,,,,,Documentary Artifact,,327 p.,,,scribner,,new york,,,,,vol 1,,1889,,,,Shelf,,/ /,,history literary history england,,,/ /,,,,,"english lands, letters, and kings",,,,,,,,,,,,0,0,0,0,0,/ /,/ /,,/ /,,,,,,,,,,2010-08-15 14:17:00,Unknown,/ /,.F.
OHM B 9872,0,,,,,,pes,2009-10-02 00:00:00,,Osborne Homestead Museum,/ /,,Good,,,1,"mitchell, donald g",,0,0,,1889,,,0,,,0,,,,,/ /,/ / : : AM,,,8: Communication Artifact,LIBRARY Case 5/Row 3,0,,/ /,,,,0,,/ /,,,,0,0,,,,/ /,,0,,,,,,,0,,2009-08-28 00:00:00,,,OHM B 9872,book,,,,,,Documentary Artifact,,327 p.,,,scribner,,new york,,,,,vol 2,,1889,,,,Shelf,,/ /,,history literary history england,,,/ /,,,,,"english lands, letters, and kings",,,,,,,,,,,,0,0,0,0,0,/ /,/ /,,/ /,,,,,,,,,,2010-08-15 14:18:00,Unknown,/ /,.F.
OHM B 9873,0,,,,,,pes,2009-10-02 00:00:00,,Osborne Homestead Museum,/ /,,Good,,,1,"mitchell, donald g",,0,0,,1889,,,0,,,0,,,,,/ /,/ / : : AM,,,8: Communication Artifact,LIBRARY Case 5/Row 3,0,,/ /,,,,0,,/ /,,,,0,0,,,,/ /,,0,,,,,,,0,,2009-08-28 00:00:00,,,OHM B 9873,book,,,,,,Documentary Artifact,,327 p.,,,scribner,,new york,,,,,vol 3,,1889,,,,Shelf,,/ /,,history literary history england,,,/ /,,,,,"english lands, letters, and kings",,,,,,,,,,,,0,0,0,0,0,/ /,/ /,,/ /,,,,,,,,,,2010-08-15 14:18:00,Unknown,/ /,.F.
OHM B 9874,0,,,,,,pes,2009-10-02 00:00:00,,Osborne Homestead Museum,/ /,,Good,,,1,"mitchell, donald g",,0,0,,1889,,,0,,,0,,,,,/ /,/ / : : AM,,,8: Communication Artifact,LIBRARY Case 5/Row 3,0,,/ /,,,,0,,/ /,,,,0,0,,,,/ /,,0,,,,,,,0,,2009-08-28 00:00:00,,,OHM B 9874,book,,,,,,Documentary Artifact,,327 p.,,,scribner,,new york,,,,,vol 4,,1889,,,,Shelf,,/ /,,history literary history england,,,/ /,,,,,"english lands, letters, and kings",,,,,,,,,,,,0,0,0,0,0,/ /,/ /,,/ /,,,,,,,,,,2010-08-15 14:18:00,Unknown,/ /,.F.
OHM B 9889,0,,,,,,pes,2009-10-02 00:00:00,,Osborne Homestead Museum,/ /,,Good,,,1,"Backer, J F",,0,0,,,,,0,,,0,,,,,/ /,/ / : : AM,,,8: Communication Artifact,LIBRARY Case 4/Row 5,0,,/ /,,,,0,,/ /,,,,0,0,,,,/ /,,0,,,,,,,0,,2009-08-28 00:00:00,,,OHM B 9889,book,,,,,,Documentary Artifact,,460 p.,,,George Jacobs,,Philadelphia,,,,,copy 2,,,,,,Shelf,,/ /,,japanese art,,,/ /,,,,,ABC of Japanese Art,,,,,,,,,,,,0,0,0,0,0,/ /,/ /,,/ /,,,,,,,,,,2010-10-31 13:43:00,Unknown,/ /,.F.
OHM B 9884,0,,,,,,pes,2009-10-02 00:00:00,,Osborne Homestead Museum,/ /,,Good,,,1,"bond, frederick bligh",,0,0,,1933,,,0,,,0,,,,,/ /,/ / : : AM,,,8: Communication Artifact,"front case, right of desk, library",0,,/ /,,,,0,,/ /,,,,0,0,,,,/ /,,0,,,,,,,0,,2009-08-28 00:00:00,,,OHM B 9884,book,,,,,,Documentary Artifact,,215 p.,,,basil blackwell,,oxford,,,,,,,1933,,,,Shelf,,/ /,,psychology religion,,,/ /,,,,,the gate of remembrance,,,,,,,,,,,,0,0,0,0,0,/ /,/ /,,/ /,,,,,,,,,,2009-10-09 11:53:00,Unknown,/ /,.F.
OHM B 9887,0,,,,,,pes,2009-10-02 00:00:00,,Osborne Homestead Museum,/ /,,Good,,,1,"bond, frederick bligh",,0,0,,1924,,,0,,,0,,,,,/ /,/ / : : AM,,,8: Communication Artifact,LIBRARY Case 5/Row 3,0,,/ /,,,,0,,/ /,,,,0,0,,,,/ /,,0,,,,,,,0,,2009-08-28 00:00:00,,,OHM B 9887,book,,,,,,Documentary Artifact,,159 p.,,,basil blackwell,,oxford,,,,,,,1933,,,,Shelf,,/ /,,psychology religion,,,/ /,,,,,"company of avalon, the",,,,,,,,,,,,0,0,0,0,0,/ /,/ /,,/ /,,,,,,,,,,2010-08-15 14:15:00,Unknown,/ /,.F.
OHM B 9888,0,,,,,,pes,2009-10-02 00:00:00,,Osborne Homestead Museum,/ /,,Good,,,1,"ivins, william",,0,0,,1926,,,0,,,0,,,,,/ /,/ / : : AM,,,8: Communication Artifact,LIBRARY Case 5/Row 3,0,,/ /,,,,0,,/ /,,,,0,0,,,,/ /,,0,,,,,,,0,,2009-08-28 00:00:00,,,OHM B 9888,book,,,,,,Documentary Artifact,,375 p.,,,harvard univ. press,,cambridge,,,,,,,1926,,,,Shelf,,/ /,,essays books prints,,,/ /,,,,,"prints and books, informal papers",,,,,,,,,,,,0,0,0,0,0,/ /,/ /,,/ /,,,,,,,,,,2010-08-15 14:20:00,Unknown,/ /,.F.
OHM B 9772,0,,,,,,pes,2009-10-02 00:00:00,,Osborne Homestead Museum,/ /,,Good,,,1,"tennyson, alfred lord",,0,0,,1899,,,0,,,0,,,,,/ /,/ / : : AM,,,8: Communication Artifact,"front case, left of desk, library",0,,/ /,,,,0,,/ /,,,,0,0,,,,/ /,,0,,,,,,,0,,2009-08-28 00:00:00,,,OHM B 9772,book,,,,,,Documentary Artifact,,960 p.,,,houghton mifflin,,boston,,,,,,,1899,,,,Shelf,,/ /,,poetry,,,/ /,,,,,poetic and dramatic works of alfred lord tennyson,,,,,,,,,,,,0,0,0,0,0,/ /,/ /,,/ /,,,,,,,,,,2009-10-09 12:07:00,Unknown,/ /,.F.
OHM B 9770,0,,,,,,pes,2009-10-02 00:00:00,,Osborne Homestead Museum,/ /,,Good,,,1,"white, henry kirke",,0,0,,1857,,,0,,,0,,,,,/ /,/ / : : AM,,,8: Communication Artifact,"front case, left of desk, library",0,,/ /,,,,0,,/ /,,,,0,0,,,,/ /,,0,,,,,,,0,,2009-08-28 00:00:00,,,OHM B 9770,book,,,,,,Documentary Artifact,,480p.,,,"phillips, sampson",,boston,,,,,,,1857,,,,Shelf,,/ /,,poetry,,,/ /,,,,,poetical works of henry kirke white,,,,,,,,,,,,0,0,0,0,0,/ /,/ /,,/ /,,,,,,,,,,2009-10-09 12:08:00,Unknown,/ /,.F.
OHM B 9773,0,,,,,,pes,2009-10-02 00:00:00,,Osborne Homestead Museum,/ /,,Good,,,1,"longfellow, henry wadsworth",,0,0,,1858,,,0,,,0,,,,,/ /,/ / : : AM,,,8: Communication Artifact,"front case, left of desk, library",0,,/ /,,,,0,,/ /,,,,0,0,,,,/ /,,0,,,,,,,0,,2009-08-28 00:00:00,,,OHM B 9773,book,,,,,,Documentary Artifact,,215 p.,,,ticknor and fields,,boston,,,,,,,1858,,,,Shelf,,/ /,,poetry,,,/ /,,,,,courtship of miles standish and other poems,,,,,,,,,,,,0,0,0,0,0,/ /,/ /,,/ /,,,,,,,,,,2009-10-09 12:10:00,Unknown,/ /,.F.
OHM B 9771,0,,,,,,pes,2009-10-09 00:00:00,,Osborne Homestead Museum,/ /,,Good,,,1,"burns, robert",,0,0,,n.d.,,,0,,,0,,,,,/ /,/ / : : AM,,,8: Communication Artifact,"front case, left of desk, library",0,,/ /,,,,0,,/ /,,,,0,0,,,,/ /,,0,,,,,,,0,,2009-08-28 00:00:00,,,OHM B 9771,book,,,,,,Documentary Artifact,,584 p.,,,a.l. burt,,new york,,,,,,,n.d.,,,,Shelf,,/ /,,poetry,,,/ /,,,,,poetical works of robert burns,,,,,,,,,,,,0,0,0,0,0,/ /,/ /,,/ /,,,,,,,,,,2009-10-09 12:11:00,Unknown,/ /,.F.
OHM B1871,0,,,,,,pes,2002-01-17 00:00:00,,Osborne Homestead Museum,/ /,,Good,,,1,"Destaal-Delaunay, Madame",,0,0,,1892,,,1880,Vol 2 ltd ed,,0,,,,,/ /,/ / : : AM,,,8: Communication Artifact,LIBRARY Case 6 Row 5,0,,/ /,,,,0,,/ /,,,English,0,0,,,,/ /,,0,,,,,,,0,,2002-01-17 00:00:00,,marbled endpapers and edgings,OHM B1871,book,,,,,,Documentary Artifact,,208 p,,,"james osgood, mcilvaine",,london,,,,,,,,,,,Shelf,,/ /,,memoirs biography,,,/ /,,,,,Memoires,,,,,,,,,,,,0,0,0,0,0,/ /,/ /,,/ /,,,,,,,,,,2010-08-01 13:48:00,Unknown,/ /,.F.
OHM B2003,0,,,,,,kmj,/ /,,Osborne Homestead Museum,/ /,,Good,,,1,"Morse, John T, Jr",,0,0,,1898,,,0,,,0,,,,,/ /,/ / : : AM,,,8: Communication Artifact,LIBRARY Case 8/Row 1,0,,/ /,,,,0,,/ /,,,English,0,0,,,,/ /,,0,,,,,,,0,,2002-01-17 00:00:00,,marbled endpapers and edgings,OHM B2003,book,,,,,,Documentary Artifact,,,,,"Hougton, Mifflin & Co",,New York,,,,,American Statesman,,,,,,Shelf,,/ /,,American History,,,/ /,,,,,Thomas Jefferson,,,,,,,,,,,,0,0,0,0,0,/ /,/ /,,/ /,,,,,,,,,,2010-08-15 14:33:00,Unknown,/ /,.F.
OHM B2004,0,,,,,,kmj,2010-08-15 00:00:00,,Osborne Homestead Museum,/ /,,Good,,,1,"Gay, Sydney Howard",,0,0,,1898,,,0,,,0,,,,,/ /,/ / : : AM,,,8: Communication Artifact,LIBRARY Case 8/Row 1,0,,/ /,,,,0,,/ /,,,English,0,0,,,,/ /,,0,,,,,,,0,,2002-01-17 00:00:00,,marbled endpapers and edgings,OHM B2004,book,,,,,,Documentary Artifact,,,,,"Hougton, Mifflin & Co",,New York,,,,,American Statesman,,,,,,Shelf,,/ /,,American History,,,/ /,,,,,James Madison,,,,,,,,,,,,0,0,0,0,0,/ /,/ /,,/ /,,,,,,,,,,2010-08-15 14:35:00,Unknown,/ /,.F.
OHM B2005,0,,,,,,kmj,2010-08-15 00:00:00,,Osborne Homestead Museum,/ /,,Good,,,1,"Schurz, Carl",,0,0,,1898,,,0,Vol 1,,0,,,,,/ /,/ / : : AM,,,8: Communication Artifact,LIBRARY Case 8/Row 1,0,,/ /,,,,0,,/ /,,,English,0,0,,,,/ /,,0,,,,,,,0,,2002-01-17 00:00:00,,marbled endpapers and edgings,OHM B2005,book,,,,,,Documentary Artifact,,,,,"Hougton, Mifflin & Co",,New York,,,,,American Statesman,,,,,,Shelf,,/ /,,American History,,,/ /,,,,,Life of Henry Clay,,,,,,,,,,,,0,0,0,0,0,/ /,/ /,,/ /,,,,,,,,,,2010-08-15 14:38:00,Unknown,/ /,.F.
OHM B2006,0,,,,,,kmj,2010-08-15 00:00:00,,Osborne Homestead Museum,/ /,,Good,,,1,"Schurz, Carl",,0,0,,1898,,,0,Vol 2,,0,,,,,/ /,/ / : : AM,,,8: Communication Artifact,LIBRARY Case 8/Row 1,0,,/ /,,,,0,,/ /,,,English,0,0,,,,/ /,,0,,,,,,,0,,2002-01-17 00:00:00,,marbled endpapers and edgings,OHM B2006,book,,,,,,Documentary Artifact,,,,,"Hougton, Mifflin & Co",,New York,,,,,American Statesman,,,,,,Shelf,,/ /,,American History,,,/ /,,,,,Life of Henry Clay,,,,,,,,,,,,0,0,0,0,0,/ /,/ /,,/ /,,,,,,,,,,2010-08-15 14:38:00,Unknown,/ /,.F.
OHM B2007,0,,,,,,kmj,2010-08-15 00:00:00,,Osborne Homestead Museum,/ /,,Good,,,1,"Richardson, Abby Sage",,0,0,,1903,,,0,,,0,,,,,/ /,/ / : : AM,,,8: Communication Artifact,LIBRARY Case 8/Row 2,0,,/ /,,,,0,,/ /,,,English,0,0,,,,/ /,,0,,,,,,,0,,2002-01-17 00:00:00,,marbled endpapers and edgings,OHM B2007,book,,,,,,Documentary Artifact,,,,,A.C. McClurg & Co,,Chicago,,,,,,,,,,,Shelf,,/ /,,,,,/ /,,,,,Familiar Talk on English Literature,,,,,,,,,,,,0,0,0,0,0,/ /,/ /,,/ /,,,,,,,,,,2010-08-15 14:48:00,Unknown,/ /,.F.
OHM B2008,0,,,,,,kmj,2010-08-15 00:00:00,,Osborne Homestead Museum,/ /,,Good,,,1,"Gregory, Lady",,0,0,,1903,,,0,,,0,,,,,/ /,/ / : : AM,,,8: Communication Artifact,LIBRARY Case 8/Row 2,0,,/ /,,,,0,,/ /,,,English,0,0,,,,/ /,,0,,,,,,,0,,2002-01-17 00:00:00,,marbled endpapers and edgings,OHM B2008,book,,,,,,Documentary Artifact,,,,,Maunsel and Co LTD/John W Luce and Co,,Dublin/Boston,,,,,,,,,,,Shelf,,/ /,,Illustrated by Robert Gregory,,,/ /,,,,,"Kiltartan History Book, The",,,,,,,,,,,,0,0,0,0,0,/ /,/ /,,/ /,,,,,,,,,,2010-08-15 14:51:00,Unknown,/ /,.F.
OHM B2009,0,,,,,,kmj,2010-08-15 00:00:00,,Osborne Homestead Museum,/ /,,Good,,,1,Aesop,,0,0,,1911,,,0,,,0,,,,,/ /,/ / : : AM,,,8: Communication Artifact,LIBRARY Case 8/Row 2,0,,/ /,,,,0,,/ /,,,English,0,0,,,,/ /,,0,,,,,,,0,,2002-01-17 00:00:00,,marbled endpapers and edgings,OHM B2009,book,,,,,,Documentary Artifact,,,,,The Century Co,,New York,,,,,,,,,,,Shelf,,/ /,,Illustrated by E Boyd Smith,,,/ /,,,,,Aesop's Fables,,,,,,,,,,,,0,0,0,0,0,/ /,/ /,,/ /,,,,,,,,,,2010-08-15 14:58:00,Unknown,/ /,.F.
OHM B2010,0,,,,,,kmj,2010-08-15 00:00:00,,Osborne Homestead Museum,/ /,,Good,,,1,"Nichols, William",,0,0,,1949,,,0,Revised and Enlarged Edition,,0,,,,,/ /,/ / : : AM,,,8: Communication Artifact,LIBRARY Case 8/Row 2,0,,/ /,,,,0,,/ /,,,English,0,0,,,,/ /,,0,,,,,,,0,,2002-01-17 00:00:00,,marbled endpapers and edgings,OHM B2010,book,,,,,,Documentary Artifact,,,,,Simon and Shuster,,New York,,,,,,,,,,,Shelf,,/ /,,,,,/ /,,,,,Words to Live By,,,,,,,,,,,,0,0,0,0,0,/ /,/ /,,/ /,,,,,,,,,,2010-08-15 15:01:00,Unknown,/ /,.F.
OHM B2011,0,,,,,,kmj,2010-08-15 00:00:00,,Osborne Homestead Museum,/ /,,Good,,,1,"Wagner, Leopold",,0,0,,1893,,,0,,,0,,,,,/ /,/ / : : AM,,,8: Communication Artifact,LIBRARY Case 8/Row 2,0,,/ /,,,,0,,/ /,,,English,0,0,,,,/ /,,0,,,,,,,0,,2002-01-17 00:00:00,,marbled endpapers and edgings,OHM B2011,book,,,,,,Documentary Artifact,,,,,Thomas Whittaker,,New York,,,,,,,,,,,Shelf,,/ /,,,,,/ /,,,,,"Significance of Names, The",,,,,,,,,,,,0,0,0,0,0,/ /,/ /,,/ /,,,,,,,,,,2010-08-15 15:05:00,Unknown,/ /,.F.
OHM B2012,0,,,,,,kmj,2010-08-15 00:00:00,,Osborne Homestead Museum,/ /,,Good,,,1,"White, Richard Grant",,0,0,,1871,,,0,,,0,,,,,/ /,/ / : : AM,,,8: Communication Artifact,LIBRARY Case 8/Row 2,0,,/ /,,,,0,,/ /,,,English,0,0,,,,/ /,,0,,,,,,,0,,2002-01-17 00:00:00,,marbled endpapers and edgings,OHM B2012,book,,,,,,Documentary Artifact,,,,,Sheldon & Co,,New York,,,,,,,,,,,Shelf,,/ /,,,,,/ /,,,,,Words and Their Uses Past and Present: A Study of the English Language,,,,,,,,,,,,0,0,0,0,0,/ /,/ /,,/ /,,,,,,,,,,2010-08-15 15:08:00,Unknown,/ /,.F.
OHM B2013,0,,,,,,kmj,2010-08-15 00:00:00,,Osborne Homestead Museum,/ /,,Good,,,1,"Barrie, J M",,0,0,,,,,0,,,0,,,,,/ /,/ / : : AM,,,8: Communication Artifact,LIBRARY Case 8/Row 2,0,,/ /,,,,0,,/ /,,,English,0,0,,,,/ /,,0,,,,,,,0,,2002-01-17 00:00:00,,marbled endpapers and edgings,OHM B2013,book,,,,,,Documentary Artifact,,,,,Hodder & Stoughton,,,,,,,,,,,,,Shelf,,/ /,,,,,/ /,,,,,Quality Street,,,,,,,,,,,,0,0,0,0,0,/ /,/ /,,/ /,,,,,,,,,,2010-08-15 15:12:00,Unknown,/ /,.F.
OHM B 2014,0,,,,,,,2005-08-26 00:00:00,,osborne homestead museum,/ /,,Good,,,0,"merimee, prosper",,0,0,,1905,,,1905,vol 8,,0,,,,,/ /,/ / : : AM,,,8: Communication Artifact,LIBRARY Case 8 Row 3,0,,/ /,,,,0,,/ /,,,,0,0,,,,/ /,,0,,,,,,,0,,2005-08-26 00:00:00,,,OHM B 2014,book,,,,,,Documentary Artifact,,"674 p.,",,,croscup and holby,,new york,,,,,,,,,,,Shelf,,/ /,,french literature fiction,,,/ /,,,,,writings of prosper merimee,,,,,,,,,,,,0,0,0,0,0,/ /,/ /,,/ /,,,,,,,,,,2010-08-15 15:24:00,Unknown,/ /,.F.
OHM B 4013,0,,,,,,kmj,2010-08-22 00:00:00,,Osborne Homestead Museum,/ /,,Good,,,1,"WHIPPLE, EDWIN PERCY",,0,0,,1900,,,0,,,0,,,,,/ /,/ / : : AM,,,8: Communication Artifact,LIBRARY Case 8/Row 2,0,,/ /,,,,0,,/ /,,,,0,0,,,,/ /,,0,,,,,,,0,,2009-08-28 00:00:00,,,OHM B 4013,book,,,,,,Documentary Artifact,,,,,Houghton Mifflin & Co,,Boston/New York,,,,,,,,,,,Shelf,,/ /,,,,,/ /,,,,,Recollections of Eminent Men,,,,,,,,,,,,0,0,0,0,0,/ /,/ /,,/ /,,,,,,,,,,2010-08-22 13:40:00,Unknown,/ /,.F.
OHM B 4014,0,,,,,,kmj,2010-08-22 00:00:00,,Osborne Homestead Museum,/ /,,Good,,,1,"bartlett, john",,0,0,,1891,,,0,,,0,,,,,/ /,/ / : : AM,,,8: Communication Artifact,LIBRARY Case 8/Row 2,0,,/ /,,,,0,,/ /,,,,0,0,,,,/ /,,0,,,,,,,0,,2009-08-28 00:00:00,,,OHM B 4014,book,,,,,,Documentary Artifact,,,,,"Little, Brown & Co",,Boston,,,,,,,,,,,Shelf,,/ /,,,,,/ /,,,,,familiar quotations,,,,,,,,,,,,0,0,0,0,0,/ /,/ /,,/ /,,,,,,,,,,2010-08-22 13:44:00,Unknown,/ /,.F.
OHM B 4015,0,,,,,,kmj,2010-08-22 00:00:00,,Osborne Homestead Museum,/ /,,Good,,,1,"longfellow, Henry Wadsworth",,0,0,,1884,,,0,,,0,,,,,/ /,/ / : : AM,,,8: Communication Artifact,LIBRARY Case 8/Row 2,0,,/ /,,,,0,,/ /,,,,0,0,,,,/ /,,0,,,,,,,0,,2009-08-28 00:00:00,,,OHM B 4015,book,,,,,,Documentary Artifact,,,,,Houghton Mifflin & Co,,Boston,,,,,,,,,,,Shelf,,/ /,,,,,/ /,,,,,"Complete Poetical Works Of Henry Wadsworth Longfellow, The",,,,,,,,,,,,0,0,0,0,0,/ /,/ /,,/ /,,,,,,,,,,2010-08-22 13:47:00,Unknown,/ /,.F.
OHM B 4016,0,,,,,,kmj,2010-08-22 00:00:00,,Osborne Homestead Museum,/ /,,Good,,,1,Unknown,,0,0,,,,,0,,,0,,,,,/ /,/ / : : AM,,,8: Communication Artifact,LIBRARY Case 8/Row 2,0,,/ /,,,,0,,/ /,,,,0,0,,,,/ /,,0,,,,,,,0,,2009-08-28 00:00:00,,,OHM B 4016,book,,,,,,Documentary Artifact,,,,,Double Day and McClure Co,,,,,,,,,,,,,Shelf,,/ /,,,,,/ /,,,,,Bird Neighbors: An Introductory Acquaintance with One Hundred and Fifty Four of Our Common Birds,,,,,,,,,,,,0,0,0,0,0,/ /,/ /,,/ /,,,,,,,,,,2010-08-22 13:52:00,Unknown,/ /,.F.
OHM B 2061,0,,,,,,kmj,2010-08-22 00:00:00,,Osborne Homestead Museum,/ /,,Good,,,1,"Dickens, Charles",,0,0,,,,,0,Vol 1,,0,,,,,/ /,/ / : : AM,,,8: Communication Artifact,LIBRARY Case 7/Row 2,0,,/ /,,,,0,,/ /,,,,0,0,,,,/ /,,0,,,,,,,0,,2009-08-28 00:00:00,,,OHM B 2061,book,,,,,,Documentary Artifact,,,,,"DeWolfe, Fiske & Co",,Boston,,,,,,,,,,,Shelf,,/ /,,,,,/ /,,,,,Life and Adventures of Martin Chuzzlewit,,,,,,,,,,,,0,0,0,0,0,/ /,/ /,,/ /,,,,,,,,,,2010-08-22 14:15:00,Unknown,/ /,.F.
OHM B 2062,0,,,,,,kmj,2010-08-22 00:00:00,,Osborne Homestead Museum,/ /,,Good,,,1,"Dickens, Charles",,0,0,,,,,0,Vol 2,,0,,,,,/ /,/ / : : AM,,,8: Communication Artifact,LIBRARY Case 7/Row 2,0,,/ /,,,,0,,/ /,,,,0,0,,,,/ /,,0,,,,,,,0,,2009-08-28 00:00:00,,,OHM B 2062,book,,,,,,Documentary Artifact,,,,,"DeWolfe, Fiske & Co",,Boston,,,,,,,,,,,Shelf,,/ /,,,,,/ /,,,,,Life and Adventures of Martin Chuzzlewit,,,,,,,,,,,,0,0,0,0,0,/ /,/ /,,/ /,,,,,,,,,,2010-08-22 14:15:00,Unknown,/ /,.F.
OHM B 2058,0,,,,,,kmj,2010-08-22 00:00:00,,Osborne Homestead Museum,/ /,,Good,,,1,"Dickens, Charles",,0,0,,,,,0,Vol 1,,0,,,,,/ /,/ / : : AM,,,8: Communication Artifact,LIBRARY Case 7/Row 2,0,,/ /,,,,0,,/ /,,,,0,0,,,,/ /,,0,,,,,,,0,,2009-08-28 00:00:00,,,OHM B 2058,book,,,,,,Documentary Artifact,,,,,"DeWolfe, Fiske & Co",,Boston,,,,,,,,,,,Shelf,,/ /,,,,,/ /,,,,,Bleak House,,,,,,,,,,,,0,0,0,0,0,/ /,/ /,,/ /,,,,,,,,,,2010-08-22 14:16:00,Unknown,/ /,.F.
OHM B 2093,0,,,,,,kmj,2010-08-22 00:00:00,,Osborne Homestead Museum,/ /,,Good,,,1,"Dickens, Charles",,0,0,,,,,0,Vol 2,,0,,,,,/ /,/ / : : AM,,,8: Communication Artifact,LIBRARY Case 7/Row 2,0,,/ /,,,,0,,/ /,,,,0,0,,,,/ /,,0,,,,,,,0,,2009-08-28 00:00:00,,,OHM B 2093,book,,,,,,Documentary Artifact,,,,,"DeWolfe, Fiske & Co",,Boston,,,,,,,,,,,Shelf,,/ /,,,,,/ /,,,,,Bleak House,,,,,,,,,,,,0,0,0,0,0,/ /,/ /,,/ /,,,,,,,,,,2010-08-22 14:15:00,Unknown,/ /,.F.
OHM B 3000,0,,,,,,kmj,2010-08-22 00:00:00,,Osborne Homestead Museum,/ /,,Good,,,1,"Dickens, Charles",,0,0,,,,,0,,,0,,,,,/ /,/ / : : AM,,,8: Communication Artifact,LIBRARY Case 7/Row 2,0,,/ /,,,,0,,/ /,,,,0,0,,,,/ /,,0,,,,,,,0,,2009-08-28 00:00:00,,,OHM B 3000,book,,,,,,Documentary Artifact,,,,,"DeWolfe, Fiske & Co",,Boston,,,,,,,,,,,Shelf,,/ /,,,,,/ /,,,,,Uncommercial Traveller,,,,,,,,,,,,0,0,0,0,0,/ /,/ /,,/ /,,,,,,,,,,2010-08-22 14:15:00,Unknown,/ /,.F.
OHM B 3001,0,,,,,,kmj,2010-08-22 00:00:00,,Osborne Homestead Museum,/ /,,Good,,,1,"Dickens, Charles",,0,0,,,,,0,,,0,,,,,/ /,/ / : : AM,,,8: Communication Artifact,LIBRARY Case 7/Row 2,0,,/ /,,,,0,,/ /,,,,0,0,,,,/ /,,0,,,,,,,0,,2009-08-28 00:00:00,,,OHM B 3001,book,,,,,,Documentary Artifact,,,,,"DeWolfe, Fiske & Co",,Boston,,,,,,,,,,,Shelf,,/ /,,,,,/ /,,,,,Pictures from Italy and American Notes,,,,,,,,,,,,0,0,0,0,0,/ /,/ /,,/ /,,,,,,,,,,2010-08-22 14:17:00,Unknown,/ /,.F.
OHM B 2057,0,,,,,,kmj,2010-08-22 00:00:00,,Osborne Homestead Museum,/ /,,Good,,,1,"Dickens, Charles",,0,0,,,,,0,,,0,,,,,/ /,/ / : : AM,,,8: Communication Artifact,LIBRARY Case 7/Row 2,0,,/ /,,,,0,,/ /,,,,0,0,,,,/ /,,0,,,,,,,0,,2009-08-28 00:00:00,,,OHM B 2057,book,,,,,,Documentary Artifact,,,,,"DeWolfe, Fiske & Co",,Boston,,,,,,,,,,,Shelf,,/ /,,,,,/ /,,,,,Great Expectations,,,,,,,,,,,,0,0,0,0,0,/ /,/ /,,/ /,,,,,,,,,,2010-08-22 14:18:00,Unknown,/ /,.F.
OHM B 2055,0,,,,,,kmj,2010-08-22 00:00:00,,Osborne Homestead Museum,/ /,,Good,,,1,"Dickens, Charles",,0,0,,,,,0,vol 1,,0,,,,,/ /,/ / : : AM,,,8: Communication Artifact,LIBRARY Case 7/Row 2,0,,/ /,,,,0,,/ /,,,,0,0,,,,/ /,,0,,,,,,,0,,2009-08-28 00:00:00,,,OHM B 2055,book,,,,,,Documentary Artifact,,,,,"DeWolfe, Fiske & Co",,Boston,,,,,,,,,,,Shelf,,/ /,,,,,/ /,,,,,Little Dorrit,,,,,,,,,,,,0,0,0,0,0,/ /,/ /,,/ /,,,,,,,,,,2010-08-22 14:19:00,Unknown,/ /,.F.
OHM B 2092,0,,,,,,kmj,2010-08-22 00:00:00,,Osborne Homestead Museum,/ /,,Good,,,1,"Dickens, Charles",,0,0,,,,,0,vol 2,,0,,,,,/ /,/ / : : AM,,,8: Communication Artifact,LIBRARY Case 7/Row 2,0,,/ /,,,,0,,/ /,,,,0,0,,,,/ /,,0,,,,,,,0,,2009-08-28 00:00:00,,,OHM B 2092,book,,,,,,Documentary Artifact,,,,,"DeWolfe, Fiske & Co",,Boston,,,,,,,,,,,Shelf,,/ /,,,,,/ /,,,,,Little Dorrit,,,,,,,,,,,,0,0,0,0,0,/ /,/ /,,/ /,,,,,,,,,,2010-08-22 14:20:00,Unknown,/ /,.F.
OHM B 2094,0,,,,,,kmj,2010-08-22 00:00:00,,Osborne Homestead Museum,/ /,,Good,,,1,"Dickens, Charles",,0,0,,,,,0,Vol 1,,0,,,,,/ /,/ / : : AM,,,8: Communication Artifact,LIBRARY Case 7/Row 2,0,,/ /,,,,0,,/ /,,,,0,0,,,,/ /,,0,,,,,,,0,,2009-08-28 00:00:00,,,OHM B 2094,book,,,,,,Documentary Artifact,,,,,"DeWolfe, Fiske & Co",,Boston,,,,,,,,,,,Shelf,,/ /,,,,,/ /,,,,,Dombey and Son,,,,,,,,,,,,0,0,0,0,0,/ /,/ /,,/ /,,,,,,,,,,2010-08-22 14:21:00,Unknown,/ /,.F.
OHM B 2095,0,,,,,,kmj,2010-08-22 00:00:00,,Osborne Homestead Museum,/ /,,Good,,,1,"Dickens, Charles",,0,0,,,,,0,Vol 2,,0,,,,,/ /,/ / : : AM,,,8: Communication Artifact,LIBRARY Case 7/Row 2,0,,/ /,,,,0,,/ /,,,,0,0,,,,/ /,,0,,,,,,,0,,2009-08-28 00:00:00,,,OHM B 2095,book,,,,,,Documentary Artifact,,,,,"DeWolfe, Fiske & Co",,Boston,,,,,,,,,,,Shelf,,/ /,,,,,/ /,,,,,Dombey and Son,,,,,,,,,,,,0,0,0,0,0,/ /,/ /,,/ /,,,,,,,,,,2010-08-22 14:22:00,Unknown,/ /,.F.
OHM B 2096,0,,,,,,kmj,2010-08-22 00:00:00,,Osborne Homestead Museum,/ /,,Good,,,1,"Dickens, Charles",,0,0,,,,,0,Vol 1,,0,,,,,/ /,/ / : : AM,,,8: Communication Artifact,LIBRARY Case 7/Row 2,0,,/ /,,,,0,,/ /,,,,0,0,,,,/ /,,0,,,,,,,0,,2009-08-28 00:00:00,,,OHM B 2096,book,,,,,,Documentary Artifact,,,,,"DeWolfe, Fiske & Co",,Boston,,,,,,,,,,,Shelf,,/ /,,,,,/ /,,,,,Nicholas Nickleby,,,,,,,,,,,,0,0,0,0,0,/ /,/ /,,/ /,,,,,,,,,,2010-08-22 14:23:00,Unknown,/ /,.F.
OHM B 2097,0,,,,,,kmj,2010-08-22 00:00:00,,Osborne Homestead Museum,/ /,,Good,,,1,"Dickens, Charles",,0,0,,,,,0,Vol 2,,0,,,,,/ /,/ / : : AM,,,8: Communication Artifact,LIBRARY Case 7/Row 2,0,,/ /,,,,0,,/ /,,,,0,0,,,,/ /,,0,,,,,,,0,,2009-08-28 00:00:00,,,OHM B 2097,book,,,,,,Documentary Artifact,,,,,"DeWolfe, Fiske & Co",,Boston,,,,,,,,,,,Shelf,,/ /,,,,,/ /,,,,,Nicholas Nickleby,,,,,,,,,,,,0,0,0,0,0,/ /,/ /,,/ /,,,,,,,,,,2010-08-22 14:24:00,Unknown,/ /,.F.
OHM B 2098,0,,,,,,kmj,2010-08-22 00:00:00,,Osborne Homestead Museum,/ /,,Good,,,1,"Kipling, Rudyard",,0,0,,1937,,,0,XXX,,0,,,,,/ /,/ / : : AM,,,8: Communication Artifact,LIBRARY Case 7/Row 2,0,,/ /,,,,0,,/ /,,,,0,0,,,,/ /,,0,,,,,,,0,,2009-08-28 00:00:00,,,OHM B 2098,book,,,,,,Documentary Artifact,,,,,Charles Scribner's Sons,,New York,,,,,,,,,,,Shelf,,/ /,,,,,/ /,,,,,War Writings and Poems,,,,,,,,,,,,0,0,0,0,0,/ /,/ /,,/ /,,,,,,,,,,2010-08-22 14:35:00,Unknown,/ /,.F.
OHM B 2099,0,,,,,,kmj,2010-08-22 00:00:00,,Osborne Homestead Museum,/ /,,Good,,,1,"Kipling, Rudyard",,0,0,,1937,,,0,XXXI,,0,,,,,/ /,/ / : : AM,,,8: Communication Artifact,LIBRARY Case 7/Row 2,0,,/ /,,,,0,,/ /,,,,0,0,,,,/ /,,0,,,,,,,0,,2009-08-28 00:00:00,,,OHM B 2099,book,,,,,,Documentary Artifact,,,,,Charles Scribner's Sons,,New York,,,,,,,,,,,Shelf,,/ /,,,,,/ /,,,,,War Writings and Poems,,,,,,,,,,,,0,0,0,0,0,/ /,/ /,,/ /,,,,,,,,,,2010-08-22 14:37:00,Unknown,/ /,.F.
OHM B 2100,0,,,,,,kmj,2010-08-22 00:00:00,,Osborne Homestead Museum,/ /,,Good,,,1,"Kipling, Rudyard",,0,0,,1937,,,0,XXXII,,0,,,,,/ /,/ / : : AM,,,8: Communication Artifact,LIBRARY Case 7/Row 2,0,,/ /,,,,0,,/ /,,,,0,0,,,,/ /,,0,,,,,,,0,,2009-08-28 00:00:00,,,OHM B 2100,book,,,,,,Documentary Artifact,,,,,Charles Scribner's Sons,,New York,,,,,,,,,,,Shelf,,/ /,,,,,/ /,,,,,War Writings and Poems,,,,,,,,,,,,0,0,0,0,0,/ /,/ /,,/ /,,,,,,,,,,2010-08-22 14:40:00,Unknown,/ /,.F.
OHM B 2101,0,,,,,,kmj,2010-08-22 00:00:00,,Osborne Homestead Museum,/ /,,Good,,,1,"Pratt, Anne",,0,0,,,,,0,vol 1,,0,,,,,/ /,/ / : : AM,,,8: Communication Artifact,LIBRARY Case 7/Row 2,0,,/ /,,,,0,,/ /,,,,0,0,,,,/ /,,0,,,,,,,0,,2009-08-28 00:00:00,,,OHM B 2101,book,,,,,,Documentary Artifact,,,,,Frederick Warne & Co,,London,,,,,,,,,,,Shelf,,/ /,,,,,/ /,,,,,"Flowering Plants, Grasses, Sedges, and Ferns of Great Britain",,,,,,,,,,,,0,0,0,0,0,/ /,/ /,,/ /,,,,,,,,,,2010-08-22 14:43:00,Unknown,/ /,.F.
OHM B 2102,0,,,,,,kmj,2010-08-22 00:00:00,,Osborne Homestead Museum,/ /,,Good,,,1,"Pratt, Anne",,0,0,,,,,0,vol 2,,0,,,,,/ /,/ / : : AM,,,8: Communication Artifact,LIBRARY Case 7/Row 2,0,,/ /,,,,0,,/ /,,,,0,0,,,,/ /,,0,,,,,,,0,,2009-08-28 00:00:00,,,OHM B 2102,book,,,,,,Documentary Artifact,,,,,Frederick Warne & Co,,London,,,,,,,,,,,Shelf,,/ /,,,,,/ /,,,,,"Flowering Plants, Grasses, Sedges, and Ferns of Great Britain",,,,,,,,,,,,0,0,0,0,0,/ /,/ /,,/ /,,,,,,,,,,2010-08-22 14:46:00,Unknown,/ /,.F.
OHM B 2103,0,,,,,,kmj,2010-08-22 00:00:00,,Osborne Homestead Museum,/ /,,Good,,,1,"Pratt, Anne",,0,0,,,,,0,vol 3,,0,,,,,/ /,/ / : : AM,,,8: Communication Artifact,LIBRARY Case 7/Row 2,0,,/ /,,,,0,,/ /,,,,0,0,,,,/ /,,0,,,,,,,0,,2009-08-28 00:00:00,,,OHM B 2103,book,,,,,,Documentary Artifact,,,,,Frederick Warne & Co,,London,,,,,,,,,,,Shelf,,/ /,,,,,/ /,,,,,"Flowering Plants, Grasses, Sedges, and Ferns of Great Britain",,,,,,,,,,,,0,0,0,0,0,/ /,/ /,,/ /,,,,,,,,,,2010-08-22 14:46:00,Unknown,/ /,.F.
OHM B 2104,0,,,,,,kmj,2010-08-22 00:00:00,,Osborne Homestead Museum,/ /,,Good,,,1,"Pratt, Anne",,0,0,,,,,0,vol 4,,0,,,,,/ /,/ / : : AM,,,8: Communication Artifact,LIBRARY Case 7/Row 2,0,,/ /,,,,0,,/ /,,,,0,0,,,,/ /,,0,,,,,,,0,,2009-08-28 00:00:00,,,OHM B 2104,book,,,,,,Documentary Artifact,,,,,Frederick Warne & Co,,London,,,,,,,,,,,Shelf,,/ /,,,,,/ /,,,,,"Flowering Plants, Grasses, Sedges, and Ferns of Great Britain",,,,,,,,,,,,0,0,0,0,0,/ /,/ /,,/ /,,,,,,,,,,2010-08-22 14:46:00,Unknown,/ /,.F.
OHM B 2105,0,,,,,,kmj,2010-08-22 00:00:00,,Osborne Homestead Museum,/ /,,Good,,,1,"Pratt, Anne",,0,0,,,,,0,vol 5,,0,,,,,/ /,/ / : : AM,,,8: Communication Artifact,LIBRARY Case 7/Row 2,0,,/ /,,,,0,,/ /,,,,0,0,,,,/ /,,0,,,,,,,0,,2009-08-28 00:00:00,,,OHM B 2105,book,,,,,,Documentary Artifact,,,,,Frederick Warne & Co,,London,,,,,,,,,,,Shelf,,/ /,,,,,/ /,,,,,"Flowering Plants, Grasses, Sedges, and Ferns of Great Britain",,,,,,,,,,,,0,0,0,0,0,/ /,/ /,,/ /,,,,,,,,,,2010-08-22 14:47:00,Unknown,/ /,.F.
OHM B 2106,0,,,,,,kmj,2010-08-22 00:00:00,,Osborne Homestead Museum,/ /,,Good,,,1,"Pratt, Anne",,0,0,,,,,0,vol 6,,0,,,,,/ /,/ / : : AM,,,8: Communication Artifact,LIBRARY Case 7/Row 2,0,,/ /,,,,0,,/ /,,,,0,0,,,,/ /,,0,,,,,,,0,,2009-08-28 00:00:00,,,OHM B 2106,book,,,,,,Documentary Artifact,,,,,Frederick Warne & Co,,London,,,,,,,,,,,Shelf,,/ /,,,,,/ /,,,,,"Flowering Plants, Grasses, Sedges, and Ferns of Great Britain",,,,,,,,,,,,0,0,0,0,0,/ /,/ /,,/ /,,,,,,,,,,2010-08-22 14:47:00,Unknown,/ /,.F.
OHM B 4034,0,,,,,,kmj,2010-08-22 00:00:00,,Osborne Homestead Museum,/ /,,Good,,,1,"De Fontane, F G",,0,0,,1873,,,0,,,0,,,,,/ /,/ / : : AM,,,8: Communication Artifact,LIBRARY Case 7/Row 1,0,,/ /,,,,0,,/ /,,,,0,0,,,,/ /,,0,,,,,,,0,,2009-08-28 00:00:00,,,OHM B 4034,book,,,,,,Documentary Artifact,,,,,E J Hale & Son,,New York,,,,,,,,,,,Shelf,,/ /,,,,,/ /,,,,,Cyclopedia of the Best Thoughts of Charles Dickens,,,,,,,,,,,,0,0,0,0,0,/ /,/ /,,/ /,,,,,,,,,,2010-08-22 14:53:00,Unknown,/ /,.F.
OHM B 2107,0,,,,,,kmj,2010-08-22 00:00:00,,Osborne Homestead Museum,/ /,,Good,,,1,"Antsey, F",,0,0,,1897,,,0,,,0,,,,,/ /,/ / : : AM,,,8: Communication Artifact,LIBRARY Case 7/Row 2,0,,/ /,,,,0,,/ /,,,,0,0,,,,/ /,,0,,,,,,,0,,2009-08-28 00:00:00,,,OHM B 2107,book,,,,,,Documentary Artifact,,,,,D Appleton & Co,,New York,,,,,,,,,,,Shelf,,/ /,,,,,/ /,,,,,Tourmalin's Time Cheques,,,,,,,,,,,,0,0,0,0,0,/ /,/ /,,/ /,,,,,,,,,,2010-08-22 15:01:00,Unknown,/ /,.F.
OHM B 2108,0,,,,,,kmj,2010-08-22 00:00:00,,Osborne Homestead Museum,/ /,,Good,,,1,"James Jr, Henry",,0,0,,1892,,,0,,,0,,,,,/ /,/ / : : AM,,,8: Communication Artifact,LIBRARY Case 7/Row 2,0,,/ /,,,,0,,/ /,,,,0,0,,,,/ /,,0,,,,,,,0,,2009-08-28 00:00:00,,,OHM B 2108,book,,,,,,Documentary Artifact,,,,,Houghton Mifflin & Co,,Boston,,,,,,,,,,,Shelf,,/ /,,,,,/ /,,,,,Passionate Pilgrim and Other Tales,,,,,,,,,,,,0,0,0,0,0,/ /,/ /,,/ /,,,,,,,,,,2010-08-22 15:06:00,Unknown,/ /,.F.
OHM B 2109,0,,,,,,kmj,2010-08-22 00:00:00,,Osborne Homestead Museum,/ /,,Good,,,1,Euripides,,0,0,,1913,,,0,,,0,,,,,/ /,/ / : : AM,,,8: Communication Artifact,LIBRARY Case 7/Row 2,0,,/ /,,,,0,,/ /,,,,0,0,,,,/ /,,0,,,,,,,0,,2009-08-28 00:00:00,,,OHM B 2109,book,,,,,,Documentary Artifact,,,,,Oxford University Press,,New York,,,,,,,,,,,Shelf,,/ /,,"Murray, Gilbert Translation",,,/ /,,,,,Iphigenia in Taurus,,,,,,,,,,,,0,0,0,0,0,/ /,/ /,,/ /,,,,,,,,,,2010-08-22 15:12:00,Unknown,/ /,.F.
OHM B 2110,0,,,,,,kmj,2010-08-22 00:00:00,,Osborne Homestead Museum,/ /,,Good,,,1,"Hamilton, Alexander Et al",,0,0,,1899,,,0,,,0,,,,,/ /,/ / : : AM,,,8: Communication Artifact,LIBRARY Case 7/Row 2,0,,/ /,,,,0,,/ /,,,,0,0,,,,/ /,,0,,,,,,,0,,2009-08-28 00:00:00,,,OHM B 2110,book,,,,,,Documentary Artifact,,,,,G P Putnam's Sons,,New York/London,,,,,,,,,,,Shelf,,/ /,,"Henry Cabot Lodge, Editor",,,/ /,,,,,"Federalist, The",,,,,,,,,,,,0,0,0,0,0,/ /,/ /,,/ /,,,,,,,,,,2010-08-22 15:15:00,Unknown,/ /,.F.
OHM B 2111,0,,,,,,kmj,2010-08-22 00:00:00,,Osborne Homestead Museum,/ /,,Good,,,1,"Lubbock, Sir John",,0,0,,1888,,,0,,,0,,,,,/ /,/ / : : AM,,,8: Communication Artifact,LIBRARY Case 7/Row 3,0,,/ /,,,,0,,/ /,,,,0,0,,,,/ /,,0,,,,,,,0,,2009-08-28 00:00:00,,,OHM B 2111,book,,,,,,Documentary Artifact,,,,,Macmillan & Co,,New York/London,,,,,,,,,,,Shelf,,/ /,,,,,/ /,,,,,"Flowers, Fruits and Leaves",,,,,,,,,,,,0,0,0,0,0,/ /,/ /,,/ /,,,,,,,,,,2010-08-22 15:26:00,Unknown,/ /,.F.
OHM B 2112,0,,,,,,kmj,2010-08-22 00:00:00,,Osborne Homestead Museum,/ /,,Good,,,1,"Rockwell,F F",,0,0,,1932,,,0,,,0,,,,,/ /,/ / : : AM,,,8: Communication Artifact,LIBRARY Case 7/Row 3,0,,/ /,,,,0,,/ /,,,,0,0,,,,/ /,,0,,,,,,,0,,2009-08-28 00:00:00,,,OHM B 2112,book,,,,,,Documentary Artifact,,,,,Macmillan & Co,,New York,,,,,,,,,,,Shelf,,/ /,,,,,/ /,,,,,"Book of Bulbs, The",,,,,,,,,,,,0,0,0,0,0,/ /,/ /,,/ /,,,,,,,,,,2010-08-22 15:28:00,Unknown,/ /,.F.
OHM B 2113,0,,,,,,kmj,2010-08-22 00:00:00,,Osborne Homestead Museum,/ /,,Good,,,1,"Bailey, L H",,0,0,,1925,,,0,,,0,,,,,/ /,/ / : : AM,,,8: Communication Artifact,LIBRARY Case 7/Row 3,0,,/ /,,,,0,,/ /,,,,0,0,,,,/ /,,0,,,,,,,0,,2009-08-28 00:00:00,,,OHM B 2113,book,,,,,,Documentary Artifact,,,,,Macmillan & Co,,New York,,,,,,,,,,,Shelf,,/ /,,,,,/ /,,,,,"Gardner, The",,,,,,,,,,,,0,0,0,0,0,/ /,/ /,,/ /,,,,,,,,,,2010-08-22 15:30:00,Unknown,/ /,.F.
OHM B 2114,0,,,,,,kmj,2010-08-22 00:00:00,,Osborne Homestead Museum,/ /,,Good,,,1,"Beston, Henry",,0,0,,1935,,,0,,,0,,,,,/ /,/ / : : AM,,,8: Communication Artifact,LIBRARY Case 7/Row 3,0,,/ /,,,,0,,/ /,,,,0,0,,,,/ /,,0,,,,,,,0,,2009-08-28 00:00:00,,,OHM B 2114,book,,,,,,Documentary Artifact,,,,,"Doubleday, Doran & Co",,New York,,,,,,,,,,,Shelf,,/ /,,,,,/ /,,,,,Herbs and the Earth,,,,,,,,,,,,0,0,0,0,0,/ /,/ /,,/ /,,,,,,,,,,2010-08-22 15:33:00,Unknown,/ /,.F.
OHM B 2115,0,,,,,,kmj,2010-08-22 00:00:00,,Osborne Homestead Museum,/ /,,Good,,,1,"Bean, W J",,0,0,,1925,,,0,,,0,,,,,/ /,/ / : : AM,,,8: Communication Artifact,LIBRARY Case 7/Row 3,0,,/ /,,,,0,,/ /,,,,0,0,,,,/ /,,0,,,,,,,0,,2009-08-28 00:00:00,,,OHM B 2115,book,,,,,,Documentary Artifact,,,,,"Country Life, LTD",,London,,,,,,,,,,,Shelf,,/ /,,,,,/ /,,,,,Ornamental Trees for Amateurs,,,,,,,,,,,,0,0,0,0,0,/ /,/ /,,/ /,,,,,,,,,,2010-08-22 15:35:00,Unknown,/ /,.F.
OHM B 2116,0,,,,,,kmj,2010-08-22 00:00:00,,Osborne Homestead Museum,/ /,,Good,,,1,"Rockwell, F F",,0,0,,1928,,,0,,,0,,,,,/ /,/ / : : AM,,,8: Communication Artifact,LIBRARY Case 7/Row 3,0,,/ /,,,,0,,/ /,,,,0,0,,,,/ /,,0,,,,,,,0,,2009-08-28 00:00:00,,,OHM B 2116,book,,,,,,Documentary Artifact,,,,,Atkins & Durbrow,,New York,,,,,,,,,,,Shelf,,/ /,,,,,/ /,,,,,Gardening with Peat Moss,,,,,,,,,,,,0,0,0,0,0,/ /,/ /,,/ /,,,,,,,,,,2010-08-22 15:38:00,Unknown,/ /,.F.
OHM B 2117,0,,,,,,kmj,2010-08-22 00:00:00,,Osborne Homestead Museum,/ /,,Good,,,1,"Flint, Martha Bockee",,0,0,,1900,,,0,,,0,,,,,/ /,/ / : : AM,,,8: Communication Artifact,LIBRARY Case 7/Row 3,0,,/ /,,,,0,,/ /,,,,0,0,,,,/ /,,0,,,,,,,0,,2009-08-28 00:00:00,,,OHM B 2117,book,,,,,,Documentary Artifact,,,,,Charles Scribner's Sons,,New York,,,,,,,,,,,Shelf,,/ /,,,,,/ /,,,,,"Garden of Simples, A",,,,,,,,,,,,0,0,0,0,0,/ /,/ /,,/ /,,,,,,,,,,2010-08-22 15:41:00,Unknown,/ /,.F.
OHM B 2118,0,,,,,,kmj,2010-08-22 00:00:00,,Osborne Homestead Museum,/ /,,Good,,,1,"Friend, Hilderic",,0,0,,,,,0,,,0,,,,,/ /,/ / : : AM,,,8: Communication Artifact,LIBRARY Case 7/Row 3,0,,/ /,,,,0,,/ /,,,,0,0,,,,/ /,,0,,,,,,,0,,2009-08-28 00:00:00,,,OHM B 2118,book,,,,,,Documentary Artifact,,,,,Dana Estes & Co,,Boston,,,,,,,,,,,Shelf,,/ /,,,,,/ /,,,,,"Flowers and Their Story, The",,,,,,,,,,,,0,0,0,0,0,/ /,/ /,,/ /,,,,,,,,,,2010-08-22 15:44:00,Unknown,/ /,.F.
OHM B 2119,0,,,,,,kmj,2010-08-22 00:00:00,,Osborne Homestead Museum,/ /,,Good,,,1,"Macself, A J",,0,0,,1926,,,0,,,0,,,,,/ /,/ / : : AM,,,8: Communication Artifact,LIBRARY Case 7/Row 3,0,,/ /,,,,0,,/ /,,,,0,0,,,,/ /,,0,,,,,,,0,,2009-08-28 00:00:00,,,OHM B 2119,book,,,,,,Documentary Artifact,,,,,Charles Scribner's Sons,,New York,,,,,,,,,,,Shelf,,/ /,,,,,/ /,,,,,Plants from Seed,,,,,,,,,,,,0,0,0,0,0,/ /,/ /,,/ /,,,,,,,,,,2010-08-22 15:47:00,Unknown,/ /,.F.
OHM B 2120,0,,,,,,kmj,2010-08-22 00:00:00,,Osborne Homestead Museum,/ /,,Good,,,1,"King, Mrs Frances",,0,0,,1925,,,0,,,0,,,,,/ /,/ / : : AM,,,8: Communication Artifact,LIBRARY Case 7/Row 3,0,,/ /,,,,0,,/ /,,,,0,0,,,,/ /,,0,,,,,,,0,,2009-08-28 00:00:00,,,OHM B 2120,book,,,,,,Documentary Artifact,,,,,Charles Scribner's Sons,,New York/London,,,,,,,,,,,Shelf,,/ /,,,,,/ /,,,,,Chronicles of the Garden,,,,,,,,,,,,0,0,0,0,0,/ /,/ /,,/ /,,,,,,,,,,2010-08-22 15:49:00,Unknown,/ /,.F.
OHM B 2121,0,,,,,,kmj,2010-08-22 00:00:00,,Osborne Homestead Museum,/ /,,Good,,,1,"St Barbe Baker, Richard",,0,0,,1949,,,0,,,0,,,,,/ /,/ / : : AM,,,8: Communication Artifact,LIBRARY Case 7/Row 3,0,,/ /,,,,0,,/ /,,,,0,0,,,,/ /,,0,,,,,,,0,,2009-08-28 00:00:00,,,OHM B 2121,book,,,,,,Documentary Artifact,,,,,"A A Wyn, Inc",,New York,,,,,,,,,,,Shelf,,/ /,,,,,/ /,,,,,Green Glory: The Forests of the World,,,,,,,,,,,,0,0,0,0,0,/ /,/ /,,/ /,,,,,,,,,,2010-08-22 15:52:00,Unknown,/ /,.F.
OHM B 2122,0,,,,,,kmj,2010-08-29 00:00:00,,Osborne Homestead Museum,/ /,,Good,,,1,"Croy, Mae Savell",,0,0,,1917,,,0,,,0,,,,,/ /,/ / : : AM,,,8: Communication Artifact,LIBRARY Case 7/Row 3,0,,/ /,,,,0,,/ /,,,,0,0,,,,/ /,,0,,,,,,,0,,2009-08-28 00:00:00,,,OHM B 2122,book,,,,,,Documentary Artifact,,,,,G P Putnam's Sons,,New York/London,,,,,,,,,,,Shelf,,/ /,,,,,/ /,,,,,Putnam's Garden Handbook,,,,,,,,,,,,0,0,0,0,0,/ /,/ /,,/ /,,,,,,,,,,2010-08-29 12:20:00,Unknown,/ /,.F.
OHM B 2123,0,,,,,,kmj,2010-08-29 00:00:00,,Osborne Homestead Museum,/ /,,Good,,,1,"Wright, Walter P",,0,0,,1911,,,0,,,0,,,,,/ /,/ / : : AM,,,8: Communication Artifact,LIBRARY Case 7/Row 3,0,,/ /,,,,0,,/ /,,,,0,0,,,,/ /,,0,,,,,,,0,,2009-08-28 00:00:00,,,OHM B 2123,book,,,,,,Documentary Artifact,,,,,Doubleday Page & Co,,New York,,,,,,,,,,,Shelf,,/ /,,,,,/ /,,,,,Popular Garden Flowers,,,,,,,,,,,,0,0,0,0,0,/ /,/ /,,/ /,,,,,,,,,,2010-08-29 12:23:00,Unknown,/ /,.F.
OHM B 2124,0,,,,,,kmj,2010-08-29 00:00:00,,Osborne Homestead Museum,/ /,,Good,,,1,"Clarkson, Rosetta E",,0,0,,1939,,,0,,,0,,,,,/ /,/ / : : AM,,,8: Communication Artifact,LIBRARY Case 7/Row 3,0,,/ /,,,,0,,/ /,,,,0,0,,,,/ /,,0,,,,,,,0,,2009-08-28 00:00:00,,,OHM B 2124,book,,,,,,Documentary Artifact,,,,,Macmillan & Co,,New York,,,,,,,,,,,Shelf,,/ /,,,,,/ /,,,,,Magic Gardens: A Modern Chronicle of Herbs and Savory Seeds,,,,,,,,,,,,0,0,0,0,0,/ /,/ /,,/ /,,,,,,,,,,2010-08-29 12:26:00,Unknown,/ /,.F.
OHM B 2125,0,,,,,,kmj,2010-08-29 00:00:00,,Osborne Homestead Museum,/ /,,Good,,,1,"Wright, C Frederick",,0,0,,1890,,,0,,,0,,,,,/ /,/ / : : AM,,,8: Communication Artifact,LIBRARY Case 7/Row 3,0,,/ /,,,,0,,/ /,,,,0,0,,,,/ /,,0,,,,,,,0,,2009-08-28 00:00:00,,,OHM B 2125,book,,,,,,Documentary Artifact,,,,,D Appleton & Co,,New York,,,,,,,,,,,Shelf,,/ /,,,,,/ /,,,,,"Ice Age in North America and Its Bearings Upon the Antiquity of Man, The",,,,,,,,,,,,0,0,0,0,0,/ /,/ /,,/ /,,,,,,,,,,2010-08-29 12:35:00,Unknown,/ /,.F.
OHM B 2126,0,,,,,,kmj,2010-08-29 00:00:00,,Osborne Homestead Museum,/ /,,Good,,,1,"Ely, Helena Rutherford",,0,0,,1905,,,0,,,0,,,,,/ /,/ / : : AM,,,8: Communication Artifact,LIBRARY Case 7/Row 3,0,,/ /,,,,0,,/ /,,,,0,0,,,,/ /,,0,,,,,,,0,,2009-08-28 00:00:00,,,OHM B 2126,book,,,,,,Documentary Artifact,,,,,Macmillan & Co,,New York,,,,,,,,,,,Shelf,,/ /,,,,,/ /,,,,,A Woman's Hearty Garden,,,,,,,,,,,,0,0,0,0,0,/ /,/ /,,/ /,,,,,,,,,,2010-08-29 12:38:00,Unknown,/ /,.F.
OHM B 2127,0,,,,,,kmj,2010-08-29 00:00:00,,Osborne Homestead Museum,/ /,,Good,,,1,"Blanchan, Neltje",,0,0,,1923,,,0,,,0,,,,,/ /,/ / : : AM,,,8: Communication Artifact,LIBRARY Case 7/Row 3,0,,/ /,,,,0,,/ /,,,,0,0,,,,/ /,,0,,,,,,,0,,2009-08-28 00:00:00,,,OHM B 2127,book,,,,,,Documentary Artifact,,,,,Doubleday Page & Co,,New York,,,,,Little Nature Library,,,,,,Shelf,,/ /,,,,,/ /,,,,,Wild Flowers Worth Knowing,,,,,,,,,,,,0,0,0,0,0,/ /,/ /,,/ /,,,,,,,,,,2010-08-29 12:43:00,Unknown,/ /,.F.
OHM B 2128,0,,,,,,kmj,2010-08-29 00:00:00,,Osborne Homestead Museum,/ /,,Good,,,1,"Weed, Clarence M.",,0,0,,1923,,,0,,,0,,,,,/ /,/ / : : AM,,,8: Communication Artifact,LIBRARY Case 7/Row 3,0,,/ /,,,,0,,/ /,,,,0,0,,,,/ /,,0,,,,,,,0,,2009-08-28 00:00:00,,,OHM B 2128,book,,,,,,Documentary Artifact,,,,,Doubleday Page & Co,,New York,,,,,Little Nature Library,,,,,,Shelf,,/ /,,,,,/ /,,,,,Butterflies Worth Knowing,,,,,,,,,,,,0,0,0,0,0,/ /,/ /,,/ /,,,,,,,,,,2010-08-29 12:45:00,Unknown,/ /,.F.
OHM B 2129,0,,,,,,kmj,2010-08-29 00:00:00,,Osborne Homestead Museum,/ /,,Good,,,1,"Hottes, Alfred Carl",,0,0,,1930,,,0,,,0,,,,,/ /,/ / : : AM,,,8: Communication Artifact,LIBRARY Case 7/Row 3,0,,/ /,,,,0,,/ /,,,,0,0,,,,/ /,,0,,,,,,,0,,2009-08-28 00:00:00,,,OHM B 2129,book,,,,,,Documentary Artifact,,,,,A T DeLa Mare Co,,New York,,,,,,,,,,,Shelf,,/ /,,,,,/ /,,,,,1001 Garden Questions Answered,,,,,,,,,,,,0,0,0,0,0,/ /,/ /,,/ /,,,,,,,,,,2010-08-29 12:48:00,Unknown,/ /,.F.
OHM B 2130,0,,,,,,kmj,2010-08-29 00:00:00,,Osborne Homestead Museum,/ /,,Good,,,1,"Foley, Daniel J",,0,0,,1938,,,0,,,0,,,,,/ /,/ / : : AM,,,8: Communication Artifact,LIBRARY Case 7/Row 3,0,,/ /,,,,0,,/ /,,,,0,0,,,,/ /,,0,,,,,,,0,,2009-08-28 00:00:00,,,OHM B 2130,book,,,,,,Documentary Artifact,,,,,Macmillan & Co,,New York,,,,,,,,,,,Shelf,,/ /,,,,,/ /,,,,,Annuals for Your Garden,,,,,,,,,,,,0,0,0,0,0,/ /,/ /,,/ /,,,,,,,,,,2010-08-29 12:51:00,Unknown,/ /,.F.
OHM B 2131,0,,,,,,kmj,2010-08-29 00:00:00,,Osborne Homestead Museum,/ /,,Good,,,1,"Ely, Helena Rutherford",,0,0,,1924,,,0,,,0,,,,,/ /,/ / : : AM,,,8: Communication Artifact,LIBRARY Case 7/Row 3,0,,/ /,,,,0,,/ /,,,,0,0,,,,/ /,,0,,,,,,,0,,2009-08-28 00:00:00,,,OHM B 2131,book,,,,,,Documentary Artifact,,,,,Macmillan & Co,,New York,,,,,,,,,,,Shelf,,/ /,,,,,/ /,,,,,"Practical Flower Garden, The",,,,,,,,,,,,0,0,0,0,0,/ /,/ /,,/ /,,,,,,,,,,2010-08-29 12:53:00,Unknown,/ /,.F.
OHM B 2132,0,,,,,,kmj,2010-08-29 00:00:00,,Osborne Homestead Museum,/ /,,Good,,,1,"Rohde, Eleanour Sinclair",,0,0,,1931,,,0,,,0,,,,,/ /,/ / : : AM,,,8: Communication Artifact,LIBRARY Case 7/Row 3,0,,/ /,,,,0,,/ /,,,,0,0,,,,/ /,,0,,,,,,,0,,2009-08-28 00:00:00,,,OHM B 2132,book,,,,,,Documentary Artifact,,,,,"Hale, Cushman & Flint",,Boston,,,,,,,,,,,Shelf,,/ /,,,,,/ /,,,,,"Scented Garden, The",,,,,,,,,,,,0,0,0,0,0,/ /,/ /,,/ /,,,,,,,,,,2010-08-29 12:56:00,Unknown,/ /,.F.
OHM B 2133,0,,,,,,kmj,2010-08-29 00:00:00,,Osborne Homestead Museum,/ /,,Good,,,1,"Jekyll, Gertrude",,0,0,,1925,,,0,,,0,,,,,/ /,/ / : : AM,,,8: Communication Artifact,LIBRARY Case 7/Row 3,0,,/ /,,,,0,,/ /,,,,0,0,,,,/ /,,0,,,,,,,0,,2009-08-28 00:00:00,,,OHM B 2133,book,,,,,,Documentary Artifact,,,,,B T Batsford Ltd,,London,,,,,,,,,,,Shelf,,/ /,,,,,/ /,,,,,Old English Household Life: Some account of Cottage objects and Country Folk,,,,,,,,,,,,0,0,0,0,0,/ /,/ /,,/ /,,,,,,,,,,2010-08-29 13:00:00,Unknown,/ /,.F.
OHM B 2134,0,,,,,,kmj,2010-08-29 00:00:00,,Osborne Homestead Museum,/ /,,Good,,,1,"Darwin, Charles",,0,0,,1876,,,0,,,0,,,,,/ /,/ / : : AM,,,8: Communication Artifact,LIBRARY Case 7/Row 3,0,,/ /,,,,0,,/ /,,,,0,0,,,,/ /,,0,,,,,,,0,,2009-08-28 00:00:00,,,OHM B 2134,book,,,,,,Documentary Artifact,,,,,D Appleton & Co,,New York,,,,,,,,,,,Shelf,,/ /,,,,,/ /,,,,,"Movements and Habits of Climbing Plants, The",,,,,,,,,,,,0,0,0,0,0,/ /,/ /,,/ /,,,,,,,,,,2010-08-29 13:03:00,Unknown,/ /,.F.
OHM B 2135,0,,,,,,kmj,2010-08-29 00:00:00,,Osborne Homestead Museum,/ /,,Good,,,1,"Darwin, Charles",,0,0,,1888,,,0,,,0,,,,,/ /,/ / : : AM,,,8: Communication Artifact,LIBRARY Case 7/Row 3,0,,/ /,,,,0,,/ /,,,,0,0,,,,/ /,,0,,,,,,,0,,2009-08-28 00:00:00,,,OHM B 2135,book,,,,,,Documentary Artifact,,,,,D Appleton & Co,,New York,,,,,,,,,,,Shelf,,/ /,,,,,/ /,,,,,Formation of Vegetable Mould through the Acton of Worms with Observations on Their Habits,,,,,,,,,,,,0,0,0,0,0,/ /,/ /,,/ /,,,,,,,,,,2010-08-29 13:06:00,Unknown,/ /,.F.
OHM B 2136,0,,,,,,kmj,2010-08-29 00:00:00,,Osborne Homestead Museum,/ /,,Good,,,1,"Rogers, Julia Ellen",,0,0,,1923,,,0,,,0,,,,,/ /,/ / : : AM,,,8: Communication Artifact,LIBRARY Case 7/Row 3,0,,/ /,,,,0,,/ /,,,,0,0,,,,/ /,,0,,,,,,,0,,2009-08-28 00:00:00,,,OHM B 2136,book,,,,,,Documentary Artifact,,,,,Doubleday Page & Co,,New York,,,,,Little Nature Library,,,,,,Shelf,,/ /,,,,,/ /,,,,,Trees Worth Knowing,,,,,,,,,,,,0,0,0,0,0,/ /,/ /,,/ /,,,,,,,,,,2010-08-29 13:09:00,Unknown,/ /,.F.
OHM B 2137,0,,,,,,kmj,2010-08-29 00:00:00,,Osborne Homestead Museum,/ /,,Good,,,1,"Cater, Ruth Cooley",,0,0,,1950,,,0,,,0,,,,,/ /,/ / : : AM,,,8: Communication Artifact,LIBRARY Case 7/Row 3,0,,/ /,,,,0,,/ /,,,,0,0,,,,/ /,,0,,,,,,,0,,2009-08-28 00:00:00,,,OHM B 2137,book,,,,,,Documentary Artifact,,,,,Doubleday & Co,,New York,,,,,,,,,,,Shelf,,/ /,,,,,/ /,,,,,Trees Trails and Hobbies,,,,,,,,,,,,0,0,0,0,0,/ /,/ /,,/ /,,,,,,,,,,2010-08-29 13:17:00,Unknown,/ /,.F.
OHM B 5069,0,,,,,,kmj,2010-08-29 00:00:00,,Osborne Homestead Museum,/ /,,Good,,,1,"Stevenson, Robert Louis",,0,0,,"1892, 1895",,,0,,,0,,,,,/ /,/ / : : AM,,,8: Communication Artifact,LIBRARY Case 7/Row 4,0,,/ /,,,,0,,/ /,,,,0,0,,,,/ /,,0,,,,,,,0,,2010-08-29 00:00:00,,,OHM B 5069,book,,,,,,Documentary Artifact,,,,,Charles Scribner's Sons,,New York,,,,,The Travels and Essays Of Robert Louis Stevenson,,,,,,Shelf,,/ /,,,,,/ /,,,,,"Amateur Emigrant, Across the Plains, Silverado Squatter",,,,,,,,,,,,0,0,0,0,0,/ /,/ /,,/ /,,,,,,,,,,2010-08-29 13:35:00,Unknown,/ /,.F.
OHM B 5068,0,,,,,,kmj,2010-08-29 00:00:00,,Osborne Homestead Museum,/ /,,Good,,,1,"Stevenson, Robert Louis",,0,0,,"1892, 1895",,,0,,,0,,,,,/ /,/ / : : AM,,,8: Communication Artifact,LIBRARY Case 7/Row 4,0,,/ /,,,,0,,/ /,,,,0,0,,,,/ /,,0,,,,,,,0,,2010-08-29 00:00:00,,,OHM B 5068,book,,,,,,Documentary Artifact,,,,,Charles Scribner's Sons,,New York,,,,,The Novels and Tales of Robert Louis Stevenson,,,,,,Shelf,,/ /,,,,,/ /,,,,,New Arabian Nights,,,,,,,,,,,,0,0,0,0,0,/ /,/ /,,/ /,,,,,,,,,,2010-08-29 13:34:00,Unknown,/ /,.F.
OHM B 5067,0,,,,,,kmj,2010-08-29 00:00:00,,Osborne Homestead Museum,/ /,,Good,,,1,"Stevenson, Robert Louis",,0,0,,"1892, 1895",,,0,,,0,,,,,/ /,/ / : : AM,,,8: Communication Artifact,LIBRARY Case 7/Row 4,0,,/ /,,,,0,,/ /,,,,0,0,,,,/ /,,0,,,,,,,0,,2010-08-29 00:00:00,,,OHM B 5067,book,,,,,,Documentary Artifact,,,,,Charles Scribner's Sons,,New York,,,,,The Novels and Tales of Robert Louis Stevenson,,,,,,Shelf,,/ /,,,,,/ /,,,,,"Merry Men and Other Tales and Fables, Strange Case of Dr Jekyll and Mr Hyde",,,,,,,,,,,,0,0,0,0,0,/ /,/ /,,/ /,,,,,,,,,,2010-08-29 13:36:00,Unknown,/ /,.F.
OHM B 5066,0,,,,,,kmj,2010-08-29 00:00:00,,Osborne Homestead Museum,/ /,,Good,,,1,"Stevenson, Robert Louis",,0,0,,"1892, 1895",,,0,,,0,,,,,/ /,/ / : : AM,,,8: Communication Artifact,LIBRARY Case 7/Row 4,0,,/ /,,,,0,,/ /,,,,0,0,,,,/ /,,0,,,,,,,0,,2010-08-29 00:00:00,,,OHM B 5066,book,,,,,,Documentary Artifact,,,,,Charles Scribner's Sons,,New York,,,,,The Novels and Tales of Robert Louis Stevenson,,,,,,Shelf,,/ /,,,,,/ /,,,,,"David Balfour: A Sequel to ""Kidnapped""",,,,,,,,,,,,0,0,0,0,0,/ /,/ /,,/ /,,,,,,,,,,2010-08-29 13:38:00,Unknown,/ /,.F.
OHM B 5065,0,,,,,,kmj,2010-08-29 00:00:00,,Osborne Homestead Museum,/ /,,Good,,,1,"Stevenson, Robert Louis",,0,0,,"1892, 1895",,,0,,,0,,,,,/ /,/ / : : AM,,,8: Communication Artifact,LIBRARY Case 7/Row 4,0,,/ /,,,,0,,/ /,,,,0,0,,,,/ /,,0,,,,,,,0,,2010-08-29 00:00:00,,,OHM B 5065,book,,,,,,Documentary Artifact,,,,,Charles Scribner's Sons,,New York,,,,,The Novels and Tales of Robert Louis Stevenson,,,,,,Shelf,,/ /,,,,,/ /,,,,,Treasure Island,,,,,,,,,,,,0,0,0,0,0,/ /,/ /,,/ /,,,,,,,,,,2010-08-29 13:39:00,Unknown,/ /,.F.
OHM B 5064,0,,,,,,kmj,2010-08-29 00:00:00,,Osborne Homestead Museum,/ /,,Good,,,1,"Stevenson, Robert Louis",,0,0,,"1892, 1895",,,0,,,0,,,,,/ /,/ / : : AM,,,8: Communication Artifact,LIBRARY Case 7/Row 4,0,,/ /,,,,0,,/ /,,,,0,0,,,,/ /,,0,,,,,,,0,,2010-08-29 00:00:00,,,OHM B 5064,book,,,,,,Documentary Artifact,,,,,Charles Scribner's Sons,,New York,,,,,The Novels and Tales of Robert Louis Stevenson,,,,,,Shelf,,/ /,,,,,/ /,,,,,St Ives: Being the Adventures of a French Prisoner in England,,,,,,,,,,,,0,0,0,0,0,/ /,/ /,,/ /,,,,,,,,,,2010-08-29 13:41:00,Unknown,/ /,.F.
OHM B 5063,0,,,,,,kmj,2010-08-29 00:00:00,,Osborne Homestead Museum,/ /,,Good,,,1,"Stevenson, Robert Louis",,0,0,,"1892, 1895",,,0,,,0,,,,,/ /,/ / : : AM,,,8: Communication Artifact,LIBRARY Case 7/Row 4,0,,/ /,,,,0,,/ /,,,,0,0,,,,/ /,,0,,,,,,,0,,2010-08-29 00:00:00,,,OHM B 5063,book,,,,,,Documentary Artifact,,,,,Charles Scribner's Sons,,New York,,,,,Letters and Miscellanies of Robert Louis Stevenson,,,,,,Shelf,,/ /,,,,,/ /,,,,,Weir of Hermiston the Plays and Fables,,,,,,,,,,,,0,0,0,0,0,/ /,/ /,,/ /,,,,,,,,,,2010-08-29 13:44:00,Unknown,/ /,.F.
OHM B 5060,0,,,,,,kmj,2010-08-29 00:00:00,,Osborne Homestead Museum,/ /,,Good,,,1,"Stevenson, Robert Louis",,0,0,,"1892, 1895",,,0,,,0,,,,,/ /,/ / : : AM,,,8: Communication Artifact,LIBRARY Case 7/Row 4,0,,/ /,,,,0,,/ /,,,,0,0,,,,/ /,,0,,,,,,,0,,2010-08-29 00:00:00,,,OHM B 5060,book,,,,,,Documentary Artifact,,,,,Charles Scribner's Sons,,New York,,,,,Letters and Miscellanies of Robert Louis Stevenson,,,,,,Shelf,,/ /,,,,,/ /,,,,,"Sketches, Criticisms, Etc",,,,,,,,,,,,0,0,0,0,0,/ /,/ /,,/ /,,,,,,,,,,2010-08-29 13:45:00,Unknown,/ /,.F.
OHM B 5061,0,,,,,,kmj,2010-08-29 00:00:00,,Osborne Homestead Museum,/ /,,Good,,,1,"Stevenson, Robert Louis",,0,0,,"1892, 1895",,,0,Vol 1,,0,,,,,/ /,/ / : : AM,,,8: Communication Artifact,LIBRARY Case 7/Row 4,0,,/ /,,,,0,,/ /,,,,0,0,,,,/ /,,0,,,,,,,0,,2010-08-29 00:00:00,,,OHM B 5061,book,,,,,,Documentary Artifact,,,,,Charles Scribner's Sons,,New York,,,,,,,,,,,Shelf,,/ /,,,,,/ /,,,,,Life of Robert Louis Stevenson,,,,,,,,,,,,0,0,0,0,0,/ /,/ /,,/ /,,,,,,,,,,2010-08-29 13:48:00,Unknown,/ /,.F.
OHM B 5062,0,,,,,,kmj,2010-08-29 00:00:00,,Osborne Homestead Museum,/ /,,Good,,,1,"Stevenson, Robert Louis",,0,0,,"1892, 1895",,,0,Vol 2,,0,,,,,/ /,/ / : : AM,,,8: Communication Artifact,LIBRARY Case 7/Row 4,0,,/ /,,,,0,,/ /,,,,0,0,,,,/ /,,0,,,,,,,0,,2010-08-29 00:00:00,,,OHM B 5062,book,,,,,,Documentary Artifact,,,,,Charles Scribner's Sons,,New York,,,,,,,,,,,Shelf,,/ /,,,,,/ /,,,,,Life of Robert Louis Stevenson,,,,,,,,,,,,0,0,0,0,0,/ /,/ /,,/ /,,,,,,,,,,2010-08-29 13:49:00,Unknown,/ /,.F.
OHM B 5085,0,,,,,,kmj,2010-08-29 00:00:00,,Osborne Homestead Museum,/ /,,Good,,,1,"Stevenson, Robert Louis",,0,0,,"1892, 1895",,,0,,,0,,,,,/ /,/ / : : AM,,,8: Communication Artifact,LIBRARY Case 7/Row 4,0,,/ /,,,,0,,/ /,,,,0,0,,,,/ /,,0,,,,,,,0,,2010-08-29 00:00:00,,,OHM B 5085,book,,,,,,Documentary Artifact,,,,,Charles Scribner's Sons,,New York,,,,,The Travels and Essays Of Robert Louis Stevenson,,,,,,Shelf,,/ /,,,,,/ /,,,,,"Familiar Studies of Men and Books, Miscelanoues Papers",,,,,,,,,,,,0,0,0,0,0,/ /,/ /,,/ /,,,,,,,,,,2010-08-29 13:54:00,Unknown,/ /,.F.
OHM B 5082,0,,,,,,kmj,2010-08-29 00:00:00,,Osborne Homestead Museum,/ /,,Good,,,1,"Stevenson, Robert Louis",,0,0,,"1892, 1895",,,0,,,0,,,,,/ /,/ / : : AM,,,8: Communication Artifact,LIBRARY Case 7/Row 4,0,,/ /,,,,0,,/ /,,,,0,0,,,,/ /,,0,,,,,,,0,,2010-08-29 00:00:00,,,OHM B 5082,book,,,,,,Documentary Artifact,,,,,Charles Scribner's Sons,,New York,,,,,The Travels and Essays Of Robert Louis Stevenson,,,,,,Shelf,,/ /,,,,,/ /,,,,,"An Inland Voyage, Travels with a Donkey, Edinburgh",,,,,,,,,,,,0,0,0,0,0,/ /,/ /,,/ /,,,,,,,,,,2010-08-29 13:56:00,Unknown,/ /,.F.
OHM B 5080,0,,,,,,kmj,2010-08-29 00:00:00,,Osborne Homestead Museum,/ /,,Good,,,1,"Stevenson, Robert Louis",,0,0,,"1892, 1895",,,0,,,0,,,,,/ /,/ / : : AM,,,8: Communication Artifact,LIBRARY Case 7/Row 4,0,,/ /,,,,0,,/ /,,,,0,0,,,,/ /,,0,,,,,,,0,,2010-08-29 00:00:00,,,OHM B 5080,book,,,,,,Documentary Artifact,,,,,Charles Scribner's Sons,,New York,,,,,The Travels and Essays Of Robert Louis Stevenson,,,,,,Shelf,,/ /,,,,,/ /,,,,,"Virginibus Puerisque, Memoires and Portraits",,,,,,,,,,,,0,0,0,0,0,/ /,/ /,,/ /,,,,,,,,,,2010-08-29 13:58:00,Unknown,/ /,.F.
OHM B 5074,0,,,,,,kmj,2010-08-29 00:00:00,,Osborne Homestead Museum,/ /,,Good,,,1,"Stevenson, Robert Louis",,0,0,,"1892, 1895",,,0,,,0,,,,,/ /,/ / : : AM,,,8: Communication Artifact,LIBRARY Case 7/Row 4,0,,/ /,,,,0,,/ /,,,,0,0,,,,/ /,,0,,,,,,,0,,2010-08-29 00:00:00,,,OHM B 5074,book,,,,,,Documentary Artifact,,,,,Charles Scribner's Sons,,New York,,,,,Ballads and Other Poems Of Robert Louis Stevenson,,,,,,Shelf,,/ /,,,,,/ /,,,,,"A Child's Garden of Verses, Underwoods, Ballads",,,,,,,,,,,,0,0,0,0,0,/ /,/ /,,/ /,,,,,,,,,,2010-08-29 14:01:00,Unknown,/ /,.F.
OHM B 5084,0,,,,,,kmj,2010-08-29 00:00:00,,Osborne Homestead Museum,/ /,,Good,,,1,"Stevenson, Robert Louis",,0,0,,"1892, 1895",,,0,,,0,,,,,/ /,/ / : : AM,,,8: Communication Artifact,LIBRARY Case 7/Row 4,0,,/ /,,,,0,,/ /,,,,0,0,,,,/ /,,0,,,,,,,0,,2010-08-29 00:00:00,,,OHM B 5084,book,,,,,,Documentary Artifact,,,,,Charles Scribner's Sons,,New York,,,,,Letters and Miscellanies of Robert Louis Stevenson,,,,,,Shelf,,/ /,,,,,/ /,,,,,New Letters,,,,,,,,,,,,0,0,0,0,0,/ /,/ /,,/ /,,,,,,,,,,2010-08-29 14:04:00,Unknown,/ /,.F.
OHM B 5083,0,,,,,,kmj,2010-08-29 00:00:00,,Osborne Homestead Museum,/ /,,Good,,,1,"Stevenson, Robert Louis",,0,0,,"1892, 1895",,,0,,,0,,,,,/ /,/ / : : AM,,,8: Communication Artifact,LIBRARY Case 7/Row 4,0,,/ /,,,,0,,/ /,,,,0,0,,,,/ /,,0,,,,,,,0,,2010-08-29 00:00:00,,,OHM B 5083,book,,,,,,Documentary Artifact,,,,,Charles Scribner's Sons,,New York,,,,,Letters and Miscellanies of Robert Louis Stevenson,,,,,,Shelf,,/ /,,,,,/ /,,,,,"Memoir of Fleeming Jenkin, Record of a Family of Engineers",,,,,,,,,,,,0,0,0,0,0,/ /,/ /,,/ /,,,,,,,,,,2010-08-29 14:06:00,Unknown,/ /,.F.
OHM B 5077,0,,,,,,kmj,2010-08-29 00:00:00,,Osborne Homestead Museum,/ /,,Good,,,1,"Stevenson, Robert Louis",,0,0,,"1892, 1895",,,0,,,0,,,,,/ /,/ / : : AM,,,8: Communication Artifact,LIBRARY Case 7/Row 4,0,,/ /,,,,0,,/ /,,,,0,0,,,,/ /,,0,,,,,,,0,,2010-08-29 00:00:00,,,OHM B 5077,book,,,,,,Documentary Artifact,,,,,Charles Scribner's Sons,,New York,,,,,Letters and Miscellanies of Robert Louis Stevenson,,,,,,Shelf,,/ /,,,,,/ /,,,,,"In the South Seas, A Foot-Note to History",,,,,,,,,,,,0,0,0,0,0,/ /,/ /,,/ /,,,,,,,,,,2010-08-29 14:07:00,Unknown,/ /,.F.
OHM B 5076,0,,,,,,kmj,2010-08-29 00:00:00,,Osborne Homestead Museum,/ /,,Good,,,1,"Stevenson, Robert Louis",,0,0,,"1892, 1895",,,0,,,0,,,,,/ /,/ / : : AM,,,8: Communication Artifact,LIBRARY Case 7/Row 4,0,,/ /,,,,0,,/ /,,,,0,0,,,,/ /,,0,,,,,,,0,,2010-08-29 00:00:00,,,OHM B 5076,book,,,,,,Documentary Artifact,,,,,Charles Scribner's Sons,,New York,,,,,Letters and Miscellanies of Robert Louis Stevenson,,,,,,Shelf,,/ /,,,,,/ /,,,,,Correspondence Addressed to Sidney Colvin,,,,,,,,,,,,0,0,0,0,0,/ /,/ /,,/ /,,,,,,,,,,2010-08-29 14:09:00,Unknown,/ /,.F.
OHM B 5071,0,,,,,,kmj,2010-08-29 00:00:00,,Osborne Homestead Museum,/ /,,Good,,,1,"Stevenson, Robert Louis",,0,0,,"1892, 1895",,,0,,,0,,,,,/ /,/ / : : AM,,,8: Communication Artifact,LIBRARY Case 7/Row 4,0,,/ /,,,,0,,/ /,,,,0,0,,,,/ /,,0,,,,,,,0,,2010-08-29 00:00:00,,,OHM B 5071,book,,,,,,Documentary Artifact,,,,,Charles Scribner's Sons,,New York,,,,,Letters and Miscellanies of Robert Louis Stevenson,,,,,,Shelf,,/ /,,,,,/ /,,,,,Letters to His Family and Friends 1,,,,,,,,,,,,0,0,0,0,0,/ /,/ /,,/ /,,,,,,,,,,2010-08-29 14:11:00,Unknown,/ /,.F.
OHM B 5072,0,,,,,,kmj,2010-08-29 00:00:00,,Osborne Homestead Museum,/ /,,Good,,,1,"Stevenson, Robert Louis",,0,0,,"1892, 1895",,,0,,,0,,,,,/ /,/ / : : AM,,,8: Communication Artifact,LIBRARY Case 7/Row 4,0,,/ /,,,,0,,/ /,,,,0,0,,,,/ /,,0,,,,,,,0,,2010-08-29 00:00:00,,,OHM B 5072,book,,,,,,Documentary Artifact,,,,,Charles Scribner's Sons,,New York,,,,,Letters and Miscellanies of Robert Louis Stevenson,,,,,,Shelf,,/ /,,,,,/ /,,,,,Letters to His Family and Friends 2,,,,,,,,,,,,0,0,0,0,0,/ /,/ /,,/ /,,,,,,,,,,2010-08-29 14:11:00,Unknown,/ /,.F.
OHM B 5086,0,,,,,,kmj,2010-08-29 00:00:00,,Osborne Homestead Museum,/ /,,Good,,,1,"Stevenson, Robert Louis",,0,0,,"1892, 1895",,,0,,,0,,,,,/ /,/ / : : AM,,,8: Communication Artifact,LIBRARY Case 7/Row 4,0,,/ /,,,,0,,/ /,,,,0,0,,,,/ /,,0,,,,,,,0,,2010-08-29 00:00:00,,,OHM B 5086,book,,,,,,Documentary Artifact,,,,,Charles Scribner's Sons,,New York,,,,,The Novels and Tales of Robert Louis Stevenson,,,,,,Shelf,,/ /,,,,,/ /,,,,,"Prince Otto, Island Nights' Entertainment, Father Damien",,,,,,,,,,,,0,0,0,0,0,/ /,/ /,,/ /,,,,,,,,,,2010-08-29 14:16:00,Unknown,/ /,.F.
OHM B 5081,0,,,,,,kmj,2010-08-29 00:00:00,,Osborne Homestead Museum,/ /,,Good,,,1,"Stevenson, Robert Louis",,0,0,,"1892, 1895",,,0,,,0,,,,,/ /,/ / : : AM,,,8: Communication Artifact,LIBRARY Case 7/Row 4,0,,/ /,,,,0,,/ /,,,,0,0,,,,/ /,,0,,,,,,,0,,2010-08-29 00:00:00,,,OHM B 5081,book,,,,,,Documentary Artifact,,,,,Charles Scribner's Sons,,New York,,,,,The Novels and Tales of Robert Louis Stevenson,,,,,,Shelf,,/ /,,,,,/ /,,,,,"Wrecker, The",,,,,,,,,,,,0,0,0,0,0,/ /,/ /,,/ /,,,,,,,,,,2010-08-29 14:17:00,Unknown,/ /,.F.
OHM B 5079,0,,,,,,kmj,2010-08-29 00:00:00,,Osborne Homestead Museum,/ /,,Good,,,1,"Stevenson, Robert Louis",,0,0,,"1892, 1895",,,0,,,0,,,,,/ /,/ / : : AM,,,8: Communication Artifact,LIBRARY Case 7/Row 4,0,,/ /,,,,0,,/ /,,,,0,0,,,,/ /,,0,,,,,,,0,,2010-08-29 00:00:00,,,OHM B 5079,book,,,,,,Documentary Artifact,,,,,Charles Scribner's Sons,,New York,,,,,The Novels and Tales of Robert Louis Stevenson,,,,,,Shelf,,/ /,,,,,/ /,,,,,Kidnapped,,,,,,,,,,,,0,0,0,0,0,/ /,/ /,,/ /,,,,,,,,,,2010-08-29 14:18:00,Unknown,/ /,.F.
OHM B 5078,0,,,,,,kmj,2010-08-29 00:00:00,,Osborne Homestead Museum,/ /,,Good,,,1,"Stevenson, Robert Louis",,0,0,,"1892, 1895",,,0,,,0,,,,,/ /,/ / : : AM,,,8: Communication Artifact,LIBRARY Case 7/Row 4,0,,/ /,,,,0,,/ /,,,,0,0,,,,/ /,,0,,,,,,,0,,2010-08-29 00:00:00,,,OHM B 5078,book,,,,,,Documentary Artifact,,,,,Charles Scribner's Sons,,New York,,,,,The Novels and Tales of Robert Louis Stevenson,,,,,,Shelf,,/ /,,,,,/ /,,,,,"More New Arabian Nights, The Dynamitter, The Story of a Lie",,,,,,,,,,,,0,0,0,0,0,/ /,/ /,,/ /,,,,,,,,,,2010-08-29 14:19:00,Unknown,/ /,.F.
OHM B 5075,0,,,,,,kmj,2010-08-29 00:00:00,,Osborne Homestead Museum,/ /,,Good,,,1,"Stevenson, Robert Louis",,0,0,,"1892, 1895",,,0,,,0,,,,,/ /,/ / : : AM,,,8: Communication Artifact,LIBRARY Case 7/Row 4,0,,/ /,,,,0,,/ /,,,,0,0,,,,/ /,,0,,,,,,,0,,2010-08-29 00:00:00,,,OHM B 5075,book,,,,,,Documentary Artifact,,,,,Charles Scribner's Sons,,New York,,,,,The Novels and Tales of Robert Louis Stevenson,,,,,,Shelf,,/ /,,,,,/ /,,,,,"Wrong Box, Ebb Tide",,,,,,,,,,,,0,0,0,0,0,/ /,/ /,,/ /,,,,,,,,,,2010-08-29 14:20:00,Unknown,/ /,.F.
OHM B 5073,0,,,,,,kmj,2010-08-29 00:00:00,,Osborne Homestead Museum,/ /,,Good,,,1,"Stevenson, Robert Louis",,0,0,,"1892, 1895",,,0,,,0,,,,,/ /,/ / : : AM,,,8: Communication Artifact,LIBRARY Case 7/Row 4,0,,/ /,,,,0,,/ /,,,,0,0,,,,/ /,,0,,,,,,,0,,2010-08-29 00:00:00,,,OHM B 5073,book,,,,,,Documentary Artifact,,,,,Charles Scribner's Sons,,New York,,,,,The Novels and Tales of Robert Louis Stevenson,,,,,,Shelf,,/ /,,,,,/ /,,,,,"Master of Balantrae, The",,,,,,,,,,,,0,0,0,0,0,/ /,/ /,,/ /,,,,,,,,,,2010-08-29 14:22:00,Unknown,/ /,.F.
OHM B 5070,0,,,,,,kmj,2010-08-29 00:00:00,,Osborne Homestead Museum,/ /,,Good,,,1,"Stevenson, Robert Louis",,0,0,,"1892, 1895",,,0,,,0,,,,,/ /,/ / : : AM,,,8: Communication Artifact,LIBRARY Case 7/Row 4,0,,/ /,,,,0,,/ /,,,,0,0,,,,/ /,,0,,,,,,,0,,2010-08-29 00:00:00,,,OHM B 5070,book,,,,,,Documentary Artifact,,,,,Charles Scribner's Sons,,New York,,,,,The Novels and Tales of Robert Louis Stevenson,,,,,,Shelf,,/ /,,,,,/ /,,,,,"Black Arrow, The Misadventures of John Nicholson, The Body-Snatcher",,,,,,,,,,,,0,0,0,0,0,/ /,/ /,,/ /,,,,,,,,,,2010-08-29 14:23:00,Unknown,/ /,.F.
OHM B 2138,0,,,,,,kmj,2010-08-29 00:00:00,,Osborne Homestead Museum,/ /,,Good,,,1,"Rogers, Julia Ellen",,0,0,,1909,,,0,,,0,,,,,/ /,/ / : : AM,,,8: Communication Artifact,LIBRARY Case 7/Row 3,0,,/ /,,,,0,,/ /,,,,0,0,,,,/ /,,0,,,,,,,0,,2009-08-28 00:00:00,,,OHM B 2138,book,,,,,,Documentary Artifact,,,,,Grosset & Dunlap,,New York,,,,,,,,,,,Shelf,,/ /,,,,,/ /,,,,,Trees Every Child Should Know,,,,,,,,,,,,0,0,0,0,0,/ /,/ /,,/ /,,,,,,,,,,2010-08-29 14:28:00,Unknown,/ /,.F.
OHM B 4035,0,,,,,,kmj,2010-09-05 00:00:00,,Osborne Homestead Museum,/ /,,Good,,,1,"Richardson, Samuel",,0,0,,1901,,,0,Vol 1,,0,,,,,/ /,/ / : : AM,,,8: Communication Artifact,LIBRARY Case 7/Row 1,0,,/ /,,,,0,,/ /,,,,0,0,,,,/ /,,0,,,,,,,0,,2009-08-28 00:00:00,,,OHM B 4035,book,,,,,,Documentary Artifact,,,,,Croscup & Sterling Co,,New York,,,,,Complete Works of Samuel Richrdson,,,,,,Shelf,,/ /,,,,,/ /,,,,,Sir Charles Grandin,,,,,,,,,,,,0,0,0,0,0,/ /,/ /,,/ /,,,,,,,,,,2010-09-05 12:54:00,Unknown,/ /,.F.
OHM B 4040,0,,,,,,kmj,2010-09-05 00:00:00,,Osborne Homestead Museum,/ /,,Good,,,1,"Richardson, Samuel",,0,0,,1901,,,0,Vol 2,,0,,,,,/ /,/ / : : AM,,,8: Communication Artifact,LIBRARY Case 7/Row 1,0,,/ /,,,,0,,/ /,,,,0,0,,,,/ /,,0,,,,,,,0,,2009-08-28 00:00:00,,,OHM B 4040,book,,,,,,Documentary Artifact,,,,,Croscup & Sterling Co,,New York,,,,,Complete Works of Samuel Richrdson,,,,,,Shelf,,/ /,,,,,/ /,,,,,Sir Charles Grandin,,,,,,,,,,,,0,0,0,0,0,/ /,/ /,,/ /,,,,,,,,,,2010-09-05 12:54:00,Unknown,/ /,.F.
OHM B 4042,0,,,,,,kmj,2010-09-05 00:00:00,,Osborne Homestead Museum,/ /,,Good,,,1,"Richardson, Samuel",,0,0,,1901,,,0,Vol 3,,0,,,,,/ /,/ / : : AM,,,8: Communication Artifact,LIBRARY Case 7/Row 1,0,,/ /,,,,0,,/ /,,,,0,0,,,,/ /,,0,,,,,,,0,,2009-08-28 00:00:00,,,OHM B 4042,book,,,,,,Documentary Artifact,,,,,Croscup & Sterling Co,,New York,,,,,Complete Works of Samuel Richrdson,,,,,,Shelf,,/ /,,,,,/ /,,,,,Sir Charles Grandin,,,,,,,,,,,,0,0,0,0,0,/ /,/ /,,/ /,,,,,,,,,,2010-09-05 12:55:00,Unknown,/ /,.F.
OHM B 4046,0,,,,,,kmj,2010-09-05 00:00:00,,Osborne Homestead Museum,/ /,,Good,,,1,"Richardson, Samuel",,0,0,,1901,,,0,Vol 4,,0,,,,,/ /,/ / : : AM,,,8: Communication Artifact,LIBRARY Case 7/Row 1,0,,/ /,,,,0,,/ /,,,,0,0,,,,/ /,,0,,,,,,,0,,2009-08-28 00:00:00,,,OHM B 4046,book,,,,,,Documentary Artifact,,,,,Croscup & Sterling Co,,New York,,,,,Complete Works of Samuel Richrdson,,,,,,Shelf,,/ /,,,,,/ /,,,,,Sir Charles Grandin,,,,,,,,,,,,0,0,0,0,0,/ /,/ /,,/ /,,,,,,,,,,2010-09-05 12:55:00,Unknown,/ /,.F.
OHM B 4041,0,,,,,,kmj,2010-09-05 00:00:00,,Osborne Homestead Museum,/ /,,Good,,,1,"Richardson, Samuel",,0,0,,1901,,,0,Vol 5,,0,,,,,/ /,/ / : : AM,,,8: Communication Artifact,LIBRARY Case 7/Row 1,0,,/ /,,,,0,,/ /,,,,0,0,,,,/ /,,0,,,,,,,0,,2009-08-28 00:00:00,,,OHM B 4041,book,,,,,,Documentary Artifact,,,,,Croscup & Sterling Co,,New York,,,,,Complete Works of Samuel Richrdson,,,,,,Shelf,,/ /,,,,,/ /,,,,,Sir Charles Grandin,,,,,,,,,,,,0,0,0,0,0,/ /,/ /,,/ /,,,,,,,,,,2010-09-05 12:56:00,Unknown,/ /,.F.
OHM B 4043,0,,,,,,kmj,2010-09-05 00:00:00,,Osborne Homestead Museum,/ /,,Good,,,1,"Richardson, Samuel",,0,0,,1901,,,0,Vol 6,,0,,,,,/ /,/ / : : AM,,,8: Communication Artifact,LIBRARY Case 7/Row 1,0,,/ /,,,,0,,/ /,,,,0,0,,,,/ /,,0,,,,,,,0,,2009-08-28 00:00:00,,,OHM B 4043,book,,,,,,Documentary Artifact,,,,,Croscup & Sterling Co,,New York,,,,,Complete Works of Samuel Richrdson,,,,,,Shelf,,/ /,,,,,/ /,,,,,Sir Charles Grandin,,,,,,,,,,,,0,0,0,0,0,/ /,/ /,,/ /,,,,,,,,,,2010-09-05 12:57:00,Unknown,/ /,.F.
OHM B 4045,0,,,,,,kmj,2010-09-05 00:00:00,,Osborne Homestead Museum,/ /,,Good,,,1,"Richardson, Samuel",,0,0,,1901,,,0,Vol 7,,0,,,,,/ /,/ / : : AM,,,8: Communication Artifact,LIBRARY Case 7/Row 1,0,,/ /,,,,0,,/ /,,,,0,0,,,,/ /,,0,,,,,,,0,,2009-08-28 00:00:00,,,OHM B 4045,book,,,,,,Documentary Artifact,,,,,Croscup & Sterling Co,,New York,,,,,Complete Works of Samuel Richrdson,,,,,,Shelf,,/ /,,,,,/ /,,,,,Sir Charles Grandin,,,,,,,,,,,,0,0,0,0,0,/ /,/ /,,/ /,,,,,,,,,,2010-09-05 12:58:00,Unknown,/ /,.F.
OHM B 4052,0,,,,,,kmj,2010-09-05 00:00:00,,Osborne Homestead Museum,/ /,,Good,,,1,"Richardson, Samuel",,0,0,,1901,,,0,Vol 1,,0,,,,,/ /,/ / : : AM,,,8: Communication Artifact,LIBRARY Case 7/Row 1,0,,/ /,,,,0,,/ /,,,,0,0,,,,/ /,,0,,,,,,,0,,2009-08-28 00:00:00,,,OHM B 4052,book,,,,,,Documentary Artifact,,,,,Croscup & Sterling Co,,New York,,,,,Complete Works of Samuel Richrdson,,,,,,Shelf,,/ /,,,,,/ /,,,,,Clarissa Harlowe,,,,,,,,,,,,0,0,0,0,0,/ /,/ /,,/ /,,,,,,,,,,2010-09-05 12:59:00,Unknown,/ /,.F.
OHM B 4051,0,,,,,,kmj,2010-09-05 00:00:00,,Osborne Homestead Museum,/ /,,Good,,,1,"Richardson, Samuel",,0,0,,1901,,,0,Vol 2,,0,,,,,/ /,/ / : : AM,,,8: Communication Artifact,LIBRARY Case 7/Row 1,0,,/ /,,,,0,,/ /,,,,0,0,,,,/ /,,0,,,,,,,0,,2009-08-28 00:00:00,,,OHM B 4051,book,,,,,,Documentary Artifact,,,,,Croscup & Sterling Co,,New York,,,,,Complete Works of Samuel Richrdson,,,,,,Shelf,,/ /,,,,,/ /,,,,,Clarissa Harlowe,,,,,,,,,,,,0,0,0,0,0,/ /,/ /,,/ /,,,,,,,,,,2010-09-05 13:00:00,Unknown,/ /,.F.
OHM B 4053,0,,,,,,kmj,2010-09-05 00:00:00,,Osborne Homestead Museum,/ /,,Good,,,1,"Richardson, Samuel",,0,0,,1901,,,0,Vol 3,,0,,,,,/ /,/ / : : AM,,,8: Communication Artifact,LIBRARY Case 7/Row 1,0,,/ /,,,,0,,/ /,,,,0,0,,,,/ /,,0,,,,,,,0,,2009-08-28 00:00:00,,,OHM B 4053,book,,,,,,Documentary Artifact,,,,,Croscup & Sterling Co,,New York,,,,,Complete Works of Samuel Richrdson,,,,,,Shelf,,/ /,,,,,/ /,,,,,Clarissa Harlowe,,,,,,,,,,,,0,0,0,0,0,/ /,/ /,,/ /,,,,,,,,,,2010-09-05 13:01:00,Unknown,/ /,.F.
OHM B 4048,0,,,,,,kmj,2010-09-05 00:00:00,,Osborne Homestead Museum,/ /,,Good,,,1,"Richardson, Samuel",,0,0,,1901,,,0,Vol 4,,0,,,,,/ /,/ / : : AM,,,8: Communication Artifact,LIBRARY Case 7/Row 1,0,,/ /,,,,0,,/ /,,,,0,0,,,,/ /,,0,,,,,,,0,,2009-08-28 00:00:00,,,OHM B 4048,book,,,,,,Documentary Artifact,,,,,Croscup & Sterling Co,,New York,,,,,Complete Works of Samuel Richrdson,,,,,,Shelf,,/ /,,,,,/ /,,,,,Clarissa Harlowe,,,,,,,,,,,,0,0,0,0,0,/ /,/ /,,/ /,,,,,,,,,,2010-09-05 13:01:00,Unknown,/ /,.F.
OHM B 4047,0,,,,,,kmj,2010-09-05 00:00:00,,Osborne Homestead Museum,/ /,,Good,,,1,"Richardson, Samuel",,0,0,,1901,,,0,Vol 5,,0,,,,,/ /,/ / : : AM,,,8: Communication Artifact,LIBRARY Case 7/Row 1,0,,/ /,,,,0,,/ /,,,,0,0,,,,/ /,,0,,,,,,,0,,2009-08-28 00:00:00,,,OHM B 4047,book,,,,,,Documentary Artifact,,,,,Croscup & Sterling Co,,New York,,,,,Complete Works of Samuel Richrdson,,,,,,Shelf,,/ /,,,,,/ /,,,,,Clarissa Harlowe,,,,,,,,,,,,0,0,0,0,0,/ /,/ /,,/ /,,,,,,,,,,2010-09-05 13:02:00,Unknown,/ /,.F.
OHM B 4050,0,,,,,,kmj,2010-09-05 00:00:00,,Osborne Homestead Museum,/ /,,Good,,,1,"Richardson, Samuel",,0,0,,1901,,,0,Vol 6,,0,,,,,/ /,/ / : : AM,,,8: Communication Artifact,LIBRARY Case 7/Row 1,0,,/ /,,,,0,,/ /,,,,0,0,,,,/ /,,0,,,,,,,0,,2009-08-28 00:00:00,,,OHM B 4050,book,,,,,,Documentary Artifact,,,,,Croscup & Sterling Co,,New York,,,,,Complete Works of Samuel Richrdson,,,,,,Shelf,,/ /,,,,,/ /,,,,,Clarissa Harlowe,,,,,,,,,,,,0,0,0,0,0,/ /,/ /,,/ /,,,,,,,,,,2010-09-05 13:03:00,Unknown,/ /,.F.
OHM B 4049,0,,,,,,kmj,2010-09-05 00:00:00,,Osborne Homestead Museum,/ /,,Good,,,1,"Richardson, Samuel",,0,0,,1901,,,0,Vol 7,,0,,,,,/ /,/ / : : AM,,,8: Communication Artifact,LIBRARY Case 7/Row 1,0,,/ /,,,,0,,/ /,,,,0,0,,,,/ /,,0,,,,,,,0,,2009-08-28 00:00:00,,,OHM B 4049,book,,,,,,Documentary Artifact,,,,,Croscup & Sterling Co,,New York,,,,,Complete Works of Samuel Richrdson,,,,,,Shelf,,/ /,,,,,/ /,,,,,Clarissa Harlowe,,,,,,,,,,,,0,0,0,0,0,/ /,/ /,,/ /,,,,,,,,,,2010-09-05 13:04:00,Unknown,/ /,.F.
OHM B 4054,0,,,,,,kmj,2010-09-05 00:00:00,,Osborne Homestead Museum,/ /,,Good,,,1,"Richardson, Samuel",,0,0,,1901,,,0,Vol 8,,0,,,,,/ /,/ / : : AM,,,8: Communication Artifact,LIBRARY Case 7/Row 1,0,,/ /,,,,0,,/ /,,,,0,0,,,,/ /,,0,,,,,,,0,,2009-08-28 00:00:00,,,OHM B 4054,book,,,,,,Documentary Artifact,,,,,Croscup & Sterling Co,,New York,,,,,Complete Works of Samuel Richrdson,,,,,,Shelf,,/ /,,,,,/ /,,,,,Clarissa Harlowe,,,,,,,,,,,,0,0,0,0,0,/ /,/ /,,/ /,,,,,,,,,,2010-09-05 13:04:00,Unknown,/ /,.F.
OHM B 4055,0,,,,,,kmj,2010-09-05 00:00:00,,Osborne Homestead Museum,/ /,,Good,,,1,"Richardson, Samuel",,0,0,,1901,,,0,Vol 1,,0,,,,,/ /,/ / : : AM,,,8: Communication Artifact,LIBRARY Case 7/Row 1,0,,/ /,,,,0,,/ /,,,,0,0,,,,/ /,,0,,,,,,,0,,2009-08-28 00:00:00,,,OHM B 4055,book,,,,,,Documentary Artifact,,,,,Croscup & Sterling Co,,New York,,,,,Complete Works of Samuel Richrdson,,,,,,Shelf,,/ /,,,,,/ /,,,,,Pamela,,,,,,,,,,,,0,0,0,0,0,/ /,/ /,,/ /,,,,,,,,,,2010-09-05 13:06:00,Unknown,/ /,.F.
OHM B 4057,0,,,,,,kmj,2010-09-05 00:00:00,,Osborne Homestead Museum,/ /,,Good,,,1,"Richardson, Samuel",,0,0,,1901,,,0,Vol 2,,0,,,,,/ /,/ / : : AM,,,8: Communication Artifact,LIBRARY Case 7/Row 1,0,,/ /,,,,0,,/ /,,,,0,0,,,,/ /,,0,,,,,,,0,,2009-08-28 00:00:00,,,OHM B 4057,book,,,,,,Documentary Artifact,,,,,Croscup & Sterling Co,,New York,,,,,Complete Works of Samuel Richrdson,,,,,,Shelf,,/ /,,,,,/ /,,,,,Pamela,,,,,,,,,,,,0,0,0,0,0,/ /,/ /,,/ /,,,,,,,,,,2010-09-05 13:07:00,Unknown,/ /,.F.
OHM B 4056,0,,,,,,kmj,2010-09-05 00:00:00,,Osborne Homestead Museum,/ /,,Good,,,1,"Richardson, Samuel",,0,0,,1901,,,0,Vol 3,,0,,,,,/ /,/ / : : AM,,,8: Communication Artifact,LIBRARY Case 7/Row 1,0,,/ /,,,,0,,/ /,,,,0,0,,,,/ /,,0,,,,,,,0,,2009-08-28 00:00:00,,,OHM B 4056,book,,,,,,Documentary Artifact,,,,,Croscup & Sterling Co,,New York,,,,,Complete Works of Samuel Richrdson,,,,,,Shelf,,/ /,,,,,/ /,,,,,Pamela,,,,,,,,,,,,0,0,0,0,0,/ /,/ /,,/ /,,,,,,,,,,2010-09-05 13:08:00,Unknown,/ /,.F.
OHM B 4058,0,,,,,,kmj,2010-09-05 00:00:00,,Osborne Homestead Museum,/ /,,Good,,,1,"Richardson, Samuel",,0,0,,1901,,,0,Vol 4,,0,,,,,/ /,/ / : : AM,,,8: Communication Artifact,LIBRARY Case 7/Row 1,0,,/ /,,,,0,,/ /,,,,0,0,,,,/ /,,0,,,,,,,0,,2009-08-28 00:00:00,,,OHM B 4058,book,,,,,,Documentary Artifact,,,,,Croscup & Sterling Co,,New York,,,,,Complete Works of Samuel Richrdson,,,,,,Shelf,,/ /,,,,,/ /,,,,,Pamela,,,,,,,,,,,,0,0,0,0,0,/ /,/ /,,/ /,,,,,,,,,,2010-09-05 13:08:00,Unknown,/ /,.F.
OHM B 4059,0,,,,,,kmj,2010-09-05 00:00:00,,Osborne Homestead Museum,/ /,,Good,,,1,"Richardson, Samuel",,0,0,,1901,,,0,Vol 5,,0,,,,,/ /,/ / : : AM,,,8: Communication Artifact,LIBRARY Case 7/Row 1,0,,/ /,,,,0,,/ /,,,,0,0,,,,/ /,,0,,,,,,,0,,2009-08-28 00:00:00,,,OHM B 4059,book,,,,,,Documentary Artifact,,,,,Croscup & Sterling Co,,New York,,,,,Complete Works of Samuel Richrdson,,,,,,Shelf,,/ /,,,,,/ /,,,,,Pamela,,,,,,,,,,,,0,0,0,0,0,/ /,/ /,,/ /,,,,,,,,,,2010-09-05 13:09:00,Unknown,/ /,.F.
OHM B 4062,0,,,,,,kmj,2010-09-05 00:00:00,,Osborne Homestead Museum,/ /,,Good,,,1,"Strange, Edward F",,0,0,,1925,,,0,,,0,,,,,/ /,/ / : : AM,,,8: Communication Artifact,LIBRARY Case 7/Row 5,0,,/ /,,,,0,,/ /,,,,0,0,,,,/ /,,0,,,,,,,0,,2009-08-28 00:00:00,,,OHM B 4062,book,,,,,,Documentary Artifact,,,,,Cassell & Co,,New York/London,,,,,,,,,,,Shelf,,/ /,,,,,/ /,,,,,Colour-Prints of Hiroshige,,,,,,,,,,,,0,0,0,0,0,/ /,/ /,,/ /,,,,,,,,,,2010-09-05 13:17:00,Unknown,/ /,.F.
OHM B 8250,0,,,,,,kmj,2010-09-05 00:00:00,,Osborne Homestead Museum,/ /,,Good,,,1,"Binyon, Laurence and Sexton, J J O'Brien",,0,0,,1923,,,0,,,0,,,,,/ /,/ / : : AM,,,8: Communication Artifact,LIBRARY Case 7/Row 5,0,,/ /,,,,0,,/ /,,,,0,0,,,,/ /,,0,,,,,,,0,,2009-08-28 00:00:00,,,OHM B 8250,book,,,,,,Documentary Artifact,,,,,Charles Scribner's Sons,,New York,,,,,,,,,,,Shelf,,/ /,,,,,/ /,,,,,Japanese Colour Prints,,,,,,,,,,,,0,0,0,0,0,/ /,/ /,,/ /,,,,,,,,,,2010-09-05 13:21:00,Unknown,/ /,.F.
OHM B 8251,0,,,,,,kmj,2010-09-05 00:00:00,,Osborne Homestead Museum,/ /,,Good,,,1,"Bramah, Ernest",,0,0,,1911,,,0,,,0,,,,,/ /,/ / : : AM,,,8: Communication Artifact,LIBRARY Case 7/Row 5,0,,/ /,,,,0,,/ /,,,,0,0,,,,/ /,,0,,,,,,,0,,2009-08-28 00:00:00,,,OHM B 8251,book,,,,,,Documentary Artifact,,,,,Brentano's,,New York,,,,,,,,,,,Shelf,,/ /,,,,,/ /,,,,,"Transmutation of Ling, The",,,,,,,,,,,,0,0,0,0,0,/ /,/ /,,/ /,,,,,,,,,,2010-09-05 13:24:00,Unknown,/ /,.F.
OHM B 8252,0,,,,,,kmj,2010-09-05 00:00:00,,Osborne Homestead Museum,/ /,,Good,,,1,Unknown,,0,0,,,,,0,,,0,,,,,/ /,/ / : : AM,,,8: Communication Artifact,LIBRARY Case 7/Row 5,0,,/ /,,,,0,,/ /,,,,0,0,,,,/ /,,0,,,,,,,0,,2009-08-28 00:00:00,,,OHM B 8252,book,,,,,,Documentary Artifact,,,,,Charles Scribner's Sons,,New York,,,,,,,,,,,Shelf,,/ /,,,,,/ /,,,,,Drawings of Sir E J Poynter Bart PRA,,,,,,,,,,,,0,0,0,0,0,/ /,/ /,,/ /,,,,,,,,,,2010-09-05 13:30:00,Unknown,/ /,.F.
OHM B 8253,0,,,,,,kmj,2010-09-05 00:00:00,,Osborne Homestead Museum,/ /,,Good,,,1,"Kent, Rockwell",,0,0,,,,,0,,,0,,,,,/ /,/ / : : AM,,,8: Communication Artifact,LIBRARY Case 7/Row 5,0,,/ /,,,,0,,/ /,,,,0,0,,,,/ /,,0,,,,,,,0,,2009-08-28 00:00:00,,,OHM B 8253,book,,,,,,Documentary Artifact,,,,,G P Putnam's Sons,,New York/London,,,,,,,,,,,Shelf,,/ /,,,,,/ /,,,,,Wilderness: A Journal of Quiet Adventure in Alaska,,,,,,,,,,,,0,0,0,0,0,/ /,/ /,,/ /,,,,,,,,,,2010-09-05 13:33:00,Unknown,/ /,.F.
OHM B 7020,0,,,,,,kmj,2010-09-05 00:00:00,,Osborne Homestead Museum,/ /,,Good,,,1,"Siren, Osvald",,0,0,,1916,,,0,,,0,,,,,/ /,/ / : : AM,,,8: Communication Artifact,LIBRARY Case 7/Row 5,0,,/ /,,,,0,,/ /,,,,0,0,,,,/ /,,0,,,,,,,0,,2009-08-28 00:00:00,,,OHM B 7020,book,,,,,,Documentary Artifact,,,,,Yale University Press,,New Haven,,,,,,,,,,,Shelf,,/ /,,,,,/ /,,,,,Descriptive Catalogue of the Pictures in the Jarves Collection Belonging to Yale University,,,,,,,,,,,,0,0,0,0,0,/ /,/ /,,/ /,,,,,,,,,,2010-09-05 13:41:00,Unknown,/ /,.F.
OHM B 4084,0,,,,,,kmj,2010-09-05 00:00:00,,Osborne Homestead Museum,/ /,,Good,,,1,"Hayden, Arthur",,0,0,,1928,,,0,,,0,,,,,/ /,/ / : : AM,,,8: Communication Artifact,LIBRARY Case 7 Row 5,0,,/ /,,,,0,,/ /,,,,0,0,,,,/ /,,0,,,,,,,0,,2010-09-05 00:00:00,,,OHM B 4084,book,,,,,,Documentary Artifact,,456 p.,,,T Fisher Unwin,,London,,,,,,,,,,,Shelf,,/ /,,,,,/ /,,,,,Chats on Old Prints,,,,,,,,,,,,0,0,0,0,0,/ /,/ /,,/ /,,,,,,,,,,2010-09-05 13:54:00,Unknown,/ /,.F.
OHM B 4085,0,,,,,,kmj,2010-09-05 00:00:00,,Osborne Homestead Museum,/ /,,Good,,,1,"Strange, Edward F",,0,0,,1913,,,0,,,0,,,,,/ /,/ / : : AM,,,8: Communication Artifact,LIBRARY Case 7 Row 5,0,,/ /,,,,0,,/ /,,,,0,0,,,,/ /,,0,,,,,,,0,,2010-09-05 00:00:00,,,OHM B 4085,book,,,,,,Documentary Artifact,,,,,,,London,,,,,,,,,,,Shelf,,/ /,,,,,/ /,,,,,Japanese Colour Prints,,,,,,,,,,,,0,0,0,0,0,/ /,/ /,,/ /,,,,,,,,,,2010-09-05 13:56:00,Unknown,/ /,.F.
OHM B 4086,0,,,,,,kmj,2010-09-05 00:00:00,,Osborne Homestead Museum,/ /,,Good,,,1,"Ledoux, Louis V",,0,0,,1923,,,0,`,,0,,,,,/ /,/ / : : AM,,,8: Communication Artifact,LIBRARY Case 7 Row 5,0,,/ /,,,,0,,/ /,,,,0,0,,,,/ /,,0,,,,,,,0,,2010-09-05 00:00:00,,,OHM B 4086,book,,,,,,Documentary Artifact,,,,,Grolier Club,,New York,,,,,,,,,,,Shelf,,/ /,,,,,/ /,,,,,Exhibition of Japanese Figure Prints,,,,,,,,,,,,0,0,0,0,0,/ /,/ /,,/ /,,,,,,,,,,2010-09-05 14:00:00,Unknown,/ /,.F.
OHM B 4083,0,,,,,,kmj,2010-09-05 00:00:00,,Osborne Homestead Museum,/ /,,Good,,,1,"Blacker, J F",,0,0,,,,,0,`,,0,,,,,/ /,/ / : : AM,,,8: Communication Artifact,LIBRARY Case 7 Row 5,0,,/ /,,,,0,,/ /,,,,0,0,,,,/ /,,0,,,,,,,0,,2010-09-05 00:00:00,,,OHM B 4083,book,,,,,,Documentary Artifact,,,,,George W JacobsCo,,Philadelphia,,,,,,,,,,,Shelf,,/ /,,,,,/ /,,,,,"ABC of Japanese Art, The",,,,,,,,,,,,0,0,0,0,0,/ /,/ /,,/ /,,,,,,,,,,2010-09-05 14:05:00,Unknown,/ /,.F.
OHM B 4088,0,,,,,,kmj,2010-09-05 00:00:00,,Osborne Homestead Museum,/ /,,Good,,,0,"Sackville-West, V",,0,0,,1931,,,0,Limited numbered edition signed by author #119 of 500`,,0,,,,,/ /,/ / : : AM,,,8: Communication Artifact,LIBRARY Case 7 Row 5,0,,/ /,,,,0,,/ /,,,,0,0,,,,/ /,,0,,,,,,,0,,2010-09-05 00:00:00,,,OHM B 4088,book,,,,,,Documentary Artifact,,,,,Hogarth Press,,London,,,,,,,,,,,Shelf,,/ /,,,,,/ /,,,,,Sissinghurst,,,,,,,,,,,,0,0,0,0,0,/ /,/ /,,/ /,,,,,,,,,,2010-09-05 14:10:00,Unknown,/ /,.F.
OHM B 4066,0,,,,,,kmj,2010-09-05 00:00:00,,Osborne Homestead Museum,/ /,,Good,,,0,"Strange, Edward F",,0,0,,1904,,,0,,,0,,,,,/ /,/ / : : AM,,,8: Communication Artifact,LIBRARY Case 7 Row 5,0,,/ /,,,,0,,/ /,,,,0,0,,,,/ /,,0,,,,,,,0,,2010-09-05 00:00:00,,,OHM B 4066,book,,,,,,Documentary Artifact,,,,,George Bell and Son,,London,,,,,,,,,,,Shelf,,/ /,,,,,/ /,,,,,Japanese Illustration: A History of the Art of Wood-Cutting and Colour Printing in Japan,,,,,,,,,,,,0,0,0,0,0,/ /,/ /,,/ /,,,,,,,,,,2010-09-05 14:13:00,Unknown,/ /,.F.
OHM B 8257,0,,,,,,kmj,2010-09-05 00:00:00,,Osborne Homestead Museum,/ /,,Good,,,0,"Binyon, Laurence",,0,0,,1908,,,0,,,0,,,,,/ /,/ / : : AM,,,8: Communication Artifact,LIBRARY Case 7 Row 5,0,,/ /,,,,0,,/ /,,,,0,0,,,,/ /,,0,,,,,,,0,,2010-09-05 00:00:00,,,OHM B 8257,book,,,,,,Documentary Artifact,,,,,Edward Arnold,,London,,,,,,,,,,,Shelf,,/ /,,,,,/ /,,,,,Painting in the Far East: An Introduction to the History of Pictorial Art in Asia Especially China and Japan,,,,,,,,,,,,0,0,0,0,0,/ /,/ /,,/ /,,,,,,,,,,2010-09-05 14:19:00,Unknown,/ /,.F.
OHM B 8258,0,,,,,,kmj,2010-09-05 00:00:00,,Osborne Homestead Museum,/ /,,Good,,,0,"Joly, Henri L",,0,0,,1908,,,0,,,0,,,,,/ /,/ / : : AM,,,8: Communication Artifact,LIBRARY Case 7 Row 5,0,,/ /,,,,0,,/ /,,,,0,0,,,,/ /,,0,,,,,,,0,,2010-09-05 00:00:00,,,OHM B 8258,book,,,,,,Documentary Artifact,,,,,John Lane Co,,New York,,,,,,,,,,,Shelf,,/ /,,,,,/ /,,,,,"Legend in Japanese Art: A Description of Historical Episodes, Legendary Characters, Folk-Lore, Myths, Reigious Symbolism",,,,,,,,,,,,0,0,0,0,0,/ /,/ /,,/ /,,,,,,,,,,2010-09-05 14:34:00,Unknown,/ /,.F.
OHM B 4061,0,,,,,,kmj,2010-09-05 00:00:00,,Osborne Homestead Museum,/ /,,Good,,,0,Unknown,,0,0,,1916,,,0,,,0,,,,,/ /,/ / : : AM,,,8: Communication Artifact,LIBRARY Case 7 Row 5,0,,/ /,,,,0,,/ /,,,,0,0,,,,/ /,,0,,,,,,,0,,2010-09-05 00:00:00,,,OHM B 4061,book,,,,,,Documentary Artifact,,,,,,,,,,,,,,,,,,Shelf,,/ /,,Auction Catalogue,,,/ /,,,,,Rare Japanese Color Prints,,,,,,,,,,,,0,0,0,0,0,/ /,/ /,,/ /,,,,,,,,,,2010-09-05 14:40:00,Unknown,/ /,.F.
OHM B 8254,0,,,,,,kmj,2010-09-05 00:00:00,,Osborne Homestead Museum,/ /,,Good,,,0,"von Seidlitz, W",,0,0,,1910,,,0,,,0,,,,,/ /,/ / : : AM,,,8: Communication Artifact,LIBRARY Case 7 Row 5,0,,/ /,,,,0,,/ /,,,,0,0,,,,/ /,,0,,,,,,,0,,2010-09-05 00:00:00,,,OHM B 8254,book,,,,,,Documentary Artifact,,,,,William Heinemann,,London,,,,,,,,,,,Shelf,,/ /,,,,,/ /,,,,,History of Japanese Colour-Prints,,,,,,,,,,,,0,0,0,0,0,/ /,/ /,,/ /,,,,,,,,,,2010-09-05 14:43:00,Unknown,/ /,.F.
OHM B 4067,0,,,,,,kmj,2010-09-12 00:00:00,,Osborne Homestead Museum,/ /,,Good,,,0,,,0,0,,1931,,,0,1931,,0,,,,,/ /,/ / : : AM,,,8: Communication Artifact,LIBRARY Case 7 Row 6,0,,/ /,,,,0,,/ /,,,,0,0,,,,/ /,,0,,,,,,,0,,2010-09-05 00:00:00,,,OHM B 4067,book,,,,,,Documentary Artifact,,,,,Fifty-sixth Street Galleries,,New York,,,,,,,,,,,Shelf,,/ /,,,,,/ /,,,,,Eighth Annual Exhibition: New York Chapter of American Society of Landscape Architects,,,,,,,,,,,,0,0,0,0,0,/ /,/ /,,/ /,,,,,,,,,,2010-09-12 12:42:00,Unknown,/ /,.F.
OHM B 4089,0,,,,,,kmj,2010-09-12 00:00:00,,Osborne Homestead Museum,/ /,,Good,,,0,"Lockwood, Luke Vincent",,0,0,,1921,,,0,Vol 1,,0,,,,,/ /,/ / : : AM,,,8: Communication Artifact,LIBRARY Case 7 Row 6,0,,/ /,,,,0,,/ /,,,,0,0,,,,/ /,,0,,,,,,,0,,2010-09-05 00:00:00,,,OHM B 4089,book,,,,,,Documentary Artifact,,,,,Charles Scribner's Sons,,New York,,,,,,,,,,,Shelf,,/ /,,,,,/ /,,,,,Colonial Furniture in America,,,,,,,,,,,,0,0,0,0,0,/ /,/ /,,/ /,,,,,,,,,,2010-09-12 12:47:00,Unknown,/ /,.F.
OHM B 4090,0,,,,,,kmj,2010-09-12 00:00:00,,Osborne Homestead Museum,/ /,,Good,,,0,"Lockwood, Luke Vincent",,0,0,,1921,,,0,Vol 2,,0,,,,,/ /,/ / : : AM,,,8: Communication Artifact,LIBRARY Case 7 Row 6,0,,/ /,,,,0,,/ /,,,,0,0,,,,/ /,,0,,,,,,,0,,2010-09-05 00:00:00,,,OHM B 4090,book,,,,,,Documentary Artifact,,,,,Charles Scribner's Sons,,New York,,,,,,,,,,,Shelf,,/ /,,,,,/ /,,,,,Colonial Furniture in America,,,,,,,,,,,,0,0,0,0,0,/ /,/ /,,/ /,,,,,,,,,,2010-09-12 12:48:00,Unknown,/ /,.F.
OHM B 4091,0,,,,,,kmj,2010-09-12 00:00:00,,Osborne Homestead Museum,/ /,,Good,,,0,"Cooper, C S and Westell W Percival",,0,0,,1909,,,0,Vol 1,,0,,,,,/ /,/ / : : AM,,,8: Communication Artifact,LIBRARY Case 7 Row 6,0,,/ /,,,,0,,/ /,,,,0,0,,,,/ /,,0,,,,,,,0,,2010-09-05 00:00:00,,,OHM B 4091,book,,,,,,Documentary Artifact,,,,,J M Dent & Co,,London,,,,,,,,,,,Shelf,,/ /,,,,,/ /,,,,,Trees and Shrubs of the British Isles,,,,,,,,,,,,0,0,0,0,0,/ /,/ /,,/ /,,,,,,,,,,2010-09-12 12:53:00,Unknown,/ /,.F.
OHM B 4092,0,,,,,,kmj,2010-09-12 00:00:00,,Osborne Homestead Museum,/ /,,Good,,,0,"Cooper, C S and Westell W Percival",,0,0,,1909,,,0,Vol 2,,0,,,,,/ /,/ / : : AM,,,8: Communication Artifact,LIBRARY Case 7 Row 6,0,,/ /,,,,0,,/ /,,,,0,0,,,,/ /,,0,,,,,,,0,,2010-09-05 00:00:00,,,OHM B 4092,book,,,,,,Documentary Artifact,,,,,J M Dent & Co,,London,,,,,,,,,,,Shelf,,/ /,,,,,/ /,,,,,Trees and Shrubs of the British Isles,,,,,,,,,,,,0,0,0,0,0,/ /,/ /,,/ /,,,,,,,,,,2010-09-12 12:54:00,Unknown,/ /,.F.
OHM B 4080,0,,,,,,kmj,2010-09-12 00:00:00,,Osborne Homestead Museum,/ /,,Good,,,0,"Hodgson, Mrs Willoughby",,0,0,,1913,,,0,,,0,,,,,/ /,/ / : : AM,,,8: Communication Artifact,LIBRARY Case 7 Row 6,0,,/ /,,,,0,,/ /,,,,0,0,,,,/ /,,0,,,,,,,0,,2010-09-05 00:00:00,,,OHM B 4080,book,,,,,,Documentary Artifact,,,,,George Bell and Son,,London,,,,,,,,,,,Shelf,,/ /,,,,,/ /,,,,,Old English China,,,,,,,,,,,,0,0,0,0,0,/ /,/ /,,/ /,,,,,,,,,,2010-09-12 12:57:00,Unknown,/ /,.F.
OHM B 4071,0,,,,,,kmj,2010-09-12 00:00:00,,Osborne Homestead Museum,/ /,,Good,,,0,"Bottomly, William Lawrence et al",,0,0,,1933,,,0,,,0,,,,,/ /,/ / : : AM,,,8: Communication Artifact,LIBRARY Case 7 Row 6,0,,/ /,,,,0,,/ /,,,,0,0,,,,/ /,,0,,,,,,,0,,2010-09-05 00:00:00,,,OHM B 4071,book,,,,,,Documentary Artifact,,,,,Kalkhoff Press,,New York,,,,,,,,,,,Shelf,,/ /,,,,,/ /,,,,,Great Georgian Houses of America,,,,,,,,,,,,0,0,0,0,0,/ /,/ /,,/ /,,,,,,,,,,2010-09-12 13:13:00,Unknown,/ /,.F.
OHM B 4073,0,,,,,,kmj,2010-09-12 00:00:00,,Osborne Homestead Museum,/ /,,Good,,,0,"Dodgson, Campbell",,0,0,,1937,,,0,,,0,,,,,/ /,/ / : : AM,,,8: Communication Artifact,LIBRARY Case 7 Row 6,0,,/ /,,,,0,,/ /,,,,0,0,,,,/ /,,0,,,,,,,0,,2010-09-05 00:00:00,,,OHM B 4073,book,,,,,,Documentary Artifact,,,,,"Minton, Balch & Co",,New York,,,,,,,,,,,Shelf,,/ /,,,,,/ /,,,,,"Fine Prints of the Year: An Annual Review of Contemporary Etching, Engraving and Lithography",,,,,,,,,,,,0,0,0,0,0,/ /,/ /,,/ /,,,,,,,,,,2010-09-12 13:19:00,Unknown,/ /,.F.
OHM B 4074,0,,,,,,kmj,2010-09-12 00:00:00,,Osborne Homestead Museum,/ /,,Good,,,0,"Gibson, Frank",,0,0,,,,,0,,,0,,,,,/ /,/ / : : AM,,,8: Communication Artifact,LIBRARY Case 7 Row 6,0,,/ /,,,,0,,/ /,,,,0,0,,,,/ /,,0,,,,,,,0,,2010-09-05 00:00:00,,,OHM B 4074,book,,,,,,Documentary Artifact,,,,,"John Lane,The Bodley Head",,London,,,,,,,,,,,Shelf,,/ /,,,,,/ /,,,,,Charles Conder: His Life and Work,,,,,,,,,,,,0,0,0,0,0,/ /,/ /,,/ /,,,,,,,,,,2010-09-12 13:23:00,Unknown,/ /,.F.
OHM B 4075,0,,,,,,kmj,2010-09-12 00:00:00,,sborne Homestead Museum,/ /,,Good,,,0,"Housman, Laurence",,0,0,,1896,,,0,,,0,,,,,/ /,/ / : : AM,,,8: Communication Artifact,LIBRARY Case 7 Row 6,0,,/ /,,,,0,,/ /,,,,0,0,,,,/ /,,0,,,,,,,0,,2010-09-05 00:00:00,,,OHM B 4075,book,,,,,,Documentary Artifact,,,,,"Kegan Paul, Trench, Trubner & Co",,London,,,,,,,,,,,Shelf,,/ /,,,,,/ /,,,,,Arthur Boyd Houghton,,,,,,,,,,,,0,0,0,0,0,/ /,/ /,,/ /,,,,,,,,,,2010-09-12 13:27:00,Unknown,/ /,.F.
OHM B 4076,0,,,,,,kmj,2010-09-12 00:00:00,,sborne Homestead Museum,/ /,,Good,,,0,"Kent, Rockwell",,0,0,,1939,,,0,,,0,,,,,/ /,/ / : : AM,,,8: Communication Artifact,LIBRARY Case 7 Row 6,0,,/ /,,,,0,,/ /,,,,0,0,,,,/ /,,0,,,,,,,0,,2010-09-05 00:00:00,,,OHM B 4076,book,,,,,,Documentary Artifact,,,,,Wise & Co,,New York,,,,,,,,,,,Shelf,,/ /,,,,,/ /,,,,,World-Famous Paintings,,,,,,,,,,,,0,0,0,0,0,/ /,/ /,,/ /,,,,,,,,,,2010-09-12 13:30:00,Unknown,/ /,.F.
OHM B 4095,0,,,,,,kmj,2010-09-12 00:00:00,,Osborne Homestead Museum,/ /,,Good,,,0,"Downs, Joseph",,0,0,,1952,,,0,,,0,,,,,/ /,/ / : : AM,,,8: Communication Artifact,LIBRARY Case 7 Row 6,0,,/ /,,,,0,,/ /,,,,0,0,,,,/ /,,0,,,,,,,0,,2010-09-05 00:00:00,,,OHM B 4095,book,,,,,,Documentary Artifact,,,,,J M Dent & Co,,London,,,,,,,,,,,Shelf,,/ /,,,,,/ /,,,,,American Furniture: Queen Anne and Chippendale Periods,,,,,,,,,,,,0,0,0,0,0,/ /,/ /,,/ /,,,,,,,,,,2010-09-12 13:34:00,Unknown,/ /,.F.
OHM B 4087,0,,,,,,kmj,2010-09-18 00:00:00,,Osborne Homestead Museum,/ /,,Good,,,0,"Rinder, Frank",,0,0,,1908,,,0,,,0,,,,,/ /,/ / : : AM,,,8: Communication Artifact,LIBRARY Case 7 Row 6,0,,/ /,,,,0,,/ /,,,,0,0,,,,/ /,,0,,,,,,,0,,2010-09-05 00:00:00,,,OHM B 4087,book,,,,,,Documentary Artifact,,,,,Otto Schulze & Co,,Edinburgh,,,,,,,,,,,Shelf,,/ /,,,,,/ /,,,,,D.Y. Cameron's Etchings,,,,,,,,,,,,0,0,0,0,0,/ /,/ /,,/ /,,,,,,,,,,2010-09-19 12:27:00,Unknown,/ /,.F.
OHM B 4072,0,,,,,,kmj,2010-09-18 00:00:00,,Osborne Homestead Museum,/ /,,Good,,,0,"Goldscheider, Ludwig",,0,0,,1937,,,0,,,0,,,,,/ /,/ / : : AM,,,8: Communication Artifact,LIBRARY Case 7 Row 6,0,,/ /,,,,0,,/ /,,,,0,0,,,,/ /,,0,,,,,,,0,,2010-09-05 00:00:00,,,OHM B 4072,book,,,,,,Documentary Artifact,,,,,George Allen & Unwin LTD,,London,,,,,,,,,,,Shelf,,/ /,,,,,/ /,,,,,"Five Hundred Self-Portraits from Antique Times to the Present Day in Sculpture, Painting, Drawing and Engraving",,,,,,,,,,,,0,0,0,0,0,/ /,/ /,,/ /,,,,,,,,,,2010-09-19 12:31:00,Unknown,/ /,.F.
OHM B 4096,0,,,,,,kmj,2010-09-18 00:00:00,,Osborne Homestead Museum,/ /,,Good,,,0,"Noguchi, Yone",,0,0,,1934,,,0,,,0,,,,,/ /,/ / : : AM,,,8: Communication Artifact,LIBRARY Case 7 Row 6,0,,/ /,,,,0,,/ /,,,,0,0,,,,/ /,,0,,,,,,,0,,2010-09-05 00:00:00,,,OHM B 4096,book,,,,,,Documentary Artifact,,,,,"Kegan Paul, Trench, Trubner & Co",,London,,,,,,,,,,,Shelf,,/ /,,,,,/ /,,,,,Hiroshige,,,,,,,,,,,,0,0,0,0,0,/ /,/ /,,/ /,,,,,,,,,,2010-09-19 12:36:00,Unknown,/ /,.F.
OHM B 4097,0,,,,,,kmj,2010-09-18 00:00:00,,Osborne Homestead Museum,/ /,,Good,,,0,"Ledoux, Louis V",,0,0,,1938,,,0,,,0,,,,,/ /,/ / : : AM,,,8: Communication Artifact,LIBRARY Case 7 Row 6,0,,/ /,,,,0,,/ /,,,,0,0,,,,/ /,,0,,,,,,,0,,2010-09-05 00:00:00,,,OHM B 4097,book,,,,,,Documentary Artifact,,,,,Japan Society,,New York,,,,,,,,,,,Shelf,,/ /,,,,,/ /,,,,,"Essay on Japanese Prints, An",,,,,,,,,,,,0,0,0,0,0,/ /,/ /,,/ /,,,,,,,,,,2010-09-19 12:40:00,Unknown,/ /,.F.
OHM B 4098,0,,,,,,kmj,2010-09-18 00:00:00,,Osborne Homestead Museum,/ /,,Good,,,0,"Paine Jr, Robert T",,0,0,,1939,,,0,,,0,,,,,/ /,/ / : : AM,,,8: Communication Artifact,LIBRARY Case 7 Row 6,0,,/ /,,,,0,,/ /,,,,0,0,,,,/ /,,0,,,,,,,0,,2010-09-05 00:00:00,,,OHM B 4098,book,,,,,,Documentary Artifact,,,,,Japan Society,,New York,,,,,,,,,,,Shelf,,/ /,,,,,/ /,,,,,Ten Japanese Paintings in the Museum of Fine Arts Boston,,,,,,,,,,,,0,0,0,0,0,/ /,/ /,,/ /,,,,,,,,,,2010-09-19 12:43:00,Unknown,/ /,.F.
OHM B 4099,0,,,,,,kmj,2010-09-18 00:00:00,,Osborne Homestead Museum,/ /,,Good,,,0,"Bing, M. S.",,0,0,,1897,,,0,,,0,,,,,/ /,/ / : : AM,,,8: Communication Artifact,LIBRARY Case 7 Row 6,0,,/ /,,,,0,,/ /,,,French,0,0,,,,/ /,,0,,,,,,,0,,2010-09-05 00:00:00,,,OHM B 4099,book,,,,,,Documentary Artifact,,,,,May & Motteroz,,Paris,,,,,,,,,,,Shelf,,/ /,,Auction Cataogue,,,/ /,,,,,Collection des Goncourt: Arts dew l'Extreme-Orient,,,,,,,,,,,,0,0,0,0,0,/ /,/ /,,/ /,,,,,,,,,,2010-09-19 12:50:00,Unknown,/ /,.F.
OHM B 4100,0,,,,,,kmj,2010-09-18 00:00:00,,Osborne Homestead Museum,/ /,,Good,,,0,"Henderson, Harold G and Ledoux, Louis V",,0,0,,1939,,,0,,,0,,,,,/ /,/ / : : AM,,,8: Communication Artifact,LIBRARY Case 7 Row 6,0,,/ /,,,,0,,/ /,,,French,0,0,,,,/ /,,0,,,,,,,0,,2010-09-05 00:00:00,,,OHM B 4100,book,,,,,,Documentary Artifact,,,,,E. Weyhe,,New York,,,,,,,,,,,Shelf,,/ /,,,,,/ /,,,,,"Surviving Works of Sharaku, The",,,,,,,,,,,,0,0,0,0,0,/ /,/ /,,/ /,,,,,,,,,,2010-09-19 13:00:00,Unknown,/ /,.F.
OHM B 4081,0,,,,,,kmj,2010-09-18 00:00:00,,Osborne Homestead Museum,/ /,,Good,,,0,"Gookin, Frederick William",,0,0,,1913,,,0,,,0,,,,,/ /,/ / : : AM,,,8: Communication Artifact,LIBRARY Case 7 Row 6,0,,/ /,,,,0,,/ /,,,French,0,0,,,,/ /,,0,,,,,,,0,,2010-09-05 00:00:00,,,OHM B 4081,book,,,,,,Documentary Artifact,,,,,Japan Society,,New York,,,,,,,,,,,Shelf,,/ /,,,,,/ /,,,,,Japanese Colour-Prints and Their Designers,,,,,,,,,,,,0,0,0,0,0,/ /,/ /,,/ /,,,,,,,,,,2010-09-19 13:02:00,Unknown,/ /,.F.
OHM B 4069,0,,,,,,kmj,2010-09-18 00:00:00,,Osborne Homestead Museum,/ /,,Good,,,0,"Ledoux, Louis V",,0,0,,1942,,,0,,,0,,,,,/ /,/ / : : AM,,,8: Communication Artifact,LIBRARY Case 7 Row 6,0,,/ /,,,,0,,/ /,,,French,0,0,,,,/ /,,0,,,,,,,0,,2010-09-05 00:00:00,,,OHM B 4069,book,,,,,,Documentary Artifact,,,,,E Weyhe,,New York,,,,,,,,,,,Shelf,,/ /,,,,,/ /,,,,,Japanese Prints of the Primitive Period in the Collection of Louis V Ledoux,,,,,,,,,,,,0,0,0,0,0,/ /,/ /,,/ /,,,,,,,,,,2010-09-19 13:06:00,Unknown,/ /,.F.
OHM B 4070,0,,,,,,kmj,2010-09-18 00:00:00,,Osborne Homestead Museum,/ /,,Good,,,0,"Ledoux, Louis V",,0,0,,1948,,,0,,,0,,,,,/ /,/ / : : AM,,,8: Communication Artifact,LIBRARY Case 7 Row 6,0,,/ /,,,,0,,/ /,,,French,0,0,,,,/ /,,0,,,,,,,0,,2010-09-05 00:00:00,,,OHM B 4070,book,,,,,,Documentary Artifact,,,,,E Weyhe,,New York,,,,,,,,,,,Shelf,,/ /,,,,,/ /,,,,,Japanese Prints Buncho to Utamaro in the Collection of Louis V Ledoux,,,,,,,,,,,,0,0,0,0,0,/ /,/ /,,/ /,,,,,,,,,,2010-09-19 13:13:00,Unknown,/ /,.F.
OHM B 4101,0,,,,,,kmj,2010-09-05 00:00:00,,Osborne Homestead Museum,/ /,,Good,,,1,"Stewart, Basil",,0,0,,1922,,,0,,,0,,,,,/ /,/ / : : AM,,,8: Communication Artifact,LIBRARY Case 7 Row 6,0,,/ /,,,,0,,/ /,,,,0,0,,,,/ /,,0,,,,,,,0,,2010-09-05 00:00:00,,,OHM B 4101,book,,,,,,Documentary Artifact,,,,,E P Dutton & Co,,New York,,,,,,,,,,,Shelf,,/ /,,,,,/ /,,,,,Subjects Portayed in Japanese Colour-Prints,,,,,,,,,,,,0,0,0,0,0,/ /,/ /,,/ /,,,,,,,,,,2010-09-19 13:18:00,Unknown,/ /,.F.
OHM B 4102,0,,,,,,kmj,2010-09-05 00:00:00,,Osborne Homestead Museum,/ /,,Good,,,1,"Morrison, Arthur",,0,0,,1911,,,0,Vol 1,,0,,,,,/ /,/ / : : AM,,,8: Communication Artifact,LIBRARY Case 7 Row 6,0,,/ /,,,,0,,/ /,,,,0,0,,,,/ /,,0,,,,,,,0,,2010-09-05 00:00:00,,,OHM B 4102,book,,,,,,Documentary Artifact,,,,,T C & E C Jack,,London,,,,,,,,,,,Shelf,,/ /,,,,,/ /,,,,,"Painters of Japan, The",,,,,,,,,,,,0,0,0,0,0,/ /,/ /,,/ /,,,,,,,,,,2010-09-19 13:22:00,Unknown,/ /,.F.
OHM B 4103,0,,,,,,kmj,2010-09-05 00:00:00,,Osborne Homestead Museum,/ /,,Good,,,1,"Morrison, Arthur",,0,0,,1911,,,0,Vol 2,,0,,,,,/ /,/ / : : AM,,,8: Communication Artifact,LIBRARY Case 7 Row 6,0,,/ /,,,,0,,/ /,,,,0,0,,,,/ /,,0,,,,,,,0,,2010-09-05 00:00:00,,,OHM B 4103,book,,,,,,Documentary Artifact,,,,,T C & E C Jack,,London,,,,,,,,,,,Shelf,,/ /,,,,,/ /,,,,,"Painters of Japan, The",,,,,,,,,,,,0,0,0,0,0,/ /,/ /,,/ /,,,,,,,,,,2010-09-19 13:23:00,Unknown,/ /,.F.
OHM B 4104,0,,,,,,kmj,2010-09-19 00:00:00,,Osborne Homestead Museum,/ /,,Good,,,1,"Harrison, Frederic",,0,0,,1896,,,0,,,0,,,,,/ /,/ / : : AM,,,8: Communication Artifact,LIBRARY Case 6/Row 1,0,,/ /,,,,0,,/ /,,,,0,0,,,,/ /,,0,,,,,,,0,,2010-09-05 00:00:00,,,OHM B 4104,book,,,,,,Documentary Artifact,,,,,Macmillan & Co,,New York,,,,,,,,,,,Shelf,,/ /,,,,,/ /,,,,,Meaning of History and Other Historical Pieces,,,,,,,,,,,,0,0,0,0,0,/ /,/ /,,/ /,,,,,,,,,,2010-09-19 13:33:00,Unknown,/ /,.F.
OHM B 4105,0,,,,,,kmj,2010-09-19 00:00:00,,Osborne Homestead Museum,/ /,,Good,,,1,"Matthews, Brander",,0,0,,1896,,,0,,,0,,,,,/ /,/ / : : AM,,,8: Communication Artifact,LIBRARY Case 6/Row 1,0,,/ /,,,,0,,/ /,,,,0,0,,,,/ /,,0,,,,,,,0,,2010-09-05 00:00:00,,,OHM B 4105,book,,,,,,Documentary Artifact,,,,,Harper & Brothers,,New York,,,,,,,,,,,Shelf,,/ /,,,,,/ /,,,,,Tales of Fantasy and Fact,,,,,,,,,,,,0,0,0,0,0,/ /,/ /,,/ /,,,,,,,,,,2010-09-19 13:36:00,Unknown,/ /,.F.
OHM B 8401,0,,,,,,kmj,2010-09-19 00:00:00,,Osborne Homestead Museum,/ /,,Good,,,1,"Wilkins, Mary E",,0,0,,1887,,,0,,,0,,,,,/ /,/ / : : AM,,,8: Communication Artifact,LIBRARY Case 6/Row 1,0,,/ /,,,,0,,/ /,,,,0,0,,,,/ /,,0,,,,,,,0,,2010-09-05 00:00:00,,,OHM B 8401,book,,,,,,Documentary Artifact,,,,,Harper & Brothers,,New York,,,,,,,,,,,Shelf,,/ /,,,,,/ /,,,,,"Humble Romance, A",,,,,,,,,,,,0,0,0,0,0,/ /,/ /,,/ /,,,,,,,,,,2010-09-19 13:38:00,Unknown,/ /,.F.
OHM B 4106,0,,,,,,kmj,2010-09-19 00:00:00,,Osborne Homestead Museum,/ /,,Good,,,1,"Moore, George",,0,0,,1899,,,0,,,0,,,,,/ /,/ / : : AM,,,8: Communication Artifact,LIBRARY Case 6/Row 1,0,,/ /,,,,0,,/ /,,,,0,0,,,,/ /,,0,,,,,,,0,,2010-09-05 00:00:00,,,OHM B 4106,book,,,,,,Documentary Artifact,,,,,Herbert S Stone &Co,,Chicago/New York,,,,,,,,,,,Shelf,,/ /,,,,,/ /,,,,,Esther Waters,,,,,,,,,,,,0,0,0,0,0,/ /,/ /,,/ /,,,,,,,,,,2010-09-19 13:40:00,Unknown,/ /,.F.
OHM B 4107,0,,,,,,kmj,2010-09-19 00:00:00,,Osborne Homestead Museum,/ /,,Good,,,1,"Walker, Benj",,0,0,,1850,,,0,,,0,,,,,/ /,/ / : : AM,,,8: Communication Artifact,LIBRARY Case 6/Row 1,0,,/ /,,,,0,,/ /,,,,0,0,,,,/ /,,0,,,,,,,0,,2010-09-05 00:00:00,,,OHM B 4107,book,,,,,,Documentary Artifact,,,,,"Lippincott, Grambo & Co",,Chicago/New York,,,,,,,,,,,Shelf,,/ /,,,,,/ /,,,,,Life of Rear-Admiral John Paul Jones,,,,,,,,,,,,0,0,0,0,0,/ /,/ /,,/ /,,,,,,,,,,2010-09-19 13:46:00,Unknown,/ /,.F.
OHM B 4108,0,,,,,,kmj,2010-09-19 00:00:00,,Osborne Homestead Museum,/ /,,Good,,,1,"Jacobs, W W",,0,0,,1897,,,0,,,0,,,,,/ /,/ / : : AM,,,8: Communication Artifact,LIBRARY Case 6/Row 1,0,,/ /,,,,0,,/ /,,,,0,0,,,,/ /,,0,,,,,,,0,,2010-09-05 00:00:00,,,OHM B 4108,book,,,,,,Documentary Artifact,,,,,Frederick Stokes & Co,,New York,,,,,,,,,,,Shelf,,/ /,,,,,/ /,,,,,Many Cargoes,,,,,,,,,,,,0,0,0,0,0,/ /,/ /,,/ /,,,,,,,,,,2010-09-19 13:49:00,Unknown,/ /,.F.
OHM B 4109,0,,,,,,kmj,2010-09-19 00:00:00,,Osborne Homestead Museum,/ /,,Good,,,0,"Skeat, Rev Walter W",,0,0,,1901,,,0,,,0,,,,,/ /,/ / : : AM,,,8: Communication Artifact,LIBRARY Case 6/Row 1,0,,/ /,,,,0,,/ /,,,,0,0,,,,/ /,,0,,,,,,,0,,2010-09-05 00:00:00,,,OHM B 4109,book,,,,,,Documentary Artifact,,,,,Clarendon Press,,Oxford,,,,,,,,,,,Shelf,,/ /,,,,,/ /,,,,,Notes on English Etymology,,,,,,,,,,,,0,0,0,0,0,/ /,/ /,,/ /,,,,,,,,,,2010-09-19 13:52:00,Unknown,/ /,.F.
OHM B 4110,0,,,,,,kmj,2010-09-19 00:00:00,,Osborne Homestead Museum,/ /,,Good,,,0,"Riley, James Whitcomb",,0,0,,1886,,,0,,,0,,,,,/ /,/ / : : AM,,,8: Communication Artifact,LIBRARY Case 6/Row 1,0,,/ /,,,,0,,/ /,,,,0,0,,,,/ /,,0,,,,,,,0,,2010-09-05 00:00:00,,,OHM B 4110,book,,,,,,Documentary Artifact,,,,,Bowen-Merrill Co,,Indianapolis,,,,,,,,,,,Shelf,,/ /,,,,,/ /,,,,,"Boss Girl, The",,,,,,,,,,,,0,0,0,0,0,/ /,/ /,,/ /,,,,,,,,,,2010-09-19 13:55:00,Unknown,/ /,.F.
OHM B 4111,0,,,,,,kmj,2010-09-19 00:00:00,,Osborne Homestead Museum,/ /,,Good,,,0,"James, Henry",,0,0,,1905,,,0,,,0,,,,,/ /,/ / : : AM,,,8: Communication Artifact,LIBRARY Case 6/Row 1,0,,/ /,,,,0,,/ /,,,,0,0,,,,/ /,,0,,,,,,,0,,2010-09-05 00:00:00,,,OHM B 4111,book,,,,,,Documentary Artifact,,,,,Macmillan & Co,,New York,,,,,,,,,,,Shelf,,/ /,,,,,/ /,,,,,"Two Magics, The",,,,,,,,,,,,0,0,0,0,0,/ /,/ /,,/ /,,,,,,,,,,2010-09-19 13:57:00,Unknown,/ /,.F.
OHM B 4112,0,,,,,,kmj,2010-09-19 00:00:00,,Osborne Homestead Museum,/ /,,Good,,,0,"Bangs, John Kendrick",,0,0,,1893,,,0,,,0,,,,,/ /,/ / : : AM,,,8: Communication Artifact,LIBRARY Case 6/Row 1,0,,/ /,,,,0,,/ /,,,,0,0,,,,/ /,,0,,,,,,,0,,2010-09-05 00:00:00,,,OHM B 4112,book,,,,,,Documentary Artifact,,,,,R. H. Russell & Son,,New York,,,,,,,,,,,Shelf,,/ /,,,,,/ /,,,,,Half-Hours with Jimmieboy,,,,,,,,,,,,0,0,0,0,0,/ /,/ /,,/ /,,,,,,,,,,2010-09-19 14:05:00,Unknown,/ /,.F.
OHM B 4113,0,,,,,,kmj,2010-09-19 00:00:00,,Osborne Homestead Museum,/ /,,Good,,,0,"Frost, William Henry",,0,0,,1897,,,0,,,0,,,,,/ /,/ / : : AM,,,8: Communication Artifact,Rare Book Room,0,,/ /,,,,0,,/ /,,,,0,0,,,,/ /,,0,,,,,,,0,,2010-09-05 00:00:00,,,OHM B 4113,book,,,,,,Documentary Artifact,,,,,Charles Scribner's Sons,,New York,,,,,,,,,,,Shelf,,/ /,,First Edition Signed by author,,,/ /,,,,,Knights of the Round Table: Stories of King Arthur and the Holy Grail,,,,,,,,,,,,0,0,0,0,0,/ /,/ /,,/ /,,,,,,,,,,2010-09-19 14:11:00,Unknown,/ /,.F.
OHM B 4114,0,,,,,,kmj,2010-09-19 00:00:00,,Osborne Homestead Museum,/ /,,Good,,,0,"Stevenson, Robert Louis",,0,0,,1893,,,0,,,0,,,,,/ /,/ / : : AM,,,8: Communication Artifact,Rare Book Room,0,,/ /,,,,0,,/ /,,,,0,0,,,,/ /,,0,,,,,,,0,,2010-09-05 00:00:00,,,OHM B 4114,book,,,,,,Documentary Artifact,,,,,Charles Scribner's Sons,,New York,,,,,,,,,,,Shelf,,/ /,,First Edition Signed by author,,,/ /,,,,,David Balfour,,,,,,,,,,,,0,0,0,0,0,/ /,/ /,,/ /,,,,,,,,,,2010-09-19 14:14:00,Unknown,/ /,.F.
OHM B 4115,0,,,,,,kmj,2010-09-19 00:00:00,,Osborne Homestead Museum,/ /,,Good,,,0,"Godfrey, Elizabeth",,0,0,,1898,,,0,`,,0,,,,,/ /,/ / : : AM,,,8: Communication Artifact,LIBRARY Case 6/Row 1,0,,/ /,,,,0,,/ /,,,,0,0,,,,/ /,,0,,,,,,,0,,2010-09-05 00:00:00,,,OHM B 4115,book,,,,,,Documentary Artifact,,,,,Henry Holt & Co,,New York,,,,,,,,,,,Shelf,,/ /,,,,,/ /,,,,,Poor Human Nature,,,,,,,,,,,,0,0,0,0,0,/ /,/ /,,/ /,,,,,,,,,,2010-09-19 14:17:00,Unknown,/ /,.F.
OHM B 4116,0,,,,,,kmj,2010-09-19 00:00:00,,Osborne Homestead Museum,/ /,,Good,,,0,"Beers, Henry A",,0,0,,1895,,,0,`,,0,,,,,/ /,/ / : : AM,,,8: Communication Artifact,LIBRARY Case 6/Row 1,0,,/ /,,,,0,,/ /,,,,0,0,,,,/ /,,0,,,,,,,0,,2010-09-05 00:00:00,,,OHM B 4116,book,,,,,,Documentary Artifact,,,,,Flood and Vincent,,New York,,,,,,,,,,,Shelf,,/ /,,,,,/ /,,,,,Initial Studies in American Letters,,,,,,,,,,,,0,0,0,0,0,/ /,/ /,,/ /,,,,,,,,,,2010-09-19 14:20:00,Unknown,/ /,.F.
OHM B 4117,0,,,,,,kmj,2010-09-19 00:00:00,,Osborne Homestead Museum,/ /,,Good,,,0,"Whitney, William Dwight",,0,0,,1892,,,0,`,,0,,,,,/ /,/ / : : AM,,,8: Communication Artifact,LIBRARY Case 6/Row 1,0,,/ /,,,,0,,/ /,,,,0,0,,,,/ /,,0,,,,,,,0,,2010-09-05 00:00:00,,,OHM B 4117,book,,,,,,Documentary Artifact,,,,,D Appleton & Co,,New York,,,,,,,,,,,Shelf,,/ /,,,,,/ /,,,,,Life and Growth of Language: An Outline of Linguistic Science,,,,,,,,,,,,0,0,0,0,0,/ /,/ /,,/ /,,,,,,,,,,2010-09-19 14:23:00,Unknown,/ /,.F.
OHM B 4118,0,,,,,,kmj,2010-09-19 00:00:00,,Osborne Homestead Museum,/ /,,Good,,,1,"Krehbiel, Henry Edward",,0,0,,1905,,,0,,,0,,,,,/ /,/ / : : AM,,,8: Communication Artifact,LIBRARY Case 6 Row 1,0,,/ /,,,,0,,/ /,,,,0,0,,,,/ /,,0,,,,,,,0,,2009-08-28 00:00:00,,,OHM B 4118,book,,,,,,Documentary Artifact,,,,,B. W. Huebsch,,New York,,,,,,,,,,,Shelf,,/ /,,,,,/ /,,,,,"Mozart: The Man and the Artist, as Revealed in His Own Words",,,,,,,,,,,,0,0,0,0,0,/ /,/ /,,/ /,,,,,,,,,,2010-09-19 14:45:00,Unknown,/ /,.F.
OHM B 4119,0,,,,,,kmj,2010-09-19 00:00:00,,Osborne Homestead Museum,/ /,,Good,,,1,"Antsey, F",,0,0,,1897,,,0,,,0,,,,,/ /,/ / : : AM,,,8: Communication Artifact,LIBRARY Case 6 Row 1,0,,/ /,,,,0,,/ /,,,,0,0,,,,/ /,,0,,,,,,,0,,2009-08-28 00:00:00,,,OHM B 4119,book,,,,,,Documentary Artifact,,,,,D Appleton & Co,,New York,,,,,,,,,,,Shelf,,/ /,,,,,/ /,,,,,"Baboo Hurry Bungsho Jabberjee, B A",,,,,,,,,,,,0,0,0,0,0,/ /,/ /,,/ /,,,,,,,,,,2010-09-19 14:48:00,Unknown,/ /,.F.
OHM B 4033,0,,,,,,kmj,2010-09-26 00:00:00,,Osborne Homestead Museum,/ /,,Good,,,1,"Harris, Joel Chandler",,0,0,,1896,,,0,,,0,,,,,/ /,/ / : : AM,,,8: Communication Artifact,LIBRARY Case 6 Row 3,0,,/ /,,,,0,,/ /,,,,0,0,,,,/ /,,0,,,,,,,0,,2009-08-28 00:00:00,,,OHM B 4033,book,,,,,,Documentary Artifact,,,,,D Appleton & Co,,New York,,,,,,,,,,,Shelf,,/ /,,,,,/ /,,,,,Uncle Remus: His Songs and His Sayings,,,,,,,,,,,,0,0,0,0,0,/ /,/ /,,/ /,,,,,,,,,,2010-09-26 12:28:00,Unknown,/ /,.F.
OHM B 4031,0,,,,,,kmj,2010-09-26 00:00:00,,Osborne Homestead Museum,/ /,,Good,,,1,"James, Henry",,0,0,,1886,,,0,,,0,,,,,/ /,/ / : : AM,,,8: Communication Artifact,LIBRARY Case 6/Row 4,0,,/ /,,,,0,,/ /,,,,0,0,,,,/ /,,0,,,,,,,0,,2009-08-28 00:00:00,,,OHM B 4031,book,,,,,,Documentary Artifact,,,,,Macmillan & Co,,London,,,,,,,,,,,Shelf,,/ /,,,,,/ /,,,,,"Princess of Casamassima, The",,,,,,,,,,,,0,0,0,0,0,/ /,/ /,,/ /,,,,,,,,,,2010-09-26 13:01:00,Unknown,/ /,.F.
OHM B 4200,0,,,,,,kmj,2010-09-26 00:00:00,,Osborne Homestead Museum,/ /,,Good,,,1,"Reade, Charles and Boucicault, Dion",,0,0,,1898,,,0,,,0,,,,,/ /,/ / : : AM,,,8: Communication Artifact,LIBRARY Case 6/Row 4,0,,/ /,,,,0,,/ /,,,,0,0,,,,/ /,,0,,,,,,,0,,2009-08-28 00:00:00,,,OHM B 4200,book,,,,,,Documentary Artifact,,,,,Harper & Brothers,,New York,,,,,,,,,,,Shelf,,/ /,,,,,/ /,,,,,Foul Play,,,,,,,,,,,,0,0,0,0,0,/ /,/ /,,/ /,,,,,,,,,,2010-09-26 12:59:00,Unknown,/ /,.F.
OHM B 4201,0,,,,,,kmj,2010-09-26 00:00:00,,Osborne Homestead Museum,/ /,,Good,,,1,"Kingsley, Charles",,0,0,,1862,,,0,,,0,,,,,/ /,/ / : : AM,,,8: Communication Artifact,LIBRARY Case 6/Row 4,0,,/ /,,,,0,,/ /,,,,0,0,,,,/ /,,0,,,,,,,0,,2009-08-28 00:00:00,,,OHM B 4201,book,,,,,,Documentary Artifact,,,,,Crosby and Nichols,,Boston,,,,,,,,,,,Shelf,,/ /,,,,,/ /,,,,,Hypatia: or New Foes with an Old Face,,,,,,,,,,,,0,0,0,0,0,/ /,/ /,,/ /,,,,,,,,,,2010-09-26 12:59:00,Unknown,/ /,.F.
OHM B 4202,0,,,,,,kmj,2010-09-26 00:00:00,,Osborne Homestead Museum,/ /,,Good,,,1,"Sedgwick, C M, et al",,0,0,,1856,,,0,,,0,,,,,/ /,/ / : : AM,,,8: Communication Artifact,LIBRARY Case 6/Row 4,0,,/ /,,,,0,,/ /,,,,0,0,,,,/ /,,0,,,,,,,0,,2009-08-28 00:00:00,,,OHM B 4202,book,,,,,,Documentary Artifact,,,,,Harper & Brothers,,New York,,,,,`,,,,,,Shelf,,/ /,,,,,/ /,,,,,Tales of Glauber-Spa,,,,,,,,,,,,0,0,0,0,0,/ /,/ /,,/ /,,,,,,,,,,2010-09-26 12:58:00,Unknown,/ /,.F.
OHM B 4203,0,,,,,,kmj,2010-09-26 00:00:00,,Osborne Homestead Museum,/ /,,Good,,,1,"Dana Jr, R H",,0,0,,,,,0,,,0,,,,,/ /,/ / : : AM,,,8: Communication Artifact,LIBRARY Case 6/Row 4,0,,/ /,,,,0,,/ /,,,,0,0,,,,/ /,,0,,,,,,,0,,2009-08-28 00:00:00,,,OHM B 4203,book,,,,,,Documentary Artifact,,,,,A L Burt,,New York,,,,,`,,,,,,Shelf,,/ /,,,,,/ /,,,,,Two Years Before the Mast: A Personal Narrative of Life at Sea,,,,,,,,,,,,0,0,0,0,0,/ /,/ /,,/ /,,,,,,,,,,2010-09-26 12:58:00,Unknown,/ /,.F.
OHM B 4204,0,,,,,,kmj,2010-09-26 00:00:00,,Osborne Homestead Museum,/ /,,Good,,,1,"Fortescue, Lady",,0,0,,1950,,,0,,,0,,,,,/ /,/ / : : AM,,,8: Communication Artifact,LIBRARY Case 6/Row 4,0,,/ /,,,,0,,/ /,,,,0,0,,,,/ /,,0,,,,,,,0,,2009-08-28 00:00:00,,,OHM B 4204,book,,,,,,Documentary Artifact,,,,,William Blackwood & Sons,,Edinburgh/London,,,,,`,,,,,,Shelf,,/ /,,,,,/ /,,,,,Perfume from Provence,,,,,,,,,,,,0,0,0,0,0,/ /,/ /,,/ /,,,,,,,,,,2010-09-26 12:58:00,Unknown,/ /,.F.
OHM B 4060,0,,,,,,kmj,2010-09-26 00:00:00,,Osborne Homestead Museum,/ /,,Good,,,1,"Lodge, Sir Oliver",,0,0,,1929,,,0,,,0,,,,,/ /,/ / : : AM,,,8: Communication Artifact,LIBRARY Case 6/Row 4,0,,/ /,,,,0,,/ /,,,,0,0,,,,/ /,,0,,,,,,,0,,2009-08-28 00:00:00,,,OHM B 4060,book,,,,,,Documentary Artifact,,,,,"Doubleday, Doran & Co",,New York,,,,,`,,,,,,Shelf,,/ /,,,,,/ /,,,,,Why I Believe in Personal Immortality,,,,,,,,,,,,0,0,0,0,0,/ /,/ /,,/ /,,,,,,,,,,2010-09-26 13:00:00,Unknown,/ /,.F.
OHM B 4205,0,,,,,,kmj,2010-09-26 00:00:00,,Osborne Homestead Museum,/ /,,Good,,,1,"Porter, Jane",,0,0,,1856,,,0,,,0,,,,,/ /,/ / : : AM,,,8: Communication Artifact,LIBRARY Case 6/Row 4,0,,/ /,,,,0,,/ /,,,,0,0,,,,/ /,,0,,,,,,,0,,2009-08-28 00:00:00,,,OHM B 4205,book,,,,,,Documentary Artifact,,,,,Derby & Jackson,,New York,,,,,`,,,,,,Shelf,,/ /,,,,,/ /,,,,,Thaddeus of Warsaw,,,,,,,,,,,,0,0,0,0,0,/ /,/ /,,/ /,,,,,,,,,,2010-09-26 12:55:00,Unknown,/ /,.F.
OHM B 4206,0,,,,,,kmj,2010-09-26 00:00:00,,Osborne Homestead Museum,/ /,,Good,,,1,"Barrie, J M",,0,0,,,,,0,,,0,,,,,/ /,/ / : : AM,,,8: Communication Artifact,LIBRARY Case 6/Row 4,0,,/ /,,,,0,,/ /,,,,0,0,,,,/ /,,0,,,,,,,0,,2009-08-28 00:00:00,,,OHM B 4206,book,,,,,,Documentary Artifact,,,,,International Book Company,,New York,,,,,`,,,,,,Shelf,,/ /,,,,,/ /,,,,,"Tillyloss Scandal, A",,,,,,,,,,,,0,0,0,0,0,/ /,/ /,,/ /,,,,,,,,,,2010-09-26 12:57:00,Unknown,/ /,.F.
OHM B 4207,0,,,,,,kmj,2010-09-26 00:00:00,,Osborne Homestead Museum,/ /,,Good,,,1,"Maclaren, Ian",,0,0,,1895,,,0,,,0,,,,,/ /,/ / : : AM,,,8: Communication Artifact,LIBRARY Case 6/Row 4,0,,/ /,,,,0,,/ /,,,,0,0,,,,/ /,,0,,,,,,,0,,2009-08-28 00:00:00,,,OHM B 4207,book,,,,,,Documentary Artifact,,,,,"Dodd, Mead and Company",,New York,,,,,,,,,,,Shelf,,/ /,,,,,/ /,,,,,Beside the Bonnie Brier Bush,,,,,,,,,,,,0,0,0,0,0,/ /,/ /,,/ /,,,,,,,,,,2010-09-26 13:04:00,Unknown,/ /,.F.
OHM B 4208,0,,,,,,kmj,2010-09-26 00:00:00,,Osborne Homestead Museum,/ /,,Good,,,1,"Davies, Randall",,0,0,,1923,,,0,,,0,,,,,/ /,/ / : : AM,,,8: Communication Artifact,LIBRARY Case 6/Row 4,0,,/ /,,,,0,,/ /,,,,0,0,,,,/ /,,0,,,,,,,0,,2009-08-28 00:00:00,,,OHM B 4208,book,,,,,,Documentary Artifact,,,,,Frederick A Stokes Company,,New York,,,,,,,,,,,Shelf,,/ /,,,,,/ /,,,,,Chats on Old English Drawings,,,,,,,,,,,,0,0,0,0,0,/ /,/ /,,/ /,,,,,,,,,,2010-09-26 13:06:00,Unknown,/ /,.F.
OHM B 4209,0,,,,,,kmj,2010-09-26 00:00:00,,Osborne Homestead Museum,/ /,,Good,,,1,"Bunner, H C",,0,0,,1897,,,0,,,0,,,,,/ /,/ / : : AM,,,8: Communication Artifact,LIBRARY Case 6/Row 4,0,,/ /,,,,0,,/ /,,,,0,0,,,,/ /,,0,,,,,,,0,,2009-08-28 00:00:00,,,OHM B 4209,book,,,,,,Documentary Artifact,,,,,Charles Scribner's Sons,,New York,,,,,,,,,,,Shelf,,/ /,,,,,/ /,,,,,Love in Old Clothes and Other Stories,,,,,,,,,,,,0,0,0,0,0,/ /,/ /,,/ /,,,,,,,,,,2010-09-26 13:10:00,Unknown,/ /,.F.
OHM B 4210,0,,,,,,kmj,2010-09-26 00:00:00,,Osborne Homestead Museum,/ /,,Good,,,1,"Lockhart, J G",,0,0,,,,,0,Vol 1,,0,,,,,/ /,/ / : : AM,,,8: Communication Artifact,LIBRARY Case 6/Row 4,0,,/ /,,,,0,,/ /,,,,0,0,,,,/ /,,0,,,,,,,0,,2009-08-28 00:00:00,,,OHM B 4210,book,,,,,,Documentary Artifact,,,,,Thomas Y Crowell & Company,,New York,,,,,,,,,,,Shelf,,/ /,,,,,/ /,,,,,Life of Sir Walter Scott,,,,,,,,,,,,0,0,0,0,0,/ /,/ /,,/ /,,,,,,,,,,2010-09-26 13:13:00,Unknown,/ /,.F.
OHM B 4211,0,,,,,,kmj,2010-09-26 00:00:00,,Osborne Homestead Museum,/ /,,Good,,,1,"Lockhart, J G",,0,0,,,,,0,Vol 2,,0,,,,,/ /,/ / : : AM,,,8: Communication Artifact,LIBRARY Case 6/Row 4,0,,/ /,,,,0,,/ /,,,,0,0,,,,/ /,,0,,,,,,,0,,2009-08-28 00:00:00,,,OHM B 4211,book,,,,,,Documentary Artifact,,,,,Thomas Y Crowell & Company,,New York,,,,,,,,,,,Shelf,,/ /,,,,,/ /,,,,,Life of Sir Walter Scott,,,,,,,,,,,,0,0,0,0,0,/ /,/ /,,/ /,,,,,,,,,,2010-09-26 13:14:00,Unknown,/ /,.F.
OHM B 1880,0,,,,,,kmj,2010-09-26 00:00:00,,Osborne Homestead Museum,/ /,,Good,,,1,"Muller, Max",,0,0,,1890,,,0,Vol 2,,0,,,,,/ /,/ / : : AM,,,8: Communication Artifact,LIBRARY Case 6/Row 5,0,,/ /,,,,0,,/ /,,,,0,0,,,,/ /,,0,,,,,,,0,,2009-08-28 00:00:00,,,OHM B 1880,book,,,,,,Documentary Artifact,,,,,Charles Scribner's Sons,,New York,,,,,,,,,,,Shelf,,/ /,,,,,/ /,,,,,Lectures on Science of Language,,,,,,,,,,,,0,0,0,0,0,/ /,/ /,,/ /,,,,,,,,,,2010-09-26 13:26:00,Unknown,/ /,.F.
OHM B 4030,0,,,,,,kmj,2010-09-26 00:00:00,,Osborne Homestead Museum,/ /,,Good,,,1,"Hearn, Lafcadio",,0,0,,1895,,,0,,,0,,,,,/ /,/ / : : AM,,,8: Communication Artifact,LIBRARY Case 6/Row 5,0,,/ /,,,,0,,/ /,,,,0,0,,,,/ /,,0,,,,,,,0,,2009-08-28 00:00:00,,,OHM B 4030,book,,,,,,Documentary Artifact,,,,,Houghton Mifflin & Co,,Boston/New York,,,,,,,,,,,Shelf,,/ /,,,,,/ /,,,,,Out of the East: Reveries and Studies in New Japan,,,,,,,,,,,,0,0,0,0,0,/ /,/ /,,/ /,,,,,,,,,,2010-09-26 13:29:00,Unknown,/ /,.F.
OHM B 4212,0,,,,,,kmj,2010-09-26 00:00:00,,Osborne Homestead Museum,/ /,,Good,,,1,"Hearn, Lafcadio",,0,0,,1890,,,0,,,0,,,,,/ /,/ / : : AM,,,8: Communication Artifact,LIBRARY Case 6/Row 5,0,,/ /,,,,0,,/ /,,,,0,0,,,,/ /,,0,,,,,,,0,,2009-08-28 00:00:00,,,OHM B 4212,book,,,,,,Documentary Artifact,,,,,Harper & Brothers,,New York,,,,,,,,,,,Shelf,,/ /,,,,,/ /,,,,,Youma: The Story of a West-Indian Slave,,,,,,,,,,,,0,0,0,0,0,/ /,/ /,,/ /,,,,,,,,,,2010-09-26 13:31:00,Unknown,/ /,.F.
OHM B 4213,0,,,,,,kmj,2010-09-26 00:00:00,,Osborne Homestead Museum,/ /,,Good,"Tucked in front cover, an essay by Carolyn Wells, ""The Sense of Nonsense""",,2,"Cable, George",,0,0,,1897,,,0,,,0,,,,,/ /,/ / : : AM,,,8: Communication Artifact,LIBRARY Case 6 Row 5,0,,/ /,,,,0,,/ /,,,,0,0,,,,/ /,,0,,,,,,,0,,2001-11-01 00:00:00,,"Not found on paper, typed book inventory",OHM B 4213,book,,,,,,Documentary Artifact,,,,,SCRIBNER,,NEW YORK,,,,,,,,,,H,Shelf,,/ /,,NOVEL,,,/ /,,,,,Old Creole Days,,,,,,,,,,,,0,0,0,0,0,/ /,/ /,,/ /,,,,,,,,,,2010-09-26 13:36:00,Unknown,/ /,.F.
OHM B 4214,0,,,,,,kmj,2010-09-26 00:00:00,,Osborne Homestead Museum,/ /,,Good,"Tucked in front cover, an essay by Carolyn Wells, ""The Sense of Nonsense""",,2,"Winslow, Anne Goodwin",,0,0,,1949,,,0,,,0,,,,,/ /,/ / : : AM,,,8: Communication Artifact,LIBRARY Case 6 Row 5,0,,/ /,,,,0,,/ /,,,,0,0,,,,/ /,,0,,,,,,,0,,2001-11-01 00:00:00,,"Not found on paper, typed book inventory",OHM B 4214,book,,,,,,Documentary Artifact,,,,,Alfred A Knopf,,NEW YORK,,,,,,,,,,H,Shelf,,/ /,,,,,/ /,,,,,"Springs, The",,,,,,,,,,,,0,0,0,0,0,/ /,/ /,,/ /,,,,,,,,,,2010-09-26 13:39:00,Unknown,/ /,.F.
OHM B 4215,0,,,,,,kmj,2010-09-26 00:00:00,,Osborne Homestead Museum,/ /,,Good,"Tucked in front cover, an essay by Carolyn Wells, ""The Sense of Nonsense""",,2,"Sidney, Sir Philip",,0,0,,1888,,,0,,,0,,,,,/ /,/ / : : AM,,,8: Communication Artifact,LIBRARY Case 6 Row 5,0,,/ /,,,,0,,/ /,,,,0,0,,,,/ /,,0,,,,,,,0,,2001-11-01 00:00:00,,"Not found on paper, typed book inventory",OHM B 4215,book,,,,,,Documentary Artifact,,,,,A C McClurg & Co,,Chicago,,,,,,,,,,H,Shelf,,/ /,,,,,/ /,,,,,Astrophel & Stella,,,,,,,,,,,,0,0,0,0,0,/ /,/ /,,/ /,,,,,,,,,,2010-09-26 13:42:00,Unknown,/ /,.F.
OHM B 4216,0,,,,,,kmj,2010-09-26 00:00:00,,Osborne Homestead Museum,/ /,,Good,"Tucked in front cover, an essay by Carolyn Wells, ""The Sense of Nonsense""",,2,"Du Maurier, Daphne",,0,0,,1948,,,0,,,0,,,,,/ /,/ / : : AM,,,8: Communication Artifact,LIBRARY Case 6 Row 5,0,,/ /,,,,0,,/ /,,,,0,0,,,,/ /,,0,,,,,,,0,,2001-11-01 00:00:00,,"Not found on paper, typed book inventory",OHM B 4216,book,,,,,,Documentary Artifact,,,,,Victor Gollancz LTD,,London,,,,,,,,,,H,Shelf,,/ /,,,,,/ /,,,,,Hungry Hill,,,,,,,,,,,,0,0,0,0,0,/ /,/ /,,/ /,,,,,,,,,,2010-09-26 13:45:00,Unknown,/ /,.F.
OHM B 4217,0,,,,,,kmj,2010-09-26 00:00:00,,Osborne Homestead Museum,/ /,,Good,"Tucked in front cover, an essay by Carolyn Wells, ""The Sense of Nonsense""",,2,"Longfellow, Henry Wadsworth",,0,0,,1863,,,0,,,0,,,,,/ /,/ / : : AM,,,8: Communication Artifact,LIBRARY Case 6 Row 5,0,,/ /,,,,0,,/ /,,,,0,0,,,,/ /,,0,,,,,,,0,,2001-11-01 00:00:00,,"Not found on paper, typed book inventory",OHM B 4217,book,,,,,,Documentary Artifact,,,,,Thicknor and Fields,,Boston,,,,,,,,,,,Shelf,,/ /,,,,,/ /,,,,,Tales of a Wayside Inn,,,,,,,,,,,,0,0,0,0,0,/ /,/ /,,/ /,,,,,,,,,,2010-09-26 13:48:00,Unknown,/ /,.F.
OHM B 4218,0,,,,,,kmj,2010-09-26 00:00:00,,Osborne Homestead Museum,/ /,,Good,"Tucked in front cover, an essay by Carolyn Wells, ""The Sense of Nonsense""",,2,Unknown,,0,0,,1845,,,0,,,0,,,,,/ /,/ / : : AM,,,8: Communication Artifact,LIBRARY Case 6 Row 5,0,,/ /,,,,0,,/ /,,,,0,0,,,,/ /,,0,,,,,,,0,,2001-11-01 00:00:00,,"Not found on paper, typed book inventory",OHM B 4218,book,,,,,,Documentary Artifact,,,,,Wiley and Putnam,,New York,,,,,,,,,,,Shelf,,/ /,,,,,/ /,,,,,Wigwam and the Cabin,,,,,,,,,,,,0,0,0,0,0,/ /,/ /,,/ /,,,,,,,,,,2010-09-26 13:53:00,Unknown,/ /,.F.
OHM B 4219,0,,,,,,kmj,2010-09-26 00:00:00,,Osborne Homestead Museum,/ /,,Good,"Tucked in front cover, an essay by Carolyn Wells, ""The Sense of Nonsense""",,2,"Antsey, F",,0,0,,1896,,,0,,,0,,,,,/ /,/ / : : AM,,,8: Communication Artifact,LIBRARY Case 6 Row 5,0,,/ /,,,,0,,/ /,,,,0,0,,,,/ /,,0,,,,,,,0,,2001-11-01 00:00:00,,"Not found on paper, typed book inventory",OHM B 4219,book,,,,,,Documentary Artifact,,,,,Macmillan & Co,,New York,,,,,,,,,,,Shelf,,/ /,,,,,/ /,,,,,Lyre and Lancet,,,,,,,,,,,,0,0,0,0,0,/ /,/ /,,/ /,,,,,,,,,,2010-09-26 13:55:00,Unknown,/ /,.F.
OHM B 4220,0,,,,,,kmj,2010-09-26 00:00:00,,Osborne Homestead Museum,/ /,,Good,"Tucked in front cover, an essay by Carolyn Wells, ""The Sense of Nonsense""",,0,"Johnson, Charles F",,0,0,,1891,,,0,,,0,,,,,/ /,/ / : : AM,,,8: Communication Artifact,LIBRARY Case 6 Row 5,0,,/ /,,,,0,,/ /,,,,0,0,,,,/ /,,0,,,,,,,0,,2001-11-01 00:00:00,,"Not found on paper, typed book inventory",OHM B 4220,book,,,,,,Documentary Artifact,,,,,Harper & Brothers,,New York,,,,,,,,,,,Shelf,,/ /,,,,,/ /,,,,,English Words: an Elementary Study of Derivations,,,,,,,,,,,,0,0,0,0,0,/ /,/ /,,/ /,,,,,,,,,,2010-09-26 14:01:00,Unknown,/ /,.F.
OHM B 4221,0,,,,,,kmj,2010-09-26 00:00:00,,Osborne Homestead Museum,/ /,,Good,"Tucked in front cover, an essay by Carolyn Wells, ""The Sense of Nonsense""",,2,"Sand, George",,0,0,,1894,,,0,,,0,,,,,/ /,/ / : : AM,,,8: Communication Artifact,LIBRARY Case 6 Row 5,0,,/ /,,,,0,,/ /,,,,0,0,,,,/ /,,0,,,,,,,0,,2001-11-01 00:00:00,,"Not found on paper, typed book inventory",OHM B 4221,book,,,,,,Documentary Artifact,,,,,"Little, Brown & Co",,Boston,,,,,,,,,,,Shelf,,/ /,,`,,,/ /,,,,,"Devil's Pool, The",,,,,,,,,,,,0,0,0,0,0,/ /,/ /,,/ /,,,,,,,,,,2010-09-26 14:01:00,Unknown,/ /,.F.
OHM B 4222,0,,,,,,kmj,2010-09-26 00:00:00,,Osborne Homestead Museum,/ /,,Good,"Tucked in front cover, an essay by Carolyn Wells, ""The Sense of Nonsense""",,0,"Antsey, F",,0,0,,1892,,,0,,,0,,,,,/ /,/ / : : AM,,,8: Communication Artifact,LIBRARY Case 6 Row 6,0,,/ /,,,,0,,/ /,,,,0,0,,,,/ /,,0,,,,,,,0,,2001-11-01 00:00:00,,"Not found on paper, typed book inventory",OHM B 4222,book,,,,,,Documentary Artifact,,,,,"Longmans, Green & Co",,New York,,,,,,,,,,,Shelf,,/ /,,,,,/ /,,,,,Voces Populi,,,,,,,,,,,,0,0,0,0,0,/ /,/ /,,/ /,,,,,,,,,,2010-09-26 14:10:00,Unknown,/ /,.F.
OHM B 4223,0,,,,,,kmj,2010-09-26 00:00:00,,Osborne Homestead Museum,/ /,,Good,"Tucked in front cover, an essay by Carolyn Wells, ""The Sense of Nonsense""",,0,"Auchincloss, Louis",,0,0,,1964,,,0,,,0,,,,,/ /,/ / : : AM,,,8: Communication Artifact,LIBRARY Case 6 Row 6,0,,/ /,,,,0,,/ /,,,,0,0,,,,/ /,,0,,,,,,,0,,2001-11-01 00:00:00,,"Not found on paper, typed book inventory",OHM B 4223,book,,,,,,Documentary Artifact,,,,,Houghton Mifflin & Co,,New York,,,,,,,,,,,Shelf,,/ /,,,,,/ /,,,,,"Rector of Justin, The",,,,,,,,,,,,0,0,0,0,0,/ /,/ /,,/ /,,,,,,,,,,2010-09-26 14:14:00,Unknown,/ /,.F.
OHM B 4224,0,,,,,,kmj,2010-09-26 00:00:00,,Osborne Homestead Museum,/ /,,Good,"Tucked in front cover, an essay by Carolyn Wells, ""The Sense of Nonsense""",,0,"Bristow, Gwen",,0,0,,1950,,,0,,,0,,,,,/ /,/ / : : AM,,,8: Communication Artifact,LIBRARY Case 6 Row 6,0,,/ /,,,,0,,/ /,,,,0,0,,,,/ /,,0,,,,,,,0,,2001-11-01 00:00:00,,"Not found on paper, typed book inventory",OHM B 4224,book,,,,,,Documentary Artifact,,,,,Thomas Y Crowell Company,,New York,,,,,,,,,,,Shelf,,/ /,,,,,/ /,,,,,Jubilee Trail,,,,,,,,,,,,0,0,0,0,0,/ /,/ /,,/ /,,,,,,,,,,2010-09-26 14:16:00,Unknown,/ /,.F.
OHM B 4225,0,,,,,,kmj,2010-09-26 00:00:00,,Osborne Homestead Museum,/ /,,Good,"Tucked in front cover, an essay by Carolyn Wells, ""The Sense of Nonsense""",,0,"Dick, James C",,0,0,,1903,,,0,,,0,,,,,/ /,/ / : : AM,,,8: Communication Artifact,LIBRARY Case 6 Row 6,0,,/ /,,,,0,,/ /,,,,0,0,,,,/ /,,0,,,,,,,0,,2001-11-01 00:00:00,,"Not found on paper, typed book inventory",OHM B 4225,book,,,,,,Documentary Artifact,,,,,"Frowde, Henry",,London,,,,,,,,,,,Shelf,,/ /,,,,,/ /,,,,,"Songs of Robert Burns, The",,,,,,,,,,,,0,0,0,0,0,/ /,/ /,,/ /,,,,,,,,,,2010-09-26 14:20:00,Unknown,/ /,.F.
OHM B 4226,0,,,,,,kmj,2010-09-26 00:00:00,,Osborne Homestead Museum,/ /,,Good,"Tucked in front cover, an essay by Carolyn Wells, ""The Sense of Nonsense""",,0,"Douglas, Robert W",,0,0,,1901,,,0,,,0,,,,,/ /,/ / : : AM,,,8: Communication Artifact,LIBRARY Case 6 Row 6,0,,/ /,,,,0,,/ /,,,,0,0,,,,/ /,,0,,,,,,,0,,2001-11-01 00:00:00,,"Not found on paper, typed book inventory",OHM B 4226,book,,,,,,Documentary Artifact,,,,,New Amsterdam Book Company,,New York,,,,,,,,,,,Shelf,,/ /,,,,,/ /,,,,,Love Songs of Scotland,,,,,,,,,,,,0,0,0,0,0,/ /,/ /,,/ /,,,,,,,,,,2010-09-26 14:24:00,Unknown,/ /,.F.
OHM B 4227,0,,,,,,kmj,2010-09-26 00:00:00,,Osborne Homestead Museum,/ /,,Good,"Tucked in front cover, an essay by Carolyn Wells, ""The Sense of Nonsense""",,0,"Mayor, Joseph B",,0,0,,1901,,,0,,,0,,,,,/ /,/ / : : AM,,,8: Communication Artifact,LIBRARY Case 6 Row 6,0,,/ /,,,,0,,/ /,,,,0,0,,,,/ /,,0,,,,,,,0,,2001-11-01 00:00:00,,"Not found on paper, typed book inventory",OHM B 4227,book,,,,,,Documentary Artifact,,,,,Cambridge University Press,,Cambridge,,,,,,,,,,,Shelf,,/ /,,,,,/ /,,,,,Chapters on English Metre,,,,,,,,,,,,0,0,0,0,0,/ /,/ /,,/ /,,,,,,,,,,2010-09-26 14:27:00,Unknown,/ /,.F.
OHM B 4228,0,,,,,,kmj,2010-09-26 00:00:00,,Osborne Homestead Museum,/ /,,Good,"Tucked in front cover, an essay by Carolyn Wells, ""The Sense of Nonsense""",,0,"Morrison, Mary J",,0,0,,1884,,,0,,,0,,,,,/ /,/ / : : AM,,,8: Communication Artifact,LIBRARY Case 6 Row 6,0,,/ /,,,,0,,/ /,,,,0,0,,,,/ /,,0,,,,,,,0,,2001-11-01 00:00:00,,"Not found on paper, typed book inventory",OHM B 4228,book,,,,,,Documentary Artifact,,,,,G P Putnam's Sons,,New York,,,,,,,,,,,Shelf,,/ /,,,,,/ /,,,,,Songs and Rhymes for the Little Ones,,,,,,,,,,,,0,0,0,0,0,/ /,/ /,,/ /,,,,,,,,,,2010-09-26 14:30:00,Unknown,/ /,.F.
OHM B 4229,0,,,,,,kmj,2010-09-26 00:00:00,,Osborne Homestead Museum,/ /,,Good,"Tucked in front cover, an essay by Carolyn Wells, ""The Sense of Nonsense""",,0,"Edgeworth, Maria",,0,0,,1895,,,0,,,0,,,,,/ /,/ / : : AM,,,8: Communication Artifact,LIBRARY Case 6 Row 6,0,,/ /,,,,0,,/ /,,,,0,0,,,,/ /,,0,,,,,,,0,,2001-11-01 00:00:00,,"Not found on paper, typed book inventory",OHM B 4229,book,,,,,,Documentary Artifact,,,,,Macmillan & Co,,New York,,,,,,,,,,,Shelf,,/ /,,,,,/ /,,,,,Castle Rackrent and the Absentee,,,,,,,,,,,,0,0,0,0,0,/ /,/ /,,/ /,,,,,,,,,,2010-09-26 14:33:00,Unknown,/ /,.F.
OHM B 4230,0,,,,,,kmj,2010-09-26 00:00:00,,Osborne Homestead Museum,/ /,,Good,"Tucked in front cover, an essay by Carolyn Wells, ""The Sense of Nonsense""",,0,"Cooper, J Fenimore",,0,0,,1856,,,0,,,0,,,,,/ /,/ / : : AM,,,8: Communication Artifact,LIBRARY Case 6 Row 6,0,,/ /,,,,0,,/ /,,,,0,0,,,,/ /,,0,,,,,,,0,,2001-11-01 00:00:00,,"Not found on paper, typed book inventory",OHM B 4230,book,,,,,,Documentary Artifact,,,,,Stringer and Townsend,,New York,,,,,,,,,,,Shelf,,/ /,,,,,/ /,,,,,"Water-Witch, The",,,,,,,,,,,,0,0,0,0,0,/ /,/ /,,/ /,,,,,,,,,,2010-09-26 14:36:00,Unknown,/ /,.F.
OHM B 4231,0,,,,,,kmj,2010-09-26 00:00:00,,Osborne Homestead Museum,/ /,,Good,"Tucked in front cover, an essay by Carolyn Wells, ""The Sense of Nonsense""",,0,"Bond, Frederick Bligh",,0,0,,1919,,,0,,,0,,,,,/ /,/ / : : AM,,,8: Communication Artifact,LIBRARY Case 6 Row 6,0,,/ /,,,,0,,/ /,,,,0,0,,,,/ /,,0,,,,,,,0,,2001-11-01 00:00:00,,"Not found on paper, typed book inventory",OHM B 4231,book,,,,,,Documentary Artifact,,,,,Marshall Jones Company,,Boston,,,,,,,,,,,Shelf,,/ /,,,,,/ /,,,,,"Hill of Vision, The",,,,,,,,,,,,0,0,0,0,0,/ /,/ /,,/ /,,,,,,,,,,2010-09-26 14:39:00,Unknown,/ /,.F.
OHM B 4232,0,,,,,,kmj,2010-09-26 00:00:00,,Osborne Homestead Museum,/ /,,Good,"Tucked in front cover, an essay by Carolyn Wells, ""The Sense of Nonsense""",,0,"Quiller-Couch, Sir Arthur",,0,0,,1910,,,0,,,0,,,,,/ /,/ / : : AM,,,8: Communication Artifact,LIBRARY Case 6 Row 6,0,,/ /,,,,0,,/ /,,,,0,0,,,,/ /,,0,,,,,,,0,,2001-11-01 00:00:00,,"Not found on paper, typed book inventory",OHM B 4232,book,,,,,,Documentary Artifact,,,,,Clarendon Press,,Oxford,,,,,,,,,,,Shelf,,/ /,,,,,/ /,,,,,Oxford Book of English Verse,,,,,,,,,,,,0,0,0,0,0,/ /,/ /,,/ /,,,,,,,,,,2010-09-26 14:42:00,Unknown,/ /,.F.
OHM B 4233,0,,,,,,kmj,2010-09-26 00:00:00,,Osborne Homestead Museum,/ /,,Good,"Tucked in front cover, an essay by Carolyn Wells, ""The Sense of Nonsense""",,0,"Bromfield, Louis",,0,0,,1944,,,0,`,,0,,,,,/ /,/ / : : AM,,,8: Communication Artifact,LIBRARY Case 6 Row 6,0,,/ /,,,,0,,/ /,,,,0,0,,,,/ /,,0,,,,,,,0,,2001-11-01 00:00:00,,"Not found on paper, typed book inventory",OHM B 4233,book,,,,,,Documentary Artifact,,,,,Harper & Brothers,,New York,,,,,,,,,,,Shelf,,/ /,,,,,/ /,,,,,What Became of Anna Bolton,,,,,,,,,,,,0,0,0,0,0,/ /,/ /,,/ /,,,,,,,,,,2010-09-26 14:45:00,Unknown,/ /,.F.
OHM B 4234,0,,,,,,kmj,2010-09-26 00:00:00,,Osborne Homestead Museum,/ /,,Good,"Tucked in front cover, an essay by Carolyn Wells, ""The Sense of Nonsense""",,0,"Keyes, Frances Parkinson",,0,0,,1954,,,0,`,,0,,,,,/ /,/ / : : AM,,,8: Communication Artifact,LIBRARY Case 6 Row 6,0,,/ /,,,,0,,/ /,,,,0,0,,,,/ /,,0,,,,,,,0,,2001-11-01 00:00:00,,"Not found on paper, typed book inventory",OHM B 4234,book,,,,,,Documentary Artifact,,,,,"Julian Messner, Inc",,New York,,,,,,,,,,,Shelf,,/ /,,,,,/ /,,,,,"Royal Box, The",,,,,,,,,,,,0,0,0,0,0,/ /,/ /,,/ /,,,,,,,,,,2010-09-26 14:47:00,Unknown,/ /,.F.
OHM B 4235,0,,,,,,kmj,2010-10-03 00:00:00,,Osborne Homestead Museum,/ /,,Good,"Tucked in front cover, an essay by Carolyn Wells, ""The Sense of Nonsense""",,0,"Stewart, Mary",,0,0,,1961,,,0,`,,0,,,,,/ /,/ / : : AM,,,8: Communication Artifact,LIBRARY Case 6 Row 6,0,,/ /,,,,0,,/ /,,,,0,0,,,,/ /,,0,,,,,,,0,,2001-11-01 00:00:00,,"Not found on paper, typed book inventory",OHM B 4235,book,,,,,,Documentary Artifact,,,,,M S Mill Company/Willim Morrow & Company,,New York,,,,,,,,,,,Shelf,,/ /,,,,,/ /,,,,,"Ivy Tree, The",,,,,,,,,,,,0,0,0,0,0,/ /,/ /,,/ /,,,,,,,,,,2010-10-03 12:35:00,Unknown,/ /,.F.
OHM B 4236,0,,,,,,kmj,2010-10-03 00:00:00,,Osborne Homestead Museum,/ /,,Good,"Tucked in front cover, an essay by Carolyn Wells, ""The Sense of Nonsense""",,0,"Crowquill, A",,0,0,,1827,,,0,`,,0,,,,,/ /,/ / : : AM,,,8: Communication Artifact,LIBRARY Case 6 Row 6,0,,/ /,,,,0,,/ /,,,,0,0,,,,/ /,,0,,,,,,,0,,2001-11-01 00:00:00,,"Not found on paper, typed book inventory",OHM B 4236,book,,,,,,Documentary Artifact,,,,,Thomas Hurst and Co,,London,,,,,,,,,,,Shelf,,/ /,,,,,/ /,,,,,Absurdities: In Prose and Verse,,,,,,,,,,,,0,0,0,0,0,/ /,/ /,,/ /,,,,,,,,,,2010-10-03 12:43:00,Unknown,/ /,.F.
OHM B 4237,0,,,,,,kmj,2010-10-03 00:00:00,,Osborne Homestead Museum,/ /,,Good,"Tucked in front cover, an essay by Carolyn Wells, ""The Sense of Nonsense""",,0,"Tarkington, Booth",,0,0,,1916,,,0,`,,0,,,,,/ /,/ / : : AM,,,8: Communication Artifact,LIBRARY Case 6 Row 6,0,,/ /,,,,0,,/ /,,,,0,0,,,,/ /,,0,,,,,,,0,,2001-11-01 00:00:00,,"Not found on paper, typed book inventory",OHM B 4237,book,,,,,,Documentary Artifact,,,,,Grossett & Dunlap,,New York,,,,,,,,,,,Shelf,,/ /,,,,,/ /,,,,,Penrod and Sam,,,,,,,,,,,,0,0,0,0,0,/ /,/ /,,/ /,,,,,,,,,,2010-10-03 12:45:00,Unknown,/ /,.F.
OHM B 4238,0,,,,,,kmj,2010-10-03 00:00:00,,Osborne Homestead Museum,/ /,,Good,"Tucked in front cover, an essay by Carolyn Wells, ""The Sense of Nonsense""",,0,"Bond, Frank Bligh",,0,0,,1925,,,0,`,,0,,,,,/ /,/ / : : AM,,,8: Communication Artifact,LIBRARY Case 6 Row 6,0,,/ /,,,,0,,/ /,,,,0,0,,,,/ /,,0,,,,,,,0,,2001-11-01 00:00:00,,"Not found on paper, typed book inventory",OHM B 4238,book,,,,,,Documentary Artifact,,,,,Grossett & Dunlap,,New York,,,,,,,,,,,Shelf,,/ /,,,,,/ /,,,,,Architechtural Handbook of Glastonbury Abbey with a Historical Chronicle of the Building,,,,,,,,,,,,0,0,0,0,0,/ /,/ /,,/ /,,,,,,,,,,2010-10-03 12:48:00,Unknown,/ /,.F.
OHM B 4239,0,,,,,,kmj,2010-10-03 00:00:00,,Osborne Homestead Museum,/ /,,Good,"Tucked in front cover, an essay by Carolyn Wells, ""The Sense of Nonsense""",,0,"Coward, Noel",,0,0,,1933,,,0,`,,0,,,,,/ /,/ / : : AM,,,8: Communication Artifact,LIBRARY Case 6 Row 6,0,,/ /,,,,0,,/ /,,,,0,0,,,,/ /,,0,,,,,,,0,,2001-11-01 00:00:00,,"Not found on paper, typed book inventory",OHM B 4239,book,,,,,,Documentary Artifact,,,,,"Doubleday, Doran & Co",,New York,,,,,,,,,,,Shelf,,/ /,,,,,/ /,,,,,Spangld Unicorn: An Anthology,,,,,,,,,,,,0,0,0,0,0,/ /,/ /,,/ /,,,,,,,,,,2010-10-03 12:52:00,Unknown,/ /,.F.
OHM B 4240,0,,,,,,kmj,2010-10-03 00:00:00,,Osborne Homestead Museum,/ /,,Good,"Tucked in front cover, an essay by Carolyn Wells, ""The Sense of Nonsense""",,0,"Defoe, Daniel",,0,0,,1900,,,0,`,,0,,,,,/ /,/ / : : AM,,,8: Communication Artifact,LIBRARY Case 6 Row 6,0,,/ /,,,,0,,/ /,,,,0,0,,,,/ /,,0,,,,,,,0,,2001-11-01 00:00:00,,"Not found on paper, typed book inventory",OHM B 4240,book,,,,,,Documentary Artifact,,,,,J M Dent & Co,,London,,,,,,,,,,,Shelf,,/ /,,,,,/ /,,,,,"Fortunate Mistress, The",,,,,,,,,,,,0,0,0,0,0,/ /,/ /,,/ /,,,,,,,,,,2010-10-03 12:55:00,Unknown,/ /,.F.
OHM B 4241,0,,,,,,kmj,2010-10-03 00:00:00,,Osborne Homestead Museum,/ /,,Good,"Tucked in front cover, an essay by Carolyn Wells, ""The Sense of Nonsense""",,0,"Kains, M G",,0,0,,1941,,,0,`,,0,,,,,/ /,/ / : : AM,,,8: Communication Artifact,LIBRARY Case 6 Row 6,0,,/ /,,,,0,,/ /,,,,0,0,,,,/ /,,0,,,,,,,0,,2001-11-01 00:00:00,,"Not found on paper, typed book inventory",OHM B 4241,book,,,,,,Documentary Artifact,,,,,Greenberg,,New York,,,,,,,,,,,Shelf,,/ /,,,,,/ /,,,,,We Wanted a Farm,,,,,,,,,,,,0,0,0,0,0,/ /,/ /,,/ /,,,,,,,,,,2010-10-03 12:57:00,Unknown,/ /,.F.
OHM B 4242,0,,,,,,kmj,2010-10-03 00:00:00,,Osborne Homestead Museum,/ /,,Good,"Tucked in front cover, an essay by Carolyn Wells, ""The Sense of Nonsense""",,0,"Hertz, Heinrich",,0,0,,1893,,,0,`,,0,,,,,/ /,/ / : : AM,,,8: Communication Artifact,LIBRARY Case 6 Row 6,0,,/ /,,,,0,,/ /,,,,0,0,,,,/ /,,0,,,,,,,0,,2001-11-01 00:00:00,,"Not found on paper, typed book inventory",OHM B 4242,book,,,,,,Documentary Artifact,,,,,Macmillan & Co,,London/New York,,,,,,,,,,,Shelf,,/ /,,,,,/ /,,,,,Electric Waves,,,,,,,,,,,,0,0,0,0,0,/ /,/ /,,/ /,,,,,,,,,,2010-10-03 13:00:00,Unknown,/ /,.F.
OHM B 4243,0,,,,,,kmj,2010-10-03 00:00:00,,Osborne Homestead Museum,/ /,,Good,"Tucked in front cover, an essay by Carolyn Wells, ""The Sense of Nonsense""",,0,"Blackstone, Sir William",,0,0,,1857,,,0,`,,0,,,,,/ /,/ / : : AM,,,8: Communication Artifact,LIBRARY Case 6 Row 6,0,,/ /,,,,0,,/ /,,,,0,0,,,,/ /,,0,,,,,,,0,,2001-11-01 00:00:00,,"Not found on paper, typed book inventory",OHM B 4243,book,,,,,,Documentary Artifact,,,,,J B Lippincott,,Philadelphia,,,,,,,,,,,Shelf,,/ /,,,,,/ /,,,,,Commentaries on the Laws of England,,,,,,,,,,,,0,0,0,0,0,/ /,/ /,,/ /,,,,,,,,,,2010-10-03 13:03:00,Unknown,/ /,.F.
OHM B 4244,0,,,,,,kmj,2010-10-03 00:00:00,,Osborne Homestead Museum,/ /,,Good,"Tucked in front cover, an essay by Carolyn Wells, ""The Sense of Nonsense""",,0,"Friend, Rev Hilderic",,0,0,,1889,,,0,`,,0,,,,,/ /,/ / : : AM,,,8: Communication Artifact,LIBRARY Case 6 Row 6,0,,/ /,,,,0,,/ /,,,,0,0,,,,/ /,,0,,,,,,,0,,2001-11-01 00:00:00,,"Not found on paper, typed book inventory",OHM B 4244,book,,,,,,Documentary Artifact,,,,,Nims and Knight,,"Trot, NY",,,,,,,,,,,Shelf,,/ /,,,,,/ /,,,,,Flowers and Flower Lore,,,,,,,,,,,,0,0,0,0,0,/ /,/ /,,/ /,,,,,,,,,,2010-10-03 13:05:00,Unknown,/ /,.F.
OHM B 7015,0,,,,,,kmj,2010-10-03 00:00:00,,Osborne Homestead Museum,/ /,,Good,"Tucked in front cover, an essay by Carolyn Wells, ""The Sense of Nonsense""",,0,Unknown,,0,0,,Unknown,,,0,`,,0,,,,,/ /,/ / : : AM,,,8: Communication Artifact,LIBRARY Case 6 Row 6,0,,/ /,,,,0,,/ /,,,,0,0,,,,/ /,,0,,,,,,,0,,2001-11-01 00:00:00,,"Not found on paper, typed book inventory",OHM B 7015,book,,,,,,Documentary Artifact,,,,,Unknown,,Unknown,,,,,,,,,,,Shelf,,/ /,,,,,/ /,,,,,A Journal of the Life and Travels of John Woolman in Service of the Gospell,,,,,,,,,,,,0,0,0,0,0,/ /,/ /,,/ /,,,,,,,,,,2010-10-03 13:11:00,Unknown,/ /,.F.
OHM B 4245,0,,,,,,kmj,2010-10-03 00:00:00,,Osborne Homestead Museum,/ /,,Good,"Tucked in front cover, an essay by Carolyn Wells, ""The Sense of Nonsense""",,0,"Antsey, F",,0,0,,1892,,,0,`,,0,,,,,/ /,/ / : : AM,,,8: Communication Artifact,LIBRARY Case 6 Row 7,0,,/ /,,,,0,,/ /,,,,0,0,,,,/ /,,0,,,,,,,0,,2001-11-01 00:00:00,,"Not found on paper, typed book inventory",OHM B 4245,book,,,,,,Documentary Artifact,,,,,"Logmans, Green, and Co",,London/New York,,,,,,,,,,,Shelf,,/ /,,,,,/ /,,,,,Voces Populi,,,,,,,,,,,,0,0,0,0,0,/ /,/ /,,/ /,,,,,,,,,,2010-10-03 13:21:00,Unknown,/ /,.F.
OHM B 4246,0,,,,,,kmj,2010-10-03 00:00:00,,Osborne Homestead Museum,/ /,,Good,"Tucked in front cover, an essay by Carolyn Wells, ""The Sense of Nonsense""",,0,"Naylor, E W",,0,0,,1905,,,0,`,,0,,,,,/ /,/ / : : AM,,,8: Communication Artifact,LIBRARY Case 6 Row 7,0,,/ /,,,,0,,/ /,,,,0,0,,,,/ /,,0,,,,,,,0,,2001-11-01 00:00:00,,"Not found on paper, typed book inventory",OHM B 4246,book,,,,,,Documentary Artifact,,,,,J M Dent & Co,,London/New York,,,,,,,,,,,Shelf,,/ /,,,,,/ /,,,,,Elizabethan Virginal Book,,,,,,,,,,,,0,0,0,0,0,/ /,/ /,,/ /,,,,,,,,,,2010-10-03 13:27:00,Unknown,/ /,.F.
OHM B 4247,0,,,,,,kmj,2010-10-03 00:00:00,,Osborne Homestead Museum,/ /,,Good,"Tucked in front cover, an essay by Carolyn Wells, ""The Sense of Nonsense""",,0,"Goetschius, Percy",,0,0,,1903,,,0,`,,0,,,,,/ /,/ / : : AM,,,8: Communication Artifact,LIBRARY Case 6 Row 7,0,,/ /,,,,0,,/ /,,,,0,0,,,,/ /,,0,,,,,,,0,,2001-11-01 00:00:00,,"Not found on paper, typed book inventory",OHM B 4247,book,,,,,,Documentary Artifact,,,,,G Schirmer,,New York,,,,,,,,,,,Shelf,,/ /,,,,,/ /,,,,,Theory and Practice of Tone-Relations,,,,,,,,,,,,0,0,0,0,0,/ /,/ /,,/ /,,,,,,,,,,2010-10-03 13:31:00,Unknown,/ /,.F.
OHM B 4248,0,,,,,,kmj,2010-10-03 00:00:00,,Osborne Homestead Museum,/ /,,Good,"Tucked in front cover, an essay by Carolyn Wells, ""The Sense of Nonsense""",,0,"Brace, Charles L",,0,0,,1863,,,0,`,,0,,,,,/ /,/ / : : AM,,,8: Communication Artifact,LIBRARY Case 6 Row 7,0,,/ /,,,,0,,/ /,,,,0,0,,,,/ /,,0,,,,,,,0,,2001-11-01 00:00:00,,"Not found on paper, typed book inventory",OHM B 4248,book,,,,,,Documentary Artifact,,,,,Charls Scribner,,New York,,,,,,,,,,,Shelf,,/ /,,,,,/ /,,,,,Races of the Old World: A Manual of Ethnology,,,,,,,,,,,,0,0,0,0,0,/ /,/ /,,/ /,,,,,,,,,,2010-10-03 13:34:00,Unknown,/ /,.F.
OHM B 4249,0,,,,,,kmj,2010-10-03 00:00:00,,Osborne Homestead Museum,/ /,,Good,"Tucked in front cover, an essay by Carolyn Wells, ""The Sense of Nonsense""",,0,"Fabre, J Henri",,0,0,,1915,,,0,`,,0,,,,,/ /,/ / : : AM,,,8: Communication Artifact,LIBRARY Case 6 Row 7,0,,/ /,,,,0,,/ /,,,,0,0,,,,/ /,,0,,,,,,,0,,2001-11-01 00:00:00,,"Not found on paper, typed book inventory",OHM B 4249,book,,,,,,Documentary Artifact,,,,,"Dodd, Mead and Company",,New York,,,,,,,,,,,Shelf,,/ /,,,,,/ /,,,,,Bramble-Bees and Others,,,,,,,,,,,,0,0,0,0,0,/ /,/ /,,/ /,,,,,,,,,,2010-10-03 13:38:00,Unknown,/ /,.F.
OHM B 4250,0,,,,,,kmj,2010-10-03 00:00:00,,Osborne Homestead Museum,/ /,,Good,"Tucked in front cover, an essay by Carolyn Wells, ""The Sense of Nonsense""",,0,"Fabre, J Henri",,0,0,,1914,,,0,`,,0,,,,,/ /,/ / : : AM,,,8: Communication Artifact,LIBRARY Case 6 Row 7,0,,/ /,,,,0,,/ /,,,,0,0,,,,/ /,,0,,,,,,,0,,2001-11-01 00:00:00,,"Not found on paper, typed book inventory",OHM B 4250,book,,,,,,Documentary Artifact,,,,,"Dodd, Mead and Company",,New York,,,,,,,,,,,Shelf,,/ /,,,,,/ /,,,,,"Mason Bees, The",,,,,,,,,,,,0,0,0,0,0,/ /,/ /,,/ /,,,,,,,,,,2010-10-03 13:40:00,Unknown,/ /,.F.
OHM B 4251,0,,,,,,kmj,2010-10-03 00:00:00,,Osborne Homestead Museum,/ /,,Good,"Tucked in front cover, an essay by Carolyn Wells, ""The Sense of Nonsense""",,0,"Huckel, Oliver",,0,0,,1903,,,0,`,,0,,,,,/ /,/ / : : AM,,,8: Communication Artifact,LIBRARY Case 6 Row 7,0,,/ /,,,,0,,/ /,,,,0,0,,,,/ /,,0,,,,,,,0,,2001-11-01 00:00:00,,"Not found on paper, typed book inventory",OHM B 4251,book,,,,,,Documentary Artifact,,,,,Thomas Y Crowell and Co,,New York,,,,,,,,,,,Shelf,,/ /,,,,,/ /,,,,,Parsifal,,,,,,,,,,,,0,0,0,0,0,/ /,/ /,,/ /,,,,,,,,,,2010-10-03 13:43:00,Unknown,/ /,.F.
OHM B 4252,0,,,,,,kmj,2010-10-03 00:00:00,,Osborne Homestead Museum,/ /,,Good,"Tucked in front cover, an essay by Carolyn Wells, ""The Sense of Nonsense""",,0,Miscellaneous,,0,0,,1877,,,0,`,,0,,,,,/ /,/ / : : AM,,,8: Communication Artifact,LIBRARY Case 6 Row 7,0,,/ /,,,,0,,/ /,,,,0,0,,,,/ /,,0,,,,,,,0,,2001-11-01 00:00:00,,"Not found on paper, typed book inventory",OHM B 4252,book,,,,,,Documentary Artifact,,,,,H O Houghton and Company,,Boston,,,,,,,,,,,Shelf,,/ /,,,,,/ /,,,,,Index of The Atlantic Monthly,,,,,,,,,,,,0,0,0,0,0,/ /,/ /,,/ /,,,,,,,,,,2010-10-03 13:47:00,Unknown,/ /,.F.
OHM B 4253,0,,,,,,kmj,2010-10-03 00:00:00,,Osborne Homestead Museum,/ /,,Good,"Tucked in front cover, an essay by Carolyn Wells, ""The Sense of Nonsense""",,0,Unknown,,0,0,,1891,,,0,`,,0,,,,,/ /,/ / : : AM,,,8: Communication Artifact,LIBRARY Case 6 Row 7,0,,/ /,,,,0,,/ /,,,,0,0,,,,/ /,,0,,,,,,,0,,2001-11-01 00:00:00,,"Not found on paper, typed book inventory",OHM B 4253,book,,,,,,Documentary Artifact,,,,,D Appleton & Co,,New York,,,,,,,,,,,Shelf,,/ /,,,,,/ /,,,,,"Story of Colette, The",,,,,,,,,,,,0,0,0,0,0,/ /,/ /,,/ /,,,,,,,,,,2010-10-03 13:50:00,Unknown,/ /,.F.
OHM B 4254,0,,,,,,kmj,2010-10-03 00:00:00,,Osborne Homestead Museum,/ /,,Good,"Tucked in front cover, an essay by Carolyn Wells, ""The Sense of Nonsense""",,0,"Bromfield, Louis",,0,0,,1945,,,0,`,,0,,,,,/ /,/ / : : AM,,,8: Communication Artifact,LIBRARY Case 6 Row 7,0,,/ /,,,,0,,/ /,,,,0,0,,,,/ /,,0,,,,,,,0,,2001-11-01 00:00:00,,"Not found on paper, typed book inventory",OHM B 4254,book,,,,,,Documentary Artifact,,,,,Harper & Brothers,,New York,,,,,,,,,,,Shelf,,/ /,,,,,/ /,,,,,Pleasant Valley,,,,,,,,,,,,0,0,0,0,0,/ /,/ /,,/ /,,,,,,,,,,2010-10-03 13:53:00,Unknown,/ /,.F.
OHM B 4255,0,,,,,,kmj,2010-10-03 00:00:00,,Osborne Homestead Museum,/ /,,Good,"Tucked in front cover, an essay by Carolyn Wells, ""The Sense of Nonsense""",,0,"Oxonian, An",,0,0,,,,,0,`,,0,,,,,/ /,/ / : : AM,,,8: Communication Artifact,LIBRARY Case 6 Row 7,0,,/ /,,,,0,,/ /,,,,0,0,,,,/ /,,0,,,,,,,0,,2001-11-01 00:00:00,,"Not found on paper, typed book inventory",OHM B 4255,book,,,,,,Documentary Artifact,,,,,"Bradbury, Agnew & Co",,London,,,,,,,,,,,Shelf,,/ /,,,,,/ /,,,,,"Little Tour in Ireland, A",,,,,,,,,,,,0,0,0,0,0,/ /,/ /,,/ /,,,,,,,,,,2010-10-03 13:57:00,Unknown,/ /,.F.
OHM B 4256,0,,,,,,kmj,2010-10-03 00:00:00,,Osborne Homestead Museum,/ /,,Good,"Tucked in front cover, an essay by Carolyn Wells, ""The Sense of Nonsense""",,0,"Hunt, Leigh",,0,0,,1848,,,0,`,,0,,,,,/ /,/ / : : AM,,,8: Communication Artifact,LIBRARY Case 6 Row 7,0,,/ /,,,,0,,/ /,,,,0,0,,,,/ /,,0,,,,,,,0,,2001-11-01 00:00:00,,"Not found on paper, typed book inventory",OHM B 4256,book,,,,,,Documentary Artifact,,,,,"Smith, Elder nd Co",,London,,,,,,,,,,,Shelf,,/ /,,,,,/ /,,,,,Jar of Honey from Mount Hybla,,,,,,,,,,,,0,0,0,0,0,/ /,/ /,,/ /,,,,,,,,,,2010-10-03 14:02:00,Unknown,/ /,.F.
OHM B 4257,0,,,,,,kmj,2010-10-10 00:00:00,,Osborne Homestead Museum,/ /,,Good,"Tucked in front cover, an essay by Carolyn Wells, ""The Sense of Nonsense""",,0,"Fielding, Henry",,0,0,,1890,,,0,`,,0,,,,,/ /,/ / : : AM,,,8: Communication Artifact,LIBRARY Case 6 Row 7,0,,/ /,,,,0,,/ /,,,,0,0,,,,/ /,,0,,,,,,,0,,2001-11-01 00:00:00,,"Not found on paper, typed book inventory",OHM B 4257,book,,,,,,Documentary Artifact,,,,,George Routledge and Sons,,London,,,,,,,,,,,Shelf,,/ /,,,,,/ /,,,,,"History of Amelia, The",,,,,,,,,,,,0,0,0,0,0,/ /,/ /,,/ /,,,,,,,,,,2010-10-10 13:25:00,Unknown,/ /,.F.
OHM B 4258,0,,,,,,kmj,2010-10-10 00:00:00,,Osborne Homestead Museum,/ /,,Good,"Tucked in front cover, an essay by Carolyn Wells, ""The Sense of Nonsense""",,0,"Fielding, Henry",,0,0,,,,,0,`,,0,,,,,/ /,/ / : : AM,,,8: Communication Artifact,LIBRARY Case 6 Row 7,0,,/ /,,,,0,,/ /,,,,0,0,,,,/ /,,0,,,,,,,0,,2001-11-01 00:00:00,,"Not found on paper, typed book inventory",OHM B 4258,book,,,,,,Documentary Artifact,,,,,George Routledge and Sons,,London,,,,,,,,,,,Shelf,,/ /,,,,,/ /,,,,,"Adventures of Joseph Andrews, The",,,,,,,,,,,,0,0,0,0,0,/ /,/ /,,/ /,,,,,,,,,,2010-10-10 13:28:00,Unknown,/ /,.F.
OHM B 4259,0,,,,,,kmj,2010-10-10 00:00:00,,Osborne Homestead Museum,/ /,,Good,"Tucked in front cover, an essay by Carolyn Wells, ""The Sense of Nonsense""",,0,"Fielding, Henry",,0,0,,1898,,,0,`,,0,,,,,/ /,/ / : : AM,,,8: Communication Artifact,LIBRARY Case 6 Row 7,0,,/ /,,,,0,,/ /,,,,0,0,,,,/ /,,0,,,,,,,0,,2001-11-01 00:00:00,,"Not found on paper, typed book inventory",OHM B 4259,book,,,,,,Documentary Artifact,,,,,George Routledge and Sons,,London,,,,,,,,,,,Shelf,,/ /,,,,,/ /,,,,,History of the Life of the Late Mr Jonathan Wild the Great and A Journey from This World to the Next,,,,,,,,,,,,0,0,0,0,0,/ /,/ /,,/ /,,,,,,,,,,2010-10-10 13:32:00,Unknown,/ /,.F.
OHM B 4260,0,,,,,,kmj,2010-10-10 00:00:00,,Osborne Homestead Museum,/ /,,Good,"Tucked in front cover, an essay by Carolyn Wells, ""The Sense of Nonsense""",,0,"Fielding, Henry",,0,0,,,,,0,Vol 1,,0,,,,,/ /,/ / : : AM,,,8: Communication Artifact,LIBRARY Case 6 Row 7,0,,/ /,,,,0,,/ /,,,,0,0,,,,/ /,,0,,,,,,,0,,2001-11-01 00:00:00,,"Not found on paper, typed book inventory",OHM B 4260,book,,,,,,Documentary Artifact,,,,,George Routledge and Sons,,London,,,,,,,,,,,Shelf,,/ /,,,,,/ /,,,,,Hstory of Tom Jones,,,,,,,,,,,,0,0,0,0,0,/ /,/ /,,/ /,,,,,,,,,,2010-10-10 13:35:00,Unknown,/ /,.F.
OHM B 4261,0,,,,,,kmj,2010-10-10 00:00:00,,Osborne Homestead Museum,/ /,,Good,"Tucked in front cover, an essay by Carolyn Wells, ""The Sense of Nonsense""",,0,"Fielding, Henry",,0,0,,,,,0,Vol 2,,0,,,,,/ /,/ / : : AM,,,8: Communication Artifact,LIBRARY Case 6 Row 7,0,,/ /,,,,0,,/ /,,,,0,0,,,,/ /,,0,,,,,,,0,,2001-11-01 00:00:00,,"Not found on paper, typed book inventory",OHM B 4261,book,,,,,,Documentary Artifact,,,,,George Routledge and Sons,,London,,,,,,,,,,,Shelf,,/ /,,,,,/ /,,,,,Hstory of Tom Jones,,,,,,,,,,,,0,0,0,0,0,/ /,/ /,,/ /,,,,,,,,,,2010-10-10 13:36:00,Unknown,/ /,.F.
OHM B 4262,0,,,,,,kmj,2010-10-10 00:00:00,,Osborne Homestead Museum,/ /,,Good,"Tucked in front cover, an essay by Carolyn Wells, ""The Sense of Nonsense""",,0,"Hotson, Leslie",,0,0,,1931,,,0,,,0,,,,,/ /,/ / : : AM,,,8: Communication Artifact,LIBRARY Case 6 Row 7,0,,/ /,,,,0,,/ /,,,,0,0,,,,/ /,,0,,,,,,,0,,2001-11-01 00:00:00,,"Not found on paper, typed book inventory",OHM B 4262,book,,,,,,Documentary Artifact,,,,,The Nonesuch Press,,London,,,,,,,,,,,Shelf,,/ /,,,,,/ /,,,,,Shakespeare versus Shallow,,,,,,,,,,,,0,0,0,0,0,/ /,/ /,,/ /,,,,,,,,,,2010-10-10 13:39:00,Unknown,/ /,.F.
OHM B 4263,0,,,,,,kmj,2010-10-10 00:00:00,,Osborne Homestead Museum,/ /,,Good,"Tucked in front cover, an essay by Carolyn Wells, ""The Sense of Nonsense""",,0,"Cowden Clark, Mary Ed.",,0,0,,1866,,,0,Vol 1,,0,,,,,/ /,/ / : : AM,,,8: Communication Artifact,LIBRARY Case 6 Row 7,0,,/ /,,,,0,,/ /,,,,0,0,,,,/ /,,0,,,,,,,0,,2001-11-01 00:00:00,,"Not found on paper, typed book inventory",OHM B 4263,book,,,,,,Documentary Artifact,,,,,D Appleton & Co,,New York,,,,,,,,,,,Shelf,,/ /,,,,,/ /,,,,,Shakespeare's Works,,,,,,,,,,,,0,0,0,0,0,/ /,/ /,,/ /,,,,,,,,,,2010-10-10 13:44:00,Unknown,/ /,.F.
OHM B 4264,0,,,,,,kmj,2010-10-10 00:00:00,,Osborne Homestead Museum,/ /,,Good,"Tucked in front cover, an essay by Carolyn Wells, ""The Sense of Nonsense""",,0,"Cowden Clark, Mary Ed.",,0,0,,1866,,,0,Vol 2,,0,,,,,/ /,/ / : : AM,,,8: Communication Artifact,LIBRARY Case 6 Row 7,0,,/ /,,,,0,,/ /,,,,0,0,,,,/ /,,0,,,,,,,0,,2001-11-01 00:00:00,,"Not found on paper, typed book inventory",OHM B 4264,book,,,,,,Documentary Artifact,,,,,D Appleton & Co,,New York,,,,,,,,,,,Shelf,,/ /,,,,,/ /,,,,,Shakespeare's Works,,,,,,,,,,,,0,0,0,0,0,/ /,/ /,,/ /,,,,,,,,,,2010-10-10 13:44:00,Unknown,/ /,.F.
OHM B 4265,0,,,,,,kmj,2010-10-10 00:00:00,,Osborne Homestead Museum,/ /,,Good,"Tucked in front cover, an essay by Carolyn Wells, ""The Sense of Nonsense""",,0,Miscellaneous,,0,0,,,,,0,Vol 1,,0,,,,,/ /,/ / : : AM,,,8: Communication Artifact,LIBRARY Case 6 Row 8,0,,/ /,,,,0,,/ /,,,,0,0,,,,/ /,,0,,,,,,,0,,2001-11-01 00:00:00,,"Not found on paper, typed book inventory",OHM B 4265,book,,,,,,Documentary Artifact,,,,,Ticknor and Fields,,Boston,,,,,,,,,,,Shelf,,/ /,,,,,/ /,,,,,Atlantic Monthly,,,,,,,,,,,,0,0,0,0,0,/ /,/ /,,/ /,,,,,,,,,,2010-10-10 14:09:00,Unknown,/ /,.F.
OHM B 4266,0,,,,,,kmj,2010-10-10 00:00:00,,Osborne Homestead Museum,/ /,,Good,"Tucked in front cover, an essay by Carolyn Wells, ""The Sense of Nonsense""",,0,Miscellaneous,,0,0,,,,,0,Vol 2,,0,,,,,/ /,/ / : : AM,,,8: Communication Artifact,LIBRARY Case 6 Row 8,0,,/ /,,,,0,,/ /,,,,0,0,,,,/ /,,0,,,,,,,0,,2001-11-01 00:00:00,,"Not found on paper, typed book inventory",OHM B 4266,book,,,,,,Documentary Artifact,,,,,Ticknor and Fields,,Boston,,,,,,,,,,,Shelf,,/ /,,,,,/ /,,,,,Atlantic Monthly,,,,,,,,,,,,0,0,0,0,0,/ /,/ /,,/ /,,,,,,,,,,2010-10-10 14:10:00,Unknown,/ /,.F.
OHM B 4267,0,,,,,,kmj,2010-10-10 00:00:00,,Osborne Homestead Museum,/ /,,Good,"Tucked in front cover, an essay by Carolyn Wells, ""The Sense of Nonsense""",,0,Miscellaneous,,0,0,,,,,0,Vol 3,,0,,,,,/ /,/ / : : AM,,,8: Communication Artifact,LIBRARY Case 6 Row 8,0,,/ /,,,,0,,/ /,,,,0,0,,,,/ /,,0,,,,,,,0,,2001-11-01 00:00:00,,"Not found on paper, typed book inventory",OHM B 4267,book,,,,,,Documentary Artifact,,,,,Ticknor and Fields,,Boston,,,,,,,,,,,Shelf,,/ /,,,,,/ /,,,,,Atlantic Monthly,,,,,,,,,,,,0,0,0,0,0,/ /,/ /,,/ /,,,,,,,,,,2010-10-10 14:10:00,Unknown,/ /,.F.
OHM B 4268,0,,,,,,kmj,2010-10-10 00:00:00,,Osborne Homestead Museum,/ /,,Good,"Tucked in front cover, an essay by Carolyn Wells, ""The Sense of Nonsense""",,0,Miscellaneous,,0,0,,,,,0,Vol 4,,0,,,,,/ /,/ / : : AM,,,8: Communication Artifact,LIBRARY Case 6 Row 8,0,,/ /,,,,0,,/ /,,,,0,0,,,,/ /,,0,,,,,,,0,,2001-11-01 00:00:00,,"Not found on paper, typed book inventory",OHM B 4268,book,,,,,,Documentary Artifact,,,,,Ticknor and Fields,,Boston,,,,,,,,,,,Shelf,,/ /,,,,,/ /,,,,,Atlantic Monthly,,,,,,,,,,,,0,0,0,0,0,/ /,/ /,,/ /,,,,,,,,,,2010-10-10 14:11:00,Unknown,/ /,.F.
OHM B 4269,0,,,,,,kmj,2010-10-10 00:00:00,,Osborne Homestead Museum,/ /,,Good,"Tucked in front cover, an essay by Carolyn Wells, ""The Sense of Nonsense""",,0,Miscellaneous,,0,0,,,,,0,Vol 5,,0,,,,,/ /,/ / : : AM,,,8: Communication Artifact,LIBRARY Case 6 Row 8,0,,/ /,,,,0,,/ /,,,,0,0,,,,/ /,,0,,,,,,,0,,2001-11-01 00:00:00,,"Not found on paper, typed book inventory",OHM B 4269,book,,,,,,Documentary Artifact,,,,,Ticknor and Fields,,Boston,,,,,,,,,,,Shelf,,/ /,,,,,/ /,,,,,Atlantic Monthly,,,,,,,,,,,,0,0,0,0,0,/ /,/ /,,/ /,,,,,,,,,,2010-10-10 14:12:00,Unknown,/ /,.F.
OHM B 4270,0,,,,,,kmj,2010-10-10 00:00:00,,Osborne Homestead Museum,/ /,,Good,"Tucked in front cover, an essay by Carolyn Wells, ""The Sense of Nonsense""",,0,Miscellaneous,,0,0,,,,,0,Vol 6,,0,,,,,/ /,/ / : : AM,,,8: Communication Artifact,LIBRARY Case 6 Row 8,0,,/ /,,,,0,,/ /,,,,0,0,,,,/ /,,0,,,,,,,0,,2001-11-01 00:00:00,,"Not found on paper, typed book inventory",OHM B 4270,book,,,,,,Documentary Artifact,,,,,Ticknor and Fields,,Boston,,,,,,,,,,,Shelf,,/ /,,,,,/ /,,,,,Atlantic Monthly,,,,,,,,,,,,0,0,0,0,0,/ /,/ /,,/ /,,,,,,,,,,2010-10-10 14:12:00,Unknown,/ /,.F.
OHM B 4271,0,,,,,,kmj,2010-10-10 00:00:00,,Osborne Homestead Museum,/ /,,Good,"Tucked in front cover, an essay by Carolyn Wells, ""The Sense of Nonsense""",,0,Miscellaneous,,0,0,,,,,0,Vol 7,,0,,,,,/ /,/ / : : AM,,,8: Communication Artifact,LIBRARY Case 6 Row 8,0,,/ /,,,,0,,/ /,,,,0,0,,,,/ /,,0,,,,,,,0,,2001-11-01 00:00:00,,"Not found on paper, typed book inventory",OHM B 4271,book,,,,,,Documentary Artifact,,,,,Ticknor and Fields,,Boston,,,,,,,,,,,Shelf,,/ /,,,,,/ /,,,,,Atlantic Monthly,,,,,,,,,,,,0,0,0,0,0,/ /,/ /,,/ /,,,,,,,,,,2010-10-10 14:13:00,Unknown,/ /,.F.
OHM B 4272,0,,,,,,kmj,2010-10-10 00:00:00,,Osborne Homestead Museum,/ /,,Good,"Tucked in front cover, an essay by Carolyn Wells, ""The Sense of Nonsense""",,0,Miscellaneous,,0,0,,,,,0,Vol 8,,0,,,,,/ /,/ / : : AM,,,8: Communication Artifact,LIBRARY Case 6 Row 8,0,,/ /,,,,0,,/ /,,,,0,0,,,,/ /,,0,,,,,,,0,,2001-11-01 00:00:00,,"Not found on paper, typed book inventory",OHM B 4272,book,,,,,,Documentary Artifact,,,,,Ticknor and Fields,,Boston,,,,,,,,,,,Shelf,,/ /,,,,,/ /,,,,,Atlantic Monthly,,,,,,,,,,,,0,0,0,0,0,/ /,/ /,,/ /,,,,,,,,,,2010-10-10 14:14:00,Unknown,/ /,.F.
OHM B 4273,0,,,,,,kmj,2010-10-10 00:00:00,,Osborne Homestead Museum,/ /,,Good,"Tucked in front cover, an essay by Carolyn Wells, ""The Sense of Nonsense""",,0,Miscellaneous,,0,0,,,,,0,Vol 9,,0,,,,,/ /,/ / : : AM,,,8: Communication Artifact,LIBRARY Case 6 Row 8,0,,/ /,,,,0,,/ /,,,,0,0,,,,/ /,,0,,,,,,,0,,2001-11-01 00:00:00,,"Not found on paper, typed book inventory",OHM B 4273,book,,,,,,Documentary Artifact,,,,,Ticknor and Fields,,Boston,,,,,,,,,,,Shelf,,/ /,,,,,/ /,,,,,Atlantic Monthly,,,,,,,,,,,,0,0,0,0,0,/ /,/ /,,/ /,,,,,,,,,,2010-10-10 14:15:00,Unknown,/ /,.F.
OHM B 4274,0,,,,,,kmj,2010-10-10 00:00:00,,Osborne Homestead Museum,/ /,,Good,"Tucked in front cover, an essay by Carolyn Wells, ""The Sense of Nonsense""",,0,Miscellaneous,,0,0,,,,,0,Vol 10,,0,,,,,/ /,/ / : : AM,,,8: Communication Artifact,LIBRARY Case 6 Row 8,0,,/ /,,,,0,,/ /,,,,0,0,,,,/ /,,0,,,,,,,0,,2001-11-01 00:00:00,,"Not found on paper, typed book inventory",OHM B 4274,book,,,,,,Documentary Artifact,,,,,Ticknor and Fields,,Boston,,,,,,,,,,,Shelf,,/ /,,,,,/ /,,,,,Atlantic Monthly,,,,,,,,,,,,0,0,0,0,0,/ /,/ /,,/ /,,,,,,,,,,2010-10-10 14:16:00,Unknown,/ /,.F.
OHM B 4275,0,,,,,,kmj,2010-10-10 00:00:00,,Osborne Homestead Museum,/ /,,Good,"Tucked in front cover, an essay by Carolyn Wells, ""The Sense of Nonsense""",,0,Miscellaneous,,0,0,,,,,0,Vol 11,,0,,,,,/ /,/ / : : AM,,,8: Communication Artifact,LIBRARY Case 6 Row 8,0,,/ /,,,,0,,/ /,,,,0,0,,,,/ /,,0,,,,,,,0,,2001-11-01 00:00:00,,"Not found on paper, typed book inventory",OHM B 4275,book,,,,,,Documentary Artifact,,,,,Ticknor and Fields,,Boston,,,,,,,,,,,Shelf,,/ /,,,,,/ /,,,,,Atlantic Monthly,,,,,,,,,,,,0,0,0,0,0,/ /,/ /,,/ /,,,,,,,,,,2010-10-10 14:16:00,Unknown,/ /,.F.
OHM B 4276,0,,,,,,kmj,2010-10-10 00:00:00,,Osborne Homestead Museum,/ /,,Good,"Tucked in front cover, an essay by Carolyn Wells, ""The Sense of Nonsense""",,0,"Curtis, George Ticknor",,0,0,,1860,,,0,Vol 1,,0,,,,,/ /,/ / : : AM,,,8: Communication Artifact,LIBRARY Case 6 Row 8,0,,/ /,,,,0,,/ /,,,,0,0,,,,/ /,,0,,,,,,,0,,2001-11-01 00:00:00,,"Not found on paper, typed book inventory",OHM B 4276,book,,,,,,Documentary Artifact,,,,,Harper & Brothers,,New York,,,,,,,,,,,Shelf,,/ /,,,,,/ /,,,,,"History of the Origin, Formation and Adoption of the Constitution of the United States; With Notices of Its Principal Framers",,,,,,,,,,,,0,0,0,0,0,/ /,/ /,,/ /,,,,,,,,,,2010-10-10 14:24:00,Unknown,/ /,.F.
OHM B 4277,0,,,,,,kmj,2010-10-10 00:00:00,,Osborne Homestead Museum,/ /,,Good,"Tucked in front cover, an essay by Carolyn Wells, ""The Sense of Nonsense""",,0,"Curtis, George Ticknor",,0,0,,1860,,,0,Vol 2,,0,,,,,/ /,/ / : : AM,,,8: Communication Artifact,LIBRARY Case 6 Row 8,0,,/ /,,,,0,,/ /,,,,0,0,,,,/ /,,0,,,,,,,0,,2001-11-01 00:00:00,,"Not found on paper, typed book inventory",OHM B 4277,book,,,,,,Documentary Artifact,,,,,Harper & Brothers,,New York,,,,,,,,,,,Shelf,,/ /,,,,,/ /,,,,,"History of the Origin, Formation and Adoption of the Constitution of the United States; With Notices of Its Principal Framers",,,,,,,,,,,,0,0,0,0,0,/ /,/ /,,/ /,,,,,,,,,,2010-10-10 14:25:00,Unknown,/ /,.F.
OHM B 4278,0,,,,,,kmj,2010-10-10 00:00:00,,Osborne Homestead Museum,/ /,,Good,"Tucked in front cover, an essay by Carolyn Wells, ""The Sense of Nonsense""",,0,"Lanier, Sidney",,0,0,,1902,,,0,Vol 1,,0,,,,,/ /,/ / : : AM,,,8: Communication Artifact,LIBRARY Case 6 Row 8,0,,/ /,,,,0,,/ /,,,,0,0,,,,/ /,,0,,,,,,,0,,2001-11-01 00:00:00,,"Not found on paper, typed book inventory",OHM B 4278,book,,,,,,Documentary Artifact,,,,,Doubleday Page & Co,,New York,,,,,,,,,,,Shelf,,/ /,,,,,/ /,,,,,Shakespeare and His Forerunners,,,,,,,,,,,,0,0,0,0,0,/ /,/ /,,/ /,,,,,,,,,,2010-10-10 14:29:00,Unknown,/ /,.F.
OHM B 4279,0,,,,,,kmj,2010-10-10 00:00:00,,Osborne Homestead Museum,/ /,,Good,"Tucked in front cover, an essay by Carolyn Wells, ""The Sense of Nonsense""",,0,"Lanier, Sidney",,0,0,,1902,,,0,Vol 2,,0,,,,,/ /,/ / : : AM,,,8: Communication Artifact,LIBRARY Case 6 Row 8,0,,/ /,,,,0,,/ /,,,,0,0,,,,/ /,,0,,,,,,,0,,2001-11-01 00:00:00,,"Not found on paper, typed book inventory",OHM B 4279,book,,,,,,Documentary Artifact,,,,,Doubleday Page & Co,,New York,,,,,,,,,,,Shelf,,/ /,,,,,/ /,,,,,Shakespeare and His Forerunners,,,,,,,,,,,,0,0,0,0,0,/ /,/ /,,/ /,,,,,,,,,,2010-10-10 14:30:00,Unknown,/ /,.F.
OHM B 4280,0,,,,,,kmj,2010-10-10 00:00:00,,Osborne Homestead Museum,/ /,,Good,"Tucked in front cover, an essay by Carolyn Wells, ""The Sense of Nonsense""",,0,"Tupper, Martin Farquhar",,0,0,,1852,,,0,,,0,,,,,/ /,/ / : : AM,,,8: Communication Artifact,LIBRARY Case 5 Row 1,0,,/ /,,,,0,,/ /,,,,0,0,,,,/ /,,0,,,,,,,0,,2001-11-01 00:00:00,,"Not found on paper, typed book inventory",OHM B 4280,book,,,,,,Documentary Artifact,,,,,Erastus Darrow,,Rochester,,,,,,,,,,,Shelf,,/ /,,,,,/ /,,,,,"Tupper's Proverbial Philosophy: A Book of Thoughts and Arguments, Originally Treated",,,,,,,,,,,,0,0,0,0,0,/ /,/ /,,/ /,,,,,,,,,,2010-10-10 14:59:00,Unknown,/ /,.F.
OHM B 4281,0,,,,,,kmj,2010-10-10 00:00:00,,Osborne Homestead Museum,/ /,,Good,"Tucked in front cover, an essay by Carolyn Wells, ""The Sense of Nonsense""",,0,"Helps, Arthur",,0,0,,1856,,,0,Vol 1,,0,,,,,/ /,/ / : : AM,,,8: Communication Artifact,LIBRARY Case 5 Row 1,0,,/ /,,,,0,,/ /,,,,0,0,,,,/ /,,0,,,,,,,0,,2001-11-01 00:00:00,,"Not found on paper, typed book inventory",OHM B 4281,book,,,,,,Documentary Artifact,,,,,Harper & Brothers,,New York,,,,,,,,,,,Shelf,,/ /,,,,,/ /,,,,,"Spanish Conquest in America, and Its Relation to the History of Slavery and to the Government of Colonies",,,,,,,,,,,,0,0,0,0,0,/ /,/ /,,/ /,,,,,,,,,,2010-10-10 15:05:00,Unknown,/ /,.F.
OHM B 4282,0,,,,,,kmj,2010-10-10 00:00:00,,Osborne Homestead Museum,/ /,,Good,"Tucked in front cover, an essay by Carolyn Wells, ""The Sense of Nonsense""",,0,"Helps, Arthur",,0,0,,1856,,,0,Vol 2,,0,,,,,/ /,/ / : : AM,,,8: Communication Artifact,LIBRARY Case 5 Row 1,0,,/ /,,,,0,,/ /,,,,0,0,,,,/ /,,0,,,,,,,0,,2001-11-01 00:00:00,,"Not found on paper, typed book inventory",OHM B 4282,book,,,,,,Documentary Artifact,,,,,Harper & Brothers,,New York,,,,,,,,,,,Shelf,,/ /,,,,,/ /,,,,,"Spanish Conquest in America, and Its Relation to the History of Slavery and to the Government of Colonies",,,,,,,,,,,,0,0,0,0,0,/ /,/ /,,/ /,,,,,,,,,,2010-10-10 15:07:00,Unknown,/ /,.F.
OHM B 4283,0,,,,,,kmj,2010-10-10 00:00:00,,Osborne Homestead Museum,/ /,,Good,"Tucked in front cover, an essay by Carolyn Wells, ""The Sense of Nonsense""",,0,"Helps, Arthur",,0,0,,1856,,,0,Vol 3,,0,,,,,/ /,/ / : : AM,,,8: Communication Artifact,LIBRARY Case 5 Row 1,0,,/ /,,,,0,,/ /,,,,0,0,,,,/ /,,0,,,,,,,0,,2001-11-01 00:00:00,,"Not found on paper, typed book inventory",OHM B 4283,book,,,,,,Documentary Artifact,,,,,Harper & Brothers,,New York,,,,,,,,,,,Shelf,,/ /,,,,,/ /,,,,,"Spanish Conquest in America, and Its Relation to the History of Slavery and to the Government of Colonies",,,,,,,,,,,,0,0,0,0,0,/ /,/ /,,/ /,,,,,,,,,,2010-10-10 15:08:00,Unknown,/ /,.F.
OHM B 4284,0,,,,,,kmj,2010-10-10 00:00:00,,Osborne Homestead Museum,/ /,,Good,"Tucked in front cover, an essay by Carolyn Wells, ""The Sense of Nonsense""",,0,"Mayhew, A L",,0,0,,1891,,,0,,,0,,,,,/ /,/ / : : AM,,,8: Communication Artifact,LIBRARY Case 5 Row 1,0,,/ /,,,,0,,/ /,,,,0,0,,,,/ /,,0,,,,,,,0,,2001-11-01 00:00:00,,"Not found on paper, typed book inventory",OHM B 4284,book,,,,,,Documentary Artifact,,,,,Clarendon Press,,Oxford,,,,,,,,,,,Shelf,,/ /,,,,,/ /,,,,,Synopsis of Old English Phonology,,,,,,,,,,,,0,0,0,0,0,/ /,/ /,,/ /,,,,,,,,,,2010-10-10 15:12:00,Unknown,/ /,.F.
OHM B 4285,0,,,,,,kmj,2010-10-10 00:00:00,,Osborne Homestead Museum,/ /,,Good,"Tucked in front cover, an essay by Carolyn Wells, ""The Sense of Nonsense""",,0,"Tyndall, John",,0,0,,1897,,,0,,,0,,,,,/ /,/ / : : AM,,,8: Communication Artifact,LIBRARY Case 5 Row 1,0,,/ /,,,,0,,/ /,,,,0,0,,,,/ /,,0,,,,,,,0,,2001-11-01 00:00:00,,"Not found on paper, typed book inventory",OHM B 4285,book,,,,,,Documentary Artifact,,,,,D Appleton & Co,,New York,,,,,,,,,,,Shelf,,/ /,,,,,/ /,,,,,Heat: A Mode of Motion,,,,,,,,,,,,0,0,0,0,0,/ /,/ /,,/ /,,,,,,,,,,2010-10-10 15:15:00,Unknown,/ /,.F.
OHM B 4286,0,,,,,,kmj,2010-10-10 00:00:00,,Osborne Homestead Museum,/ /,,Good,"Tucked in front cover, an essay by Carolyn Wells, ""The Sense of Nonsense""",,0,"Tegg, William",,0,0,,1870,,,0,,,0,,,,,/ /,/ / : : AM,,,8: Communication Artifact,LIBRARY Case 5 Row 1,0,,/ /,,,,0,,/ /,,,,0,0,,,,/ /,,0,,,,,,,0,,2001-11-01 00:00:00,,"Not found on paper, typed book inventory",OHM B 4286,book,,,,,,Documentary Artifact,,,,,William Tegg and Co,,London,,,,,,,,,,,Shelf,,/ /,,,,,/ /,,,,,Tegg's Dictionary of Chronology,,,,,,,,,,,,0,0,0,0,0,/ /,/ /,,/ /,,,,,,,,,,2010-10-10 15:20:00,Unknown,/ /,.F.
OHM B 4287,0,,,,,,kmj,2010-10-10 00:00:00,,Osborne Homestead Museum,/ /,,Good,"Tucked in front cover, an essay by Carolyn Wells, ""The Sense of Nonsense""",,0,"Gunton, George",,0,0,,1897,,,0,,,0,,,,,/ /,/ / : : AM,,,8: Communication Artifact,LIBRARY Case 5 Row 1,0,,/ /,,,,0,,/ /,,,,0,0,,,,/ /,,0,,,,,,,0,,2001-11-01 00:00:00,,"Not found on paper, typed book inventory",OHM B 4287,book,,,,,,Documentary Artifact,,,,,D Appleton & Co,,New York,,,,,,,,,,,Shelf,,/ /,,,,,/ /,,,,,Wealth and Progress,,,,,,,,,,,,0,0,0,0,0,/ /,/ /,,/ /,,,,,,,,,,2010-10-10 15:24:00,Unknown,/ /,.F.
OHM B 4288,0,,,,,,kmj,2010-10-10 00:00:00,,Osborne Homestead Museum,/ /,,Good,"Tucked in front cover, an essay by Carolyn Wells, ""The Sense of Nonsense""",,0,"Hayden, Arthur",,0,0,,1930,,,0,,,0,,,,,/ /,/ / : : AM,,,8: Communication Artifact,LIBRARY Case 5 Row 1,0,,/ /,,,,0,,/ /,,,,0,0,,,,/ /,,0,,,,,,,0,,2001-11-01 00:00:00,,"Not found on paper, typed book inventory",OHM B 4288,book,,,,,,Documentary Artifact,,,,,Ernest Benn Limited,,London,,,,,,,,,,,Shelf,,/ /,,,,,/ /,,,,,Chats on English China,,,,,,,,,,,,0,0,0,0,0,/ /,/ /,,/ /,,,,,,,,,,2010-10-10 15:27:00,Unknown,/ /,.F.
OHM B 4289,0,,,,,,kmj,2010-10-10 00:00:00,,Osborne Homestead Museum,/ /,,Good,"Tucked in front cover, an essay by Carolyn Wells, ""The Sense of Nonsense""",,0,"Putz, William",,0,0,,1849,,,0,,,0,,,,,/ /,/ / : : AM,,,8: Communication Artifact,LIBRARY Case 5 Row 1,0,,/ /,,,,0,,/ /,,,,0,0,,,,/ /,,0,,,,,,,0,,2001-11-01 00:00:00,,"Not found on paper, typed book inventory",OHM B 4289,book,,,,,,Documentary Artifact,,,,,D Appleton & Co,,New York,,,,,,,,,,,Shelf,,/ /,,,,,/ /,,,,,Manual of Ancient Geography and Histrory,,,,,,,,,,,,0,0,0,0,0,/ /,/ /,,/ /,,,,,,,,,,2010-10-10 15:33:00,Unknown,/ /,.F.
OHM B 4290,0,,,,,,kmj,2010-10-10 00:00:00,,Osborne Homestead Museum,/ /,,Good,"Tucked in front cover, an essay by Carolyn Wells, ""The Sense of Nonsense""",,0,"Wayland, Francis",,0,0,,1858,,,0,,,0,,,,,/ /,/ / : : AM,,,8: Communication Artifact,LIBRARY Case 5 Row 1,0,,/ /,,,,0,,/ /,,,,0,0,,,,/ /,,0,,,,,,,0,,2001-11-01 00:00:00,,"Not found on paper, typed book inventory",OHM B 4290,book,,,,,,Documentary Artifact,,,,,Gould and Lincoln,,Boston,,,,,,,,,,,Shelf,,/ /,,,,,/ /,,,,,"Elements of Moral Science, The",,,,,,,,,,,,0,0,0,0,0,/ /,/ /,,/ /,,,,,,,,,,2010-10-10 15:36:00,Unknown,/ /,.F.
OHM B 4291,0,,,,,,kmj,2010-10-10 00:00:00,,Osborne Homestead Museum,/ /,,Good,"Tucked in front cover, an essay by Carolyn Wells, ""The Sense of Nonsense""",,0,"Eggleston, George Cary",,0,0,,1889,,,0,Vol 1,,0,,,,,/ /,/ / : : AM,,,8: Communication Artifact,LIBRARY Case 5 Row 1,0,,/ /,,,,0,,/ /,,,,0,0,,,,/ /,,0,,,,,,,0,,2001-11-01 00:00:00,,"Not found on paper, typed book inventory",OHM B 4291,book,,,,,,Documentary Artifact,,,,,G P Putnam's Sons,,New York,,,,,,,,,,,Shelf,,/ /,,,,,/ /,,,,,American War Ballads and Lyrics,,,,,,,,,,,,0,0,0,0,0,/ /,/ /,,/ /,,,,,,,,,,2010-10-10 15:41:00,Unknown,/ /,.F.
OHM B 4292,0,,,,,,kmj,2010-10-10 00:00:00,,Osborne Homestead Museum,/ /,,Good,"Tucked in front cover, an essay by Carolyn Wells, ""The Sense of Nonsense""",,0,"Eggleston, George Cary",,0,0,,1889,,,0,Vol 2,,0,,,,,/ /,/ / : : AM,,,8: Communication Artifact,LIBRARY Case 5 Row 1,0,,/ /,,,,0,,/ /,,,,0,0,,,,/ /,,0,,,,,,,0,,2001-11-01 00:00:00,,"Not found on paper, typed book inventory",OHM B 4292,book,,,,,,Documentary Artifact,,,,,G P Putnam's Sons,,New York,,,,,,,,,,,Shelf,,/ /,,,,,/ /,,,,,American War Ballads and Lyrics,,,,,,,,,,,,0,0,0,0,0,/ /,/ /,,/ /,,,,,,,,,,2010-10-10 15:42:00,Unknown,/ /,.F.
OHM B 4293,0,,,,,,kmj,2010-10-10 00:00:00,,Osborne Homestead Museum,/ /,,Good,"Tucked in front cover, an essay by Carolyn Wells, ""The Sense of Nonsense""",,0,Unknown,,0,0,,,,,0,,,0,,,,,/ /,/ / : : AM,,,8: Communication Artifact,LIBRARY Case 5 Row 1,0,,/ /,,,,0,,/ /,,,,0,0,,,,/ /,,0,,,,,,,0,,2001-11-01 00:00:00,,"Not found on paper, typed book inventory",OHM B 4293,book,,,,,,Documentary Artifact,,,,,G P Putnam's Sons,,New York,,,,,,,,,,,Shelf,,/ /,,,,,/ /,,,,,Adventures of Baron Munchausen,,,,,,,,,,,,0,0,0,0,0,/ /,/ /,,/ /,,,,,,,,,,2010-10-10 15:44:00,Unknown,/ /,.F.
OHM B 2139,0,,,,,,kmj,2010-10-24 00:00:00,,Osborne Homestead Museum,/ /,,Good,,,1,"Jameson, Anna",,0,0,,1895,,,0,,,0,,,,,/ /,/ / : : AM,,,8: Communication Artifact,LIBRARY Case 4/Row 3,0,,/ /,,,,0,,/ /,,,,0,0,,,,/ /,,0,,,,,,,0,,2009-08-28 00:00:00,,,OHM B 2139,book,,,,,,Documentary Artifact,,,,,Houghton Mifflin & Co,,New York,,,,,,,,,,,Shelf,,/ /,,,,,/ /,,,,,Legends of the Madonna,,,,,,,,,,,,0,0,0,0,0,/ /,/ /,,/ /,,,,,,,,,,2010-10-24 14:47:00,Unknown,/ /,.F.
OHM B 2140,0,,,,,,kmj,2010-10-24 00:00:00,,Osborne Homestead Museum,/ /,,Good,,,1,"Crab, George",,0,0,,1892,,,0,,,0,,,,,/ /,/ / : : AM,,,8: Communication Artifact,LIBRARY Case 4/Row 3,0,,/ /,,,,0,,/ /,,,,0,0,,,,/ /,,0,,,,,,,0,,2009-08-28 00:00:00,,,OHM B 2140,book,,,,,,Documentary Artifact,,,,,Harper & Brothers,,New York,,,,,,,,,,,Shelf,,/ /,,,,,/ /,,,,,English Synonymes Explained in Alphabetical Order,,,,,,,,,,,,0,0,0,0,0,/ /,/ /,,/ /,,,,,,,,,,2010-10-24 14:51:00,Unknown,/ /,.F.
OHM B 2141,0,,,,,,kmj,2010-10-24 00:00:00,,Osborne Homestead Museum,/ /,,Good,,,1,"Doyle, C W",,0,0,,1899,,,0,,,0,,,,,/ /,/ / : : AM,,,8: Communication Artifact,LIBRARY Case 4/Row 2,0,,/ /,,,,0,,/ /,,,,0,0,,,,/ /,,0,,,,,,,0,,2009-08-28 00:00:00,,,OHM B 2141,book,,,,,,Documentary Artifact,,,,,J B Lippincott Company,,Philadelphia/London,,,,,,,,,,,Shelf,,/ /,,,,,/ /,,,,,"Taming of the Jungle, The",,,,,,,,,,,,0,0,0,0,0,/ /,/ /,,/ /,,,,,,,,,,2010-10-24 15:00:00,Unknown,/ /,.F.
OHM B 2142,0,,,,,,kmj,2010-10-24 00:00:00,,Osborne Homestead Museum,/ /,,Good,,,1,"Gaboriau, Emile",,0,0,,1900,,,0,,,0,,,,,/ /,/ / : : AM,,,8: Communication Artifact,LIBRARY Case 4/Row 2,0,,/ /,,,,0,,/ /,,,,0,0,,,,/ /,,0,,,,,,,0,,2009-08-28 00:00:00,,,OHM B 2142,book,,,,,,Documentary Artifact,,,,,Charles Scribner's Sons,,New York,,,,,,,,,,,Shelf,,/ /,,,,,/ /,,,,,File No. 113,,,,,,,,,,,,0,0,0,0,0,/ /,/ /,,/ /,,,,,,,,,,2010-10-24 15:00:00,Unknown,/ /,.F.
OHM B 2143,0,,,,,,kmj,2010-10-24 00:00:00,,Osborne Homestead Museum,/ /,,Good,,,1,"Tyndall, John",,0,0,,1895,,,0,,,0,,,,,/ /,/ / : : AM,,,8: Communication Artifact,LIBRARY Case 4/Row 2,0,,/ /,,,,0,,/ /,,,,0,0,,,,/ /,,0,,,,,,,0,,2009-08-28 00:00:00,,,OHM B 2143,book,,,,,,Documentary Artifact,,,,,D Appleton & Co,,New York,,,,,,,,,,,Shelf,,/ /,,,,,/ /,,,,,Light and Electricity,,,,,,,,,,,,0,0,0,0,0,/ /,/ /,,/ /,,,,,,,,,,2010-10-24 15:03:00,Unknown,/ /,.F.
OHM B 2144,0,,,,,,kmj,2010-10-24 00:00:00,,Osborne Homestead Museum,/ /,,Good,,,1,"Tyndall, John",,0,0,,1898,,,0,,,0,,,,,/ /,/ / : : AM,,,8: Communication Artifact,LIBRARY Case 4/Row 2,0,,/ /,,,,0,,/ /,,,,0,0,,,,/ /,,0,,,,,,,0,,2009-08-28 00:00:00,,,OHM B 2144,book,,,,,,Documentary Artifact,,,,,D Appleton & Co,,New York,,,,,,,,,,,Shelf,,/ /,,,,,/ /,,,,,Six Lectures on Light,,,,,,,,,,,,0,0,0,0,0,/ /,/ /,,/ /,,,,,,,,,,2010-10-24 15:06:00,Unknown,/ /,.F.
OHM B 2145,0,,,,,,kmj,2010-10-24 00:00:00,,Osborne Homestead Museum,/ /,,Good,,,1,"James, Henry",,0,0,,1900,,,0,,,0,,,,,/ /,/ / : : AM,,,8: Communication Artifact,LIBRARY Case 4/Row 2,0,,/ /,,,,0,,/ /,,,,0,0,,,,/ /,,0,,,,,,,0,,2009-08-28 00:00:00,,,OHM B 2145,book,,,,,,Documentary Artifact,,,,,Macmillan & Co,,New York,,,,,,,,,,,Shelf,,/ /,,,,,/ /,,,,,"Soft Side, The",,,,,,,,,,,,0,0,0,0,0,/ /,/ /,,/ /,,,,,,,,,,2010-10-24 15:08:00,Unknown,/ /,.F.
OHM B 2146,0,,,,,,kmj,2010-10-24 00:00:00,,Osborne Homestead Museum,/ /,,Good,,,1,"Christy, Robert",,0,0,,1887,,,0,,,0,,,,,/ /,/ / : : AM,,,8: Communication Artifact,LIBRARY Case 4/Row 2,0,,/ /,,,,0,,/ /,,,,0,0,,,,/ /,,0,,,,,,,0,,2009-08-28 00:00:00,,,OHM B 2146,book,,,,,,Documentary Artifact,,,,,G P Putnam's Sons,,New York,,,,,,,,,,,Shelf,,/ /,,,,,/ /,,,,,Proverbs Maxims and Phrases of All Ages,,,,,,,,,,,,0,0,0,0,0,/ /,/ /,,/ /,,,,,,,,,,2010-10-24 15:12:00,Unknown,/ /,.F.
OHM B 2147,0,,,,,,kmj,2010-10-24 00:00:00,,Osborne Homestead Museum,/ /,,Good,,,1,"Roget, Peter Mark",,0,0,,1857,,,0,,,0,,,,,/ /,/ / : : AM,,,8: Communication Artifact,LIBRARY Case 4/Row 2,0,,/ /,,,,0,,/ /,,,,0,0,,,,/ /,,0,,,,,,,0,,2009-08-28 00:00:00,,,OHM B 2147,book,,,,,,Documentary Artifact,,,,,Gould and Lincoln,,Boston,,,,,,,,,,,Shelf,,/ /,,,,,/ /,,,,,Thesaurus of English Words and Phrases,,,,,,,,,,,,0,0,0,0,0,/ /,/ /,,/ /,,,,,,,,,,2010-10-24 15:15:00,Unknown,/ /,.F.
OHM B 5009,0,,,,,,kmj,2010-10-24 00:00:00,,Osborne Homestead Museum,/ /,,Good,,,1,"Saint-Gaudens, Homer",,0,0,,1913,,,0,Vol 2,,0,,,,,/ /,/ / : : AM,,,8: Communication Artifact,LIBRARY Case 4/Row 4,0,,/ /,,,,0,,/ /,,,,0,0,,,,/ /,,0,,,,,,,0,,2009-08-28 00:00:00,,,OHM B 5009,book,,,,,,Documentary Artifact,,,,,The Century Co,,New York,,,,,,,,,,,Shelf,,/ /,,,,,/ /,,,,,"Reminiscences of Augustus Saint-audens, The",,,,,,,,,,,,0,0,0,0,0,/ /,/ /,,/ /,,,,,,,,,,2010-10-24 15:24:00,Unknown,/ /,.F.
OHM B 5008,0,,,,,,kmj,2010-10-24 00:00:00,,Osborne Homestead Museum,/ /,,Good,,,1,"Saint-Gaudens, Homer",,0,0,,1913,,,0,Vol 1,,0,,,,,/ /,/ / : : AM,,,8: Communication Artifact,LIBRARY Case 4/Row 4,0,,/ /,,,,0,,/ /,,,,0,0,,,,/ /,,0,,,,,,,0,,2009-08-28 00:00:00,,,OHM B 5008,book,,,,,,Documentary Artifact,,,,,The Century Co,,New York,,,,,,,,,,,Shelf,,/ /,,,,,/ /,,,,,"Reminiscences of Augustus Saint-audens, The",,,,,,,,,,,,0,0,0,0,0,/ /,/ /,,/ /,,,,,,,,,,2010-10-24 15:25:00,Unknown,/ /,.F.
OHM B 5010,0,,,,,,kmj,2010-10-24 00:00:00,,Osborne Homestead Museum,/ /,,Good,,,1,"Nadaillac, Marqus De",,0,0,,1890,,,0,,,0,,,,,/ /,/ / : : AM,,,8: Communication Artifact,LIBRARY Case 4/Row 4,0,,/ /,,,,0,,/ /,,,,0,0,,,,/ /,,0,,,,,,,0,,2009-08-28 00:00:00,,,OHM B 5010,book,,,,,,Documentary Artifact,,,,,G P Putnam's Sons,,New York,,,,,,,,,,,Shelf,,/ /,,,,,/ /,,,,,Prehistoric America,,,,,,,,,,,,0,0,0,0,0,/ /,/ /,,/ /,,,,,,,,,,2010-10-24 15:28:00,Unknown,/ /,.F.
OHM B 5011,0,,,,,,kmj,2010-10-24 00:00:00,,Osborne Homestead Museum,/ /,,Good,,,1,"Gifford, William",,0,0,,1838,,,0,,,0,,,,,/ /,/ / : : AM,,,8: Communication Artifact,LIBRARY Case 4/Row 4,0,,/ /,,,,0,,/ /,,,,0,0,,,,/ /,,0,,,,,,,0,,2009-08-28 00:00:00,,,OHM B 5011,book,,,,,,Documentary Artifact,,,,,George Rutledge and Sons,,London,,,,,,,,,,,Shelf,,/ /,,,,,/ /,,,,,"Works of Ben Johnson, The",,,,,,,,,,,,0,0,0,0,0,/ /,/ /,,/ /,,,,,,,,,,2010-10-24 15:33:00,Unknown,/ /,.F.
OHM B 5012,0,,,,,,kmj,2010-10-24 00:00:00,,Osborne Homestead Museum,/ /,,Good,,,1,"Keppel, Frederick",,0,0,,1910,,,0,,,0,,,,,/ /,/ / : : AM,,,8: Communication Artifact,LIBRARY Case 4/Row 4,0,,/ /,,,,0,,/ /,,,,0,0,,,,/ /,,0,,,,,,,0,,2009-08-28 00:00:00,,,OHM B 5012,book,,,,,,Documentary Artifact,,,,,The Baker and Taylor Company,,New York,,,,,,,,,,,Shelf,,/ /,,,,,/ /,,,,,"Golden Age of Engraving, The",,,,,,,,,,,,0,0,0,0,0,/ /,/ /,,/ /,,,,,,,,,,2010-10-24 15:37:00,Unknown,/ /,.F.
OHM B 5013,0,,,,,,kmj,2010-10-24 00:00:00,,Osborne Homestead Museum,/ /,,Good,,,1,"Matthews, Brander",,0,0,,1901,,,0,,,0,,,,,/ /,/ / : : AM,,,8: Communication Artifact,LIBRARY Case 4/Row 4,0,,/ /,,,,0,,/ /,,,,0,0,,,,/ /,,0,,,,,,,0,,2009-08-28 00:00:00,,,OHM B 5013,book,,,,,,Documentary Artifact,,,,,D Appleton & Co,,New York,,,,,,,,,,,Shelf,,/ /,,,,,/ /,,,,,"Great Plays by Corneille, Moliere, Racine, Lessing, Schiller, and Hugo",,,,,,,,,,,,0,0,0,0,0,/ /,/ /,,/ /,,,,,,,,,,2010-10-24 15:40:00,Unknown,/ /,.F.
OHM B 5014,0,,,,,,kmj,2010-10-24 00:00:00,,Osborne Homestead Museum,/ /,,Good,,,1,"Lyell, Sir Charles",,0,0,,1863,,,0,,,0,,,,,/ /,/ / : : AM,,,8: Communication Artifact,LIBRARY Case 4/Row 4,0,,/ /,,,,0,,/ /,,,,0,0,,,,/ /,,0,,,,,,,0,,2009-08-28 00:00:00,,,OHM B 5014,book,,,,,,Documentary Artifact,,,,,George W Childs,,Philadelphia,,,,,,,,,,,Shelf,,/ /,,,,,/ /,,,,,Geological Evidences of the Antiquity of Man,,,,,,,,,,,,0,0,0,0,0,/ /,/ /,,/ /,,,,,,,,,,2010-10-24 15:44:00,Unknown,/ /,.F.
OHM B 5015,0,,,,,,kmj,2010-10-31 00:00:00,,Osborne Homestead Museum,/ /,,Good,,,1,Sotheby,,0,0,,1909,,,0,,,0,,,,,/ /,/ / : : AM,,,8: Communication Artifact,LIBRARY Case 4/Row 4,0,,/ /,,,,0,,/ /,,,,0,0,,,,/ /,,0,,,,,,,0,,2009-08-28 00:00:00,,,OHM B 5015,book,,,,,,Documentary Artifact,,,,,Dryden Press,,New York,,,,,,,,,,,Shelf,,/ /,,Auction Cataogue of John Stewart Happer Estate,,,/ /,,,,,"Catalogue of the Valuable Collections of Japanese Colour Prints, Illustrated Books and a Few Kakemono",,,,,,,,,,,,0,0,0,0,0,/ /,/ /,,/ /,,,,,,,,,,2010-10-31 13:02:00,Unknown,/ /,.F.
OHM B 5016,0,,,,,,kmj,2010-10-31 00:00:00,,Osborne Homestead Museum,/ /,,Good,,,1,"von Seidlitz, W",,0,0,,1910,,,0,,,0,,,,,/ /,/ / : : AM,,,8: Communication Artifact,LIBRARY Case 4/Row 4,0,,/ /,,,,0,,/ /,,,,0,0,,,,/ /,,0,,,,,,,0,,2009-08-28 00:00:00,,,OHM B 5016,book,,,,,,Documentary Artifact,,,,,William Heinemann,,London,,,,,,,,,,,Shelf,,/ /,,,,,/ /,,,,,History of Japanese Colour-Prints A,,,,,,,,,,,,0,0,0,0,0,/ /,/ /,,/ /,,,,,,,,,,2010-10-31 13:01:00,Unknown,/ /,.F.
OHM B 5017,0,,,,,,kmj,2010-10-31 00:00:00,,Osborne Homestead Museum,/ /,,Good,,,1,,,0,0,,1937,,,0,,,0,,,,,/ /,/ / : : AM,,,8: Communication Artifact,LIBRARY Case 4/Row 4,0,,/ /,,,,0,,/ /,,,,0,0,,,,/ /,,0,,,,,,,0,,2009-08-28 00:00:00,,,OHM B 5017,book,,,,,,Documentary Artifact,,,,,,,,,,,,,,,,,,Shelf,,/ /,,Auction Catalogue,,,/ /,,,,,Collectin of Genevieve Garvan Brady,,,,,,,,,,,,0,0,0,0,0,/ /,/ /,,/ /,,,,,,,,,,2010-10-31 13:05:00,Unknown,/ /,.F.
OHM B 5018,0,,,,,,kmj,2010-10-31 00:00:00,,Osborne Homestead Museum,/ /,,Good,,,1,"Townshend,Charls Hervey",,0,0,,1900,,,0,,,0,,,,,/ /,/ / : : AM,,,8: Communication Artifact,LIBRARY Case 4/Row 4,0,,/ /,,,,0,,/ /,,,,0,0,,,,/ /,,0,,,,,,,0,,2009-08-28 00:00:00,,,OHM B 5018,book,,,,,,Documentary Artifact,,,,,"Tuttle, Morehouse & Taylor",,New Haven,,,,,,,,,,,Shelf,,/ /,,,,,/ /,,,,,Quinnipiack Indians and Their Reservation,,,,,,,,,,,,0,0,0,0,0,/ /,/ /,,/ /,,,,,,,,,,2010-10-31 13:11:00,Unknown,/ /,.F.
OHM B 5018,0,,,,,,kmj,2010-10-31 00:00:00,,Osborne Homestead Museum,/ /,,Good,,,1,"Squire,J C",,0,0,,1937,,,0,,,0,,,,,/ /,/ / : : AM,,,8: Communication Artifact,LIBRARY Case 4/Row 4,0,,/ /,,,,0,,/ /,,,,0,0,,,,/ /,,0,,,,,,,0,,2009-08-28 00:00:00,,,OHM B 5019,book,,,,,,Documentary Artifact,,,,,Macmillan & Co,,New York,,,,,,,,,,,Shelf,,/ /,,,,,/ /,,,,,"London Reverie, A",,,,,,,,,,,,0,0,0,0,0,/ /,/ /,,/ /,,,,,,,,,,2010-10-31 13:11:00,Unknown,/ /,.F.
OHM B 5022,0,,,,,,kmj,2010-10-31 00:00:00,,Osborne Homestead Museum,/ /,,Good,,,1,"Harris, Joel Chandler",,0,0,,1896,,,0,,,0,,,,,/ /,/ / : : AM,,,8: Communication Artifact,LIBRARY Case 4/Row 5,0,,/ /,,,,0,,/ /,,,,0,0,,,,/ /,,0,,,,,,,0,,2009-08-28 00:00:00,,,OHM B 5022,book,,,,,,Documentary Artifact,,,,,Houghton Mifflin & Co,,Boston,,,,,,,,,,,Shelf,,/ /,,,,,/ /,,,,,"Story of Aaron, The",,,,,,,,,,,,0,0,0,0,0,/ /,/ /,,/ /,,,,,,,,,,2010-10-31 13:21:00,Unknown,/ /,.F.
OHM B 5023,0,,,,,,kmj,2010-10-31 00:00:00,,Osborne Homestead Museum,/ /,,Good,,,1,"Tyndall, John",,0,0,,1897,,,0,Vol 1,,0,,,,,/ /,/ / : : AM,,,8: Communication Artifact,LIBRARY Case 4/Row 5,0,,/ /,,,,0,,/ /,,,,0,0,,,,/ /,,0,,,,,,,0,,2009-08-28 00:00:00,,,OHM B 5023,book,,,,,,Documentary Artifact,,,,,D Appleton & Co,,New York,,,,,,,,,,,Shelf,,/ /,,,,,/ /,,,,,"Fragments of Science: A Series of Detached Essays, Addresses and Reviews",,,,,,,,,,,,0,0,0,0,0,/ /,/ /,,/ /,,,,,,,,,,2010-10-31 13:26:00,Unknown,/ /,.F.
OHM B 5024,0,,,,,,kmj,2010-10-31 00:00:00,,Osborne Homestead Museum,/ /,,Good,,,1,"Tyndall, John",,0,0,,1897,,,0,Vol 2,,0,,,,,/ /,/ / : : AM,,,8: Communication Artifact,LIBRARY Case 4/Row 5,0,,/ /,,,,0,,/ /,,,,0,0,,,,/ /,,0,,,,,,,0,,2009-08-28 00:00:00,,,OHM B 5024,book,,,,,,Documentary Artifact,,,,,D Appleton & Co,,New York,,,,,,,,,,,Shelf,,/ /,,,,,/ /,,,,,"Fragments of Science: A Series of Detached Essays, Addresses and Reviews",,,,,,,,,,,,0,0,0,0,0,/ /,/ /,,/ /,,,,,,,,,,2010-10-31 13:25:00,Unknown,/ /,.F.
OHM B 5025,0,,,,,,kmj,2010-10-31 00:00:00,,Osborne Homestead Museum,/ /,,Good,,,1,"Phelps, Elizabeth Stuart",,0,0,,1891,,,0,,,0,,,,,/ /,/ / : : AM,,,8: Communication Artifact,LIBRARY Case 4/Row 5,0,,/ /,,,,0,,/ /,,,,0,0,,,,/ /,,0,,,,,,,0,,2009-08-28 00:00:00,,,OHM B 5025,book,,,,,,Documentary Artifact,,,,,Houghton Mifflin & Co,,Boston,,,,,,,,,,,Shelf,,/ /,,,,,/ /,,,,,Fourteen to One,,,,,,,,,,,,0,0,0,0,0,/ /,/ /,,/ /,,,,,,,,,,2010-10-31 13:28:00,Unknown,/ /,.F.
OHM B 5026,0,,,,,,kmj,2010-10-31 00:00:00,,Osborne Homestead Museum,/ /,,Good,,,1,"Frere, Thomas",,0,0,,1857,,,0,,,0,,,,,/ /,/ / : : AM,,,8: Communication Artifact,LIBRARY Case 4/Row 5,0,,/ /,,,,0,,/ /,,,,0,0,,,,/ /,,0,,,,,,,0,,2009-08-28 00:00:00,,,OHM B 5026,book,,,,,,Documentary Artifact,,,,,"DeWolfe, Fiske and Company",,Boston,,,,,,,,,,,Shelf,,/ /,,,,,/ /,,,,,Hoyle's Games,,,,,,,,,,,,0,0,0,0,0,/ /,/ /,,/ /,,,,,,,,,,2010-10-31 13:30:00,Unknown,/ /,.F.
OHM B 5027,0,,,,,,kmj,2010-10-31 00:00:00,,Osborne Homestead Museum,/ /,,Good,,,1,"Frederic, Thomas",,0,0,,1896,,,0,,,0,,,,,/ /,/ / : : AM,,,8: Communication Artifact,LIBRARY Case 4/Row 5,0,,/ /,,,,0,,/ /,,,,0,0,,,,/ /,,0,,,,,,,0,,2009-08-28 00:00:00,,,OHM B 5027,book,,,,,,Documentary Artifact,,,,,Stone & Kimball,,New York,,,,,,,,,,,Shelf,,/ /,,,,,/ /,,,,,Damnation of Theron Ware or Illumination,,,,,,,,,,,,0,0,0,0,0,/ /,/ /,,/ /,,,,,,,,,,2010-10-31 13:34:00,Unknown,/ /,.F.
OHM B 5028,0,,,,,,kmj,2010-10-31 00:00:00,,Osborne Homestead Museum,/ /,,Good,,,1,"Arms, John Taylor",,0,0,,1934,,,0,,,0,,,,,/ /,/ / : : AM,,,8: Communication Artifact,LIBRARY Case 4/Row 5,0,,/ /,,,,0,,/ /,,,,0,0,,,,/ /,,0,,,,,,,0,,2009-08-28 00:00:00,,,OHM B 5028,book,,,,,,Documentary Artifact,,,,,Macmillan & Co,,New York,,,,,,,,,,,Shelf,,/ /,,,,,/ /,,,,,Handbook of Printmaking and Print Makers,,,,,,,,,,,,0,0,0,0,0,/ /,/ /,,/ /,,,,,,,,,,2010-10-31 13:37:00,Unknown,/ /,.F.
OHM B 5029,0,,,,,,kmj,2010-10-31 00:00:00,,Osborne Homestead Museum,/ /,,Good,,,1,"Mitford, A B",,0,0,,1893,,,0,,,0,,,,,/ /,/ / : : AM,,,8: Communication Artifact,LIBRARY Case 4/Row 5,0,,/ /,,,,0,,/ /,,,,0,0,,,,/ /,,0,,,,,,,0,,2009-08-28 00:00:00,,,OHM B 5029,book,,,,,,Documentary Artifact,,,,,Macmillan & Co,,London,,,,,,,,,,,Shelf,,/ /,,,,,/ /,,,,,Tales of Old Japan,,,,,,,,,,,,0,0,0,0,0,/ /,/ /,,/ /,,,,,,,,,,2010-10-31 13:38:00,Unknown,/ /,.F.
OHM B 2059,0,,,,,,kmj,2010-10-31 00:00:00,,Osborne Homestead Museum,/ /,,Good,,,1,"Dickens, Charles",,0,0,,,,,0,Vol 1,,0,,,,,/ /,/ / : : AM,,,8: Communication Artifact,LIBRARY Case 4/Row 5,0,,/ /,,,,0,,/ /,,,,0,0,,,,/ /,,0,,,,,,,0,,2009-08-28 00:00:00,,,OHM B 2059,book,,,,,,Documentary Artifact,,,,,"DeWolfe, Fisk & Co",,Boston,,,,,,,,,,,Shelf,,/ /,,,,,/ /,,,,,Christmas Books,,,,,,,,,,,,0,0,0,0,0,/ /,/ /,,/ /,,,,,,,,,,2010-10-31 13:45:00,Unknown,/ /,.F.
OHM B 2060,0,,,,,,kmj,2010-10-31 00:00:00,,Osborne Homestead Museum,/ /,,Good,,,1,"Dickens, Charles",,0,0,,,,,0,Vol 2,,0,,,,,/ /,/ / : : AM,,,8: Communication Artifact,LIBRARY Case 4/Row 5,0,,/ /,,,,0,,/ /,,,,0,0,,,,/ /,,0,,,,,,,0,,2009-08-28 00:00:00,,,OHM B 2060,book,,,,,,Documentary Artifact,,,,,"DeWolfe, Fisk & Co",,Boston,,,,,,,,,,,Shelf,,/ /,,,,,/ /,,,,,Christmas Books,,,,,,,,,,,,0,0,0,0,0,/ /,/ /,,/ /,,,,,,,,,,2010-10-31 13:46:00,Unknown,/ /,.F.
OHM B 5030,0,,,,,,kmj,2010-10-31 00:00:00,,Osborne Homestead Museum,/ /,,Good,,,1,"Priestley, J B",,0,0,,1940,,,0,,,0,,,,,/ /,/ / : : AM,,,8: Communication Artifact,LIBRARY Case 4/Row 5,0,,/ /,,,,0,,/ /,,,,0,0,,,,/ /,,0,,,,,,,0,,2009-08-28 00:00:00,,,OHM B 5030,book,,,,,,Documentary Artifact,,,,,Harper & Brothers,,New York,,,,,,,,,,,Shelf,,/ /,,,,,/ /,,,,,Britain Speaks,,,,,,,,,,,,0,0,0,0,0,/ /,/ /,,/ /,,,,,,,,,,2010-10-31 13:49:00,Unknown,/ /,.F.
OHM B 5031,0,,,,,,kmj,2010-10-31 00:00:00,,Osborne Homestead Museum,/ /,,Good,,,1,"Sumner, William G",,0,0,,1884,,,0,,,0,,,,,/ /,/ / : : AM,,,8: Communication Artifact,LIBRARY Case 4/Row 5,0,,/ /,,,,0,,/ /,,,,0,0,,,,/ /,,0,,,,,,,0,,2009-08-28 00:00:00,,,OHM B 5031,book,,,,,,Documentary Artifact,,,,,Henry Holt and Company,,New York,,,,,,,,,,,Shelf,,/ /,,,,,/ /,,,,,History of American Currency,,,,,,,,,,,,0,0,0,0,0,/ /,/ /,,/ /,,,,,,,,,,2010-10-31 13:52:00,Unknown,/ /,.F.
OHM B 24,0,,,,,,kmj,2010-10-31 00:00:00,,Osborne Homestead Museum,/ /,,Good,,,1,"Ficke, Arthur Davison",,0,0,,,,,0,,,0,,,,,/ /,/ / : : AM,,,8: Communication Artifact,LIBRARY Case 4/Row 5,0,,/ /,,,,0,,/ /,,,,0,0,,,,/ /,,0,,,,,,,0,,2010-10-31 00:00:00,,"Author identified as Author of ""The Enchanted April"" and ""Elizabeth and Her German Garden""",OHM B 24,book,,,,,,Documentary Artifact,,,,,Frederick A Stokes Company,,New York,,,,,,,,,,,Shelf,,/ /,,,,,/ /,,,,,Chats on Japanese Prints,,,,,,,,,,,,0,0,0,0,0,/ /,/ /,,/ /,,,,,,,,,,2010-10-31 13:57:00,Unknown,/ /,.F.
OHM B 5032,0,,,,,,kmj,2010-10-31 00:00:00,,Osborne Homestead Museum,/ /,,Good,,,1,,,0,0,,,,,0,,,0,,,,,/ /,/ / : : AM,,,8: Communication Artifact,LIBRARY Case 4/Row 6,0,,/ /,,,,0,,/ /,,,,0,0,,,,/ /,,0,,,,,,,0,,2009-08-28 00:00:00,,,OHM B 5032,book,,,,,,Documentary Artifact,,,,,Photochrom Co Ltd,,London,,,,,,,,,,,Shelf,,/ /,,Photobook,,,/ /,,,,,London: A Souvenir,,,,,,,,,,,,0,0,0,0,0,/ /,/ /,,/ /,,,,,,,,,,2010-10-31 14:16:00,Unknown,/ /,.F.
OHM B 8122,0,,,,,,kmj,2011-05-15 00:00:00,,Osborne Homestead Museum,/ /,,Good,,,1,"Maclaren, Ian",,0,0,,1895,,,0,,,0,,,,,/ /,/ / : : AM,,,8: Communication Artifact,LIBRARY Case 5/Row 1,0,,/ /,,,,0,,/ /,,,,0,0,,,,/ /,,0,,,,,,,0,,2009-08-28 00:00:00,,,OHM B 8122,book,,,,,,Documentary Artifact,,,,,"Dodd, Mead and Company",,New York,,,,,,,,,,,Shelf,,/ /,,,,,/ /,,,,,"Days of Auld Lang Syne, The",,,,,,,,,,,,0,0,0,0,0,/ /,/ /,,/ /,,,,,,,,,,2011-05-15 13:52:00,Unknown,/ /,.F.
OHM B 8302,0,,,,,,kmj,2011-05-15 00:00:00,,Osborne Homestead Museum,/ /,,Good,,,1,"Boswell, James",,0,0,,1860,,,0,Vol 1,,0,,,,,/ /,/ / : : AM,,,8: Communication Artifact,LIBRARY Case 5/Row 1,0,,/ /,,,,0,,/ /,,,,0,0,,,,/ /,,0,,,,,,,0,,2009-08-28 00:00:00,,,OHM B 8302,book,,,,,,Documentary Artifact,,,,,Derby & Jackson,,New York,,,,,,,,,,,Shelf,,/ /,,,,,/ /,,,,,"Life of Samuel Johnson, The",,,,,,,,,,,,0,0,0,0,0,/ /,/ /,,/ /,,,,,,,,,,2011-05-15 13:57:00,Unknown,/ /,.F.
OHM B 8303,0,,,,,,kmj,2011-05-15 00:00:00,,Osborne Homestead Museum,/ /,,Good,,,1,"Boswell, James",,0,0,,1860,,,0,Vol 2,,0,,,,,/ /,/ / : : AM,,,8: Communication Artifact,LIBRARY Case 5/Row 1,0,,/ /,,,,0,,/ /,,,,0,0,,,,/ /,,0,,,,,,,0,,2009-08-28 00:00:00,,,OHM B 8303,book,,,,,,Documentary Artifact,,,,,Derby & Jackson,,New York,,,,,,,,,,,Shelf,,/ /,,,,,/ /,,,,,"Life of Samuel Johnson, The",,,,,,,,,,,,0,0,0,0,0,/ /,/ /,,/ /,,,,,,,,,,2011-05-15 13:57:00,Unknown,/ /,.F.
OHM B 8304,0,,,,,,kmj,2011-05-15 00:00:00,,Osborne Homestead Museum,/ /,,Good,,,1,"Boswell, James",,0,0,,1860,,,0,Vol 3,,0,,,,,/ /,/ / : : AM,,,8: Communication Artifact,LIBRARY Case 5/Row 1,0,,/ /,,,,0,,/ /,,,,0,0,,,,/ /,,0,,,,,,,0,,2009-08-28 00:00:00,,,OHM B 8304,book,,,,,,Documentary Artifact,,,,,Derby & Jackson,,New York,,,,,,,,,,,Shelf,,/ /,,,,,/ /,,,,,"Life of Samuel Johnson, The",,,,,,,,,,,,0,0,0,0,0,/ /,/ /,,/ /,,,,,,,,,,2011-05-15 13:58:00,Unknown,/ /,.F.
OHM B 8301,0,,,,,,kmj,2011-05-15 00:00:00,,Osborne Homestead Museum,/ /,,Good,,,1,"Boswell, James",,0,0,,1860,,,0,Vol 4,,0,,,,,/ /,/ / : : AM,,,8: Communication Artifact,LIBRARY Case 5/Row 1,0,,/ /,,,,0,,/ /,,,,0,0,,,,/ /,,0,,,,,,,0,,2009-08-28 00:00:00,,,OHM B 8301,book,,,,,,Documentary Artifact,,,,,Derby & Jackson,,New York,,,,,,,,,,,Shelf,,/ /,,,,,/ /,,,,,"Life of Samuel Johnson, The",,,,,,,,,,,,0,0,0,0,0,/ /,/ /,,/ /,,,,,,,,,,2011-05-15 13:59:00,Unknown,/ /,.F.
OHM B 8103,0,,,,,,kmj,2011-05-15 00:00:00,,Osborne Homestead Museum,/ /,,Good,,,1,"Prior, James",,0,0,,1859,,,0,Vol 1,,0,,,,,/ /,/ / : : AM,,,8: Communication Artifact,LIBRARY Case 5/Row 1,0,,/ /,,,,0,,/ /,,,,0,0,,,,/ /,,0,,,,,,,0,,2009-08-28 00:00:00,,,OHM B 8103,book,,,,,,Documentary Artifact,,,,,Derby & Jackson,,New York,,,,,,,,,,,Shelf,,/ /,,,,,/ /,,,,,"Mscellaneous Works of Oliver Goldsmith, The",,,,,,,,,,,,0,0,0,0,0,/ /,/ /,,/ /,,,,,,,,,,2011-05-15 14:01:00,Unknown,/ /,.F.
OHM B 8104,0,,,,,,kmj,2011-05-15 00:00:00,,Osborne Homestead Museum,/ /,,Good,,,1,"Prior, James",,0,0,,1859,,,0,Vol 2,,0,,,,,/ /,/ / : : AM,,,8: Communication Artifact,LIBRARY Case 5/Row 1,0,,/ /,,,,0,,/ /,,,,0,0,,,,/ /,,0,,,,,,,0,,2009-08-28 00:00:00,,,OHM B 8104,book,,,,,,Documentary Artifact,,,,,Derby & Jackson,,New York,,,,,,,,,,,Shelf,,/ /,,,,,/ /,,,,,"Mscellaneous Works of Oliver Goldsmith, The",,,,,,,,,,,,0,0,0,0,0,/ /,/ /,,/ /,,,,,,,,,,2011-05-15 14:01:00,Unknown,/ /,.F.
OHM B 8107,0,,,,,,kmj,2011-05-15 00:00:00,,Osborne Homestead Museum,/ /,,Good,,,1,"Prior, James",,0,0,,1859,,,0,Vol 3,,0,,,,,/ /,/ / : : AM,,,8: Communication Artifact,LIBRARY Case 5/Row 1,0,,/ /,,,,0,,/ /,,,,0,0,,,,/ /,,0,,,,,,,0,,2009-08-28 00:00:00,,,OHM B 8107,book,,,,,,Documentary Artifact,,,,,Derby & Jackson,,New York,,,,,,,,,,,Shelf,,/ /,,,,,/ /,,,,,"Mscellaneous Works of Oliver Goldsmith, The",,,,,,,,,,,,0,0,0,0,0,/ /,/ /,,/ /,,,,,,,,,,2011-05-15 14:03:00,Unknown,/ /,.F.
OHM B 8102,0,,,,,,kmj,2011-05-15 00:00:00,,Osborne Homestead Museum,/ /,,Good,,,1,"Prior, James",,0,0,,1859,,,0,Vol 4,,0,,,,,/ /,/ / : : AM,,,8: Communication Artifact,LIBRARY Case 5/Row 1,0,,/ /,,,,0,,/ /,,,,0,0,,,,/ /,,0,,,,,,,0,,2009-08-28 00:00:00,,,OHM B 8102,book,,,,,,Documentary Artifact,,,,,Derby & Jackson,,New York,,,,,,,,,,,Shelf,,/ /,,,,,/ /,,,,,"Mscellaneous Works of Oliver Goldsmith, The",,,,,,,,,,,,0,0,0,0,0,/ /,/ /,,/ /,,,,,,,,,,2011-05-15 14:04:00,Unknown,/ /,.F.
OHM B 8110,0,,,,,,kmj,2011-05-15 00:00:00,,Osborne Homestead Museum,/ /,,Good,,,1,"Whipple, Edwin P",,0,0,,1856,,,0,Vol 1,,0,,,,,/ /,/ / : : AM,,,8: Communication Artifact,LIBRARY Case 5/Row 1,0,,/ /,,,,0,,/ /,,,,0,0,,,,/ /,,0,,,,,,,0,,2009-08-28 00:00:00,,,OHM B 8110,book,,,,,,Documentary Artifact,,,,,Ticknor and Fields,,Boston,,,,,,,,,,,Shelf,,/ /,,,,,/ /,,,,,Essays and Reviews,,,,,,,,,,,,0,0,0,0,0,/ /,/ /,,/ /,,,,,,,,,,2011-05-15 14:14:00,Unknown,/ /,.F.
OHM B 8111,0,,,,,,kmj,2011-05-15 00:00:00,,Osborne Homestead Museum,/ /,,Good,,,1,"Whipple, Edwin P",,0,0,,1856,,,0,Vol 2,,0,,,,,/ /,/ / : : AM,,,8: Communication Artifact,LIBRARY Case 5/Row 1,0,,/ /,,,,0,,/ /,,,,0,0,,,,/ /,,0,,,,,,,0,,2009-08-28 00:00:00,,,OHM B 8111,book,,,,,,Documentary Artifact,,,,,Ticknor and Fields,,Boston,,,,,,,,,,,Shelf,,/ /,,,,,/ /,,,,,Essays and Reviews,,,,,,,,,,,,0,0,0,0,0,/ /,/ /,,/ /,,,,,,,,,,2011-05-15 14:15:00,Unknown,/ /,.F.
OHM B 8106,0,,,,,,kmj,2011-05-15 00:00:00,,Osborne Homestead Museum,/ /,,Good,,,1,"Paul, Herbert",,0,0,,1901,,,0,,,0,,,,,/ /,/ / : : AM,,,8: Communication Artifact,LIBRARY Case 5/Row 1,0,,/ /,,,,0,,/ /,,,,0,0,,,,/ /,,0,,,,,,,0,,2009-08-28 00:00:00,,,OHM B 8106,book,,,,,,Documentary Artifact,,,,,"John Lane, The Bodley Head",,London/New York,,,,,,,,,,,Shelf,,/ /,,,,,/ /,,,,,Men and Letters,,,,,,,,,,,,0,0,0,0,0,/ /,/ /,,/ /,,,,,,,,,,2011-05-15 14:17:00,Unknown,/ /,.F.
OHM B 8308,0,,,,,,kmj,2011-05-15 00:00:00,,Osborne Homestead Museum,/ /,,Good,,,1,"Irving, et al",,0,0,,1885,,,0,,,0,,,,,/ /,/ / : : AM,,,8: Communication Artifact,LIBRARY Case 5/Row 1,0,,/ /,,,,0,,/ /,,,,0,0,,,,/ /,,0,,,,,,,0,,2009-08-28 00:00:00,,,OHM B 8308,book,,,,,,Documentary Artifact,,,,,G P Putnam's Sons,,London/New York,,,,,,,,,,,Shelf,,/ /,,,,,/ /,,,,,Representative Essays,,,,,,,,,,,,0,0,0,0,0,/ /,/ /,,/ /,,,,,,,,,,2011-05-15 14:20:00,Unknown,/ /,.F.
OHM B 8121,0,,,,,,kmj,2011-05-15 00:00:00,,Osborne Homestead Museum,/ /,,Good,,,1,"Willis, Nathaniel Parker",,0,0,,1854,,,0,,,0,,,,,/ /,/ / : : AM,,,8: Communication Artifact,LIBRARY Case 5/Row 1,0,,/ /,,,,0,,/ /,,,,0,0,,,,/ /,,0,,,,,,,0,,2009-08-28 00:00:00,,,OHM B 8121,book,,,,,,Documentary Artifact,,,,,"Clark, Austin and Smith",,New York,,,,,,,,,,,Shelf,,/ /,,,,,/ /,,,,,Poems by N P Willis,,,,,,,,,,,,0,0,0,0,0,/ /,/ /,,/ /,,,,,,,,,,2011-05-15 14:24:00,Unknown,/ /,.F.
OHM B 8207,0,,,,,,kmj,2011-05-15 00:00:00,,Osborne Homestead Museum,/ /,,Good,,,1,"Hayward, A",,0,0,,1879,,,0,Vol 1,,0,,,,,/ /,/ / : : AM,,,8: Communication Artifact,LIBRARY Case 5/Row 1,0,,/ /,,,,0,,/ /,,,,0,0,,,,/ /,,0,,,,,,,0,,2009-08-28 00:00:00,,,OHM B 8207,book,,,,,,Documentary Artifact,,,,,Scribner and Welford,,New York,,,,,,,,,,,Shelf,,/ /,,,,,/ /,,,,,Selected Essays,,,,,,,,,,,,0,0,0,0,0,/ /,/ /,,/ /,,,,,,,,,,2011-05-15 14:26:00,Unknown,/ /,.F.
OHM B 8108,0,,,,,,kmj,2011-05-15 00:00:00,,Osborne Homestead Museum,/ /,,Good,,,1,"Hayward, A",,0,0,,1879,,,0,Vol 2,,0,,,,,/ /,/ / : : AM,,,8: Communication Artifact,LIBRARY Case 5/Row 1,0,,/ /,,,,0,,/ /,,,,0,0,,,,/ /,,0,,,,,,,0,,2009-08-28 00:00:00,,,OHM B 8108,book,,,,,,Documentary Artifact,,,,,Scribner and Welford,,New York,,,,,,,,,,,Shelf,,/ /,,,,,/ /,,,,,Selected Essays,,,,,,,,,,,,0,0,0,0,0,/ /,/ /,,/ /,,,,,,,,,,2011-05-15 14:27:00,Unknown,/ /,.F.
OHM B 8305,0,,,,,,kmj,2011-05-15 00:00:00,,Osborne Homestead Museum,/ /,,Good,,,1,"Brown, John MD",,0,0,,1861,,,0,,,0,,,,,/ /,/ / : : AM,,,8: Communication Artifact,LIBRARY Case 5/Row 1,0,,/ /,,,,0,,/ /,,,,0,0,,,,/ /,,0,,,,,,,0,,2009-08-28 00:00:00,,,OHM B 8305,book,,,,,,Documentary Artifact,,,,,Houghton Mifflin & Co,,New York/Boston,,,,,First,,,,,,Shelf,,/ /,,,,,/ /,,,,,Spare Hours,,,,,,,,,,,,0,0,0,0,0,/ /,/ /,,/ /,,,,,,,,,,2011-05-15 14:30:00,Unknown,/ /,.F.
OHM B 8306,0,,,,,,kmj,2011-05-15 00:00:00,,Osborne Homestead Museum,/ /,,Good,,,1,"Brown, John MD",,0,0,,1897,,,0,,,0,,,,,/ /,/ / : : AM,,,8: Communication Artifact,LIBRARY Case 5/Row 1,0,,/ /,,,,0,,/ /,,,,0,0,,,,/ /,,0,,,,,,,0,,2009-08-28 00:00:00,,,OHM B 8306,book,,,,,,Documentary Artifact,,,,,Houghton Mifflin & Co,,New York/Boston,,,,,Second,,,,,,Shelf,,/ /,,,,,/ /,,,,,Spare Hours,,,,,,,,,,,,0,0,0,0,0,/ /,/ /,,/ /,,,,,,,,,,2011-05-15 14:31:00,Unknown,/ /,.F.
OHM B 8307,0,,,,,,kmj,2011-05-15 00:00:00,,Osborne Homestead Museum,/ /,,Good,,,1,"Brown, John MD",,0,0,,Unknown,,,0,,,0,,,,,/ /,/ / : : AM,,,8: Communication Artifact,LIBRARY Case 5/Row 1,0,,/ /,,,,0,,/ /,,,,0,0,,,,/ /,,0,,,,,,,0,,2009-08-28 00:00:00,,,OHM B 8307,book,,,,,,Documentary Artifact,,,,,Houghton Mifflin & Co,,New York/Boston,,,,,Third,,,,,,Shelf,,/ /,,,,,/ /,,,,,Spare Hours,,,,,,,,,,,,0,0,0,0,0,/ /,/ /,,/ /,,,,,,,,,,2011-05-15 14:34:00,Unknown,/ /,.F.
OHM B 8711,0,,,,,,kmj,2011-05-15 00:00:00,,Osborne Homestead Museum,/ /,,Good,,,1,"Earl of Derby, Edward",,0,0,,Unknown,,,0,Vol 1,,0,,,,,/ /,/ / : : AM,,,8: Communication Artifact,LIBRARY Case 5/Row 1,0,,/ /,,,,0,,/ /,,,,0,0,,,,/ /,,0,,,,,,,0,,2009-08-28 00:00:00,,,OHM B 8711,book,,,,,,Documentary Artifact,,,,,Henry T Coates & Co,,Philadelphia,,,,,,,,,,,Shelf,,/ /,,,,,/ /,,,,,"Iliad of Homer, The",,,,,,,,,,,,0,0,0,0,0,/ /,/ /,,/ /,,,,,,,,,,2011-05-15 14:41:00,Unknown,/ /,.F.
OHM B 8112,0,,,,,,kmj,2011-05-15 00:00:00,,Osborne Homestead Museum,/ /,,Good,,,1,"Earl of Derby, Edward",,0,0,,Unknown,,,0,Vol 2,,0,,,,,/ /,/ / : : AM,,,8: Communication Artifact,LIBRARY Case 5/Row 1,0,,/ /,,,,0,,/ /,,,,0,0,,,,/ /,,0,,,,,,,0,,2009-08-28 00:00:00,,,OHM B 8112,book,,,,,,Documentary Artifact,,,,,Henry T Coates & Co,,Philadelphia,,,,,,,,,,,Shelf,,/ /,,,,,/ /,,,,,"Iliad of Homer, The",,,,,,,,,,,,0,0,0,0,0,/ /,/ /,,/ /,,,,,,,,,,2011-05-15 14:43:00,Unknown,/ /,.F.
OHM B 8120,0,,,,,,kmj,2011-05-15 00:00:00,,Osborne Homestead Museum,/ /,,Good,,,1,"Goose, Edmund",,0,0,,1891,,,0,,,0,,,,,/ /,/ / : : AM,,,8: Communication Artifact,LIBRARY Case 5/Row 1,0,,/ /,,,,0,,/ /,,,,0,0,,,,/ /,,0,,,,,,,0,,2009-08-28 00:00:00,,,OHM B 8120,book,,,,,,Documentary Artifact,,,,,"Lovell, Coryell & Company",,New York,,,,,,,,,,,Shelf,,/ /,,,,,/ /,,,,,Gossip in a Library,,,,,,,,,,,,0,0,0,0,0,/ /,/ /,,/ /,,,,,,,,,,2011-05-15 14:46:00,Unknown,/ /,.F.
OHM B 8000,0,,,,,,kmj,2011-05-15 00:00:00,,Osborne Homestead Museum,/ /,,Good,,,1,"James, Henry",,0,0,,1893,,,0,,,0,,,,,/ /,/ / : : AM,,,8: Communication Artifact,LIBRARY Case 5/Row 1,0,,/ /,,,,0,,/ /,,,,0,0,,,,/ /,,0,,,,,,,0,,2009-08-28 00:00:00,,,OHM B 8000,book,,,,,,Documentary Artifact,,,,,Macmillan & Co,,New York/London,,,,,,,,,,,Shelf,,/ /,,,,,/ /,,,,,French Poets and Novelists,,,,,,,,,,,,0,0,0,0,0,/ /,/ /,,/ /,,,,,,,,,,2011-05-15 14:51:00,Unknown,/ /,.F.
OHM B 8113,0,,,,,,kmj,2011-05-15 00:00:00,,Osborne Homestead Museum,/ /,,Good,,,1,"Crothers, Samuel McChord",,0,0,,1904,,,0,,,0,,,,,/ /,/ / : : AM,,,8: Communication Artifact,LIBRARY Case 5/Row 1,0,,/ /,,,,0,,/ /,,,,0,0,,,,/ /,,0,,,,,,,0,,2009-08-28 00:00:00,,,OHM B 8113,book,,,,,,Documentary Artifact,,,,,Houghton Mifflin & Co,,New York/Boston,,,,,,,,,,,Shelf,,/ /,,,,,/ /,,,,,"Gentle Reader, The",,,,,,,,,,,,0,0,0,0,0,/ /,/ /,,/ /,,,,,,,,,,2011-05-15 14:53:00,Unknown,/ /,.F.
OHM B 8001,0,,,,,,kmj,2011-05-15 00:00:00,,Osborne Homestead Museum,/ /,,Good,,,1,"Whittier, John Greenleaf",,0,0,,1892,,,0,,,0,,,,,/ /,/ / : : AM,,,8: Communication Artifact,LIBRARY Case 5/Row 1,0,,/ /,,,,0,,/ /,,,,0,0,,,,/ /,,0,,,,,,,0,,2009-08-28 00:00:00,,,OHM B 8001,book,,,,,,Documentary Artifact,,,,,Houghton Mifflin & Co,,New York/Boston,,,,,,,,,,,Shelf,,/ /,,,,,/ /,,,,,"Complete Poetical Works of John Greenleaf Whittier, The",,,,,,,,,,,,0,0,0,0,0,/ /,/ /,,/ /,,,,,,,,,,2011-05-15 14:56:00,Unknown,/ /,.F.
OHM B 8002,0,,,,,,kmj,2011-05-15 00:00:00,,Osborne Homestead Museum,/ /,,Good,,,1,"Shelley, Percy Bysshe",,0,0,,1857,,,0,,,0,,,,,/ /,/ / : : AM,,,8: Communication Artifact,LIBRARY Case 5/Row 1,0,,/ /,,,,0,,/ /,,,,0,0,,,,/ /,,0,,,,,,,0,,2009-08-28 00:00:00,,,OHM B 8002,book,,,,,,Documentary Artifact,,,,,Willis P Hazard,,Philadelphia,,,,,,,,,,,Shelf,,/ /,,,,,/ /,,,,,"Poetical Works of Percy Bysshe Shelley, The",,,,,,,,,,,,0,0,0,0,0,/ /,/ /,,/ /,,,,,,,,,,2011-05-15 15:00:00,Unknown,/ /,.F.
OHM B 8003,0,,,,,,kmj,2011-05-15 00:00:00,,Osborne Homestead Museum,/ /,,Good,,,1,"Montgomery, James",,0,0,,1857,,,0,,,0,,,,,/ /,/ / : : AM,,,8: Communication Artifact,LIBRARY Case 5/Row 1,0,,/ /,,,,0,,/ /,,,,0,0,,,,/ /,,0,,,,,,,0,,2009-08-28 00:00:00,,,OHM B 8003,book,,,,,,Documentary Artifact,,,,,"Phillips, Sampson, and Company",,Boston,,,,,,,,,,,Shelf,,/ /,,,,,/ /,,,,,"Selected Poetical Works of James Montgomery, The",,,,,,,,,,,,0,0,0,0,0,/ /,/ /,,/ /,,,,,,,,,,2011-05-15 15:02:00,Unknown,/ /,.F.
OHM B 4811,0,,,,,,kmj,2011-05-22 00:00:00,,Osborne Homestead Museum,/ /,,Good,,,1,"Emerson, Ralph Waldo",,0,0,,1893,,,0,7,,0,,,,,/ /,/ / : : AM,,,8: Communication Artifact,LIBRARY Case 5/Row 2,0,,/ /,,,,0,,/ /,,,,0,0,,,,/ /,,0,,,,,,,0,,2009-08-28 00:00:00,,,OHM B 4811,book,,,,,,Documentary Artifact,,,,,Houghton Mifflin & Co,,Boston,,,,,Emerson's Complete Works,,,,,,Shelf,,/ /,,,,,/ /,,,,,Society and Soitude,,,,,,,,,,,,0,0,0,0,0,/ /,/ /,,/ /,,,,,,,,,,2011-05-22 12:34:00,Unknown,/ /,.F.
OHM B 4812,0,,,,,,kmj,2011-05-22 00:00:00,,Osborne Homestead Museum,/ /,,Good,,,1,"Emerson, Ralph Waldo",,0,0,,1893,,,0,6,,0,,,,,/ /,/ / : : AM,,,8: Communication Artifact,LIBRARY Case 5/Row 2,0,,/ /,,,,0,,/ /,,,,0,0,,,,/ /,,0,,,,,,,0,,2009-08-28 00:00:00,,,OHM B 4812,book,,,,,,Documentary Artifact,,,,,Houghton Mifflin & Co,,Boston,,,,,Emerson's Complete Works,,,,,,Shelf,,/ /,,,,,/ /,,,,,Conduct of Life,,,,,,,,,,,,0,0,0,0,0,/ /,/ /,,/ /,,,,,,,,,,2011-05-22 12:36:00,Unknown,/ /,.F.
OHM B 4815,0,,,,,,kmj,2011-05-22 00:00:00,,Osborne Homestead Museum,/ /,,Good,,,1,"Emerson, Ralph Waldo",,0,0,,1893,,,0,5,,0,,,,,/ /,/ / : : AM,,,8: Communication Artifact,LIBRARY Case 5/Row 2,0,,/ /,,,,0,,/ /,,,,0,0,,,,/ /,,0,,,,,,,0,,2009-08-28 00:00:00,,,OHM B 4815,book,,,,,,Documentary Artifact,,,,,Houghton Mifflin & Co,,Boston,,,,,Emerson's Complete Works,,,,,,Shelf,,/ /,,,,,/ /,,,,,English Traits,,,,,,,,,,,,0,0,0,0,0,/ /,/ /,,/ /,,,,,,,,,,2011-05-22 12:37:00,Unknown,/ /,.F.
OHM B 4814,0,,,,,,kmj,2011-05-22 00:00:00,,Osborne Homestead Museum,/ /,,Good,,,1,"Emerson, Ralph Waldo",,0,0,,1894,,,0,3,,0,,,,,/ /,/ / : : AM,,,8: Communication Artifact,LIBRARY Case 5/Row 2,0,,/ /,,,,0,,/ /,,,,0,0,,,,/ /,,0,,,,,,,0,,2009-08-28 00:00:00,,,OHM B 4814,book,,,,,,Documentary Artifact,,,,,Houghton Mifflin & Co,,Boston,,,,,Emerson's Complete Works,,,,,,Shelf,,/ /,,,,,/ /,,,,,Essays: Second Series,,,,,,,,,,,,0,0,0,0,0,/ /,/ /,,/ /,,,,,,,,,,2011-05-22 12:39:00,Unknown,/ /,.F.
OHM B 4816,0,,,,,,kmj,2011-05-22 00:00:00,,Osborne Homestead Museum,/ /,,Good,,,1,"Emerson, Ralph Waldo",,0,0,,1894,,,0,12,,0,,,,,/ /,/ / : : AM,,,8: Communication Artifact,LIBRARY Case 5/Row 2,0,,/ /,,,,0,,/ /,,,,0,0,,,,/ /,,0,,,,,,,0,,2009-08-28 00:00:00,,,OHM B 4816,book,,,,,,Documentary Artifact,,,,,Houghton Mifflin & Co,,Boston,,,,,Emerson's Complete Works,,,,,,Shelf,,/ /,,,,,/ /,,,,,Natural History of Intellect and Other Papers,,,,,,,,,,,,0,0,0,0,0,/ /,/ /,,/ /,,,,,,,,,,2011-05-22 12:42:00,Unknown,/ /,.F.
OHM B 4817,0,,,,,,kmj,2011-05-22 00:00:00,,Osborne Homestead Museum,/ /,,Good,,,1,"Emerson, Ralph Waldo",,0,0,,1893,,,0,11,,0,,,,,/ /,/ / : : AM,,,8: Communication Artifact,LIBRARY Case 5/Row 2,0,,/ /,,,,0,,/ /,,,,0,0,,,,/ /,,0,,,,,,,0,,2009-08-28 00:00:00,,,OHM B 4817,book,,,,,,Documentary Artifact,,,,,Houghton Mifflin & Co,,Boston,,,,,Emerson's Complete Works,,,,,,Shelf,,/ /,,,,,/ /,,,,,Miscellanies,,,,,,,,,,,,0,0,0,0,0,/ /,/ /,,/ /,,,,,,,,,,2011-05-22 12:46:00,Unknown,/ /,.F.
OHM B 4813,0,,,,,,kmj,2011-05-22 00:00:00,,Osborne Homestead Museum,/ /,,Good,,,1,"Emerson, Ralph Waldo",,0,0,,1892,,,0,10,,0,,,,,/ /,/ / : : AM,,,8: Communication Artifact,LIBRARY Case 5/Row 2,0,,/ /,,,,0,,/ /,,,,0,0,,,,/ /,,0,,,,,,,0,,2009-08-28 00:00:00,,,OHM B 4813,book,,,,,,Documentary Artifact,,,,,Houghton Mifflin & Co,,Boston,,,,,Emerson's Complete Works,,,,,,Shelf,,/ /,,,,,/ /,,,,,Lectures and Biographical Sketches,,,,,,,,,,,,0,0,0,0,0,/ /,/ /,,/ /,,,,,,,,,,2011-05-22 12:45:00,Unknown,/ /,.F.
OHM B 4800,0,,,,,,kmj,2011-05-22 00:00:00,,Osborne Homestead Museum,/ /,,Good,,,1,"Richter, Jean Paul Friedrich",,0,0,,1863,,,0,Vol 1,,0,,,,,/ /,/ / : : AM,,,8: Communication Artifact,LIBRARY Case 5/Row 2,0,,/ /,,,,0,,/ /,,,,0,0,,,,/ /,,0,,,,,,,0,,2009-08-28 00:00:00,,,OHM B 4800,book,,,,,,Documentary Artifact,,,,,Ticknor and Fields,,Boston,,,,,,,,,,,Shelf,,/ /,,,,,/ /,,,,,"Flower, Fruit, and Thorn Pieces, or the Married Life, Death, and Wedding of the Advocate of the Poor Firmian Stanslaus Siebenskas",,,,,,,,,,,,0,0,0,0,0,/ /,/ /,,/ /,,,,,,,,,,2011-05-22 12:49:00,Unknown,/ /,.F.
OHM B 4801,0,,,,,,kmj,2011-05-22 00:00:00,,Osborne Homestead Museum,/ /,,Good,,,1,"Richter, Jean Paul Friedrich",,0,0,,1863,,,0,Vol 2,,0,,,,,/ /,/ / : : AM,,,8: Communication Artifact,LIBRARY Case 5/Row 2,0,,/ /,,,,0,,/ /,,,,0,0,,,,/ /,,0,,,,,,,0,,2009-08-28 00:00:00,,,OHM B 4801,book,,,,,,Documentary Artifact,,,,,Ticknor and Fields,,Boston,,,,,,,,,,,Shelf,,/ /,,,,,/ /,,,,,"Flower, Fruit, and Thorn Pieces, or the Married Life, Death, and Wedding of the Advocate of the Poor Firmian Stanslaus Siebenskas",,,,,,,,,,,,0,0,0,0,0,/ /,/ /,,/ /,,,,,,,,,,2011-05-22 12:51:00,Unknown,/ /,.F.
OHM B 8309,0,,,,,,kmj,2011-05-22 00:00:00,,Osborne Homestead Museum,/ /,,Good,,,1,"Beers, Henry A (Ed)",,0,0,,1885,,,0,,,0,,,,,/ /,/ / : : AM,,,8: Communication Artifact,LIBRARY Case 5/Row 2,0,,/ /,,,,0,,/ /,,,,0,0,,,,/ /,,0,,,,,,,0,,2009-08-28 00:00:00,,,OHM B 8309,book,,,,,,Documentary Artifact,,,,,Charles Scribner's Sons,,New York,,,,,,,,,,,Shelf,,/ /,,,,,/ /,,,,,Prose Writings of Nathanie Parker Willis,,,,,,,,,,,,0,0,0,0,0,/ /,/ /,,/ /,,,,,,,,,,2011-05-22 12:59:00,Unknown,/ /,.F.
OHM B 8310,0,,,,,,kmj,2011-05-22 00:00:00,,Osborne Homestead Museum,/ /,,Good,,,1,"Holland, Lady",,0,0,,1855,,,0,Vol 1,,0,,,,,/ /,/ / : : AM,,,8: Communication Artifact,LIBRARY Case 5/Row 2,0,,/ /,,,,0,,/ /,,,,0,0,,,,/ /,,0,,,,,,,0,,2009-08-28 00:00:00,,,OHM B 8310,book,,,,,,Documentary Artifact,,,,,Harper & Brothers,,New York,,,,,,,,,,,Shelf,,/ /,,,,,/ /,,,,,Memoire of the Reverend Sydney Smith,,,,,,,,,,,,0,0,0,0,0,/ /,/ /,,/ /,,,,,,,,,,2011-05-22 13:01:00,Unknown,/ /,.F.
OHM B 8311,0,,,,,,kmj,2011-05-22 00:00:00,,Osborne Homestead Museum,/ /,,Good,,,1,"Holland, Lady",,0,0,,1855,,,0,Vol 2,,0,,,,,/ /,/ / : : AM,,,8: Communication Artifact,LIBRARY Case 5/Row 2,0,,/ /,,,,0,,/ /,,,,0,0,,,,/ /,,0,,,,,,,0,,2009-08-28 00:00:00,,,OHM B 8311,book,,,,,,Documentary Artifact,,,,,Harper & Brothers,,New York,,,,,,,,,,,Shelf,,/ /,,,,,/ /,,,,,Memoire of the Reverend Sydney Smith,,,,,,,,,,,,0,0,0,0,0,/ /,/ /,,/ /,,,,,,,,,,2011-05-22 13:02:00,Unknown,/ /,.F.
OHM B 8312,0,,,,,,kmj,2011-05-22 00:00:00,,Osborne Homestead Museum,/ /,,Good,,,1,"De Quincey, Thomas",,0,0,,1873,,,0,,,0,,,,,/ /,/ / : : AM,,,8: Communication Artifact,LIBRARY Case 5/Row 2,0,,/ /,,,,0,,/ /,,,,0,0,,,,/ /,,0,,,,,,,0,,2009-08-28 00:00:00,,,OHM B 8312,book,,,,,,Documentary Artifact,,,,,James R Osgood and Company,,Boston,,,,,,,,,,,Shelf,,/ /,,,,,/ /,,,,,"Biographical ssays, and Essays on the Poets",,,,,,,,,,,,0,0,0,0,0,/ /,/ /,,/ /,,,,,,,,,,2011-05-22 13:34:00,Unknown,/ /,.F.
OHM B 8313,0,,,,,,kmj,2011-05-22 00:00:00,,Osborne Homestead Museum,/ /,,Good,,,1,"De Quincey, Thomas",,0,0,,1873,,,0,,,0,,,,,/ /,/ / : : AM,,,8: Communication Artifact,LIBRARY Case 5/Row 2,0,,/ /,,,,0,,/ /,,,,0,0,,,,/ /,,0,,,,,,,0,,2009-08-28 00:00:00,,,OHM B 8313,book,,,,,,Documentary Artifact,,,,,James R Osgood and Company,,Boston,,,,,,,,,,,Shelf,,/ /,,,,,/ /,,,,,Historical and Critical Essays,,,,,,,,,,,,0,0,0,0,0,/ /,/ /,,/ /,,,,,,,,,,2011-05-22 13:34:00,Unknown,/ /,.F.
OHM B 8314,0,,,,,,kmj,2011-05-22 00:00:00,,Osborne Homestead Museum,/ /,,Good,,,1,"De Quincey, Thomas",,0,0,,1873,,,0,,,0,,,,,/ /,/ / : : AM,,,8: Communication Artifact,LIBRARY Case 5/Row 2,0,,/ /,,,,0,,/ /,,,,0,0,,,,/ /,,0,,,,,,,0,,2009-08-28 00:00:00,,,OHM B 8314,book,,,,,,Documentary Artifact,,,,,James R Osgood and Company,,Boston,,,,,,,,,,,Shelf,,/ /,,,,,/ /,,,,,Letters to a Young Man and Logic of a Political Economy,,,,,,,,,,,,0,0,0,0,0,/ /,/ /,,/ /,,,,,,,,,,2011-05-22 13:34:00,Unknown,/ /,.F.
OHM B 8315,0,,,,,,kmj,2011-05-22 00:00:00,,Osborne Homestead Museum,/ /,,Good,,,1,"De Quincey, Thomas",,0,0,,1873,,,0,,,0,,,,,/ /,/ / : : AM,,,8: Communication Artifact,LIBRARY Case 5/Row 2,0,,/ /,,,,0,,/ /,,,,0,0,,,,/ /,,0,,,,,,,0,,2009-08-28 00:00:00,,,OHM B 8315,book,,,,,,Documentary Artifact,,,,,James R Osgood and Company,,Boston,,,,,,,,,,,Shelf,,/ /,,,,,/ /,,,,,The Caesars and the Avenger,,,,,,,,,,,,0,0,0,0,0,/ /,/ /,,/ /,,,,,,,,,,2011-05-22 13:34:00,Unknown,/ /,.F.
OHM B 8316,0,,,,,,kmj,2011-05-22 00:00:00,,Osborne Homestead Museum,/ /,,Good,,,1,"De Quincey, Thomas",,0,0,,1873,,,0,,,0,,,,,/ /,/ / : : AM,,,8: Communication Artifact,LIBRARY Case 5/Row 2,0,,/ /,,,,0,,/ /,,,,0,0,,,,/ /,,0,,,,,,,0,,2009-08-28 00:00:00,,,OHM B 8316,book,,,,,,Documentary Artifact,,,,,James R Osgood and Company,,Boston,,,,,,,,,,,Shelf,,/ /,,,,,/ /,,,,,Essays on Philosophical Writers and Other Men of Letters,,,,,,,,,,,,0,0,0,0,0,/ /,/ /,,/ /,,,,,,,,,,2011-05-22 13:34:00,Unknown,/ /,.F.
OHM B 8317,0,,,,,,kmj,2011-05-22 00:00:00,,Osborne Homestead Museum,/ /,,Good,,,1,"De Quincey, Thomas",,0,0,,1873,,,0,,,0,,,,,/ /,/ / : : AM,,,8: Communication Artifact,LIBRARY Case 5/Row 2,0,,/ /,,,,0,,/ /,,,,0,0,,,,/ /,,0,,,,,,,0,,2009-08-28 00:00:00,,,OHM B 8317,book,,,,,,Documentary Artifact,,,,,James R Osgood and Company,,Boston,,,,,,,,,,,Shelf,,/ /,,,,,/ /,,,,,Literary Reminiscences; from the Autobiography of an English Opium-Eater,,,,,,,,,,,,0,0,0,0,0,/ /,/ /,,/ /,,,,,,,,,,2011-05-22 13:35:00,Unknown,/ /,.F.
OHM B 8318,0,,,,,,kmj,2011-05-22 00:00:00,,Osborne Homestead Museum,/ /,,Good,,,1,"De Quincey, Thomas",,0,0,,1873,,,0,,,0,,,,,/ /,/ / : : AM,,,8: Communication Artifact,LIBRARY Case 5/Row 2,0,,/ /,,,,0,,/ /,,,,0,0,,,,/ /,,0,,,,,,,0,,2009-08-28 00:00:00,,,OHM B 8318,book,,,,,,Documentary Artifact,,,,,James R Osgood and Company,,Boston,,,,,,,,,,,Shelf,,/ /,,,,,/ /,,,,,Theological Essas nd Other Papers,,,,,,,,,,,,0,0,0,0,0,/ /,/ /,,/ /,,,,,,,,,,2011-05-22 13:35:00,Unknown,/ /,.F.
OHM B 8319,0,,,,,,kmj,2011-05-22 00:00:00,,Osborne Homestead Museum,/ /,,Good,,,1,"De Quincey, Thomas",,0,0,,1873,,,0,,,0,,,,,/ /,/ / : : AM,,,8: Communication Artifact,LIBRARY Case 5/Row 2,0,,/ /,,,,0,,/ /,,,,0,0,,,,/ /,,0,,,,,,,0,,2009-08-28 00:00:00,,,OHM B 8319,book,,,,,,Documentary Artifact,,,,,James R Osgood and Company,,Boston,,,,,,,,,,,Shelf,,/ /,,,,,/ /,,,,,Confessions of an English Opium-Eater and Autobigaphic Sketches,,,,,,,,,,,,0,0,0,0,0,/ /,/ /,,/ /,,,,,,,,,,2011-05-22 13:35:00,Unknown,/ /,.F.
OHM B 8320,0,,,,,,kmj,2011-05-22 00:00:00,,Osborne Homestead Museum,/ /,,Good,,,1,"De Quincey, Thomas",,0,0,,1873,,,0,,,0,,,,,/ /,/ / : : AM,,,8: Communication Artifact,LIBRARY Case 5/Row 2,0,,/ /,,,,0,,/ /,,,,0,0,,,,/ /,,0,,,,,,,0,,2009-08-28 00:00:00,,,OHM B 8320,book,,,,,,Documentary Artifact,,,,,James R Osgood and Company,,Boston,,,,,,,,,,,Shelf,,/ /,,,,,/ /,,,,,Memorials and Other Papers,,,,,,,,,,,,0,0,0,0,0,/ /,/ /,,/ /,,,,,,,,,,2011-05-22 13:35:00,Unknown,/ /,.F.
OHM B 8321,0,,,,,,kmj,2011-05-22 00:00:00,,Osborne Homestead Museum,/ /,,Good,,,1,"De Quincey, Thomas",,0,0,,1873,,,0,,,0,,,,,/ /,/ / : : AM,,,8: Communication Artifact,LIBRARY Case 5/Row 2,0,,/ /,,,,0,,/ /,,,,0,0,,,,/ /,,0,,,,,,,0,,2009-08-28 00:00:00,,,OHM B 8321,book,,,,,,Documentary Artifact,,,,,James R Osgood and Company,,Boston,,,,,,,,,,,Shelf,,/ /,,,,,/ /,,,,,Note-Book of an English Opium-Eater and Miscellaneous Essays,,,,,,,,,,,,0,0,0,0,0,/ /,/ /,,/ /,,,,,,,,,,2011-05-22 13:37:00,Unknown,/ /,.F.
OHM B 8322,0,,,,,,kmj,2011-05-22 00:00:00,,Osborne Homestead Museum,/ /,,Good,,,1,"De Quincey, Thomas",,0,0,,1873,,,0,,,0,,,,,/ /,/ / : : AM,,,8: Communication Artifact,LIBRARY Case 5/Row 2,0,,/ /,,,,0,,/ /,,,,0,0,,,,/ /,,0,,,,,,,0,,2009-08-28 00:00:00,,,OHM B 8322,book,,,,,,Documentary Artifact,,,,,James R Osgood and Company,,Boston,,,,,,,,,,,Shelf,,/ /,,,,,/ /,,,,,Narrative nd Miscellaneous Papers,,,,,,,,,,,,0,0,0,0,0,/ /,/ /,,/ /,,,,,,,,,,2011-05-22 13:39:00,Unknown,/ /,.F.
OHM B 8803,0,,,,,,kmj,2011-05-22 00:00:00,,Osborne Homestead Museum,/ /,,Good,,,1,"Fiske, John",,0,0,,1890,,,0,,,0,,,,,/ /,/ / : : AM,,,8: Communication Artifact,LIBRARY Case 5/Row 2,0,,/ /,,,,0,,/ /,,,,0,0,,,,/ /,,0,,,,,,,0,,2009-08-28 00:00:00,,,OHM B 8803,book,,,,,,Documentary Artifact,,,,,Houghton Mifflin & Co,,Boston/New York,,,,,,,,,,,Shelf,,/ /,,,,,/ /,,,,,Civil Government in the United States Considered with Some Reference to Its Origins,,,,,,,,,,,,0,0,0,0,0,/ /,/ /,,/ /,,,,,,,,,,2011-05-22 13:42:00,Unknown,/ /,.F.
OHM B 9001,0,,,,,,kmj,2011-05-22 00:00:00,,Osborne Homestead Museum,/ /,,Good,,,1,"Chapin, Anna Alice",,0,0,,1906,,,0,,,0,,,,,/ /,/ / : : AM,,,8: Communication Artifact,LIBRARY Case 5/Row 2,0,,/ /,,,,0,,/ /,,,,0,0,,,,/ /,,0,,,,,,,0,,2009-08-28 00:00:00,,,OHM B 9001,book,,,,,,Documentary Artifact,,,,,"Dodd, Mead and Company",,New York,,,,,,,,,,,Shelf,,/ /,,,,,/ /,,,,,"History of Music, The",,,,,,,,,,,,0,0,0,0,0,/ /,/ /,,/ /,,,,,,,,,,2011-05-22 13:45:00,Unknown,/ /,.F.
OHM B 9000,0,,,,,,kmj,2011-05-22 00:00:00,,Osborne Homestead Museum,/ /,,Good,,,1,"Antsey, F",,0,0,,1898,,,0,,,0,,,,,/ /,/ / : : AM,,,8: Communication Artifact,LIBRARY Case 5/Row 2,0,,/ /,,,,0,,/ /,,,,0,0,,,,/ /,,0,,,,,,,0,,2009-08-28 00:00:00,,,OHM B 9000,book,,,,,,Documentary Artifact,,,,,Harper & Brothers,,New York/London,,,,,,,,,,,Shelf,,/ /,,,,,/ /,,,,,"Tinted Venus, The",,,,,,,,,,,,0,0,0,0,0,/ /,/ /,,/ /,,,,,,,,,,2011-05-22 13:47:00,Unknown,/ /,.F.
OHM B 7502,0,,,,,,kmj,2011-05-22 00:00:00,,Osborne Homestead Museum,/ /,,Good,,,1,"De Lamartine, Alphonse",,0,0,,1860,,,0,Vol 1,,0,,,,,/ /,/ / : : AM,,,8: Communication Artifact,LIBRARY Case 5/Row 3,0,,/ /,,,,0,,/ /,,,,0,0,,,,/ /,,0,,,,,,,0,,2009-08-28 00:00:00,,,OHM B 7502,book,,,,,,Documentary Artifact,,,,,Harper & Brothers,,New York,,,,,,,,,,,Shelf,,/ /,,,,,/ /,,,,,"History of the Girondists; or, Personal Memoires of the Patriots of the French Revolution",,,,,,,,,,,,0,0,0,0,0,/ /,/ /,,/ /,,,,,,,,,,2011-05-22 14:02:00,Unknown,/ /,.F.
OHM B 7501,0,,,,,,kmj,2011-05-22 00:00:00,,Osborne Homestead Museum,/ /,,Good,,,1,"De Lamartine, Alphonse",,0,0,,1860,,,0,Vol 2,,0,,,,,/ /,/ / : : AM,,,8: Communication Artifact,LIBRARY Case 5/Row 3,0,,/ /,,,,0,,/ /,,,,0,0,,,,/ /,,0,,,,,,,0,,2009-08-28 00:00:00,,,OHM B 7501,book,,,,,,Documentary Artifact,,,,,Harper & Brothers,,New York,,,,,,,,,,,Shelf,,/ /,,,,,/ /,,,,,"History of the Girondists; or, Personal Memoires of the Patriots of the French Revolution",,,,,,,,,,,,0,0,0,0,0,/ /,/ /,,/ /,,,,,,,,,,2011-05-22 14:03:00,Unknown,/ /,.F.
OHM B 7500,0,,,,,,kmj,2011-05-22 00:00:00,,Osborne Homestead Museum,/ /,,Good,,,1,"De Lamartine, Alphonse",,0,0,,1860,,,0,Vol 3,,0,,,,,/ /,/ / : : AM,,,8: Communication Artifact,LIBRARY Case 5/Row 3,0,,/ /,,,,0,,/ /,,,,0,0,,,,/ /,,0,,,,,,,0,,2009-08-28 00:00:00,,,OHM B 7500,book,,,,,,Documentary Artifact,,,,,Harper & Brothers,,New York,,,,,,,,,,,Shelf,,/ /,,,,,/ /,,,,,"History of the Girondists; or, Personal Memoires of the Patriots of the French Revolution",,,,,,,,,,,,0,0,0,0,0,/ /,/ /,,/ /,,,,,,,,,,2011-05-22 14:03:00,Unknown,/ /,.F.
OHM B 7504,0,,,,,,kmj,2011-05-22 00:00:00,,Osborne Homestead Museum,/ /,,Good,,,1,"Parkman, Francis",,0,0,,1895,,,0,,,0,,,,,/ /,/ / : : AM,,,8: Communication Artifact,LIBRARY Case 5/Row 3,0,,/ /,,,,0,,/ /,,,,0,0,,,,/ /,,0,,,,,,,0,,2009-08-28 00:00:00,,,OHM B 7504,book,,,,,,Documentary Artifact,,,,,"Little, Brown & Co",,Boston,,,,,,,,,,,Shelf,,/ /,,,,,/ /,,,,,"Orgon Trail Sketches of Prairie and Rocky-Mountain Life, The",,,,,,,,,,,,0,0,0,0,0,/ /,/ /,,/ /,,,,,,,,,,2011-05-22 14:02:00,Unknown,/ /,.F.
OHM B 8602,0,,,,,,kmj,2011-05-22 00:00:00,,Osborne Homestead Museum,/ /,,Good,,,1,"Creasy, E S",,0,0,,Unknown,,,0,,,0,,,,,/ /,/ / : : AM,,,8: Communication Artifact,LIBRARY Case 5/Row 3,0,,/ /,,,,0,,/ /,,,,0,0,,,,/ /,,0,,,,,,,0,,2009-08-28 00:00:00,,,OHM B 8602,book,,,,,,Documentary Artifact,,,,,A L Burt Company,,New York,,,,,,,,,,,Shelf,,/ /,,,,,/ /,,,,,Fifteen Decisve Battles of the World from Marathon to Waterloo,,,,,,,,,,,,0,0,0,0,0,/ /,/ /,,/ /,,,,,,,,,,2011-05-22 14:06:00,Unknown,/ /,.F.
OHM B 7511,0,,,,,,kmj,2011-05-22 00:00:00,,Osborne Homestead Museum,/ /,,Good,,,1,"Channing, Edward",,0,0,,1898,,,0,,,0,,,,,/ /,/ / : : AM,,,8: Communication Artifact,LIBRARY Case 5/Row 3,0,,/ /,,,,0,,/ /,,,,0,0,,,,/ /,,0,,,,,,,0,,2009-08-28 00:00:00,,,OHM B 7511,book,,,,,,Documentary Artifact,,,,,Macmillan & Co,,New York,,,,,,,,,,,Shelf,,/ /,,,,,/ /,,,,,"Students' History of the United States, A",,,,,,,,,,,,0,0,0,0,0,/ /,/ /,,/ /,,,,,,,,,,2011-05-22 14:09:00,Unknown,/ /,.F.
OHM B 8005,0,,,,,,kmj,2011-05-22 00:00:00,,Osborne Homestead Museum,/ /,,Good,,,1,"Fiske, John",,0,0,,1896,,,0,Vol 1,,0,,,,,/ /,/ / : : AM,,,8: Communication Artifact,LIBRARY Case 5/Row 3,0,,/ /,,,,0,,/ /,,,,0,0,,,,/ /,,0,,,,,,,0,,2009-08-28 00:00:00,,,OHM B 8005,book,,,,,,Documentary Artifact,,,,,Houghton Mifflin & Co,,New York/Boston,,,,,,,,,,,Shelf,,/ /,,,,,/ /,,,,,"American Revolution, The",,,,,,,,,,,,0,0,0,0,0,/ /,/ /,,/ /,,,,,,,,,,2011-05-22 14:15:00,Unknown,/ /,.F.
OHM B 8004,0,,,,,,kmj,2011-05-22 00:00:00,,Osborne Homestead Museum,/ /,,Good,,,1,"Fiske, John",,0,0,,1896,,,0,Vol 2,,0,,,,,/ /,/ / : : AM,,,8: Communication Artifact,LIBRARY Case 5/Row 3,0,,/ /,,,,0,,/ /,,,,0,0,,,,/ /,,0,,,,,,,0,,2009-08-28 00:00:00,,,OHM B 8004,book,,,,,,Documentary Artifact,,,,,Houghton Mifflin & Co,,New York/Boston,,,,,,,,,,,Shelf,,/ /,,,,,/ /,,,,,"American Revolution, The",,,,,,,,,,,,0,0,0,0,0,/ /,/ /,,/ /,,,,,,,,,,2011-05-22 14:16:00,Unknown,/ /,.F.
OHM B 8006,0,,,,,,kmj,2011-05-22 00:00:00,,Osborne Homestead Museum,/ /,,Good,,,1,"Fiske, John",,0,0,,1896,,,0,,,0,,,,,/ /,/ / : : AM,,,8: Communication Artifact,LIBRARY Case 5/Row 3,0,,/ /,,,,0,,/ /,,,,0,0,,,,/ /,,0,,,,,,,0,,2009-08-28 00:00:00,,,OHM B 8006,book,,,,,,Documentary Artifact,,,,,Houghton Mifflin & Co,,New York/Boston,,,,,,,,,,,Shelf,,/ /,,,,,/ /,,,,,Beginnings of New Englandor the Puritan Theocracy in Its Relations to Civil and Reigious Liberty,,,,,,,,,,,,0,0,0,0,0,/ /,/ /,,/ /,,,,,,,,,,2011-05-22 14:18:00,Unknown,/ /,.F.
OHM B 8007,0,,,,,,kmj,2011-05-22 00:00:00,,Osborne Homestead Museum,/ /,,Good,,,1,"Fiske, John",,0,0,,1896,,,0,,,0,,,,,/ /,/ / : : AM,,,8: Communication Artifact,LIBRARY Case 5/Row 3,0,,/ /,,,,0,,/ /,,,,0,0,,,,/ /,,0,,,,,,,0,,2009-08-28 00:00:00,,,OHM B 8007,book,,,,,,Documentary Artifact,,,,,Houghton Mifflin & Co,,New York/Boston,,,,,,,,,,,Shelf,,/ /,,,,,/ /,,,,,Critical Period of Amercan History 1783-1789,,,,,,,,,,,,0,0,0,0,0,/ /,/ /,,/ /,,,,,,,,,,2011-05-22 14:19:00,Unknown,/ /,.F.
OHM B 8008,0,,,,,,kmj,2011-05-29 00:00:00,,Osborne Homestead Museum,/ /,,Good,,,1,"Winsor, Justin",,0,0,,1895,,,0,,,0,,,,,/ /,/ / : : AM,,,8: Communication Artifact,LIBRARY Case 5/Row 3,0,,/ /,,,,0,,/ /,,,,0,0,,,,/ /,,0,,,,,,,0,,2009-08-28 00:00:00,,,OHM B 8008,book,,,,,,Documentary Artifact,,,,,Houghton Mifflin & Co,,New York/Boston,,,,,,,,,,,Shelf,,/ /,,,,,/ /,,,,,Reader's Handbook of the American Revolution,,,,,,,,,,,,0,0,0,0,0,/ /,/ /,,/ /,,,,,,,,,,2011-05-29 13:22:00,Unknown,/ /,.F.
OHM B 8011,0,,,,,,kmjs,2011-05-29 00:00:00,,Osborne Homestead Museum,/ /,,Good,"Tucked in front cover, an essay by Carolyn Wells, ""The Sense of Nonsense""",,1,"Lecky, William Edward Hartpole",,0,0,,1878,,,0,,,0,,,,,/ /,/ / : : AM,,,8: Communication Artifact,LIBRARY Case 5/Row 3,0,,/ /,,,,0,,/ /,,,,0,0,,,,/ /,,0,,,,,,,0,,2001-11-01 00:00:00,,"Not found on paper, typed book inventory",OHM B 8011,book,,,,,,Documentary Artifact,,,,,D Appleton & Co,,new york,,,,,,,1871,,,,Shelf,,/ /,,,,,/ /,,,,,American Revolution 1763-1783,,,,,,,,,,,,0,0,0,0,0,/ /,/ /,,/ /,,,,,,,,,,2011-05-29 13:27:00,Unknown,/ /,.F.
OHM B 8012,0,,,,,,kmjs,2011-05-29 00:00:00,,Osborne Homestead Museum,/ /,,Good,"Tucked in front cover, an essay by Carolyn Wells, ""The Sense of Nonsense""",,1,"Johnston, Alexander",,0,0,,1892,,,0,,,0,,,,,/ /,/ / : : AM,,,8: Communication Artifact,LIBRARY Case 5/Row 3,0,,/ /,,,,0,,/ /,,,,0,0,,,,/ /,,0,,,,,,,0,,2001-11-01 00:00:00,,"Not found on paper, typed book inventory",OHM B 8012,book,,,,,,Documentary Artifact,,,,,Henry Holt and Company,,new york,,,,,,,,,,,Shelf,,/ /,,,,,/ /,,,,,History of American Poitic,,,,,,,,,,,,0,0,0,0,0,/ /,/ /,,/ /,,,,,,,,,,2011-05-29 13:29:00,Unknown,/ /,.F.
OHM B 8013,0,,,,,,kmjs,2011-05-29 00:00:00,,Osborne Homestead Museum,/ /,,Good,"Tucked in front cover, an essay by Carolyn Wells, ""The Sense of Nonsense""",,1,"Ford, Henry Jones",,0,0,,1898,,,0,,,0,,,,,/ /,/ / : : AM,,,8: Communication Artifact,LIBRARY Case 5/Row 3,0,,/ /,,,,0,,/ /,,,,0,0,,,,/ /,,0,,,,,,,0,,2001-11-01 00:00:00,,"Not found on paper, typed book inventory",OHM B 8013,book,,,,,,Documentary Artifact,,,,,Macmillan & Co,,new york,,,,,,,,,,,Shelf,,/ /,,,,,/ /,,,,,Rise and Growth of American Politics: A Sketch of Constitutional Development,,,,,,,,,,,,0,0,0,0,0,/ /,/ /,,/ /,,,,,,,,,,2011-05-29 13:33:00,Unknown,/ /,.F.
OHM B 8014,0,,,,,,kmj,2011-05-29 00:00:00,,Osborne Homestead Museum,/ /,,Good,"Tucked in front cover, an essay by Carolyn Wells, ""The Sense of Nonsense""",,1,"Fiske, John",,0,0,,1885,,,0,,,0,,,,,/ /,/ / : : AM,,,8: Communication Artifact,LIBRARY Case 5/Row 3,0,,/ /,,,,0,,/ /,,,,0,0,,,,/ /,,0,,,,,,,0,,2001-11-01 00:00:00,,"Not found on paper, typed book inventory",OHM B 8014,book,,,,,,Documentary Artifact,,,,,Harper & Brothers,,new york,,,,,,,,,,,Shelf,,/ /,,,,,/ /,,,,,American Political Ideas,,,,,,,,,,,,0,0,0,0,0,/ /,/ /,,/ /,,,,,,,,,,2011-05-29 13:35:00,Unknown,/ /,.F.
OHM B 8015,0,,,,,,kmj,2011-05-29 00:00:00,,Osborne Homestead Museum,/ /,,Good,"Tucked in front cover, an essay by Carolyn Wells, ""The Sense of Nonsense""",,1,"Shepherd, Henry E",,0,0,,1874,,,0,,,0,,,,,/ /,/ / : : AM,,,8: Communication Artifact,LIBRARY Case 5/Row 4,0,,/ /,,,,0,,/ /,,,,0,0,,,,/ /,,0,,,,,,,0,,2001-11-01 00:00:00,,"Not found on paper, typed book inventory",OHM B 8015,book,,,,,,Documentary Artifact,,,,,E J Hale & Son,,new york,,,,,,,,,,,Shelf,,/ /,,,,,/ /,,,,,History of the English Language from the Teutonic Invasion of Britain to the Close of the Georgian era,,,,,,,,,,,,0,0,0,0,0,/ /,/ /,,/ /,,,,,,,,,,2011-05-29 13:43:00,Unknown,/ /,.F.
OHM B 8016,0,,,,,,kmj,2011-05-29 00:00:00,,Osborne Homestead Museum,/ /,,Good,"Tucked in front cover, an essay by Carolyn Wells, ""The Sense of Nonsense""",,1,"Barrie, J M",,0,0,,1918,,,0,,,0,,,,,/ /,/ / : : AM,,,8: Communication Artifact,LIBRARY Case 5/Row 4,0,,/ /,,,,0,,/ /,,,,0,0,,,,/ /,,0,,,,,,,0,,2001-11-01 00:00:00,,"Not found on paper, typed book inventory",OHM B 8016,book,,,,,,Documentary Artifact,,,,,Charles Scribner's Sons,,new york,,,,,,,,,,,Shelf,,/ /,,,,,/ /,,,,,"Admirable Crichton, The",,,,,,,,,,,,0,0,0,0,0,/ /,/ /,,/ /,,,,,,,,,,2011-05-29 13:45:00,Unknown,/ /,.F.
OHM B 8017,0,,,,,,kmj,2011-05-29 00:00:00,,Osborne Homestead Museum,/ /,,Good,"Tucked in front cover, an essay by Carolyn Wells, ""The Sense of Nonsense""",,1,"Goldsmith, Oliver",,0,0,,1895,,,0,,,0,,,,,/ /,/ / : : AM,,,8: Communication Artifact,LIBRARY Case 5/Row 4,0,,/ /,,,,0,,/ /,,,,0,0,,,,/ /,,0,,,,,,,0,,2001-11-01 00:00:00,,"Not found on paper, typed book inventory",OHM B 8017,book,,,,,,Documentary Artifact,,,,,"Dodd, Mead and Company",,new york,,,,,,,,,,,Shelf,,/ /,,,,,/ /,,,,,She Stoops to Conquer,,,,,,,,,,,,0,0,0,0,0,/ /,/ /,,/ /,,,,,,,,,,2011-05-29 13:48:00,Unknown,/ /,.F.
OHM B 8018,0,,,,,,kmj,2011-05-29 00:00:00,,Osborne Homestead Museum,/ /,,Good,"Tucked in front cover, an essay by Carolyn Wells, ""The Sense of Nonsense""",,1,"Kennedy, Charles Rann",,0,0,,1908,,,0,,,0,,,,,/ /,/ / : : AM,,,8: Communication Artifact,LIBRARY Case 5/Row 4,0,,/ /,,,,0,,/ /,,,,0,0,,,,/ /,,0,,,,,,,0,,2001-11-01 00:00:00,,"Not found on paper, typed book inventory",OHM B 8018,book,,,,,,Documentary Artifact,,,,,Harper & Brothers,,new york,,,,,,,,,,,Shelf,,/ /,,,,,/ /,,,,,"Winterfest, The",,,,,,,,,,,,0,0,0,0,0,/ /,/ /,,/ /,,,,,,,,,,2011-05-29 13:51:00,Unknown,/ /,.F.
OHM B 7010,0,,,,,,kmj,2011-05-29 00:00:00,,Osborne Homestead Museum,/ /,,Good,"Tucked in front cover, an essay by Carolyn Wells, ""The Sense of Nonsense""",,1,"Motley, John Lothrop",,0,0,,1861,,,0,Vol 1,,0,,,,,/ /,/ / : : AM,,,8: Communication Artifact,LIBRARY Case 5/Row 4,0,,/ /,,,,0,,/ /,,,,0,0,,,,/ /,,0,,,,,,,0,,2001-11-01 00:00:00,,"Not found on paper, typed book inventory",OHM B 7010,book,,,,,,Documentary Artifact,,,,,Harper & Brothers,,new york,,,,,,,,,,,Shelf,,/ /,,,,,/ /,,,,,History of the Netherlands from the Death of William the Silent to te Synod of Dort,,,,,,,,,,,,0,0,0,0,0,/ /,/ /,,/ /,,,,,,,,,,2011-05-29 14:28:00,Unknown,/ /,.F.
OHM B 7011,0,,,,,,kmj,2011-05-29 00:00:00,,Osborne Homestead Museum,/ /,,Good,"Tucked in front cover, an essay by Carolyn Wells, ""The Sense of Nonsense""",,1,"Motley, John Lothrop",,0,0,,1861,,,0,Vol 2,,0,,,,,/ /,/ / : : AM,,,8: Communication Artifact,LIBRARY Case 5/Row 4,0,,/ /,,,,0,,/ /,,,,0,0,,,,/ /,,0,,,,,,,0,,2001-11-01 00:00:00,,"Not found on paper, typed book inventory",OHM B 7011,book,,,,,,Documentary Artifact,,,,,Harper & Brothers,,new york,,,,,,,,,,,Shelf,,/ /,,,,,/ /,,,,,History of the Netherlands from the Death of William the Silent to te Synod of Dort,,,,,,,,,,,,0,0,0,0,0,/ /,/ /,,/ /,,,,,,,,,,2011-05-29 14:29:00,Unknown,/ /,.F.
OHM B 7012,0,,,,,,kmj,2011-05-29 00:00:00,,Osborne Homestead Museum,/ /,,Good,"Tucked in front cover, an essay by Carolyn Wells, ""The Sense of Nonsense""",,1,"Motley, John Lothrop",,0,0,,1861,,,0,Vol 1,,0,,,,,/ /,/ / : : AM,,,8: Communication Artifact,LIBRARY Case 5/Row 4,0,,/ /,,,,0,,/ /,,,,0,0,,,,/ /,,0,,,,,,,0,,2001-11-01 00:00:00,,"Not found on paper, typed book inventory",OHM B 7012,book,,,,,,Documentary Artifact,,,,,Harper & Brothers,,new york,,,,,,,,,,,Shelf,,/ /,,,,,/ /,,,,,History of the Dutch Republic,,,,,,,,,,,,0,0,0,0,0,/ /,/ /,,/ /,,,,,,,,,,2011-05-29 14:37:00,Unknown,/ /,.F.
OHM B 7013,0,,,,,,kmj,2011-05-29 00:00:00,,Osborne Homestead Museum,/ /,,Good,"Tucked in front cover, an essay by Carolyn Wells, ""The Sense of Nonsense""",,1,"Motley, John Lothrop",,0,0,,1861,,,0,Vol 2,,0,,,,,/ /,/ / : : AM,,,8: Communication Artifact,LIBRARY Case 5/Row 4,0,,/ /,,,,0,,/ /,,,,0,0,,,,/ /,,0,,,,,,,0,,2001-11-01 00:00:00,,"Not found on paper, typed book inventory",OHM B 7013,book,,,,,,Documentary Artifact,,,,,Harper & Brothers,,new york,,,,,,,,,,,Shelf,,/ /,,,,,/ /,,,,,History of the Dutch Republic,,,,,,,,,,,,0,0,0,0,0,/ /,/ /,,/ /,,,,,,,,,,2011-05-29 14:37:00,Unknown,/ /,.F.
OHM B 7014,0,,,,,,kmj,2011-05-29 00:00:00,,Osborne Homestead Museum,/ /,,Good,"Tucked in front cover, an essay by Carolyn Wells, ""The Sense of Nonsense""",,1,"Motley, John Lothrop",,0,0,,1861,,,0,Vol 3,,0,,,,,/ /,/ / : : AM,,,8: Communication Artifact,LIBRARY Case 5/Row 4,0,,/ /,,,,0,,/ /,,,,0,0,,,,/ /,,0,,,,,,,0,,2001-11-01 00:00:00,,"Not found on paper, typed book inventory",OHM B 7014,book,,,,,,Documentary Artifact,,,,,Harper & Brothers,,new york,,,,,,,,,,,Shelf,,/ /,,,,,/ /,,,,,History of the Dutch Republic,,,,,,,,,,,,0,0,0,0,0,/ /,/ /,,/ /,,,,,,,,,,2011-05-29 14:36:00,Unknown,/ /,.F.
OHM B 8601,0,,,,,,kmj,2011-05-29 00:00:00,,Osborne Homestead Museum,/ /,,Good,,,1,"Lecky, Wiliam Edward Hartpole",,0,0,,1877,,,0,vol 1,,0,,,,,/ /,/ / : : AM,,,8: Communication Artifact,LIBRARY Case 5/Row 5,0,,/ /,,,,0,,/ /,,,,0,0,,,,/ /,,0,,,,,,,0,,2011-05-29 00:00:00,,,OHM B 8601,book,,,,,,Documentary Artifact,,,,,D Appleton & Co,,New York,,,,,,,,,,,Shelf,,/ /,,,,,/ /,,,,,History of European Morals from Augustus to Charlemange,,,,,,,,,,,,0,0,0,0,0,/ /,/ /,,/ /,,,,,,,,,,2011-05-29 15:04:00,Unknown,/ /,.F.
OHM B 8600,0,,,,,,kmj,2011-05-29 00:00:00,,Osborne Homestead Museum,/ /,,Good,,,1,"Lecky, Wiliam Edward Hartpole",,0,0,,1877,,,0,vol 2,,0,,,,,/ /,/ / : : AM,,,8: Communication Artifact,LIBRARY Case 5/Row 5,0,,/ /,,,,0,,/ /,,,,0,0,,,,/ /,,0,,,,,,,0,,2011-05-29 00:00:00,,,OHM B 8600,book,,,,,,Documentary Artifact,,,,,D Appleton & Co,,New York,,,,,,,,,,,Shelf,,/ /,,,,,/ /,,,,,History of European Morals from Augustus to Charlemange,,,,,,,,,,,,0,0,0,0,0,/ /,/ /,,/ /,,,,,,,,,,2011-05-29 15:04:00,Unknown,/ /,.F.
OHM B 8603,0,,,,,,kmj,2011-05-29 00:00:00,,Osborne Homestead Museum,/ /,,Good,,,1,"Donnely, Ignatius",,0,0,,1882,,,0,,,0,,,,,/ /,/ / : : AM,,,8: Communication Artifact,LIBRARY Case 5/Row 5,0,,/ /,,,,0,,/ /,,,,0,0,,,,/ /,,0,,,,,,,0,,2009-08-28 00:00:00,,,OHM B 8603,book,,,,,,Documentary Artifact,,,,,Harper & Brothers,,New York,,,,,,,,,,,Shelf,,/ /,,,,,/ /,,,,,Atlantis: the Antidiuvian World,,,,,,,,,,,,0,0,0,0,0,/ /,/ /,,/ /,,,,,,,,,,2011-05-29 15:11:00,Unknown,/ /,.F.
,0,,,,,,,/ /,,,/ /,,,,,0,,,0,0,,,,,0,,,0,,,,,/ /,/ / : : AM,,,,,0,,/ /,,,,0,,/ /,,,,0,0,,,,/ /,,0,,,,,,,0,,/ /,,,Default Record,,,,,,,,,,,,,,,,,,,,,,,,,,,/ /,,,,,/ /,,,,,,,,,,,,,,,,,0,0,0,0,0,/ /,/ /,,/ /,,,,,0.0,0.0,,,,/ / : : AM,,/ /,.F.
