ACCESSNO,ACQVALUE,APPNOTES,APPRAISOR,CAPTION,CATBY,CATDATE,CLASSES,COLLECTION,CONDDATE,CONDEXAM,CONDITION,CONDNOTES,COPYRIGHT,CREATOR,CREDIT,CURVALMAX,CURVALUE,DATASET,DATE,DESCRIP,DIMNOTES,DISPVALUE,EARLYDATE,EVENT,EXHIBITNO,EXHLABEL1,EXHLABEL2,EXHLABEL3,EXHLABEL4,EXHSTART,FILMSIZE,FLAGDATE,FLAGNOTES,FLAGREASON,FRAME,FRAMENO,GPARENT,HOMELOC,IMAGENO,INSCOMP,INSDATE,INSPHONE,INSPREMIUM,INSREP,INSVALUE,INVNBY,INVNDATE,LATDEG,LATEDATE,LEGAL,LOANCOND,LOANDUE,LOANINNO,LOANNO,LOCFIELD1,LOCFIELD2,LOCFIELD3,LOCFIELD4,LOCFIELD5,LOCFIELD6,LONGDEG,MAINTCYCLE,MAINTDATE,MAINTNOTE,MEDIUM,NEGLOC,NEGNO,NOTES,OBJECTID,OBJNAME,OBJNAME2,OBJNAME3,OBJNAMES,OLDNO,ORIGCOPY,OTHERNO,OUTDATE,PARENT,PEOPLE,PLACE,POLICYNO,PRINTSIZE,PROCESS,PROVENANCE,PUBNOTES,RECAS,RECDATE,RECFROM,RELNOTES,SITE,SITENO,SLIDENO,STATUS,STATUSBY,STATUSDATE,STERMS,STUDIO,SUBJECTS,TEMPAUTHOR,TEMPBY,TEMPDATE,TEMPLOC,TEMPNOTES,TEMPREASON,TEMPUNTIL,TITLE,TLOCFIELD1,TLOCFIELD2,TLOCFIELD3,TLOCFIELD4,TLOCFIELD5,TLOCFIELD6,UDF1,UDF10,UDF11,UDF12,UDF13,UDF14,UDF15,UDF16,UDF17,UDF18,UDF19,UDF2,UDF20,UDF21,UDF22,UDF3,UDF4,UDF5,UDF6,UDF7,UDF8,UDF9,UPDATED,UPDATEDBY,VALUEDATE,WEBINCLUDE
OHM1980.0357C,0,,,,B. Badela,2012-07-27 00:00:00,,Frances Osborne Kellogg Collection,/ /,,,,,,,0,0,,2012-07-27 00:00:00,"Cylindrical glass vase acid etched leaf and stem decoration,. Initials scratched on side: DCJ, height 12"", diameter 4""",,,0,,0,,,,,/ /,,/ / : : AM,,,,,2: Building Furnishings,Ice Box Room,0,,/ /,,,,0,,/ /,0,0,,,/ /,,0,,,,,,,0,,2011-12-29 00:00:00,,,,,,OHM 1980.0357C,Vase,,,,,,,/ /,Household Accessory,,Osborne Homestead Museum,,,,,,,,,,,,,,,/ /,,,,,,/ /,,,,,vase,,,,,,,,,,,0,0,0,0,0,/ /,/ /,,/ /,,,,,,,,,,2012-07-27 14:18:00,Unknown,/ /,.F.
OHM1980.382,0,,,,,2012-07-27 00:00:00,,Frances Osborne Kellogg Collection,/ /,,,,,,,0,0,,2012-07-27 00:00:00,Brass lighter pot with round tray and wire handle ceramic lighter. Pot is round in shape with hinged top and has applied handle.,,,0,,0,,,,,/ /,,/ / : : AM,,,,,2: Building Furnishings,Library,0,,/ /,,,,0,,/ /,0,0,,,/ /,,0,,,,,,,0,,2011-12-29 00:00:00,,,,,,OHM1980.382,Cachepot,,,,,,,/ /,Household Accessory,,Osborne Homestead Museum,,,,,,,,,,,,,,,/ /,,,,,,/ /,,,,,,,,,,,,,,,,0,0,0,0,0,/ /,/ /,,/ /,,,,,,,,,,2012-07-27 14:23:00,Unknown,/ /,.F.
OHM1980.0515,0,,,,,2012-07-21 00:00:00,,Osborne Homestead Museum Collection,/ /,,,,,C. Jones,,0,0,,1919,,,,0,,0,,,,,/ /,,/ / : : AM,,,,,8: Communication Artifact,,0,,/ /,,,,0,,/ /,0,0,,,/ /,,0,,,,,,,0,,2012-07-21 00:00:00,,,,,,515,"Print, photographic",,,,,,,/ /,Documentary Artifact,,,,,,,,,,,,,,,,,/ /,,,,,,/ /,,,,,,,,,,,,,,,,0,0,0,0,0,/ /,/ /,,/ /,,,,,,,,,,2023-04-08 15:29:00,Unknown,/ /,.F.
OHM 1980.0357A,0,,,,B. Badela,2012-07-27 00:00:00,,Frances Osborne Kellogg Collection,/ /,,,,,,,0,0,,2012-07-27 00:00:00,"Semi-antique plaster figurine (over wood), polychromed. Inscribed on back of base: Burns Oates,19th century, 15"" high",,,0,,0,,,,,/ /,,/ / : : AM,,,,,8: Communication Artifact,MQ1,0,,/ /,,,,0,,/ /,0,0,,,/ /,,0,,,,,,,0,,2011-12-29 00:00:00,,,,,,OHM 1980.0357A,Figurine,,,,,,,/ /,Art,,Osborne Homestead Museum,,,,,,,,,,,,,,,/ /,,,,,,/ /,,,,,Figurine,,,,,,,,,,,0,0,0,0,0,/ /,/ /,,/ /,,,,,,,,,,2012-07-27 14:09:00,Unknown,/ /,.F.
OHM 1980.0357B,0,,,,B. Badela,2012-07-27 00:00:00,,Frances Osborne Kellogg Collection,/ /,,,,,,,0,0,,2012-07-27 00:00:00,"Plaster figurine of Mother holding Child, finished in black and ivory color, signed on base in recessed cartouche: SR, with numbers which are not legible. Simulated wood graining.",,,0,,0,,,,,/ /,,/ / : : AM,,,,,8: Communication Artifact,MQ1,0,,/ /,,,,0,,/ /,0,0,,,/ /,,0,,,,,,,0,,2011-12-29 00:00:00,,,,,,OHM 1980.0357B,Figurine,,,,,,,/ /,Art,,Osborne Homestead Museum,,,,,,,,,,,,,,,/ /,,,,,,/ /,,,,,Figurine,,,,,,,,,,,0,0,0,0,0,/ /,/ /,,/ /,,,,,,,,,,2012-07-27 14:12:00,Unknown,/ /,.F.
2022.511,0,,,Back of photo Ph-p-511,bb,/ /,,Nichols Collection,/ /,,Good,,,,,0,0,,,Photograph of Holstein Bull w/ 2 men,,,0,,0,,,,,/ /,,/ / : : AM,,,,,8: Communication Artifact,KEC File Cabinet,2,,/ /,,,,0,,/ /,0,0,,,/ /,,0,,,,,,,0,,/ /,,Photo Paper,,,,2022.511,"Print, Photographic",,,,,,Ph-p-511,/ /,Documentary Artifact,,,,,,,,,,,,,,,,,/ /,,,,,,/ /,,,,,Photograph of Holstein Bull w/ 2 men,,,,,,,,,,,0,0,0,0,0,/ /,/ /,,/ /,,,,,,,0.0,0.0,,2022-08-18 12:55:00,Unknown,/ /,.F.
2022.1,0,,,Holiday Card Joash and Frances,,2022-02-26 00:00:00,,Osborne Homestead Museum Collection,/ /,,,,,,,0,0,,,1934 holiday card of Frances with her prized bull Joash - Best Wishes for a Happy Christmas and a Bright New Year,,,0,,0,,,,,/ /,,/ / : : AM,,,,,8: Communication Artifact,KEC File Cabinet,1,,/ /,,,,0,,/ /,0,0,,,/ /,,0,,,,,,,0,,2022-02-26 00:00:00,,Paper Cardstock,,,,2022.1,"Print, Photographic",,,,,,,/ /,Documentary Artifact,,,,,,,,,,,,,,,,,/ /,,,,,,/ /,,,,,Holiday Card with Frances and Her Bull Joash,,,,,,,,,,,0,0,0,0,0,/ /,/ /,,/ /,,,,,,,,,,2022-08-18 12:13:00,Unknown,/ /,.F.
2022.519,0,,,Back of postcard,,2022-02-26 00:00:00,,Nichols Collection,/ /,,,,,,,0,0,,,"Postcard of Allamuchy Farms bull Korndyke Abbekerk, No. 34503 H.F.H.B",,,0,,0,,,,,/ /,,/ / : : AM,,,,,8: Communication Artifact,KEC File Cabinet,2,,/ /,,,,0,,/ /,0,0,,,/ /,,0,,,,,,,0,,2022-02-26 00:00:00,,Paper Cardstock,,,,2022.519,"Print, Photographic",,,,,,Ph-P-519,/ /,Documentary Artifact,,"Allamuchy, NJ",,,,,,,,,,,,,,,/ /,,,,,,/ /,,,,,Postcard of Allamuch Farms bull Korndyke Abbekerk,,,,,,,,,,,0,0,0,0,0,/ /,/ /,,/ /,,,,,,,,,,2022-08-18 12:57:00,Unknown,/ /,.F.
2022.44,0,,,Holstein bull Osborndale Tovarich Ormsby May,,2022-02-26 00:00:00,,Nichols Collection,/ /,,,,,,,0,0,,,"Holiday card of Holstein bull Osborndale Torarich Ormsby May, who was the first-prize junior yearling at Eastern States Exposition 1938. Holiday greeting: Hearty Christmas Greetings and all good wishes for the New Year Osborndale Farm. Signed Frances Osborne Kellogg",,,0,,0,,,,,/ /,,/ / : : AM,,,,,8: Communication Artifact,KEC File Cabinet,5,,/ /,,,,0,,/ /,0,0,,,/ /,,0,,,,,,,0,,2022-02-26 00:00:00,,Paper Cardstock,,,,2022.44,"Print, Photographic",,,,,,Ph-P-440,/ /,Documentary Artifact,,,,,,,,,,,,,,,,,/ /,,,,,,/ /,,,,,Holiday Card of Holstein Bull Osborndale Torarich Ormsby May,,,,,,,,,,,0,0,0,0,0,/ /,/ /,,/ /,,,,,,,,,,2022-08-18 12:45:00,Unknown,/ /,.F.
2022.439,0,,,Back of photo,,2022-02-26 00:00:00,,Nichols Collection,/ /,,,,,,,0,0,,,Photograph of Holstein bull,,,0,,0,,,,,/ /,,/ / : : AM,,,,,8: Communication Artifact,KEC File Cabinet,2,,/ /,,,,0,,/ /,0,0,,,/ /,,0,,,,,,,0,,2022-02-26 00:00:00,,Photo paper,,,,2022.439,"Print, Photographic",,,,,,Ph-P-439,/ /,Documentary Artifact,,,,,,,,,,,,,,,,,/ /,,,,,,/ /,,,,,Photograph of Holstein Bull,,,,,,,,,,,0,0,0,0,0,/ /,/ /,,/ /,,,,,,,,,,2022-08-18 12:38:00,Unknown,/ /,.F.
2022.727,0,,,,,2022-07-22 00:00:00,,Nichols Collection,/ /,,,,,,,0,0,,,Photograph of Holstein Bull,,,0,,0,,,,,/ /,,/ / : : AM,,,,,8: Communication Artifact,KEC File Cabinet,2,,/ /,,,,0,,/ /,0,0,,,/ /,,0,,,,,,,0,,2022-07-22 00:00:00,,Photo paper,,,,2022.727,"Print, Photographic",,,,,,Ph-p-727,/ /,Documentary Artifact,,,,,,,,,,,,,,,,,/ /,,,,,,/ /,,,,,Photograph of Holstein Bull,,,,,,,,,,,0,0,0,0,0,/ /,/ /,,/ /,,,,,,,,,,2022-08-18 15:55:00,Unknown,/ /,.F.
2022.459,0,,,"Montvic Lochinvar - Fred, & Male Farm Worker",Rachel Twedt,2022-07-30 00:00:00,,Nichols Collection,/ /,,,,,,,0,0,,,Montvic Lochinvar - Uncle Fred (Nichols) & Prize Cow 1950s?,,,0,,0,,,,,/ /,,/ / : : AM,,,,,8: Communication Artifact,KEC File Cabinet,2,,/ /,,,,0,,/ /,0,0,,,/ /,,0,,,,,,,0,,2022-07-30 00:00:00,,,,,,2022.459,"Print, Photographic",,,,,,ph-p-459,/ /,Documentary Artifact,,,,,,,,,,,,,,,,,/ /,,,,,,/ /,,,,,,,,,,,,,,,,0,0,0,0,0,/ /,/ /,,/ /,,,,,,,,,,2022-07-30 14:08:00,Unknown,/ /,.F.
2022.437,0,,,Montvic Lochinvar,Rachel Twedt,2022-07-30 00:00:00,,Nichols Collection,/ /,,,,,,,0,0,,,Montvic Lochinvar,,,0,,0,,,,,/ /,,/ / : : AM,,,,,8: Communication Artifact,KEC File Cabinet,2,,/ /,,,,0,,/ /,0,0,,,/ /,,0,,,,,,,0,,2022-07-30 00:00:00,,,,,,2022.437,"Print, Photographic",,,,,,ph-p-437,/ /,Documentary Artifact,,,,,,,,,,,,,,,,,/ /,,,,,,/ /,,,,,,,,,,,,,,,,0,0,0,0,0,/ /,/ /,,/ /,,,,,,,,,,2022-07-30 14:23:00,Unknown,/ /,.F.
2022.477,0,,,Montvic Lochinvar,Rachel Twedt,2022-07-30 00:00:00,,Nichols Collection,/ /,,,,,,,0,0,,,Montvic Lochinvar,,,0,,0,,,,,/ /,,/ / : : AM,,,,,8: Communication Artifact,KEC File Cabinet,2,,/ /,,,,0,,/ /,0,0,,,/ /,,0,,,,,,,0,,2022-07-30 00:00:00,,,,,,2022.477,"Print, Photographic",,,,,,ph-p-477,/ /,Documentary Artifact,,,,,,,,,,,,,,,,,/ /,,,,,,/ /,,,,,,,,,,,,,,,,0,0,0,0,0,/ /,/ /,,/ /,,,,,,,,,,2022-07-30 14:28:00,Unknown,/ /,.F.
2022.407,0,,,Back of photo,Rachel Twedt,2022-07-30 00:00:00,,Nichols Collection,/ /,,,,,,,0,0,,,Sir Piebe Inka May Fayne,,,0,,0,,,,,/ /,,/ / : : AM,,,,,8: Communication Artifact,KEC File Cabinet,2,,/ /,,,,0,,/ /,0,0,,,/ /,,0,,,,,,,0,,2022-07-30 00:00:00,,,,,,2022.407,"Print, Photographic",,,,,,ph-p-407,/ /,Documentary Artifact,,,,,,,,,,,,,,,,,/ /,,,,,,/ /,,,,,,,,,,,,,,,,0,0,0,0,0,/ /,/ /,,/ /,,,,,,,,,,2022-07-30 14:35:00,Unknown,/ /,.F.
2022.477.11,0,,,Back of photo,Rachel Twedt,2022-07-30 00:00:00,,Nichols Collection,/ /,,,,,,,0,0,,,Wis Maestro,,,0,,0,,,,,/ /,,/ / : : AM,,,,,8: Communication Artifact,KEC File Cabinet,2,,/ /,,,,0,,/ /,0,0,,,/ /,,0,,,,,,,0,,2022-07-30 00:00:00,,,,,,2022.477.11,"Print, Photographic",,,,,,ph-p-477,/ /,Documentary Artifact,,,,,,,,,,,,,,,,,/ /,,,,,,/ /,,,,,,,,,,,,,,,,0,0,0,0,0,/ /,/ /,,/ /,,,,,,,,,,2022-07-30 14:43:00,Unknown,/ /,.F.
2022.482,0,,,Sir Oliver Ormsby King,Rachel Twedt,2022-07-30 00:00:00,,Nichols Collection,/ /,,,,,,,0,0,,,Sir Oliver Ormsby King,,,0,,0,,,,,/ /,,/ / : : AM,,,,,8: Communication Artifact,KEC File Cabinet,2,,/ /,,,,0,,/ /,0,0,,,/ /,,0,,,,,,,0,,2022-07-30 00:00:00,,,,,,2022.482,"Print, Photographic",,,,,,ph-p-482,/ /,Documentary Artifact,,,,,,,,,,,,,,,,,/ /,,,,,,/ /,,,,,,,,,,,,,,,,0,0,0,0,0,/ /,/ /,,/ /,,,,,,,,,,2022-07-30 14:51:00,Unknown,/ /,.F.
2022.679,0,,,Sir Oliver Ormsby King,Rachel Twedt,2022-07-30 00:00:00,,Nichols Collection,/ /,,,,,,,0,0,,,Os. Sir Oliver Ormsby King,,,0,,0,,,,,/ /,,/ / : : AM,,,,,8: Communication Artifact,KEC Filing Cabinet,2,,/ /,,,,0,,/ /,0,0,,,/ /,,0,,,,,,,0,,2022-07-30 00:00:00,,,,,,2022.679,"Print, Photographic",,,,,,ph-p-679,/ /,Documentary Artifact,,,,,,,,,,,,,,,,,/ /,,,,,,/ /,,,,,,,,,,,,,,,,0,0,0,0,0,/ /,/ /,,/ /,,,,,,,,,,2022-07-30 15:03:00,Unknown,/ /,.F.
2022.662,0,,,Sir Bess Ormsby,Rachel Twedt,2022-07-30 00:00:00,,Nichols Collection,/ /,,,,,,,0,0,,,Sir Bess Ormsby May 2nd,,,0,,0,,,,,/ /,,/ / : : AM,,,,,8: Communication Artifact,KEC Filing Cabinet,4,,/ /,,,,0,,/ /,0,0,,,/ /,,0,,,,,,,0,,2022-07-30 00:00:00,,,,,,2022.662,"Print, Photographic",,,,,,ph-p-662,/ /,Documentary Artifact,,,,,,,,,,,,,,,,,/ /,,,,,,/ /,,,,,,,,,,,,,,,,0,0,0,0,0,/ /,/ /,,/ /,,,,,,,,,,2022-07-30 15:11:00,Unknown,/ /,.F.
2022.504,0,,,Clyde Mill Royal,Rachel Twedt,2022-07-30 00:00:00,,Nichols Collection,/ /,,,,,,,0,0,,,Clyde Mill Royal,,,0,,0,,,,,/ /,,/ / : : AM,,,,,8: Communication Artifact,KEC Filing Cabinet,2,,/ /,,,,0,,/ /,0,0,,,/ /,,0,,,,,,,0,,2022-07-30 00:00:00,,,,,,2022.504,"Print, Photographic",,,,,,ph-p-504,/ /,Documentary Artifact,,,,,,,,,,,,,,,,,/ /,,,,,,/ /,,,,,,,,,,,,,,,,0,0,0,0,0,/ /,/ /,,/ /,,,,,,,,,,2022-07-30 15:18:00,Unknown,/ /,.F.
2022.41,0,,,Osborndale Eric Roxanne Fobes,Rachel Twedt,2022-07-30 00:00:00,,Nichols Collection,/ /,,,,,,,0,0,,,Osborndale Eric Roxanne Fobes 4/17/54,,,0,,0,,,,,/ /,,/ / : : AM,,,,,8: Communication Artifact,KEC Filing Cabinet,2,,/ /,,,,0,,/ /,0,0,,,/ /,,0,,,,,,,0,,2022-07-30 00:00:00,,,,,,2022.41,"Print, Photographic",,,,,,ph-p-410,/ /,Documentary Artifact,,,,,,,,,,,,,,,,,/ /,,,,,,/ /,,,,,,,,,,,,,,,,0,0,0,0,0,/ /,/ /,,/ /,,,,,,,,,,2022-07-30 15:22:00,Unknown,/ /,.F.
2022.614,0,,,Back of photo,Rachel Twedt,2022-07-30 00:00:00,,Nichols Collection,/ /,,,,,,,0,0,,,Holstein Bull,,,0,,0,,,,,/ /,,/ / : : AM,,,,,8: Communication Artifact,KEC Filing Cabinet,2,,/ /,,,,0,,/ /,0,0,,,/ /,,0,,,,,,,0,,2022-07-30 00:00:00,,,,,,2022.614,"Print, Photographic",,,,,,ph-p-614,/ /,Documentary Artifact,,,,,,,,,,,,,,,,,/ /,,,,,,/ /,,,,,,,,,,,,,,,,0,0,0,0,0,/ /,/ /,,/ /,,,,,,,,,,2022-08-18 14:41:00,Unknown,/ /,.F.
2022.663,0,,,Holstein Bull,Rachel Twedt,2022-07-30 00:00:00,,Nichols Collection,/ /,,,,,,,0,0,,,Holstein Bull,,,0,,0,,,,,/ /,,/ / : : AM,,,,,8: Communication Artifact,KEC Filing Cabinet,1,,/ /,,,,0,,/ /,0,0,,,/ /,,0,,,,,,,0,,2022-07-30 00:00:00,,,,,,2022.663,"Print, Photographic",,,,,,ph-p-663,/ /,Documentary Artifact,,,,,,,,,,,,,,,,,/ /,,,,,,/ /,,,,,,,,,,,,,,,,0,0,0,0,0,/ /,/ /,,/ /,,,,,,,,,,2022-07-30 15:30:00,Unknown,/ /,.F.
,0,,,Back of photo,Rachel Twedt,2022-08-13 00:00:00,,Nichols Collection,/ /,,,,,,,0,0,,,Osborndale Royal Rag Apple,,,0,,0,,,,,/ /,,/ / : : AM,,,,,8: Communication Artifact,KEC Filing Cabinet,2,,/ /,,,,0,,/ /,0,0,,,/ /,,0,,,,,,,0,,2022-08-13 00:00:00,,,,,,2022.432,"Print, Photographic",,,,,,ph-p-432,/ /,Documentary Artifact,,,,,,,,,,,,,,,,,/ /,,,,,,/ /,,,,,,,,,,,,,,,,0,0,0,0,0,/ /,/ /,,/ /,,,,,,,,,,2022-08-13 14:31:00,Unknown,/ /,.F.
,0,,,Bull,Rachel Twedt,2022-08-13 00:00:00,,Nichols Collection,/ /,,,,,,,0,0,,,Bull,,,0,,0,,,,,/ /,,/ / : : AM,,,,,8: Communication Artifact,KEC Filing Cabinet,2,,/ /,,,,0,,/ /,0,0,,,/ /,,0,,,,,,,0,,2022-08-13 00:00:00,,,,,,2022.43,"Print, Photographic",,,,,,ph-p-430,/ /,Documentary Artifact,,,,,,,,,,,,,,,,,/ /,,,,,,/ /,,,,,,,,,,,,,,,,0,0,0,0,0,/ /,/ /,,/ /,,,,,,,,,,2022-08-13 14:43:00,Unknown,/ /,.F.
,0,,,Bull,Rachel Twedt,2022-08-13 00:00:00,,Nichols Collection,/ /,,,,,,,0,0,,,Bull,,,0,,0,,,,,/ /,,/ / : : AM,,,,,8: Communication Artifact,KEC File Cabinet,2,,/ /,,,,0,,/ /,0,0,,,/ /,,0,,,,,,,0,,2022-08-13 00:00:00,,,,,,2022.574,"Print, Photographic",,,,,,ph-p-574,/ /,Documentary Artifact,,,,,,,,,,,,,,,,,/ /,,,,,,/ /,,,,,,,,,,,,,,,,0,0,0,0,0,/ /,/ /,,/ /,,,,,,,,,,2022-09-16 15:18:00,Unknown,/ /,.F.
,0,,,Bull,Rachel Twedt,2022-08-13 00:00:00,,Nichols Collection,/ /,,,,,,,0,0,,,Card of Bull,,,0,,0,,,,,/ /,,/ / : : AM,,,,,8: Communication Artifact,KEC Filing Cabinet,2,,/ /,,,,0,,/ /,0,0,,,/ /,,0,,,,,,,0,,2022-08-13 00:00:00,,,,,,2022.408,"Print, Photographic",,,,,,ph-p-408,/ /,Documentary Artifact,,,,,,,,,,,,,,,,,/ /,,,,,,/ /,,,,,,,,,,,,,,,,0,0,0,0,0,/ /,/ /,,/ /,,,,,,,,,,2022-08-13 14:51:00,Unknown,/ /,.F.
,0,,,Back of photo Ph-p-532,Rachel Twedt,2022-08-13 00:00:00,,Nichols Collection,/ /,,,,,,,0,0,,,Head of bull,,,0,,0,,,,,/ /,,/ / : : AM,,,,,8: Communication Artifact,KEC Filing Cabinet,2,,/ /,,,,0,,/ /,0,0,,,/ /,,0,,,,,,,0,,2022-08-13 00:00:00,,,,,,2022.532,"Print, Photographic",,,,,,ph-p-532,/ /,Documentary Artifact,,,,,,,,,,,,,,,,,/ /,,,,,,/ /,,,,,,,,,,,,,,,,0,0,0,0,0,/ /,/ /,,/ /,,,,,,,,,,2022-08-18 12:59:00,Unknown,/ /,.F.
,0,,,Bull,Rachel Twedt,2022-08-13 00:00:00,,Nichols Collection,/ /,,,,,,,0,0,,,Bull,,,0,,0,,,,,/ /,,/ / : : AM,,,,,8: Communication Artifact,KEC Filing Cabinet,2,,/ /,,,,0,,/ /,0,0,,,/ /,,0,,,,,,,0,,2022-08-13 00:00:00,,,,,,2022.555,"Print, Photographic",,,,,,ph-p-555,/ /,Documentary Artifact,,,,,,,,,,,,,,,,,/ /,,,,,,/ /,,,,,,,,,,,,,,,,0,0,0,0,0,/ /,/ /,,/ /,,,,,,,,,,2022-08-13 15:01:00,Unknown,/ /,.F.
,0,,,Bull with man,Rachel Twedt,2022-08-13 00:00:00,,Nichols Collection,/ /,,,,,,,0,0,,,Bull with man,,,0,,0,,,,,/ /,,/ / : : AM,,,,,8: Communication Artifact,KEC Filing Cabinet,2,,/ /,,,,0,,/ /,0,0,,,/ /,,0,,,,,,,0,,2022-08-13 00:00:00,,,,,,2022.707,"Print, Photographic",,,,,,ph-p-707,/ /,Documentary Artifact,,,,,,,,,,,,,,,,,/ /,,,,,,/ /,,,,,,,,,,,,,,,,0,0,0,0,0,/ /,/ /,,/ /,,,,,,,,,,2022-08-13 15:05:00,Unknown,/ /,.F.
,0,,,Young bull,Rachel Twedt,2022-08-13 00:00:00,,Nichols Collection,/ /,,,,,,,0,0,,,Young bull,,,0,,0,,,,,/ /,,/ / : : AM,,,,,8: Communication Artifact,KEC Filing Cabinet,2,,/ /,,,,0,,/ /,0,0,,,/ /,,0,,,,,,,0,,2022-08-13 00:00:00,,,,,,2022.613,"Print, Photographic",,,,,,ph-p-613,/ /,Documentary Artifact,,,,,,,,,,,,,,,,,/ /,,,,,,/ /,,,,,,,,,,,,,,,,0,0,0,0,0,/ /,/ /,,/ /,,,,,,,,,,2022-08-13 15:09:00,Unknown,/ /,.F.
,0,,,Sir Bess Ormsby May 2nd,Rachel Twedt,2022-08-13 00:00:00,,Nichols Collection,/ /,,,,,,,0,0,,,Sir Bess Ormsby May 2nd,,,0,,0,,,,,/ /,,/ / : : AM,,,,,8: Communication Artifact,KEC Filing Cabinet,2,,/ /,,,,0,,/ /,0,0,,,/ /,,0,,,,,,,0,,2022-08-13 00:00:00,,,,,,2022.484,"Print, Photographic",,,,,,ph-p-484,/ /,Documentary Artifact,,,,,,,,,,,,,,,,,/ /,,,,,,/ /,,,,,,,,,,,,,,,,0,0,0,0,0,/ /,/ /,,/ /,,,,,,,,,,2022-08-13 15:13:00,Unknown,/ /,.F.
,0,,,Young bull,Rachel Twedt,2022-08-13 00:00:00,,Nichols Collection,/ /,,,,,,,0,0,,,Young bull,,,0,,0,,,,,/ /,,/ / : : AM,,,,,8: Communication Artifact,KEC Filing Cabinet,2,,/ /,,,,0,,/ /,0,0,,,/ /,,0,,,,,,,0,,2022-08-13 00:00:00,,,,,,2022.615,"Print, Photographic",,,,,,ph-p-615,/ /,Documentary Artifact,,,,,,,,,,,,,,,,,/ /,,,,,,/ /,,,,,,,,,,,,,,,,0,0,0,0,0,/ /,/ /,,/ /,,,,,,,,,,2022-08-13 15:19:00,Unknown,/ /,.F.
,0,,,Mrs. Kellogg with Hans Jensen and friend,Rachel Twedt,2022-08-13 00:00:00,,Osborne Homestead Museum Collection,/ /,,,,,,,0,0,,,Mrs. Kellogg with Hans Jensen and friend,,,0,,0,,,,,/ /,,/ / : : AM,,,,,8: Communication Artifact,KEC Filing Cabinet,2,,/ /,,,,0,,/ /,0,0,,,/ /,,0,,,,,,,0,,2022-08-13 00:00:00,,,,,,2022.29,"Print, Photographic",,,,,,29,/ /,Documentary Artifact,,,,,,,,,,,,,,,,,/ /,,,,,,/ /,,,,,,,,,,,,,,,,0,0,0,0,0,/ /,/ /,,/ /,,,,,,,,,,2023-04-08 15:30:00,Unknown,/ /,.F.
2022.434,0,,,King B,Rachel Twedt,2022-08-13 00:00:00,,Nichols Collection,/ /,,,,,,,0,0,,,King B,,,0,,0,,,,,/ /,,/ / : : AM,,,,,8: Communication Artifact,KEC Filing Cabinet,1,,/ /,,,,0,,/ /,0,0,,,/ /,,0,,,,,,,0,,2022-08-13 00:00:00,,,,,,2022.434,"Print, Photographic",,,,,,ph-p-434,/ /,Documentary Artifact,,,,,,,,,,,,,,,,,/ /,,,,,,/ /,,,,,,,,,,,,,,,,0,0,0,0,0,/ /,/ /,,/ /,,,,,,,,,,2022-08-18 12:26:00,Unknown,/ /,.F.
,0,,,Bull,Rachel Twedt,2022-08-13 00:00:00,,Nichols Collection,/ /,,,,,,,0,0,,,Bull,,,0,,0,,,,,/ /,,/ / : : AM,,,,,8: Communication Artifact,KEC Filing Cabinet,2,,/ /,,,,0,,/ /,0,0,,,/ /,,0,,,,,,,0,,2022-08-13 00:00:00,,,,,,2022.639,"Print, Photographic",,,,,,ph-p-639,/ /,Documentary Artifact,,,,,,,,,,,,,,,,,/ /,,,,,,/ /,,,,,,,,,,,,,,,,0,0,0,0,0,/ /,/ /,,/ /,,,,,,,,,,2022-08-13 15:31:00,Unknown,/ /,.F.
,0,,,Bull,Rachel Twedt,2022-08-13 00:00:00,,Nichols Collection,/ /,,,,,,,0,0,,,Bull,,,0,,0,,,,,/ /,,/ / : : AM,,,,,8: Communication Artifact,KEC Filing Cabinet,2,,/ /,,,,0,,/ /,0,0,,,/ /,,0,,,,,,,0,,2022-08-13 00:00:00,,,,,,2022.62,"Print, Photographic",,,,,,ph-p-620,/ /,Documentary Artifact,,,,,,,,,,,,,,,,,/ /,,,,,,/ /,,,,,,,,,,,,,,,,0,0,0,0,0,/ /,/ /,,/ /,,,,,,,,,,2022-08-13 15:40:00,Unknown,/ /,.F.
,0,,,Card with bull,Rachel Twedt,2022-08-13 00:00:00,,Nichols Collection,/ /,,,,,,,0,0,,,Card with bull,,,0,,0,,,,,/ /,,/ / : : AM,,,,,8: Communication Artifact,KEC Filing Cabinet,2,,/ /,,,,0,,/ /,0,0,,,/ /,,0,,,,,,,0,,2022-08-13 00:00:00,,,,,,2022.552,"Print, Photographic",,,,,,ph-p-552,/ /,Documentary Artifact,,,,,,,,,,,,,,,,,/ /,,,,,,/ /,,,,,,,,,,,,,,,,0,0,0,0,0,/ /,/ /,,/ /,,,,,,,,,,2022-08-13 15:45:00,Unknown,/ /,.F.
2022.687,0,,,Osborndale Quality Symbol & Hans Jensen,Matthew Bonci,2022-08-26 00:00:00,,Nichols Collection,/ /,,,,,Strohmeyer & Carpenter,,0,0,,,Photograph of Holstein bull Osbornedale Quality Symbol (SMP-VG) & herd manager Hans Jensen. pg. 18 108015.,,,0,,0,,,,,/ /,,/ / : : AM,,,,,8: Communication Artifact,KEC File Cabinet,2,,/ /,,,,0,,/ /,0,0,,,/ /,,0,,,,,,,0,,2022-08-26 00:00:00,,,,,,2022.687,"Print, Photographic",,,,,,ph-p 687,/ /,Documentary Artifact,,,,,,,,,,,,,,,,,/ /,,,,,,/ /,,,,,Osbornedale Quality Symbol,,,,,,,,,,,0,0,0,0,0,/ /,/ /,,/ /,,,,,,,,,,2022-08-26 14:38:00,Unknown,/ /,.F.
2022.728,0,,,Back of photograph Ph-p-728,Matthew Bonci,2022-08-26 00:00:00,,Nichols Collection,/ /,,,,,,,0,0,,,Holstein bull,,,0,,0,,,,,/ /,,/ / : : AM,,,,,8: Communication Artifact,KEC File Cabinet,2,,/ /,,,,0,,/ /,0,0,,,/ /,,0,,,,,,,0,,2022-08-26 00:00:00,,,,,,2022.728,"Print, Photographic",,,,,,Ph-p-728,/ /,Documentary Artifact,,,,,,,,,,,,,,,,,/ /,,,,,,/ /,,,,,Photograph of Holstein bull,,,,,,,,,,,0,0,0,0,0,/ /,/ /,,/ /,,,,,,,,,,2022-08-26 14:36:00,Unknown,/ /,.F.
2022.661,0,,,Holstein bull,Matthew Bonci,2022-08-26 00:00:00,,Nichols Collection,/ /,,,,,,,0,0,,,Holstein bull,,,0,,0,,,,,/ /,,/ / : : AM,,,,,8: Communication Artifact,KEC File Cabinet,2,,/ /,,,,0,,/ /,0,0,,,/ /,,0,,,,,,,0,,2022-08-26 00:00:00,,,,,,2022.661,"Print, Photographic",,,,,,Ph-p-661,/ /,Documentary Artifact,,,,,,,,,,,,,,,,,/ /,,,,,,/ /,,,,,Photograph of Holstein bull,,,,,,,,,,,0,0,0,0,0,/ /,/ /,,/ /,,,,,,,,,,2022-08-26 14:50:00,Unknown,/ /,.F.
2022.616,0,,,Photograph of Holstein bull,Matthew Bonci,2022-08-26 00:00:00,,Nichols Collection,/ /,,,,,Strohmeyer & Carpenter,,0,0,,,Holstein Bull. 92678,,,0,,0,,,,,/ /,,/ / : : AM,,,,,8: Communication Artifact,KEC File Cabinet,2,,/ /,,,,0,,/ /,0,0,,,/ /,,0,,,,,,,0,,2022-08-26 00:00:00,,,,,,2022.616,"Print, Photographic",,,,,,Ph-p-616,/ /,Documentary Artifact,,,,,,,,,,,,,,,,,/ /,,,,,,/ /,,,,,Photograph of Holstein bull,,,,,,,,,,,0,0,0,0,0,/ /,/ /,,/ /,,,,,,,,,,2022-08-26 15:11:00,Unknown,/ /,.F.
2022.605,0,,,Photograph of Holstein bull,Matthew Bonci,2022-08-26 00:00:00,,Nichols Collection,/ /,,,,,Strohmeyer & Carpenter,,0,0,,,Holstein bull 113434,,,0,,0,,,,,/ /,,/ / : : AM,,,,,8: Communication Artifact,KEC File Cabinet,2,,/ /,,,,0,,/ /,0,0,,,/ /,,0,,,,,,,0,,2022-08-26 00:00:00,,,,,,2022.605,"Print, Photographic",,,,,,Ph-p-605,/ /,Documentary Artifact,,,,,,,,,,,,,,,,,/ /,,,,,,/ /,,,,,Photograph of Holstein bull,,,,,,,,,,,0,0,0,0,0,/ /,/ /,,/ /,,,,,,,,,,2022-08-26 15:18:00,Unknown,/ /,.F.
2022.445,0,,,Photograph of Holstein bull,Matthew Bonci,2022-08-26 00:00:00,,Nichols Collection,/ /,,,,,,,0,0,,,Holstein bull,,,0,,0,,,,,/ /,,/ / : : AM,,,,,8: Communication Artifact,KEC File Cabinet,2,,/ /,,,,0,,/ /,0,0,,,/ /,,0,,,,,,,0,,2022-08-26 00:00:00,,,,,,2022.445,"Print, Photographic",,,,,,Ph-p-445,/ /,Documentary Artifact,,,,,,,,,,,,,,,,,/ /,,,,,,/ /,,,,,Photograph of Holstein bull,,,,,,,,,,,0,0,0,0,0,/ /,/ /,,/ /,,,,,,,,,,2022-08-26 15:37:00,Unknown,/ /,.F.
2022.496,0,,,Photograph of Holstein bull,Matthew Bonci,2022-08-26 00:00:00,,Nichols Collection,/ /,,,,,Strohmeyer & Carpenter,,0,0,,,Holstein bull 92677,,,0,,0,,,,,/ /,,/ / : : AM,,,,,8: Communication Artifact,KEC File Cabinet,2,,/ /,,,,0,,/ /,0,0,,,/ /,,0,,,,,,,0,,2022-08-26 00:00:00,,,,,,2022.496,"Print, Photographic",,,,,,Ph-p-496,/ /,Documentary Artifact,,,,,,,,,,,,,,,,,/ /,,,,,,/ /,,,,,Photograph of Holstein bull,,,,,,,,,,,0,0,0,0,0,/ /,/ /,,/ /,,,,,,,,,,2022-08-26 15:53:00,Unknown,/ /,.F.
2022.66,0,,,Holstein Bull,RTwedt,2022-08-27 00:00:00,,Nichols Collection,/ /,,,,,,,0,0,,,Bull,,,0,,0,,,,,/ /,,/ / : : AM,,,,,8: Communication Artifact,KEC File Cabinet,2,,/ /,,,,0,,/ /,0,0,,,/ /,,0,,,,,,,0,,2022-08-27 00:00:00,,,,,,2022.66,"Print, Photographic",,,,,,Ph-p-660,/ /,Documentary Artifact,,,,,,,,,,,,,,,,,/ /,,,,,,/ /,,,,,,,,,,,,,,,,0,0,0,0,0,/ /,/ /,,/ /,,,,,,,,,,2022-08-27 13:36:00,Unknown,/ /,.F.
2022.655,0,,,Holstein Bull,Rachel Twedt,2022-08-27 00:00:00,,Nichols Collection,/ /,,,,,,,0,0,,,Holstein Bull,,,0,,0,,,,,/ /,,/ / : : AM,,,,,8: Communication Artifact,KEC File Cabinet,2,,/ /,,,,0,,/ /,0,0,,,/ /,,0,,,,,,,0,,2022-08-27 00:00:00,,,,,,2022.655,"Print, Photographic",,,,,,Ph-p-655,/ /,Documentary Artifact,,,,,,,,,,,,,,,,,/ /,,,,,,/ /,,,,,,,,,,,,,,,,0,0,0,0,0,/ /,/ /,,/ /,,,,,,,,,,2022-08-27 13:41:00,Unknown,/ /,.F.
2022.733,0,,,Holstein Bull,Rachel Twedt,2022-08-27 00:00:00,,Nichols Collection,/ /,,,,,,,0,0,,,Holstein Bull,,,0,,0,,,,,/ /,,/ / : : AM,,,,,8: Communication Artifact,KEC File Cabinet,2,,/ /,,,,0,,/ /,0,0,,,/ /,,0,,,,,,,0,,2022-08-27 00:00:00,,,,,,2022.733,"Print, Photographic",,,,,,Ph-p-733,/ /,Documentary Artifact,,,,,,,,,,,,,,,,,/ /,,,,,,/ /,,,,,,,,,,,,,,,,0,0,0,0,0,/ /,/ /,,/ /,,,,,,,,,,2022-08-27 13:44:00,Unknown,/ /,.F.
2022.442,0,,,King A,Rachel Twedt,2022-08-27 00:00:00,,Nichols Collection,/ /,,,,,,,0,0,,,King A,,,0,,0,,,,,/ /,,/ / : : AM,,,,,8: Communication Artifact,KEC File Cabinet,2,,/ /,,,,0,,/ /,0,0,,,/ /,,0,,,,,,,0,,2022-08-27 00:00:00,,,,,,2022.442,"Print, Photographic",,,,,,Ph-p-442,/ /,Documentary Artifact,,,,,,,,,,,,,,,,,/ /,,,,,,/ /,,,,,,,,,,,,,,,,0,0,0,0,0,/ /,/ /,,/ /,,,,,,,,,,2022-08-27 13:48:00,Unknown,/ /,.F.
2022.67,0,,,Holstein Bull,Rachel Twedt,2022-08-27 00:00:00,,Nichols Collection,/ /,,,,,,,0,0,,,Holstein Bull,,,0,,0,,,,,/ /,,/ / : : AM,,,,,8: Communication Artifact,KEC File Cabinet,2,,/ /,,,,0,,/ /,0,0,,,/ /,,0,,,,,,,0,,2022-08-27 00:00:00,,,,,,2022.67,"Print, Photographic",,,,,,Ph-p-670,/ /,Documentary Artifact,,,,,,,,,,,,,,,,,/ /,,,,,,/ /,,,,,,,,,,,,,,,,0,0,0,0,0,/ /,/ /,,/ /,,,,,,,,,,2022-08-27 13:52:00,Unknown,/ /,.F.
2022.68,0,,,Holstein Bull,Rachel Twedt,2022-08-27 00:00:00,,Nichols Collection,/ /,,,,,,,0,0,,,Holstein Bull,,,0,,0,,,,,/ /,,/ / : : AM,,,,,8: Communication Artifact,KEC File Cabinet,2,,/ /,,,,0,,/ /,0,0,,,/ /,,0,,,,,,,0,,2022-08-27 00:00:00,,,,,,2022.68,"Print, Photographic",,,,,,Ph-p-680,/ /,Documentary Artifact,,,,,,,,,,,,,,,,,/ /,,,,,,/ /,,,,,,,,,,,,,,,,0,0,0,0,0,/ /,/ /,,/ /,,,,,,,,,,2022-08-27 13:55:00,Unknown,/ /,.F.
2022.404(2),0,,,Bull Photo Stapled to Fotopak Card,Rachel Twedt,2022-08-27 00:00:00,,Nichols Collection,/ /,,,,,,,0,0,,,Photo of Holstein Bull Stapled to Fotopak Card,,,0,,0,,,,,/ /,,/ / : : AM,,,,,8: Communication Artifact,KEC File Cabinet,1,,/ /,,,,0,,/ /,0,0,,,/ /,,0,,,,,,,0,,2022-08-27 00:00:00,,,,,,2022.404(2),"Print, Photographic",,,,,,Ph-p-404(2),/ /,Documentary Artifact,,,,,,,,,,,,,,,,,/ /,,,,,,/ /,,,,,,,,,,,,,,,,0,0,0,0,0,/ /,/ /,,/ /,,,,,,,,,,2022-08-27 14:14:00,Unknown,/ /,.F.
2022.417,0,,,Holstein Bull,Rachel Twedt,2022-08-27 00:00:00,,Nichols Collection,/ /,,,,,,,0,0,,,Holstein Bull,,,0,,0,,,,,/ /,,/ / : : AM,,,,,8: Communication Artifact,KEC File Cabinet,2,,/ /,,,,0,,/ /,0,0,,,/ /,,0,,,,,,,0,,2022-08-27 00:00:00,,,,,,2022.417,"Print, Photographic",,,,,,Ph-p-417,/ /,Documentary Artifact,,,,,,,,,,,,,,,,,/ /,,,,,,/ /,,,,,,,,,,,,,,,,0,0,0,0,0,/ /,/ /,,/ /,,,,,,,,,,2022-08-27 14:06:00,Unknown,/ /,.F.
2022.474,0,,,Holstein Bull,Rachel Twedt,2022-08-27 00:00:00,,Nichols Collection,/ /,,,,,,,0,0,,,Holstein Bull,,,0,,0,,,,,/ /,,/ / : : AM,,,,,8: Communication Artifact,KEC File Cabinet,2,,/ /,,,,0,,/ /,0,0,,,/ /,,0,,,,,,,0,,2022-08-27 00:00:00,,,,,,2022.474,"Print, Photographic",,,,,,Ph-p-474,/ /,Documentary Artifact,,,,,,,,,,,,,,,,,/ /,,,,,,/ /,,,,,,,,,,,,,,,,0,0,0,0,0,/ /,/ /,,/ /,,,,,,,,,,2022-08-27 14:12:00,Unknown,/ /,.F.
2022.473,0,,,Holstein Bull,Rachel Twedt,2022-08-27 00:00:00,,Nichols Collection,/ /,,,,,,,0,0,,,Holstein Bull,,,0,,0,,,,,/ /,,/ / : : AM,,,,,8: Communication Artifact,KEC File Cabinet,2,,/ /,,,,0,,/ /,0,0,,,/ /,,0,,,,,,,0,,2022-08-27 00:00:00,,,,,,2022.473,"Print, Photographic",,,,,,Ph-p-473,/ /,Documentary Artifact,,,,,,,,,,,,,,,,,/ /,,,,,,/ /,,,,,,,,,,,,,,,,0,0,0,0,0,/ /,/ /,,/ /,,,,,,,,,,2022-08-27 14:23:00,Unknown,/ /,.F.
2022.665,0,,,Holstein Bull,Rachel Twedt,2022-08-27 00:00:00,,Nichols Collection,/ /,,,,,,,0,0,,,Holstein Bull,,,0,,0,,,,,/ /,,/ / : : AM,,,,,8: Communication Artifact,KEC File Cabinet,2,,/ /,,,,0,,/ /,0,0,,,/ /,,0,,,,,,,0,,2022-08-27 00:00:00,,,,,,2022.665,"Print, Photographic",,,,,,Ph-p-665,/ /,Documentary Artifact,,,,,,,,,,,,,,,,,/ /,,,,,,/ /,,,,,,,,,,,,,,,,0,0,0,0,0,/ /,/ /,,/ /,,,,,,,,,,2022-08-27 14:27:00,Unknown,/ /,.F.
2022.502,0,,,Holstein Bull,Rachel Twedt,2022-08-27 00:00:00,,Nichols Collection,/ /,,,,,,,0,0,,,Holstein Bull,,,0,,0,,,,,/ /,,/ / : : AM,,,,,8: Communication Artifact,KEC File Cabinet,2,,/ /,,,,0,,/ /,0,0,,,/ /,,0,,,,,,,0,,2022-08-27 00:00:00,,,,,,2022.502,"Print, Photographic",,,,,,Ph-p-502,/ /,Documentary Artifact,,,,,,,,,,,,,,,,,/ /,,,,,,/ /,,,,,,,,,,,,,,,,0,0,0,0,0,/ /,/ /,,/ /,,,,,,,,,,2022-08-27 14:31:00,Unknown,/ /,.F.
2022.711,0,,,Holstein Bull,Rachel Twedt,2022-08-27 00:00:00,,Nichols Collection,/ /,,,,,,,0,0,,,Holstein Bull,,,0,,0,,,,,/ /,,/ / : : AM,,,,,8: Communication Artifact,KEC File Cabinet,2,,/ /,,,,0,,/ /,0,0,,,/ /,,0,,,,,,,0,,2022-08-27 00:00:00,,,,,,2022.711,"Print, Photographic",,,,,,Ph-p-711,/ /,Documentary Artifact,,,,,,,,,,,,,,,,,/ /,,,,,,/ /,,,,,,,,,,,,,,,,0,0,0,0,0,/ /,/ /,,/ /,,,,,,,,,,2022-08-27 14:35:00,Unknown,/ /,.F.
2022.525,0,,,Holstein Bull,Rachel Twedt,2022-08-27 00:00:00,,Nichols Collection,/ /,,,,,,,0,0,,,Holstein Bull,,,0,,0,,,,,/ /,,/ / : : AM,,,,,8: Communication Artifact,KEC File Cabinet,2,,/ /,,,,0,,/ /,0,0,,,/ /,,0,,,,,,,0,,2022-08-27 00:00:00,,,,,,2022.525,"Print, Photographic",,,,,,Ph-p-525,/ /,Documentary Artifact,,,,,,,,,,,,,,,,,/ /,,,,,,/ /,,,,,,,,,,,,,,,,0,0,0,0,0,/ /,/ /,,/ /,,,,,,,,,,2022-08-27 14:40:00,Unknown,/ /,.F.
2022.571,0,,,Bull with Man,Rachel Twedt,2022-08-27 00:00:00,,Nichols Collection,/ /,,,,,,,0,0,,,Bull with Man,,,0,,0,,,,,/ /,,/ / : : AM,,,,,8: Communication Artifact,KEC File Cabinet,2,,/ /,,,,0,,/ /,0,0,,,/ /,,0,,,,,,,0,,2022-08-27 00:00:00,,,,,,2022.571,"Print, Photographic",,,,,,Ph-p-571,/ /,Documentary Artifact,,,,,,,,,,,,,,,,,/ /,,,,,,/ /,,,,,,,,,,,,,,,,0,0,0,0,0,/ /,/ /,,/ /,,,,,,,,,,2022-08-27 14:55:00,Unknown,/ /,.F.
2022.724,0,,,Holstein Bull(?),Rachel Twedt,2022-08-27 00:00:00,,Nichols Collection,/ /,,,,,,,0,0,,,Holstein Bull(?),,,0,,0,,,,,/ /,,/ / : : AM,,,,,8: Communication Artifact,KEC File Cabinet,2,,/ /,,,,0,,/ /,0,0,,,/ /,,0,,,,,,,0,,2022-08-27 00:00:00,,,,,,2022.724,"Print, Photographic",,,,,,Ph-p-724,/ /,Documentary Artifact,,,,,,,,,,,,,,,,,/ /,,,,,,/ /,,,,,,,,,,,,,,,,0,0,0,0,0,/ /,/ /,,/ /,,,,,,,,,,2022-08-27 15:01:00,Unknown,/ /,.F.
2022.495,0,,,Holstein Bull,Rachel Twedt,2022-08-27 00:00:00,,Nichols Collection,/ /,,,,,,,0,0,,,Holstein Bull,,,0,,0,,,,,/ /,,/ / : : AM,,,,,8: Communication Artifact,KEC File Cabinet,2,,/ /,,,,0,,/ /,0,0,,,/ /,,0,,,,,,,0,,2022-08-27 00:00:00,,,,,,2022.495,"Print, Photographic",,,,,,Ph-p-495,/ /,Documentary Artifact,,,,,,,,,,,,,,,,,/ /,,,,,,/ /,,,,,,,,,,,,,,,,0,0,0,0,0,/ /,/ /,,/ /,,,,,,,,,,2022-08-27 15:12:00,Unknown,/ /,.F.
2022.468,0,,,Uncle Fred and Farm Men,Rachel Twedt,2022-08-27 00:00:00,,Nichols Collection,/ /,,,,,,,0,0,,,Uncle Fred (Left Front) and Farm Men,,,0,,0,,,,,/ /,,/ / : : AM,,,,,8: Communication Artifact,KEC File Cabinet,2,,/ /,,,,0,,/ /,0,0,,,/ /,,0,,,,,,,0,,2022-08-27 00:00:00,,,,,,2022.468,"Print, Photographic",,,,,,Ph-p-468,/ /,Documentary Artifact,,,,,,,,,,,,,,,,,/ /,,,,,,/ /,,,,,,,,,,,,,,,,0,0,0,0,0,/ /,/ /,,/ /,,,,,,,,,,2022-08-27 15:20:00,Unknown,/ /,.F.
2022.503,0,,,Holstein Bull,Rachel Twedt,2022-08-27 00:00:00,,Nichols Collection,/ /,,,,,,,0,0,,,Holstein Bull,,,0,,0,,,,,/ /,,/ / : : AM,,,,,8: Communication Artifact,KEC File Cabinet,2,,/ /,,,,0,,/ /,0,0,,,/ /,,0,,,,,,,0,,2022-08-27 00:00:00,,,,,,2022.503,"Print, Photographic",,,,,,Ph-p-503,/ /,Documentary Artifact,,,,,,,,,,,,,,,,,/ /,,,,,,/ /,,,,,,,,,,,,,,,,0,0,0,0,0,/ /,/ /,,/ /,,,,,,,,,,2022-08-27 15:24:00,Unknown,/ /,.F.
2022.641,0,,,photograph of holstien bull and one man,M Bonci,2022-09-09 00:00:00,,Nichols Collection,/ /,,,,,H. A. Strohmeyer Jr.,,0,0,,,Photograph of Holstein bull and one man.,,,0,,0,,,,,/ /,,/ / : : AM,,,,,8: Communication Artifact,KEC File Cabinet,2,,/ /,,,,0,,/ /,0,0,,,/ /,,0,,,,,,,0,,2022-09-09 00:00:00,,,,,,2022.641,"Print, Photographic",,,,,,Ph-p-641,/ /,Documentary Artifact,,,,,,,,,,,,,,,,,/ /,,,,,,/ /,,,,,,,,,,,,,,,,0,0,0,0,0,/ /,/ /,,/ /,,,,,,,,,,2022-09-30 15:39:00,Unknown,/ /,.F.
2022.617,0,,,Back of photograph Ph-p-617,M Bonci,2022-09-09 00:00:00,,Nichols Collection,/ /,,,,,Strohmeyer & Carpenter,,0,0,,,Holstein bull,,,0,,0,,,,,/ /,,/ / : : AM,,,,,8: Communication Artifact,KEC File Cabinet,2,,/ /,,,,0,,/ /,0,0,,,/ /,,0,,,,,,,0,,2022-09-09 00:00:00,,,,,,2022.617,"Print, Photographic",,,,,,Ph-p-617,/ /,Documentary Artifact,,,,,,,,,,,,,,,,,/ /,,,,,,/ /,,,,,,,,,,,,,,,,0,0,0,0,0,/ /,/ /,,/ /,,,,,,,,,,2022-11-09 13:01:00,Unknown,/ /,.F.
2022.551,0,,,Photograph of Holstein bull and one man,M Bonci,2022-09-09 00:00:00,,Nichols Collection,/ /,,,,,Strohmeyer & Carpenter,,0,0,,,Holstein bull,,,0,,0,,,,,/ /,,/ / : : AM,,,,,8: Communication Artifact,,2,,/ /,,,,0,,/ /,0,0,,,/ /,,0,,,,,,,0,,2022-09-09 00:00:00,,,,,,2022.551,"Print, Photographic",,,,,,Ph-p-551,/ /,Documentary Artifact,,,,,,,,,,,,,,,,,/ /,,,,,,/ /,,,,,Photograph of Holstein bull and one man,,,,,,,,,,,0,0,0,0,0,/ /,/ /,,/ /,,,,,,,,,,2022-09-09 11:53:00,Unknown,/ /,.F.
2022.657,0,,,Photograph of Holstein bull and one man,M Bonci,2022-09-09 00:00:00,,Nichols Collection,/ /,,,,,Strohmeyer & Carpenter,,0,0,,,Holstein bull with one man,,,0,,0,,,,,/ /,,/ / : : AM,,,,,8: Communication Artifact,KEC File Cabinet,2,,/ /,,,,0,,/ /,0,0,,,/ /,,0,,,,,,,0,,2022-09-09 00:00:00,,,,,,2022.657,"Print, Photographic",,,,,,Ph-p-657,/ /,Documentary Artifact,,,,,,,,,,,,,,,,,/ /,,,,,,/ /,,,,,Photograph of Holstein bull with one man,,,,,,,,,,,0,0,0,0,0,/ /,/ /,,/ /,,,,,,,,,,2022-09-09 12:07:00,Unknown,/ /,.F.
2022.554,0,,,Back of photograph,M Bonci,2022-09-09 00:00:00,,Nichols Collection,/ /,,,,,Strohmeyer & Carpenter,,0,0,,,Holstein bull,,,0,,0,,,,,/ /,,/ / : : AM,,,,,8: Communication Artifact,KEC File Cabinet,2,,/ /,,,,0,,/ /,0,0,,,/ /,,0,,,,,,,0,,2022-09-09 00:00:00,,,,,,2022.554,"Print, Photographic",,,,,,Ph-p-554,/ /,Documentary Artifact,,,,,,,,,,,,,,,,,/ /,,,,,,/ /,,,,,Photograph of Holstein bull,,,,,,,,,,,0,0,0,0,0,/ /,/ /,,/ /,,,,,,,,,,2022-09-09 12:18:00,Unknown,/ /,.F.
2022.58,0,,,Photograph of Holstein bull,M Bonci,2022-09-09 00:00:00,,Nichols Collection,/ /,,,,,H. A. Strohmeyer Jr.,,0,0,,,Holstein bull,,,0,,0,,,,,/ /,,/ / : : AM,,,,,8: Communication Artifact,KEC File Cabinet,2,,/ /,,,,0,,/ /,0,0,,,/ /,,0,,,,,,,0,,2022-09-09 00:00:00,,,,,,2022.58,"Print, Photographic",,,,,,Ph-p-580,/ /,Documentary Artifact,,,,,,,,,,,,,,,,,/ /,,,,,,/ /,,,,,Photograph of Holstein Bull,,,,,,,,,,,0,0,0,0,0,/ /,/ /,,/ /,,,,,,,,,,2022-09-09 12:39:00,Unknown,/ /,.F.
2022.535,0,,,Back of photograph,M Bonci,2022-09-09 00:00:00,,Nichols Collection,/ /,,,,,Strohmeyer & Carpenter,,0,0,,,Holstein bull,,,0,,0,,,,,/ /,,/ / : : AM,,,,,8: Communication Artifact,KEC File Cabinet,2,,/ /,,,,0,,/ /,0,0,,,/ /,,0,,,,,,,0,,2022-09-09 00:00:00,,,,,,2022.535,"Print, Photographic",,,,,,Ph-p-535,/ /,Documentary Artifact,,,,,,,,,,,,,,,,,/ /,,,,,,/ /,,,,,Photogaph of Holstein bull,,,,,,,,,,,0,0,0,0,0,/ /,/ /,,/ /,,,,,,,,,,2022-09-09 12:52:00,Unknown,/ /,.F.
2022.487,0,,,"Holstein Bull, Springfield 1925",RTwedt,2022-09-10 00:00:00,,Nichols Collection,/ /,,,,,,,0,0,,,"KPOP 36 (Holstein bull), Springfield 1925",,,0,,0,,,,,/ /,,/ / : : AM,,,,,8: Communication Artifact,KEC File Cabinet,2,,/ /,,,,0,,/ /,0,0,,,/ /,,0,,,,,,,0,,2022-09-10 00:00:00,,,,,,2022.487,"Print, Photographic",,,,,,Ph-p-487,/ /,Documentary Artifact,,,,,,,,,,,,,,,,,/ /,,,,,,/ /,,,,,,,,,,,,,,,,0,0,0,0,0,/ /,/ /,,/ /,,,,,,,,,,2022-09-10 13:22:00,Unknown,/ /,.F.
2022.597,0,,,Prince Sylvius Ladoga,Rachel Twedt,2022-09-10 00:00:00,,Nichols Collection,/ /,,,,,,,0,0,,,"Prince Sylvius Ladoga, May 15, 1922",,,0,,0,,,,,/ /,,/ / : : AM,,,,,8: Communication Artifact,KEC File Cabinet,2,,/ /,,,,0,,/ /,0,0,,,/ /,,0,,,,,,,0,,2022-09-10 00:00:00,,,,,,2022.597,"Print, Photographic",,,,,,Ph-p-597,/ /,Documentary Artifact,,,,,,,,,,,,,,,,,/ /,,,,,,/ /,,,,,,,,,,,,,,,,0,0,0,0,0,/ /,/ /,,/ /,,,,,,,,,,2022-09-10 13:27:00,Unknown,/ /,.F.
2022.599,0,,,"Paul Pontiac Posch, September 17, 1925",Rachel Twedt,2022-09-10 00:00:00,,Nichols Collection,/ /,,,,,,,0,0,,,"Paul Pontiac Posch, September 17, 1925",,,0,,0,,,,,/ /,,/ / : : AM,,,,,8: Communication Artifact,KEC File Cabinet,2,,/ /,,,,0,,/ /,0,0,,,/ /,,0,,,,,,,0,,2022-09-10 00:00:00,,,,,,2022.599,"Print, Photographic",,,,,,Ph-p-599,/ /,Documentary Artifact,,,,,,,,,,,,,,,,,/ /,,,,,,/ /,,,,,,,,,,,,,,,,0,0,0,0,0,/ /,/ /,,/ /,,,,,,,,,,2022-09-10 13:31:00,Unknown,/ /,.F.
2022.547,0,,,Holstein Bull,Rachel Twedt,2022-09-10 00:00:00,,Nichols Collection,/ /,,,,,,,0,0,,,Holstein Bull,,,0,,0,,,,,/ /,,/ / : : AM,,,,,8: Communication Artifact,KEC File Cabinet,2,,/ /,,,,0,,/ /,0,0,,,/ /,,0,,,,,,,0,,2022-09-10 00:00:00,,,,,,2022.547,"Print, Photographic",,,,,,Ph-p-547,/ /,Documentary Artifact,,,,,,,,,,,,,,,,,/ /,,,,,,/ /,,,,,,,,,,,,,,,,0,0,0,0,0,/ /,/ /,,/ /,,,,,,,,,,2022-09-10 13:34:00,Unknown,/ /,.F.
2022.546,0,,,Holstein Bull,Rachel Twedt,2022-09-10 00:00:00,,Nichols Collection,/ /,,,,,,,0,0,,,Holstein Bull,,,0,,0,,,,,/ /,,/ / : : AM,,,,,8: Communication Artifact,KEC File Cabinet,2,,/ /,,,,0,,/ /,0,0,,,/ /,,0,,,,,,,0,,2022-09-10 00:00:00,,,,,,2022.546,"Print, Photographic",,,,,,Ph-p-546,/ /,Documentary Artifact,,,,,,,,,,,,,,,,,/ /,,,,,,/ /,,,,,,,,,,,,,,,,0,0,0,0,0,/ /,/ /,,/ /,,,,,,,,,,2022-09-10 13:38:00,Unknown,/ /,.F.
2022.533,0,,,Holstein Bull,Rachel Twedt,2022-09-10 00:00:00,,Nichols Collection,/ /,,,,,,,0,0,,,Holstein Bull,,,0,,0,,,,,/ /,,/ / : : AM,,,,,8: Communication Artifact,KEC File Cabinet,2,,/ /,,,,0,,/ /,0,0,,,/ /,,0,,,,,,,0,,2022-09-10 00:00:00,,,,,,2022.533,"Print, Photographic",,,,,,Ph-p-533,/ /,Documentary Artifact,,,,,,,,,,,,,,,,,/ /,,,,,,/ /,,,,,,,,,,,,,,,,0,0,0,0,0,/ /,/ /,,/ /,,,,,,,,,,2022-09-10 13:41:00,Unknown,/ /,.F.
2022.534,0,,,Holstein Bull,Rachel Twedt,2022-09-10 00:00:00,,Nichols Collection,/ /,,,,,,,0,0,,,Holstein Bull,,,0,,0,,,,,/ /,,/ / : : AM,,,,,8: Communication Artifact,KEC File Cabinet,2,,/ /,,,,0,,/ /,0,0,,,/ /,,0,,,,,,,0,,2022-09-10 00:00:00,,,,,,2022.534,"Print, Photographic",,,,,,Ph-p-534,/ /,Documentary Artifact,,,,,,,,,,,,,,,,,/ /,,,,,,/ /,,,,,,,,,,,,,,,,0,0,0,0,0,/ /,/ /,,/ /,,,,,,,,,,2022-09-10 13:44:00,Unknown,/ /,.F.
2022.489,0,,,Holstein Bull,Rachel Twedt,2022-09-10 00:00:00,,Nichols Collection,/ /,,,,,,,0,0,,,Holstein Bull,,,0,,0,,,,,/ /,,/ / : : AM,,,,,8: Communication Artifact,KEC File Cabinet,2,,/ /,,,,0,,/ /,0,0,,,/ /,,0,,,,,,,0,,2022-09-10 00:00:00,,,,,,2022.489,"Print, Photographic",,,,,,Ph-p-489,/ /,Documentary Artifact,,,,,,,,,,,,,,,,,/ /,,,,,,/ /,,,,,,,,,,,,,,,,0,0,0,0,0,/ /,/ /,,/ /,,,,,,,,,,2022-09-10 13:49:00,Unknown,/ /,.F.
2022.545,0,,,Holstein Bull,Rachel Twedt,2022-09-10 00:00:00,,Nichols Collection,/ /,,,,,,,0,0,,,Holstein Bull,,,0,,0,,,,,/ /,,/ / : : AM,,,,,8: Communication Artifact,KEC File Cabinet,2,,/ /,,,,0,,/ /,0,0,,,/ /,,0,,,,,,,0,,2022-09-10 00:00:00,,,,,,2022.545,"Print, Photographic",,,,,,Ph-p-545,/ /,Documentary Artifact,,,,,,,,,,,,,,,,,/ /,,,,,,/ /,,,,,,,,,,,,,,,,0,0,0,0,0,/ /,/ /,,/ /,,,,,,,,,,2022-09-10 13:53:00,Unknown,/ /,.F.
2022.649,0,,,Holstein Bull,Rachel Twedt,2022-09-10 00:00:00,,Nichols Collection,/ /,,,,,,,0,0,,,Holstein Bull,,,0,,0,,,,,/ /,,/ / : : AM,,,,,8: Communication Artifact,KEC File Cabinet,2,,/ /,,,,0,,/ /,0,0,,,/ /,,0,,,,,,,0,,2022-09-10 00:00:00,,,,,,2022.649,"Print, Photographic",,,,,,Ph-p-649,/ /,Documentary Artifact,,,,,,,,,,,,,,,,,/ /,,,,,,/ /,,,,,,,,,,,,,,,,0,0,0,0,0,/ /,/ /,,/ /,,,,,,,,,,2022-09-10 13:56:00,Unknown,/ /,.F.
2022.636,0,,,Holstein Bull,Rachel Twedt,2022-09-10 00:00:00,,Nichols Collection,/ /,,,,,,,0,0,,,Holstein Bull,,,0,,0,,,,,/ /,,/ / : : AM,,,,,8: Communication Artifact,KEC File Cabinet,2,,/ /,,,,0,,/ /,0,0,,,/ /,,0,,,,,,,0,,2022-09-10 00:00:00,,,,,,2022.636,"Print, Photographic",,,,,,Ph-p-636,/ /,Documentary Artifact,,,,,,,,,,,,,,,,,/ /,,,,,,/ /,,,,,,,,,,,,,,,,0,0,0,0,0,/ /,/ /,,/ /,,,,,,,,,,2022-09-10 14:00:00,Unknown,/ /,.F.
2022.623,0,,,Holstein Bull,Rachel Twedt,2022-09-10 00:00:00,,Nichols Collection,/ /,,,,,,,0,0,,,Holstein Bull,,,0,,0,,,,,/ /,,/ / : : AM,,,,,8: Communication Artifact,KEC File Cabinet,2,,/ /,,,,0,,/ /,0,0,,,/ /,,0,,,,,,,0,,2022-09-10 00:00:00,,,,,,2022.623,"Print, Photographic",,,,,,Ph-p-623,/ /,Documentary Artifact,,,,,,,,,,,,,,,,,/ /,,,,,,/ /,,,,,,,,,,,,,,,,0,0,0,0,0,/ /,/ /,,/ /,,,,,,,,,,2022-09-10 14:04:00,Unknown,/ /,.F.
2022.476,0,,,Holstein Bull,Rachel Twedt,2022-09-10 00:00:00,,Nichols Collection,/ /,,,,,,,0,0,,,Holstein Bull,,,0,,0,,,,,/ /,,/ / : : AM,,,,,8: Communication Artifact,KEC File Cabinet,2,,/ /,,,,0,,/ /,0,0,,,/ /,,0,,,,,,,0,,2022-09-10 00:00:00,,,,,,2022.476,"Print, Photographic",,,,,,Ph-p-476,/ /,Documentary Artifact,,,,,,,,,,,,,,,,,/ /,,,,,,/ /,,,,,,,,,,,,,,,,0,0,0,0,0,/ /,/ /,,/ /,,,,,,,,,,2022-09-10 14:08:00,Unknown,/ /,.F.
2022.565,0,,,Osborndale Olive May,Rachel Twedt,2022-09-10 00:00:00,,Nichols Collection,/ /,,,,,,,0,0,,,Osborndale Olive May,,,0,,0,,,,,/ /,,/ / : : AM,,,,,8: Communication Artifact,KEC File Cabinet,2,,/ /,,,,0,,/ /,0,0,,,/ /,,0,,,,,,,0,,2022-09-10 00:00:00,,,,,,2022.565,"Print, Photographic",,,,,,Ph-p-565,/ /,Documentary Artifact,,,,,,,,,,,,,,,,,/ /,,,,,,/ /,,,,,,,,,,,,,,,,0,0,0,0,0,/ /,/ /,,/ /,,,,,,,,,,2022-09-10 14:25:00,Unknown,/ /,.F.
2022.543,0,,,Lady Urmsby Fabs Educator,Rachel Twedt,2022-09-10 00:00:00,,Nichols Collection,/ /,,,,,,,0,0,,,Lady Urmsby Fabs Educator,,,0,,0,,,,,/ /,,/ / : : AM,,,,,8: Communication Artifact,KEC File Cabinet,2,,/ /,,,,0,,/ /,0,0,,,/ /,,0,,,,,,,0,,2022-09-10 00:00:00,,,,,,2022.543,"Print, Photographic",,,,,,Ph-p-543,/ /,Documentary Artifact,,,,,,,,,,,,,,,,,/ /,,,,,,/ /,,,,,,,,,,,,,,,,0,0,0,0,0,/ /,/ /,,/ /,,,,,,,,,,2022-09-10 14:29:00,Unknown,/ /,.F.
2022.433,0,,,Back of photo,Rachel Twedt,2022-09-10 00:00:00,,Nichols Collection,/ /,,,,,,,0,0,,,Urmsby,,,0,,0,,,,,/ /,,/ / : : AM,,,,,8: Communication Artifact,KEC File Cabinet,2,,/ /,,,,0,,/ /,0,0,,,/ /,,0,,,,,,,0,,2022-09-10 00:00:00,,,,,,2022.433,"Print, Photographic",,,,,,Ph-p-433,/ /,Documentary Artifact,,,,,,,,,,,,,,,,,/ /,,,,,,/ /,,,,,,,,,,,,,,,,0,0,0,0,0,/ /,/ /,,/ /,,,,,,,,,,2022-09-10 14:40:00,Unknown,/ /,.F.
2022.45,0,,,Ormsby,Rachel Twedt,2022-09-10 00:00:00,,Nichols Collection,/ /,,,,,,,0,0,,,Urmsby,,,0,,0,,,,,/ /,,/ / : : AM,,,,,8: Communication Artifact,KEC File Cabinet,2,,/ /,,,,0,,/ /,0,0,,,/ /,,0,,,,,,,0,,2022-09-10 00:00:00,,,,,,2022.45,"Print, Photographic",,,,,,Ph-p-450,/ /,Documentary Artifact,,,,,,,,,,,,,,,,,/ /,,,,,,/ /,,,,,,,,,,,,,,,,0,0,0,0,0,/ /,/ /,,/ /,,,,,,,,,,2022-09-10 14:39:00,Unknown,/ /,.F.
2022.596,0,,,"Countess Abberkerk Steimke, September 10, 1925",Rachel Twedt,2022-09-10 00:00:00,,Nichols Collection,/ /,,,,,,,0,0,,,"Countess Abberkerk Steimke, September 10, 1925",,,0,,0,,,,,/ /,,/ / : : AM,,,,,8: Communication Artifact,KEC File Cabinet,2,,/ /,,,,0,,/ /,0,0,,,/ /,,0,,,,,,,0,,2022-09-10 00:00:00,,,,,,2022.596,"Print, Photographic",,,,,,Ph-p-596,/ /,Documentary Artifact,,,,,,,,,,,,,,,,,/ /,,,,,,/ /,,,,,,,,,,,,,,,,0,0,0,0,0,/ /,/ /,,/ /,,,,,,,,,,2022-09-10 14:45:00,Unknown,/ /,.F.
2022.594,0,,,"Green Plain Cora Veeman, May 15, 1922",Rachel Twedt,2022-09-10 00:00:00,,Nichols Collection,/ /,,,,,,,0,0,,,"Green Plain Cora Veeman, May 15, 1922",,,0,,0,,,,,/ /,,/ / : : AM,,,,,8: Communication Artifact,KEC File Cabinet,2,,/ /,,,,0,,/ /,0,0,,,/ /,,0,,,,,,,0,,2022-09-10 00:00:00,,,,,,2022.594,"Print, Photographic",,,,,,Ph-p-594,/ /,Documentary Artifact,,,,,,,,,,,,,,,,,/ /,,,,,,/ /,,,,,,,,,,,,,,,,0,0,0,0,0,/ /,/ /,,/ /,,,,,,,,,,2022-09-10 14:49:00,Unknown,/ /,.F.
2022.608,0,,,Cow with Man,Rachel Twedt,2022-09-10 00:00:00,,Nichols Collection,/ /,,,,,,,0,0,,,Cow with Man,,,0,,0,,,,,/ /,,/ / : : AM,,,,,8: Communication Artifact,KEC File Cabinet,2,,/ /,,,,0,,/ /,0,0,,,/ /,,0,,,,,,,0,,2022-09-10 00:00:00,,,,,,2022.608,"Print, Photographic",,,,,,Ph-p-608,/ /,Documentary Artifact,,,,,,,,,,,,,,,,,/ /,,,,,,/ /,,,,,,,,,,,,,,,,0,0,0,0,0,/ /,/ /,,/ /,,,,,,,,,,2022-09-10 14:53:00,Unknown,/ /,.F.
2022.63,0,,,Cow,Rachel Twedt,2022-09-10 00:00:00,,Nichols Collection,/ /,,,,,,,0,0,,,Cow,,,0,,0,,,,,/ /,,/ / : : AM,,,,,8: Communication Artifact,KEC File Cabinet,2,,/ /,,,,0,,/ /,0,0,,,/ /,,0,,,,,,,0,,2022-09-10 00:00:00,,,,,,2022.63,"Print, Photographic",,,,,,Ph-p-630,/ /,Documentary Artifact,,,,,,,,,,,,,,,,,/ /,,,,,,/ /,,,,,,,,,,,,,,,,0,0,0,0,0,/ /,/ /,,/ /,,,,,,,,,,2022-09-10 14:57:00,Unknown,/ /,.F.
2022.591,0,,,Holstein Cow,Rachel Twedt,2022-09-10 00:00:00,,Nichols Collection,/ /,,,,,,,0,0,,,Holstein Cow,,,0,,0,,,,,/ /,,/ / : : AM,,,,,8: Communication Artifact,KEC File Cabinet,2,,/ /,,,,0,,/ /,0,0,,,/ /,,0,,,,,,,0,,2022-09-10 00:00:00,,,,,,2022.591,"Print, Photographic",,,,,,Ph-p-591,/ /,Documentary Artifact,,,,,,,,,,,,,,,,,/ /,,,,,,/ /,,,,,,,,,,,,,,,,0,0,0,0,0,/ /,/ /,,/ /,,,,,,,,,,2022-09-10 15:02:00,Unknown,/ /,.F.
2022.578,0,,,"Queen Colanthia, June 18, 1923",Rachel Twedt,2022-09-10 00:00:00,,Nichols Collection,/ /,,,,,,,0,0,,,"Queen Colanthia, June 18, 1923",,,0,,0,,,,,/ /,,/ / : : AM,,,,,8: Communication Artifact,KEC File Cabinet,2,,/ /,,,,0,,/ /,0,0,,,/ /,,0,,,,,,,0,,2022-09-10 00:00:00,,,,,,2022.578,"Print, Photographic",,,,,,Ph-p-578,/ /,Documentary Artifact,,,,,,,,,,,,,,,,,/ /,,,,,,/ /,,,,,,,,,,,,,,,,0,0,0,0,0,/ /,/ /,,/ /,,,,,,,,,,2022-09-10 15:07:00,Unknown,/ /,.F.
2022.11,0,,,Holstein cow with Mr. Anderson and Hans Jensen,,2022-09-16 00:00:00,,Nichols Collection,/ /,,,,,Strohmeyer & Carpenter,,0,0,,,Holstein Cow with Hans Jensen (on right) and Mr. Anderson (on left),,,0,,0,,,,,/ /,,/ / : : AM,,,,,8: Communication Artifact,KEC File Cabinet,1,,/ /,,,,0,,/ /,0,0,,,/ /,,0,,,,,,,0,,2022-09-16 00:00:00,,,,,,2022.11,"Print, Photographic",,,,,,108841,/ /,Documentary Artifact,,,,,,,,,,,,,,,,,/ /,,,,,,/ /,,,,,,,,,,,,,,,,0,0,0,0,0,/ /,/ /,,/ /,,,,,,,,,,2022-09-16 13:38:00,Unknown,/ /,.F.
2022.629,0,,,Back of photograph,M Bonci,2022-09-16 00:00:00,,Nichols Collection,/ /,,,,,,,0,0,,,Holstein Cow,,,0,,0,,,,,/ /,,/ / : : AM,,,,,8: Communication Artifact,KEC File Cabinet,2,,/ /,,,,0,,/ /,0,0,,,/ /,,0,,,,,,,0,,2022-09-16 00:00:00,,,,,,2022.629,"Print, Photographic",,,,,,Ph-p-629,/ /,Documentary Artifact,,,,,,,,,,,,,,,,,/ /,,,,,,/ /,,,,,,,,,,,,,,,,0,0,0,0,0,/ /,/ /,,/ /,,,,,,,,,,2022-09-30 15:44:00,Unknown,/ /,.F.
2022.643,0,,,Photograph of Holstein cow,M Bonci,2022-09-16 00:00:00,,Nichols Collection,/ /,,,,,Strohmeyer Inc.,,0,0,,,Holstein Cow,,,0,,0,,,,,/ /,,/ / : : AM,,,,,8: Communication Artifact,KEC File Cabinet,2,,/ /,,,,0,,/ /,0,0,,,/ /,,0,,,,,,,0,,2022-09-16 00:00:00,,,,,,2022.643,"Print, Photographic",,,,,,,/ /,Documentary Artifact,,,,,,,,,,,,,,,,,/ /,,,,,,/ /,,,,,,,,,,,,,,,,0,0,0,0,0,/ /,/ /,,/ /,,,,,,,,,,2022-09-30 15:40:00,Unknown,/ /,.F.
2022.64,0,,,Photograph of Holstein cow,M Bonci,2022-09-16 00:00:00,,Nichols Collection,/ /,,,,,Strohmeyer Inc.,,0,0,,,Photograph of Holstein cow,,,0,,0,,,,,/ /,,/ / : : AM,,,,,8: Communication Artifact,KEC File Cabinet,2,,/ /,,,,0,,/ /,0,0,,,/ /,,0,,,,,,,0,,2022-09-16 00:00:00,,,,,,2022.64,"Print, Photographic",,,,,,Ph-p-640,/ /,Documentary Artifact,,,,,,,,,,,,,,,,,/ /,,,,,,/ /,,,,,,,,,,,,,,,,0,0,0,0,0,/ /,/ /,,/ /,,,,,,,,,,2022-09-30 15:38:00,Unknown,/ /,.F.
2022.462,0,,,,M Bonci,2022-09-16 00:00:00,,Nichols Collection,/ /,,,,,,,0,0,,,Photograph of Holstein cow,,,0,,0,,,,,/ /,,/ / : : AM,,,,,8: Communication Artifact,,2,,/ /,,,,0,,/ /,0,0,,,/ /,,0,,,,,,,0,,2022-09-16 00:00:00,,,,,,2022.462,"Print, Photographic",,,,,,Ph-p-462,/ /,Documentary Artifact,,,,,,,,,,,,,,,,,/ /,,,,,,/ /,,,,,,,,,,,,,,,,0,0,0,0,0,/ /,/ /,,/ /,,,,,,,,,,2022-09-16 14:30:00,Unknown,/ /,.F.
2022.449,0,,,Photograph of Holstein cow,M Bonci,2022-09-16 00:00:00,,Nichols Collection,/ /,,,,,H. A. Strohmeyer Jr.,,0,0,,,Holstein cow,,,0,,0,,,,,/ /,,/ / : : AM,,,,,8: Communication Artifact,FEC File Cabinet,1,,/ /,,,,0,,/ /,0,0,,,/ /,,0,,,,,,,0,,2022-09-16 00:00:00,,,,,,2022.449,"Print, Photographic",,,,,,Ph-p-449,/ /,Documentary Artifact,,,,,,,,,,,,,,,,,/ /,,,,,,/ /,,,,,,,,,,,,,,,,0,0,0,0,0,/ /,/ /,,/ /,,,,,,,,,,2023-03-31 17:02:00,Unknown,/ /,.F.
2022.568,0,,,Photograph of Holstein cow,M Bonci,2022-09-16 00:00:00,,Nichols Collection,/ /,,,,,H. A. Strohmeyer Jr.,,0,0,,,Photograph of Holstein cow,,,0,,0,,,,,/ /,,/ / : : AM,,,,,8: Communication Artifact,KEC File Cabinet,2,,/ /,,,,0,,/ /,0,0,,,/ /,,0,,,,,,,0,,2022-09-16 00:00:00,,,,,,2022.568,"Print, Photographic",,,,,,Ph-p-568,/ /,Documentary Artifact,,,,,,,,,,,,,,,,,/ /,,,,,,/ /,,,,,,,,,,,,,,,,0,0,0,0,0,/ /,/ /,,/ /,,,,,,,,,,2023-03-31 17:02:00,Unknown,/ /,.F.
2022.464,0,,,Back of Photograph,M Bonci,2022-09-16 00:00:00,,Nichols Collection,/ /,,,,,,,0,0,,,Photograph of Holstein cow,,,0,,0,,,,,/ /,,/ / : : AM,,,,,8: Communication Artifact,,2,,/ /,,,,0,,/ /,0,0,,,/ /,,0,,,,,,,0,,2022-09-16 00:00:00,,,,,,2022.464,"Print, Photographic",,,,,,Ph-p-464,/ /,Documentary Artifact,,,,,,,,,,,,,,,,,/ /,,,,,,/ /,,,,,,,,,,,,,,,,0,0,0,0,0,/ /,/ /,,/ /,,,,,,,,,,2022-09-16 14:57:00,Unknown,/ /,.F.
2022.584,0,,,Photograph of Holstein cow,M Bonci,2022-09-16 00:00:00,,Nichols Collection,/ /,,,,,H. A. Strohmeyer Jr.,,0,0,,,Holstein cow,,,0,,0,,,,,/ /,,/ / : : AM,,,,,8: Communication Artifact,KEC File Cabinet,2,,/ /,,,,0,,/ /,0,0,,,/ /,,0,,,,,,,0,,2022-09-16 00:00:00,,,,,,2022.584,"Print, Photographic",,,,,,Ph-p-584,/ /,Documentary Artifact,,,,,,,,,,,,,,,,,/ /,,,,,,/ /,,,,,,,,,,,,,,,,0,0,0,0,0,/ /,/ /,,/ /,,,,,,,,,,2023-03-31 17:00:00,Unknown,/ /,.F.
2022.585,0,,,,M Bonci,2022-09-16 00:00:00,,Nichols Collection,/ /,,,,,H. A. Strohmeyer Jr.,,0,0,,,Photograph of Holstein cow,,,0,,0,,,,,/ /,,/ / : : AM,,,,,8: Communication Artifact,KEC File Cabinet,2,,/ /,,,,0,,/ /,0,0,,,/ /,,0,,,,,,,0,,2022-09-16 00:00:00,,,,,,2022.585,"Print, Photographic",,,,,,Ph-p-585,/ /,Documentary Artifact,,,,,,,,,,,,,,,,,/ /,,,,,,/ /,,,,,,,,,,,,,,,,0,0,0,0,0,/ /,/ /,,/ /,,,,,,,,,,2023-03-31 17:00:00,Unknown,/ /,.F.
2022.548,0,,,Back of photograph,M Bonci,2022-09-30 00:00:00,,Nichols Collection,/ /,,,,,,,0,0,,,Holstein Cow,,,0,,0,,,,,/ /,,/ / : : AM,,,,,8: Communication Artifact,KEC File Cabinet,2,,/ /,,,,0,,/ /,0,0,,,/ /,,0,,,,,,,0,,2022-09-30 00:00:00,,,,,,2022.548,"Print, Photographic",,,,,,Ph-p-548,/ /,Documentary Artifact,,,,,,,,,,,,,,,,,/ /,,,,,,/ /,,,,,,,,,,,,,,,,0,0,0,0,0,/ /,/ /,,/ /,,,,,,,,,,2022-09-30 13:44:00,Unknown,/ /,.F.
2022.632,0,,,Back of photograph,M Bonci,2022-09-30 00:00:00,,Nichols Collection,/ /,,,,,,,0,0,,,Holstein cow,,,0,,0,,,,,/ /,,/ / : : AM,,,,,8: Communication Artifact,KEC File Cabinet,2,,/ /,,,,0,,/ /,0,0,,,/ /,,0,,,,,,,0,,2022-09-30 00:00:00,,,,,,2022.632,"Print, Photographic",,,,,,ph-p 632,/ /,Documentary Artifact,,,,,,,,,,,,,,,,,/ /,,,,,,/ /,,,,,,,,,,,,,,,,0,0,0,0,0,/ /,/ /,,/ /,,,,,,,,,,2022-09-30 15:44:00,Unknown,/ /,.F.
2022.589,0,,,Holstein cow,M Bonci,2022-09-30 00:00:00,,Nichols Collection,/ /,,,,,H. A. Strohmeyer Jr.,,0,0,,,Holstein Cow,,,0,,0,,,,,/ /,,/ / : : AM,,,,,8: Communication Artifact,KEC File Cabinet,2,,/ /,,,,0,,/ /,0,0,,,/ /,,0,,,,,,,0,,2022-09-30 00:00:00,,,,,,2022.589,"Print, Photographic",,,,,,ph-p-589,/ /,Documentary Artifact,,,,,,,,,,,,,,,,,/ /,,,,,,/ /,,,,,,,,,,,,,,,,0,0,0,0,0,/ /,/ /,,/ /,,,,,,,,,,2022-09-30 15:18:00,Unknown,/ /,.F.
2022.493,0,,,Holstein cow,M Bonci,2022-09-30 00:00:00,,Nichols Collection,/ /,,,,,H. A. Strohmeyer Jr.,,0,0,,,Holstein cow,,,0,,0,,,,,/ /,,/ / : : AM,,,,,8: Communication Artifact,KEC File Cabinet,2,,/ /,,,,0,,/ /,0,0,,,/ /,,0,,,,,,,0,,2022-09-30 00:00:00,,,,,,2022.493,"Print, Photographic",,,,,,Ph-p-493,/ /,Documentary Artifact,,,,,,,,,,,,,,,,,/ /,,,,,,/ /,,,,,,,,,,,,,,,,0,0,0,0,0,/ /,/ /,,/ /,,,,,,,,,,2022-09-30 15:26:00,Unknown,/ /,.F.
2022.646,0,,,Holstein cow,M Bonci,2022-09-30 00:00:00,,Nichols Collection,/ /,,,,,Strohmeyer & Carpenter,,0,0,,,Holstein cow,,,0,,0,,,,,/ /,,/ / : : AM,,,,,8: Communication Artifact,KEC File Cabinet,2,,/ /,,,,0,,/ /,0,0,,,/ /,,0,,,,,,,0,,2022-09-30 00:00:00,,,,,,2022.646,"Print, Photographic",,,,,,Ph-p-646,/ /,Documentary Artifact,,,,,,,,,,,,,,,,,/ /,,,,,,/ /,,,,,,,,,,,,,,,,0,0,0,0,0,/ /,/ /,,/ /,,,,,,,,,,2023-03-31 14:37:00,Unknown,/ /,.F.
2022.598,0,,,Holstein cow,M Bonci,2022-09-30 00:00:00,,Nichols Collection,/ /,,,,,H. A. Strohmeyer Jr.,,0,0,,,Holstein cow,,,0,,0,,,,,/ /,,/ / : : AM,,,,,8: Communication Artifact,KEC File Cabinet,2,,/ /,,,,0,,/ /,0,0,,,/ /,,0,,,,,,,0,,2022-09-30 00:00:00,,,,,,2022.598,"Print, Photographic",,,,,,Ph-p-598,/ /,Documentary Artifact,,,,,,,,,,,,,,,,,/ /,,,,,,/ /,,,,,,,,,,,,,,,,0,0,0,0,0,/ /,/ /,,/ /,,,,,,,,,,2022-09-30 15:52:00,Unknown,/ /,.F.
2022.542,0,,,Holstein cow,M Bonci,2022-09-30 00:00:00,,Nichols Collection,/ /,,,,,Strohmeyer Inc.,,0,0,,,Holstein cow,,,0,,0,,,,,/ /,,/ / : : AM,,,,,8: Communication Artifact,KEC File Cabinet,2,,/ /,,,,0,,/ /,0,0,,,/ /,,0,,,,,,,0,,2022-09-30 00:00:00,,,,,,2022.542,"Print, Photographic",,,,,,,/ /,Documentary Artifact,,,,,,,,,,,,,,,,,/ /,,,,,,/ /,,,,,,,,,,,,,,,,0,0,0,0,0,/ /,/ /,,/ /,,,,,,,,,,2022-09-30 16:00:00,Unknown,/ /,.F.
2022.447,0,,,Second Prize Cow E.S. 1935,Rachel Twedt,2022-10-01 00:00:00,,Nichols Collection,/ /,,,,,,,0,0,,,Second Prize Cow E.S. Exposition 1935,,,0,,0,,,,,/ /,,/ / : : AM,,,,,8: Communication Artifact,KEC File Cabinet,2,,/ /,,,,0,,/ /,0,0,,,/ /,,0,,,,,,,0,,2022-10-01 00:00:00,,,,,,2022.447,"Print, Photographic",,,,,,Ph-p-447,/ /,Documentary Artifact,,,,,,,,,,,,,,,,,/ /,,,,,,/ /,,,,,,,,,,,,,,,,0,0,0,0,0,/ /,/ /,,/ /,,,,,,,,,,2022-10-01 13:44:00,Unknown,/ /,.F.
2022.541,0,,,Holstein Cow with Man,Rachel Twedt,2022-10-01 00:00:00,,Nichols Collection,/ /,,,,,,,0,0,,,Holstein Cow with Man,,,0,,0,,,,,/ /,,/ / : : AM,,,,,8: Communication Artifact,KEC File Cabinet,2,,/ /,,,,0,,/ /,0,0,,,/ /,,0,,,,,,,0,,2022-10-01 00:00:00,,,,,,2022.541,"Print, Photographic",,,,,,Ph-p-541,/ /,Documentary Artifact,,,,,,,,,,,,,,,,,/ /,,,,,,/ /,,,,,,,,,,,,,,,,0,0,0,0,0,/ /,/ /,,/ /,,,,,,,,,,2022-10-01 13:52:00,Unknown,/ /,.F.
2022.526,0,,,Bess Ormsby 7/9/53,Rachel Twedt,2022-10-01 00:00:00,,Nichols Collection,/ /,,,,,,,0,0,,,Bess Ormsby by Burke Mabel 7/9/53,,,0,,0,,,,,/ /,,/ / : : AM,,,,,8: Communication Artifact,KEC File Cabinet,2,,/ /,,,,0,,/ /,0,0,,,/ /,,0,,,,,,,0,,2022-10-01 00:00:00,,,,,,2022.526,"Print, Photographic",,,,,,Ph-p-526,/ /,Documentary Artifact,,,,,,,,,,,,,,,,,/ /,,,,,,/ /,,,,,,,,,,,,,,,,0,0,0,0,0,/ /,/ /,,/ /,,,,,,,,,,2022-10-01 13:48:00,Unknown,/ /,.F.
2022.475,0,,,Holstein Cow with Man,Rachel Twedt,2022-10-01 00:00:00,,Nichols Collection,/ /,,,,,,,0,0,,,Holstein Cow with Man,,,0,,0,,,,,/ /,,/ / : : AM,,,,,8: Communication Artifact,KEC File Cabinet,2,,/ /,,,,0,,/ /,0,0,,,/ /,,0,,,,,,,0,,2022-10-01 00:00:00,,,,,,2022.475,"Print, Photographic",,,,,,Ph-p-475,/ /,Documentary Artifact,,,,,,,,,,,,,,,,,/ /,,,,,,/ /,,,,,,,,,,,,,,,,0,0,0,0,0,/ /,/ /,,/ /,,,,,,,,,,2022-10-01 13:52:00,Unknown,/ /,.F.
2022.413,0,,,Osborndale Lady Ollie Ty-Vie,Rachel Twedt,2022-10-01 00:00:00,,Nichols Collection,/ /,,,,,,,0,0,,,Osborndale Lady Ollie Ty-Vie,,,0,,0,,,,,/ /,,/ / : : AM,,,,,8: Communication Artifact,KEC File Cabinet,2,,/ /,,,,0,,/ /,0,0,,,/ /,,0,,,,,,,0,,2022-10-01 00:00:00,,,,,,2022.413,"Print, Photographic",,,,,,Ph-p-413,/ /,Documentary Artifact,,,,,,,,,,,,,,,,,/ /,,,,,,/ /,,,,,,,,,,,,,,,,0,0,0,0,0,/ /,/ /,,/ /,,,,,,,,,,2022-10-01 13:55:00,Unknown,/ /,.F.
2022.499,0,,,Holstein Cow,Rachel Twedt,2022-10-01 00:00:00,,Nichols Collection,/ /,,,,,,,0,0,,,Holstein Cow,,,0,,0,,,,,/ /,,/ / : : AM,,,,,8: Communication Artifact,KEC File Cabinet,2,,/ /,,,,0,,/ /,0,0,,,/ /,,0,,,,,,,0,,2022-10-01 00:00:00,,,,,,2022.499,"Print, Photographic",,,,,,Ph-p-499,/ /,Documentary Artifact,,,,,,,,,,,,,,,,,/ /,,,,,,/ /,,,,,,,,,,,,,,,,0,0,0,0,0,/ /,/ /,,/ /,,,,,,,,,,2022-10-01 13:59:00,Unknown,/ /,.F.
2022.6,0,,,K.M.D.K.S. Colanthia 7/8/24,Rachel Twedt,2022-10-01 00:00:00,,Nichols Collection,/ /,,,,,,,0,0,,,K.M.D.K.S. Colanthia 7/8/24,,,0,,0,,,,,/ /,,/ / : : AM,,,,,8: Communication Artifact,KEC File Cabinet,2,,/ /,,,,0,,/ /,0,0,,,/ /,,0,,,,,,,0,,2022-10-01 00:00:00,,,,,,2022.6,"Print, Photographic",,,,,,Ph-p-600,/ /,Documentary Artifact,,,,,,,,,,,,,,,,,/ /,,,,,,/ /,,,,,,,,,,,,,,,,0,0,0,0,0,/ /,/ /,,/ /,,,,,,,,,,2022-10-01 14:03:00,Unknown,/ /,.F.
2022.588,0,,,Kitty Posch 1928,Rachel Twedt,2022-10-01 00:00:00,,Nichols Collection,/ /,,,,,,,0,0,,,Kitty Posch 1928,,,0,,0,,,,,/ /,,/ / : : AM,,,,,8: Communication Artifact,KEC File Cabinet,2,,/ /,,,,0,,/ /,0,0,,,/ /,,0,,,,,,,0,,2022-10-01 00:00:00,,,,,,2022.588,"Print, Photographic",,,,,,Ph-p-588,/ /,Documentary Artifact,,,,,,,,,,,,,,,,,/ /,,,,,,/ /,,,,,,,,,,,,,,,,0,0,0,0,0,/ /,/ /,,/ /,,,,,,,,,,2022-10-01 14:07:00,Unknown,/ /,.F.
2022.491,0,,,Sir Ben 1936,Rachel Twedt,2022-10-01 00:00:00,,Nichols Collection,/ /,,,,,,,0,0,,,Sir Ben 1936,,,0,,0,,,,,/ /,,/ / : : AM,,,,,8: Communication Artifact,KEC File Cabinet,2,,/ /,,,,0,,/ /,0,0,,,/ /,,0,,,,,,,0,,2022-10-01 00:00:00,,,,,,2022.491,"Print, Photographic",,,,,,Ph-p-491,/ /,Documentary Artifact,,,,,,,,,,,,,,,,,/ /,,,,,,/ /,,,,,,,,,,,,,,,,0,0,0,0,0,/ /,/ /,,/ /,,,,,,,,,,2022-10-01 14:09:00,Unknown,/ /,.F.
2022.537,0,,,"Idona Korndyke Pontiac, Summer 1922",Rachel Twedt,2022-10-01 00:00:00,,Nichols Collection,/ /,,,,,,,0,0,,,"Idona Korndyke Pontiac, Summer 1922",,,0,,0,,,,,/ /,,/ / : : AM,,,,,8: Communication Artifact,KEC File Cabinet,2,,/ /,,,,0,,/ /,0,0,,,/ /,,0,,,,,,,0,,2022-10-01 00:00:00,,,,,,2022.537,"Print, Photographic",,,,,,Ph-p-537,/ /,Documentary Artifact,,,,,,,,,,,,,,,,,/ /,,,,,,/ /,,,,,,,,,,,,,,,,0,0,0,0,0,/ /,/ /,,/ /,,,,,,,,,,2022-10-01 14:13:00,Unknown,/ /,.F.
2022.539,0,,,Holstein Cow,Rachel Twedt,2022-10-01 00:00:00,,Nichols Collection,/ /,,,,,,,0,0,,,Holstein Cow,,,0,,0,,,,,/ /,,/ / : : AM,,,,,8: Communication Artifact,KEC File Cabinet,2,,/ /,,,,0,,/ /,0,0,,,/ /,,0,,,,,,,0,,2022-10-01 00:00:00,,,,,,2022.539,"Print, Photographic",,,,,,Ph-p-539,/ /,Documentary Artifact,,,,,,,,,,,,,,,,,/ /,,,,,,/ /,,,,,,,,,,,,,,,,0,0,0,0,0,/ /,/ /,,/ /,,,,,,,,,,2022-10-01 14:17:00,Unknown,/ /,.F.
2022.544,0,,,Gypsy Posch Ruby 9/26/28,Rachel Twedt,2022-10-01 00:00:00,,Nichols Collection,/ /,,,,,,,0,0,,,Gypsy Posch Ruby 9/26/28,,,0,,0,,,,,/ /,,/ / : : AM,,,,,8: Communication Artifact,KEC File Cabinet,2,,/ /,,,,0,,/ /,0,0,,,/ /,,0,,,,,,,0,,2022-10-01 00:00:00,,,,,,2022.544,"Print, Photographic",,,,,,Ph-p-544,/ /,Documentary Artifact,,,,,,,,,,,,,,,,,/ /,,,,,,/ /,,,,,,,,,,,,,,,,0,0,0,0,0,/ /,/ /,,/ /,,,,,,,,,,2022-10-01 14:21:00,Unknown,/ /,.F.
2022.656,0,,,Holstein Cow with Man,Rachel Twedt,2022-10-01 00:00:00,,Nichols Collection,/ /,,,,,,,0,0,,,Holstein Cow with Man,,,0,,0,,,,,/ /,,/ / : : AM,,,,,8: Communication Artifact,KEC File Cabinet,2,,/ /,,,,0,,/ /,0,0,,,/ /,,0,,,,,,,0,,2022-10-01 00:00:00,,,,,,2022.656,"Print, Photographic",,,,,,Ph-p-656,/ /,Documentary Artifact,,,,,,,,,,,,,,,,,/ /,,,,,,/ /,,,,,,,,,,,,,,,,0,0,0,0,0,/ /,/ /,,/ /,,,,,,,,,,2022-10-01 14:25:00,Unknown,/ /,.F.
2022.677,0,,,Cow Udder,Rachel Twedt,2022-10-01 00:00:00,,Nichols Collection,/ /,,,,,,,0,0,,,Cow Udder,,,0,,0,,,,,/ /,,/ / : : AM,,,,,8: Communication Artifact,KEC File Cabinet,2,,/ /,,,,0,,/ /,0,0,,,/ /,,0,,,,,,,0,,2022-10-01 00:00:00,,,,,,2022.677,"Print, Photographic",,,,,,Ph-p-677,/ /,Documentary Artifact,,,,,,,,,,,,,,,,,/ /,,,,,,/ /,,,,,,,,,,,,,,,,0,0,0,0,0,/ /,/ /,,/ /,,,,,,,,,,2022-10-01 14:28:00,Unknown,/ /,.F.
2022.471,0,,,Postcard of Holstein Cow,Rachel Twedt,2022-10-01 00:00:00,,Nichols Collection,/ /,,,,,,,0,0,,,Postcard of Holstein Cow,,,0,,0,,,,,/ /,,/ / : : AM,,,,,8: Communication Artifact,KEC File Cabinet,2,,/ /,,,,0,,/ /,0,0,,,/ /,,0,,,,,,,0,,2022-10-01 00:00:00,,,,,,2022.471,Postcard,,,,,,Ph-p-471,/ /,Documentary Artifact,,,,,,,,,,,,,,,,,/ /,,,,,,/ /,,,,,,,,,,,,,,,,0,0,0,0,0,/ /,/ /,,/ /,,,,,,,,,,2022-10-01 14:33:00,Unknown,/ /,.F.
2022.472,0,,,Postcard of Holstein Cow,Rachel Twedt,2022-10-01 00:00:00,,Nichols Collection,/ /,,,,,,,0,0,,,Postcard of Holstein Cow,,,0,,0,,,,,/ /,,/ / : : AM,,,,,8: Communication Artifact,KEC File Cabinet,2,,/ /,,,,0,,/ /,0,0,,,/ /,,0,,,,,,,0,,2022-10-01 00:00:00,,,,,,2022.472,Postcard,,,,,,Ph-p-472,/ /,Documentary Artifact,,,,,,,,,,,,,,,,,/ /,,,,,,/ /,,,,,,,,,,,,,,,,0,0,0,0,0,/ /,/ /,,/ /,,,,,,,,,,2022-10-01 14:36:00,Unknown,/ /,.F.
2022.492,0,,,Holstein Cow,Rachel Twedt,2022-10-01 00:00:00,,Nichols Collection,/ /,,,,,,,0,0,,,Holstein Cow,,,0,,0,,,,,/ /,,/ / : : AM,,,,,8: Communication Artifact,KEC File Cabinet,2,,/ /,,,,0,,/ /,0,0,,,/ /,,0,,,,,,,0,,2022-10-01 00:00:00,,,,,,2022.492,"Print, Photographic",,,,,,Ph-p-492,/ /,Documentary Artifact,,,,,,,,,,,,,,,,,/ /,,,,,,/ /,,,,,,,,,,,,,,,,0,0,0,0,0,/ /,/ /,,/ /,,,,,,,,,,2022-10-01 14:39:00,Unknown,/ /,.F.
2022.5,0,,,Holstein Cow,Rachel Twedt,2022-10-01 00:00:00,,Nichols Collection,/ /,,,,,,,0,0,,,Holstein Cow,,,0,,0,,,,,/ /,,/ / : : AM,,,,,8: Communication Artifact,KEC File Cabinet,2,,/ /,,,,0,,/ /,0,0,,,/ /,,0,,,,,,,0,,2022-10-01 00:00:00,,,,,,2022.5,"Print, Photographic",,,,,,Ph-p-500,/ /,Documentary Artifact,,,,,,,,,,,,,,,,,/ /,,,,,,/ /,,,,,,,,,,,,,,,,0,0,0,0,0,/ /,/ /,,/ /,,,,,,,,,,2022-10-01 14:42:00,Unknown,/ /,.F.
2022.493(2),0,,,Holstein Cow,Rachel Twedt,2022-10-01 00:00:00,,Nichols Collection,/ /,,,,,,,0,0,,,Holstein Cow,,,0,,0,,,,,/ /,,/ / : : AM,,,,,8: Communication Artifact,KEC File Cabinet,2,,/ /,,,,0,,/ /,0,0,,,/ /,,0,,,,,,,0,,2022-10-01 00:00:00,,,,,,2022.493(2),"Print, Photographic",,,,,,Ph-p-493,/ /,Documentary Artifact,,,,,,,,,,,,,,,,,/ /,,,,,,/ /,,,,,,,,,,,,,,,,0,0,0,0,0,/ /,/ /,,/ /,,,,,,,,,,2022-10-01 14:48:00,Unknown,/ /,.F.
2022.451,0,,,Holstein Cows,Rachel Twedt,2022-10-01 00:00:00,,Nichols Collection,/ /,,,,,,,0,0,,,Holstein Cows,,,0,,0,,,,,/ /,,/ / : : AM,,,,,8: Communication Artifact,KEC File Cabinet,2,,/ /,,,,0,,/ /,0,0,,,/ /,,0,,,,,,,0,,2022-10-01 00:00:00,,,,,,2022.451,"Print, Photographic",,,,,,Ph-p-451,/ /,Documentary Artifact,,,,,,,,,,,,,,,,,/ /,,,,,,/ /,,,,,,,,,,,,,,,,0,0,0,0,0,/ /,/ /,,/ /,,,,,,,,,,2022-10-01 14:51:00,Unknown,/ /,.F.
2022.451(2),0,,,Holstein Cows,Rachel Twedt,2022-10-01 00:00:00,,Nichols Collection,/ /,,,,,,,0,0,,,Holstein Cows,,,0,,0,,,,,/ /,,/ / : : AM,,,,,8: Communication Artifact,KEC File Cabinet,2,,/ /,,,,0,,/ /,0,0,,,/ /,,0,,,,,,,0,,2022-10-01 00:00:00,,,,,,2022.451(2),"Print, Photographic",,,,,,Ph-p-451,/ /,Documentary Artifact,,,,,,,,,,,,,,,,,/ /,,,,,,/ /,,,,,,,,,,,,,,,,0,0,0,0,0,/ /,/ /,,/ /,,,,,,,,,,2022-10-01 14:55:00,Unknown,/ /,.F.
2022.467,0,,,Photograph of holstein cow,Rachel Twedt,2022-10-01 00:00:00,,Nichols Collection,/ /,,,,,,,0,0,,,Holstein Cow,,,0,,0,,,,,/ /,,/ / : : AM,,,,,8: Communication Artifact,KEC File Cabinet,2,,/ /,,,,0,,/ /,0,0,,,/ /,,0,,,,,,,0,,2022-10-01 00:00:00,,,,,,2022.467,"Print, Photographic",,,,,,Ph-p-467,/ /,Documentary Artifact,,,,,,,,,,,,,,,,,/ /,,,,,,/ /,,,,,,,,,,,,,,,,0,0,0,0,0,/ /,/ /,,/ /,,,,,,,,,,2022-11-09 14:08:00,Unknown,/ /,.F.
2022.658,0,,,Holstein Cow,Rachel Twedt,2022-10-01 00:00:00,,Nichols Collection,/ /,,,,,Strohmeyer & Carpenter,,0,0,,,Holstein Cow,,,0,,0,,,,,/ /,,/ / : : AM,,,,,8: Communication Artifact,KEC File Cabinet,2,,/ /,,,,0,,/ /,0,0,,,/ /,,0,,,,,,,0,,2022-10-01 00:00:00,,,,,,2022.658,"Print, Photographic",,,,,,Ph-p-658,/ /,Documentary Artifact,,,,,,,,,,,,,,,,,/ /,,,,,,/ /,,,,,,,,,,,,,,,,0,0,0,0,0,/ /,/ /,,/ /,,,,,,,,,,2022-10-21 15:06:00,Unknown,/ /,.F.
2022.633,0,,,Holstein Cow,Rachel Twedt,2022-10-01 00:00:00,,Nichols Collection,/ /,,,,,Strohmeyer & Carpenter,,0,0,,,Holstein Cow,,,0,,0,,,,,/ /,,/ / : : AM,,,,,8: Communication Artifact,KEC File Cabinet,2,,/ /,,,,0,,/ /,0,0,,,/ /,,0,,,,,,,0,,2022-10-01 00:00:00,,,,,,2022.633,"Print, Photographic",,,,,,Ph-p-633,/ /,Documentary Artifact,,,,,,,,,,,,,,,,,/ /,,,,,,/ /,,,,,,,,,,,,,,,,0,0,0,0,0,/ /,/ /,,/ /,,,,,,,,,,2022-10-21 15:07:00,Unknown,/ /,.F.
2022.558,0,,,Tranquility Ormsby Jewel,Rachel Twedt,2022-10-01 00:00:00,,Nichols Collection,/ /,,,,,,,0,0,,,"Tranquility Ormsby Jewel, 12 Years of Age",,,0,,0,,,,,/ /,,/ / : : AM,,,,,8: Communication Artifact,KEC File Cabinet,2,,/ /,,,,0,,/ /,0,0,,,/ /,,0,,,,,,,0,,2022-10-01 00:00:00,,,,,,2022.558,"Print, Photographic",,,,,,Ph-p-558,/ /,Documentary Artifact,,,,,,,,,,,,,,,,,/ /,,,,,,/ /,,,,,,,,,,,,,,,,0,0,0,0,0,/ /,/ /,,/ /,,,,,,,,,,2022-10-01 15:08:00,Unknown,/ /,.F.
2022.668,0,,,Holstein Cow,Rachel Twedt,2022-10-01 00:00:00,,Nichols Collection,/ /,,,,,Strohmeyer & Carpenter,,0,0,,,Holstein Cow,,,0,,0,,,,,/ /,,/ / : : AM,,,,,8: Communication Artifact,KEC File Cabinet,2,,/ /,,,,0,,/ /,0,0,,,/ /,,0,,,,,,,0,,2022-10-01 00:00:00,,,,,,2022.668,"Print, Photographic",,,,,,Ph-p-668,/ /,Documentary Artifact,,,,,,,,,,,,,,,,,/ /,,,,,,/ /,,,,,,,,,,,,,,,,0,0,0,0,0,/ /,/ /,,/ /,,,,,,,,,,2022-10-21 15:09:00,Unknown,/ /,.F.
2022.654,0,,,Holstein Cow,Rachel Twedt,2022-10-01 00:00:00,,Nichols Collection,/ /,,,,,,,0,0,,,Holstein Cow,,,0,,0,,,,,/ /,,/ / : : AM,,,,,8: Communication Artifact,KEC File Cabinet,2,,/ /,,,,0,,/ /,0,0,,,/ /,,0,,,,,,,0,,2022-10-01 00:00:00,,,,,,2022.654,"Print, Photographic",,,,,,Ph-p-654,/ /,Documentary Artifact,,,,,,,,,,,,,,,,,/ /,,,,,,/ /,,,,,,,,,,,,,,,,0,0,0,0,0,/ /,/ /,,/ /,,,,,,,,,,2022-10-01 15:16:00,Unknown,/ /,.F.
2022.669,0,,,Photograph of Holstein cow,M Bonci,2022-10-21 00:00:00,,Nichols Collection,/ /,,,,,Strohmeyer & Carpenter,,0,0,,,Holstein cow,,,0,,0,,,,,/ /,,/ / : : AM,,,,,8: Communication Artifact,KEC File Cabinet,2,,/ /,,,,0,,/ /,0,0,,,/ /,,0,,,,,,,0,,2022-10-21 00:00:00,,,,,,2022.669,"Print, Photographic",,,,,,Ph-p-669,/ /,Documentary Artifact,,,,,,,,,,,,,,,,,/ /,,,,,,/ /,,,,,,,,,,,,,,,,0,0,0,0,0,/ /,/ /,,/ /,,,,,,,,,,2022-10-21 14:55:00,Unknown,/ /,.F.
2022.674,0,,,Photograph of Holstein cow,M Bonci,2022-10-21 00:00:00,,Nichols Collection,/ /,,,,,Strohmeyer & Carpenter,,0,0,,,Holstein Cow,,,0,,0,,,,,/ /,,/ / : : AM,,,,,8: Communication Artifact,KEC File cabinet,2,,/ /,,,,0,,/ /,0,0,,,/ /,,0,,,,,,,0,,2022-10-21 00:00:00,,,,,,2022.674,"Print, Photographic",,,,,,Ph-p-674,/ /,Documentary Artifact,,,,,,,,,,,,,,,,,/ /,,,,,,/ /,,,,,,,,,,,,,,,,0,0,0,0,0,/ /,/ /,,/ /,,,,,,,,,,2022-10-21 15:04:00,Unknown,/ /,.F.
2022.676,0,,,Back of photograph,M Bonci,2022-10-21 00:00:00,,Nichols Collection,/ /,,,,,Strohmeyer & Carpenter,,0,0,,,Holstein Cow,,,0,,0,,,,,/ /,,/ / : : AM,,,,,8: Communication Artifact,KEC File Cabinet,2,,/ /,,,,0,,/ /,0,0,,,/ /,,0,,,,,,,0,,2022-10-21 00:00:00,,,,,,2022.676,"Print, Photographic",,,,,,Ph-p-676,/ /,Documentary Artifact,,,,,,,,,,,,,,,,,/ /,,,,,,/ /,,,,,,,,,,,,,,,,0,0,0,0,0,/ /,/ /,,/ /,,,,,,,,,,2022-10-21 15:17:00,Unknown,/ /,.F.
2022.675,0,,,Photograph of Holstein Cow,M Bonci,2022-10-21 00:00:00,,Nichols Collection,/ /,,,,,Strohmeyer & Carpenter,,0,0,,,Holstein Cow,,,0,,0,,,,,/ /,,/ / : : AM,,,,,8: Communication Artifact,KEC File Cabinet,2,,/ /,,,,0,,/ /,0,0,,,/ /,,0,,,,,,,0,,2022-10-21 00:00:00,,,,,,2022.675,"Print, Photographic",,,,,,Ph-p-675,/ /,Documentary Artifact,,,,,,,,,,,,,,,,,/ /,,,,,,/ /,,,,,,,,,,,,,,,,0,0,0,0,0,/ /,/ /,,/ /,,,,,,,,,,2022-10-21 15:24:00,Unknown,/ /,.F.
2022.666,0,,,Photograph of Holstein Cow,M Bonci,2022-10-21 00:00:00,,Nichols Collection,/ /,,,,,Strohmeyer & Carpenter,,0,0,,,Holstein Cow,,,0,,0,,,,,/ /,,/ / : : AM,,,,,8: Communication Artifact,KEC File Cabinet,2,,/ /,,,,0,,/ /,0,0,,,/ /,,0,,,,,,,0,,2022-10-21 00:00:00,,,,,,2022.666,"Print, Photographic",,,,,,Ph-p-666,/ /,Documentary Artifact,,,,,,,,,,,,,,,,,/ /,,,,,,/ /,,,,,,,,,,,,,,,,0,0,0,0,0,/ /,/ /,,/ /,,,,,,,,,,2022-10-21 15:29:00,Unknown,/ /,.F.
2022.416,0,,,Photograph of Holstein Cow,M Bonci,2022-10-21 00:00:00,,Nichols Collection,/ /,,,,,Strohmeyer & Carpenter,,0,0,,,Holstein Cow,,,0,,0,,,,,/ /,,/ / : : AM,,,,,8: Communication Artifact,KEC File Cabinet,2,,/ /,,,,0,,/ /,0,0,,,/ /,,0,,,,,,,0,,2022-10-21 00:00:00,,,,,,2022.416,"Print, Photographic",,,,,,Ph-p-416,/ /,Documentary Artifact,,,,,,,,,,,,,,,,,/ /,,,,,,/ /,,,,,,,,,,,,,,,,0,0,0,0,0,/ /,/ /,,/ /,,,,,,,,,,2022-10-21 15:35:00,Unknown,/ /,.F.
2022.672,0,,,Photograph of Holstein Cow,M Bonci,2022-10-21 00:00:00,,Nichols Collection,/ /,,,,,Strohmeyer & Carpenter,,0,0,,,Holstein Cow,,,0,,0,,,,,/ /,,/ / : : AM,,,,,8: Communication Artifact,KEC File Cabinet,2,,/ /,,,,0,,/ /,0,0,,,/ /,,0,,,,,,,0,,2022-10-21 00:00:00,,,,,,2022.672,"Print, Photographic",,,,,,Ph-p-672,/ /,Documentary Artifact,,,,,,,,,,,,,,,,,/ /,,,,,,/ /,,,,,,,,,,,,,,,,0,0,0,0,0,/ /,/ /,,/ /,,,,,,,,,,2022-10-21 15:41:00,Unknown,/ /,.F.
2022.415,0,,,Back of photograph,M Bonci,2022-10-21 00:00:00,,Nichols Collection,/ /,,,,,Strohmeyer & Carpenter,,0,0,,,Holstein Cow,,,0,,0,,,,,/ /,,/ / : : AM,,,,,8: Communication Artifact,KEC File Cabinet,2,,/ /,,,,0,,/ /,0,0,,,/ /,,0,,,,,,,0,,2022-10-21 00:00:00,,,,,,2022.415,"Print, Photographic",,,,,,Ph-p-415,/ /,Documentary Artifact,,,,,,,,,,,,,,,,,/ /,,,,,,/ /,,,,,,,,,,,,,,,,0,0,0,0,0,/ /,/ /,,/ /,,,,,,,,,,2022-10-21 15:47:00,Unknown,/ /,.F.
2022.414,0,,,Photograph of Holstein Cow,M Bonci,2022-10-21 00:00:00,,Nichols Collection,/ /,,,,,Strohmeyer & Carpenter,,0,0,,,Holstein Cow,,,0,,0,,,,,/ /,,/ / : : AM,,,,,8: Communication Artifact,KEC File Cabinet,2,,/ /,,,,0,,/ /,0,0,,,/ /,,0,,,,,,,0,,2022-10-21 00:00:00,,,,,,2022.414,"Print, Photographic",,,,,,Ph-p-414,/ /,Documentary Artifact,,,,,,,,,,,,,,,,,/ /,,,,,,/ /,,,,,,,,,,,,,,,,0,0,0,0,0,/ /,/ /,,/ /,,,,,,,,,,2022-10-21 15:52:00,Unknown,/ /,.F.
2022.441,0,,,Photograph of Holstein Cow,M Bonci,2022-10-21 00:00:00,,Nichols Collection,/ /,,,,,Strohmeyer & Carpenter,,0,0,,,Holstein Cow,,,0,,0,,,,,/ /,,/ / : : AM,,,,,8: Communication Artifact,KEC File Cabinet,2,,/ /,,,,0,,/ /,0,0,,,/ /,,0,,,,,,,0,,2022-10-21 00:00:00,,,,,,2022.441,"Print, Photographic",,,,,,Ph-p-441,/ /,Documentary Artifact,,,,,,,,,,,,,,,,,/ /,,,,,,/ /,,,,,,,,,,,,,,,,0,0,0,0,0,/ /,/ /,,/ /,,,,,,,,,,2022-10-21 15:57:00,Unknown,/ /,.F.
2022.497,0,,,Holstein Cow,Rachel Twedt,2022-10-29 00:00:00,,Nichols Collection,/ /,,,,,,,0,0,,,Holstein Cow,,,0,,0,,,,,/ /,,/ / : : AM,,,,,8: Communication Artifact,KEC File Cabinet,2,,/ /,,,,0,,/ /,0,0,,,/ /,,0,,,,,,,0,,2022-10-29 00:00:00,,,,,,2022.497,"Print, Photographic",,,,,,Ph-p-497,/ /,Documentary Artifact,,,,,,,,,,,,,,,,,/ /,,,,,,/ /,,,,,,,,,,,,,,,,0,0,0,0,0,/ /,/ /,,/ /,,,,,,,,,,2022-10-29 13:31:00,Unknown,/ /,.F.
2022.431,0,,,Holstein Cow with Man,Rachel Twedt,2022-10-29 00:00:00,,Nichols Collection,/ /,,,,,,,0,0,,,Holstein Cow with Man,,,0,,0,,,,,/ /,,/ / : : AM,,,,,8: Communication Artifact,KEC File Cabinet,2,,/ /,,,,0,,/ /,0,0,,,/ /,,0,,,,,,,0,,2022-10-29 00:00:00,,,,,,2022.431,"Print, Photographic",,,,,,Ph-p-431,/ /,Documentary Artifact,,,,,,,,,,,,,,,,,/ /,,,,,,/ /,,,,,,,,,,,,,,,,0,0,0,0,0,/ /,/ /,,/ /,,,,,,,,,,2022-10-29 13:35:00,Unknown,/ /,.F.
2022.481,0,,,Cow Udder,Rachel Twedt,2022-10-29 00:00:00,,Nichols Collection,/ /,,,,,,,0,0,,,Cow Udder,,,0,,0,,,,,/ /,,/ / : : AM,,,,,8: Communication Artifact,KEC File Cabinet,2,,/ /,,,,0,,/ /,0,0,,,/ /,,0,,,,,,,0,,2022-10-29 00:00:00,,,,,,2022.481,"Print, Photographic",,,,,,Ph-p-481,/ /,Documentary Artifact,,,,,,,,,,,,,,,,,/ /,,,,,,/ /,,,,,,,,,,,,,,,,0,0,0,0,0,/ /,/ /,,/ /,,,,,,,,,,2022-10-29 13:38:00,Unknown,/ /,.F.
2022.561,0,,,Holstein Cow,Rachel Twedt,2022-10-29 00:00:00,,Nichols Collection,/ /,,,,,,,0,0,,,Holstein Cow,,,0,,0,,,,,/ /,,/ / : : AM,,,,,8: Communication Artifact,KEC File Cabinet,2,,/ /,,,,0,,/ /,0,0,,,/ /,,0,,,,,,,0,,2022-10-29 00:00:00,,,,,,2022.561,"Print, Photographic",,,,,,Ph-p-561,/ /,Documentary Artifact,,,,,,,,,,,,,,,,,/ /,,,,,,/ /,,,,,,,,,,,,,,,,0,0,0,0,0,/ /,/ /,,/ /,,,,,,,,,,2022-10-29 13:41:00,Unknown,/ /,.F.
2022.664,0,,,Holstein Cow with Man,Rachel Twedt,2022-10-29 00:00:00,,Nichols Collection,/ /,,,,,,,0,0,,,Holstein Cow with Man,,,0,,0,,,,,/ /,,/ / : : AM,,,,,8: Communication Artifact,KEC File Cabinet,2,,/ /,,,,0,,/ /,0,0,,,/ /,,0,,,,,,,0,,2022-10-29 00:00:00,,,,,,2022.664,"Print, Photographic",,,,,,Ph-p-664,/ /,Documentary Artifact,,,,,,,,,,,,,,,,,/ /,,,,,,/ /,,,,,,,,,,,,,,,,0,0,0,0,0,/ /,/ /,,/ /,,,,,,,,,,2022-10-29 13:44:00,Unknown,/ /,.F.
2022.717,0,,,Holstein Cow with Man,Rachel Twedt,2022-10-29 00:00:00,,Nichols Collection,/ /,,,,,,,0,0,,,Holstein Cow with Man,,,0,,0,,,,,/ /,,/ / : : AM,,,,,8: Communication Artifact,KEC File Cabinet,2,,/ /,,,,0,,/ /,0,0,,,/ /,,0,,,,,,,0,,2022-10-29 00:00:00,,,,,,2022.717,"Print, Photographic",,,,,,Ph-p-717,/ /,Documentary Artifact,,,,,,,,,,,,,,,,,/ /,,,,,,/ /,,,,,,,,,,,,,,,,0,0,0,0,0,/ /,/ /,,/ /,,,,,,,,,,2022-10-29 13:48:00,Unknown,/ /,.F.
2022.498,0,,,Holstein Cow with Man,Rachel Twedt,2022-10-29 00:00:00,,Nichols Collection,/ /,,,,,,,0,0,,,Holstein Cow with Man,,,0,,0,,,,,/ /,,/ / : : AM,,,,,8: Communication Artifact,KEC File Cabinet,2,,/ /,,,,0,,/ /,0,0,,,/ /,,0,,,,,,,0,,2022-10-29 00:00:00,,,,,,2022.498,"Print, Photographic",,,,,,Ph-p-498,/ /,Documentary Artifact,,,,,,,,,,,,,,,,,/ /,,,,,,/ /,,,,,,,,,,,,,,,,0,0,0,0,0,/ /,/ /,,/ /,,,,,,,,,,2022-10-29 13:51:00,Unknown,/ /,.F.
2022.498(2),0,,,Holstein Cow with Man,Rachel Twedt,2022-10-29 00:00:00,,Nichols Collection,/ /,,,,,,,0,0,,,Holstein Cow with Man,,,0,,0,,,,,/ /,,/ / : : AM,,,,,8: Communication Artifact,KEC File Cabinet,2,,/ /,,,,0,,/ /,0,0,,,/ /,,0,,,,,,,0,,2022-10-29 00:00:00,,,,,,2022.498(2),"Print, Photographic",,,,,,Ph-p-498,/ /,Documentary Artifact,,,,,,,,,,,,,,,,,/ /,,,,,,/ /,,,,,,,,,,,,,,,,0,0,0,0,0,/ /,/ /,,/ /,,,,,,,,,,2022-10-29 13:54:00,Unknown,/ /,.F.
2022.423,0,,,Holstein Cow,Rachel Twedt,2022-10-29 00:00:00,,Nichols Collection,/ /,,,,,,,0,0,,,Holstein Cow,,,0,,0,,,,,/ /,,/ / : : AM,,,,,8: Communication Artifact,KEC File Cabinet,2,,/ /,,,,0,,/ /,0,0,,,/ /,,0,,,,,,,0,,2022-10-29 00:00:00,,,,,,2022.423,"Print, Photographic",,,,,,Ph-p-423,/ /,Documentary Artifact,,,,,,,,,,,,,,,,,/ /,,,,,,/ /,,,,,,,,,,,,,,,,0,0,0,0,0,/ /,/ /,,/ /,,,,,,,,,,2022-10-29 13:58:00,Unknown,/ /,.F.
2022.492(2),0,,,Holstein Cow,Rachel Twedt,2022-10-29 00:00:00,,Nichols Collection,/ /,,,,,,,0,0,,,Holstein Cow,,,0,,0,,,,,/ /,,/ / : : AM,,,,,8: Communication Artifact,KEC File Cabinet,2,,/ /,,,,0,,/ /,0,0,,,/ /,,0,,,,,,,0,,2022-10-29 00:00:00,,,,,,2022.492(2),"Print, Photographic",,,,,,Ph-p-492,/ /,Documentary Artifact,,,,,,,,,,,,,,,,,/ /,,,,,,/ /,,,,,,,,,,,,,,,,0,0,0,0,0,/ /,/ /,,/ /,,,,,,,,,,2022-10-29 14:03:00,Unknown,/ /,.F.
2022.481(2),0,,,Osborndale Gay Fobes Udder,Rachel Twedt,2022-10-29 00:00:00,,Nichols Collection,/ /,,,,,,,0,0,,,Osborndale Gay Fobes Udder,,,0,,0,,,,,/ /,,/ / : : AM,,,,,8: Communication Artifact,KEC File Cabinet,2,,/ /,,,,0,,/ /,0,0,,,/ /,,0,,,,,,,0,,2022-10-29 00:00:00,,,,,,2022.481(2),"Print, Photographic",,,,,,Ph-p-481,/ /,Documentary Artifact,,,,,,,,,,,,,,,,,/ /,,,,,,/ /,,,,,,,,,,,,,,,,0,0,0,0,0,/ /,/ /,,/ /,,,,,,,,,,2022-10-29 14:06:00,Unknown,/ /,.F.
2022.501,0,,,Cow Udder,Rachel Twedt,2022-10-29 00:00:00,,Nichols Collection,/ /,,,,,,,0,0,,,Cow Udder,,,0,,0,,,,,/ /,,/ / : : AM,,,,,8: Communication Artifact,KEC File Cabinet,2,,/ /,,,,0,,/ /,0,0,,,/ /,,0,,,,,,,0,,2022-10-29 00:00:00,,,,,,2022.501,"Print, Photographic",,,,,,Ph-p-501,/ /,Documentary Artifact,,,,,,,,,,,,,,,,,/ /,,,,,,/ /,,,,,,,,,,,,,,,,0,0,0,0,0,/ /,/ /,,/ /,,,,,,,,,,2022-10-29 14:08:00,Unknown,/ /,.F.
2022.456,0,,,Holstein Cow,Rachel Twedt,2022-10-29 00:00:00,,Nichols Collection,/ /,,,,,,,0,0,,,Holstein Cow,,,0,,0,,,,,/ /,,/ / : : AM,,,,,8: Communication Artifact,KEC File Cabinet,2,,/ /,,,,0,,/ /,0,0,,,/ /,,0,,,,,,,0,,2022-10-29 00:00:00,,,,,,2022.456,"Print, Photographic",,,,,,Ph-p-456,/ /,Documentary Artifact,,,,,,,,,,,,,,,,,/ /,,,,,,/ /,,,,,,,,,,,,,,,,0,0,0,0,0,/ /,/ /,,/ /,,,,,,,,,,2022-10-29 14:11:00,Unknown,/ /,.F.
2022.473(2),0,,,Holstein Cow,Rachel Twedt,2022-10-29 00:00:00,,Nichols Collection,/ /,,,,,,,0,0,,,Holstein Cow,,,0,,0,,,,,/ /,,/ / : : AM,,,,,8: Communication Artifact,KEC File Cabinet,2,,/ /,,,,0,,/ /,0,0,,,/ /,,0,,,,,,,0,,2022-10-29 00:00:00,,,,,,2022.473(2),"Print, Photographic",,,,,,Ph-p-473,/ /,Documentary Artifact,,,,,,,,,,,,,,,,,/ /,,,,,,/ /,,,,,,,,,,,,,,,,0,0,0,0,0,/ /,/ /,,/ /,,,,,,,,,,2022-10-29 14:14:00,Unknown,/ /,.F.
2022.572,0,,,Sally Draney Raymondale,Rachel Twedt,2022-10-29 00:00:00,,Nichols Collection,/ /,,,,,,,0,0,,,Sally Draney Raymondale,,,0,,0,,,,,/ /,,/ / : : AM,,,,,8: Communication Artifact,KEC File Cabinet,2,,/ /,,,,0,,/ /,0,0,,,/ /,,0,,,,,,,0,,2022-10-29 00:00:00,,,,,,2022.572,"Print, Photographic",,,,,,Ph-p-572,/ /,Documentary Artifact,,,,,,,,,,,,,,,,,/ /,,,,,,/ /,,,,,,,,,,,,,,,,0,0,0,0,0,/ /,/ /,,/ /,,,,,,,,,,2022-10-29 14:18:00,Unknown,/ /,.F.
2022.569,0,,,Holstein Cow,Rachel Twedt,2022-10-29 00:00:00,,Nichols Collection,/ /,,,,,,,0,0,,,Holstein Cow,,,0,,0,,,,,/ /,,/ / : : AM,,,,,8: Communication Artifact,KEC File Cabinet,2,,/ /,,,,0,,/ /,0,0,,,/ /,,0,,,,,,,0,,2022-10-29 00:00:00,,,,,,2022.569,"Print, Photographic",,,,,,Ph-p-569,/ /,Documentary Artifact,,,,,,,,,,,,,,,,,/ /,,,,,,/ /,,,,,,,,,,,,,,,,0,0,0,0,0,/ /,/ /,,/ /,,,,,,,,,,2022-10-29 14:21:00,Unknown,/ /,.F.
2022.564(2),0,,,Holstein Cow,Rachel Twedt,2022-10-29 00:00:00,,Nichols Collection,/ /,,,,,,,0,0,,,Holstein Cow,,,0,,0,,,,,/ /,,/ / : : AM,,,,,8: Communication Artifact,KEC File Cabinet,2,,/ /,,,,0,,/ /,0,0,,,/ /,,0,,,,,,,0,,2022-10-29 00:00:00,,,,,,2022.564(2),"Print, Photographic",,,,,,Ph-p-564,/ /,Documentary Artifact,,,,,,,,,,,,,,,,,/ /,,,,,,/ /,,,,,,,,,,,,,,,,0,0,0,0,0,/ /,/ /,,/ /,,,,,,,,,,2022-10-29 14:28:00,Unknown,/ /,.F.
2022.564,0,,,Holstein Cow,Rachel Twedt,2022-10-29 00:00:00,,Nichols Collection,/ /,,,,,,,0,0,,,Holstein Cow,,,0,,0,,,,,/ /,,/ / : : AM,,,,,8: Communication Artifact,KEC File Cabinet,2,,/ /,,,,0,,/ /,0,0,,,/ /,,0,,,,,,,0,,2022-10-29 00:00:00,,,,,,2022.564,"Print, Photographic",,,,,,Ph-p-564,/ /,Documentary Artifact,,,,,,,,,,,,,,,,,/ /,,,,,,/ /,,,,,,,,,,,,,,,,0,0,0,0,0,/ /,/ /,,/ /,,,,,,,,,,2022-10-29 14:31:00,Unknown,/ /,.F.
2022.581,0,,,KMDKS Colanthia,Rachel Twedt,2022-10-29 00:00:00,,Nichols Collection,/ /,,,,,,,0,0,,,"KMDKS Colanthia, November 25, 1927",,,0,,0,,,,,/ /,,/ / : : AM,,,,,8: Communication Artifact,KEC File Cabinet,2,,/ /,,,,0,,/ /,0,0,,,/ /,,0,,,,,,,0,,2022-10-29 00:00:00,,,,,,2022.581,"Print, Photographic",,,,,,Ph-p-581,/ /,Documentary Artifact,,,,,,,,,,,,,,,,,/ /,,,,,,/ /,,,,,,,,,,,,,,,,0,0,0,0,0,/ /,/ /,,/ /,,,,,,,,,,2022-10-29 14:36:00,Unknown,/ /,.F.
2022.54,0,,,Holstein Cow,Rachel Twedt,2022-10-29 00:00:00,,Nichols Collection,/ /,,,,,,,0,0,,,Holstein Cow,,,0,,0,,,,,/ /,,/ / : : AM,,,,,8: Communication Artifact,KEC File Cabinet,2,,/ /,,,,0,,/ /,0,0,,,/ /,,0,,,,,,,0,,2022-10-29 00:00:00,,,,,,2022.54,"Print, Photographic",,,,,,Ph-p-540,/ /,Documentary Artifact,,,,,,,,,,,,,,,,,/ /,,,,,,/ /,,,,,,,,,,,,,,,,0,0,0,0,0,/ /,/ /,,/ /,,,,,,,,,,2022-10-29 14:39:00,Unknown,/ /,.F.
2022.582,0,,,KMDKS Colantha,Rachel Twedt,2022-10-29 00:00:00,,Nichols Collection,/ /,,,,,,,0,0,,,"KMDKS Colantha, November 25, 1927",,,0,,0,,,,,/ /,,/ / : : AM,,,,,8: Communication Artifact,KEC File Cabinet,2,,/ /,,,,0,,/ /,0,0,,,/ /,,0,,,,,,,0,,2022-10-29 00:00:00,,,,,,2022.582,"Print, Photographic",,,,,,Ph-p-582,/ /,Documentary Artifact,,,,,,,,,,,,,,,,,/ /,,,,,,/ /,,,,,,,,,,,,,,,,0,0,0,0,0,/ /,/ /,,/ /,,,,,,,,,,2022-10-29 14:43:00,Unknown,/ /,.F.
2022.57,0,,,VO Belle,Rachel Twedt,2022-10-29 00:00:00,,Nichols Collection,/ /,,,,,,,0,0,,,"VO Belle, June 18, 1923",,,0,,0,,,,,/ /,,/ / : : AM,,,,,8: Communication Artifact,KEC File Cabinet,2,,/ /,,,,0,,/ /,0,0,,,/ /,,0,,,,,,,0,,2022-10-29 00:00:00,,,,,,2022.57,"Print, Photographic",,,,,,Ph-p-570,/ /,Documentary Artifact,,,,,,,,,,,,,,,,,/ /,,,,,,/ /,,,,,,,,,,,,,,,,0,0,0,0,0,/ /,/ /,,/ /,,,,,,,,,,2022-10-29 14:46:00,Unknown,/ /,.F.
2022.634,0,,,Holstein Cow,Rachel Twedt,2022-10-29 00:00:00,,Nichols Collection,/ /,,,,,,,0,0,,,Holstein Cow,,,0,,0,,,,,/ /,,/ / : : AM,,,,,8: Communication Artifact,KEC File Cabinet,2,,/ /,,,,0,,/ /,0,0,,,/ /,,0,,,,,,,0,,2022-10-29 00:00:00,,,,,,2022.634,"Print, Photographic",,,,,,Ph-p-634,/ /,Documentary Artifact,,,,,,,,,,,,,,,,,/ /,,,,,,/ /,,,,,,,,,,,,,,,,0,0,0,0,0,/ /,/ /,,/ /,,,,,,,,,,2022-10-29 14:51:00,Unknown,/ /,.F.
2022.635,0,,,Holstein Cow,Rachel Twedt,2022-10-29 00:00:00,,Nichols Collection,/ /,,,,,,,0,0,,,Holstein Cow,,,0,,0,,,,,/ /,,/ / : : AM,,,,,8: Communication Artifact,KEC File Cabinet,2,,/ /,,,,0,,/ /,0,0,,,/ /,,0,,,,,,,0,,2022-10-29 00:00:00,,,,,,2022.635,"Print, Photographic",,,,,,Ph-p-635,/ /,Documentary Artifact,,,,,,,,,,,,,,,,,/ /,,,,,,/ /,,,,,,,,,,,,,,,,0,0,0,0,0,/ /,/ /,,/ /,,,,,,,,,,2022-10-29 14:54:00,Unknown,/ /,.F.
2022.642,0,,,Lady Roberts,Rachel Twedt,2022-10-29 00:00:00,,Nichols Collection,/ /,,,,,,,0,0,,,"Lady Roberts, July 9, 1925",,,0,,0,,,,,/ /,,/ / : : AM,,,,,8: Communication Artifact,KEC File Cabinet,2,,/ /,,,,0,,/ /,0,0,,,/ /,,0,,,,,,,0,,2022-10-29 00:00:00,,,,,,2022.642,"Print, Photographic",,,,,,Ph-p-642,/ /,Documentary Artifact,,,,,,,,,,,,,,,,,/ /,,,,,,/ /,,,,,,,,,,,,,,,,0,0,0,0,0,/ /,/ /,,/ /,,,,,,,,,,2022-10-29 14:58:00,Unknown,/ /,.F.
2022.638,0,,,Holstein Cow,Rachel Twedt,2022-10-29 00:00:00,,Nichols Collection,/ /,,,,,,,0,0,,,Holstein Cow,,,0,,0,,,,,/ /,,/ / : : AM,,,,,8: Communication Artifact,KEC File Cabinet,2,,/ /,,,,0,,/ /,0,0,,,/ /,,0,,,,,,,0,,2022-10-29 00:00:00,,,,,,2022.638,"Print, Photographic",,,,,,Ph-p-638,/ /,Documentary Artifact,,,,,,,,,,,,,,,,,/ /,,,,,,/ /,,,,,,,,,,,,,,,,0,0,0,0,0,/ /,/ /,,/ /,,,,,,,,,,2022-10-29 15:01:00,Unknown,/ /,.F.
2022.645,0,,,Photograph of Holstein Cow,M Bonci,2022-11-09 00:00:00,,Nichols Collection,/ /,,,,,Strohmeyer Inc.,,0,0,,,Holstein Cow,,,0,,0,,,,,/ /,,/ / : : AM,,,,,8: Communication Artifact,KEC File Cabinet,2,,/ /,,,,0,,/ /,0,0,,,/ /,,0,,,,,,,0,,2022-11-09 00:00:00,,,,,,2022.645,"Print, Photographic",,,,,,Ph-p-645,/ /,Documentary Artifact,,,,,,,,,,,,,,,,,/ /,,,,,,/ /,,,,,,,,,,,,,,,,0,0,0,0,0,/ /,/ /,,/ /,,,,,,,,,,2022-11-09 12:54:00,Unknown,/ /,.F.
2022.647,0,,,Photograph of holstein cow,M Bonci,2022-11-09 00:00:00,,Nichols Collection,/ /,,,,,H. A. Strohmeyer Jr.,,0,0,,,Holstein Cow,,,0,,0,,,,,/ /,,/ / : : AM,,,,,8: Communication Artifact,KEC File Cabinet,2,,/ /,,,,0,,/ /,0,0,,,/ /,,0,,,,,,,0,,2022-11-09 00:00:00,,,,,,2022.647,"Print, Photographic",,,,,,Ph-p-647,/ /,Documentary Artifact,,,,,,,,,,,,,,,,,/ /,,,,,,/ /,,,,,,,,,,,,,,,,0,0,0,0,0,/ /,/ /,,/ /,,,,,,,,,,2023-03-31 16:59:00,Unknown,/ /,.F.
2022.601,0,,,Photograph of holstein cow,M Bonci,2022-11-09 00:00:00,,Nichols Collection,/ /,,,,,Robert E Hildebrand,,0,0,,,Holstein Cow,,,0,,0,,,,,/ /,,/ / : : AM,,,,,8: Communication Artifact,KEC File Cabinet,2,,/ /,,,,0,,/ /,0,0,,,/ /,,0,,,,,,,0,,2022-11-09 00:00:00,,,,,,2022.601,"Print, Photographic",,,,,,Ph-p-601,/ /,Documentary Artifact,,,,,,,,,,,,,,,,,/ /,,,,,,/ /,,,,,,,,,,,,,,,,0,0,0,0,0,/ /,/ /,,/ /,,,,,,,,,,2022-11-09 13:07:00,Unknown,/ /,.F.
2022.583,0,,,Photograph of holstein cow,M Bonci,2022-11-09 00:00:00,,Nichols Collection,/ /,,,,,H. A. Strohmeyer Jr.,,0,0,,,Holstein cow,,,0,,0,,,,,/ /,,/ / : : AM,,,,,8: Communication Artifact,KEC File Cabinet,2,,/ /,,,,0,,/ /,0,0,,,/ /,,0,,,,,,,0,,2022-11-09 00:00:00,,,,,,2022.583,"Print, Photographic",,,,,,Ph-p-583,/ /,Documentary Artifact,,,,,,,,,,,,,,,,,/ /,,,,,,/ /,,,,,,,,,,,,,,,,0,0,0,0,0,/ /,/ /,,/ /,,,,,,,,,,2023-03-31 17:03:00,Unknown,/ /,.F.
2022.624,0,,,Photograph of holstein cow,M Bonci,2022-11-09 00:00:00,,Nichols Collection,/ /,,,,,Stevens,,0,0,,,Holstein cow,,,0,,0,,,,,/ /,,/ / : : AM,,,,,8: Communication Artifact,KEC File Cabinet,2,,/ /,,,,0,,/ /,0,0,,,/ /,,0,,,,,,,0,,2022-11-09 00:00:00,,,,,,2022.624,"Print, Photographic",,,,,,Ph-p-624,/ /,Documentary Artifact,,,,,,,,,,,,,,,,,/ /,,,,,,/ /,,,,,,,,,,,,,,,,0,0,0,0,0,/ /,/ /,,/ /,,,,,,,,,,2022-11-09 13:23:00,Unknown,/ /,.F.
2023.001,0,,,"Osmon & Cheesman Factory and Canal, Ansonia, Conn.",,2023-08-12 00:00:00,,Osborne Homestead Museum Collection,/ /,,,,,,,0,0,,,"Osmon & Cheeseman Factory and Canal Ansonia, Connecticut postcard. Postcard addressed to Miss Lena Smith of Seymour of Mrs Henry Treat Conn. 75 as is. Postcard stamped Nov 17, 1907 5:30pm. Postage stamp 1 cent Benjamin Franklin.",,,0,,0,,,,,/ /,,/ / : : AM,,,,,,KEC File Cabinet,2,,/ /,,,,0,,/ /,0,0,,,/ /,,0,,,,,,,0,,2023-08-12 00:00:00,,,,,,2023.001,"Album, Postcard",,,,,,,/ /,,,,,,,,,,,,,,,,,,/ /,,,,,,/ /,,,,,,,,,,,,,,,,0,0,0,0,0,/ /,/ /,,/ /,,,,,,,,,,2023-08-15 13:14:00,Unknown,/ /,.F.
2023.002,0,,,The S.O & C. Company,,2023-08-12 00:00:00,,Osborne Homestead Museum Collection,/ /,,,,,,,0,0,,,"The S.O & C.Co. Manufacturers of Eyelets Ansonia,Conn. U.S.A (Schneller Osborne &Cheeseman Company)",,,0,,0,,,,,/ /,,/ / : : AM,,,,,,KEC File Cabinet,1,,/ /,,,,0,,/ /,0,0,,,/ /,,0,,,,,,,0,,2023-08-12 00:00:00,,,,,,2023.002,Photograph,,,,,,,/ /,,,,,,,,,,,,,,,,,,/ /,,,,,,/ /,,,,,,,,,,,,,,,,0,0,0,0,0,/ /,/ /,,/ /,,,,,,,,,,2023-08-15 13:05:00,Unknown,/ /,.F.
2023.118,0,,,Derby Neck Library,,2023-08-12 00:00:00,,Osborne Homestead Museum Collection,/ /,,,,,"Howard B. Jackson, Roger B. Whitman",,0,0,,,Photograph of Derby Neck Library,,,0,,0,,,,,/ /,,/ / : : AM,,,,,,KEC File Cabinet,2,,/ /,,,,0,,/ /,0,0,,,/ /,,0,,,,,,,0,,2023-08-12 00:00:00,,,,,,2023.118,Photograph,,,,,,Ph-p-118,/ /,,,"220 West 42nd Street, NewYork",,,,,,,,,,,,,,,/ /,,,,,,/ /,,,,,,,,,,,,,,,,0,0,0,0,0,/ /,/ /,,/ /,,,,,,,,,,2023-08-15 15:48:00,Unknown,/ /,.F.
2023.003,0,,,Record by Johana Busk,,2023-08-15 00:00:00,,Osborne Homestead Museum Collection,/ /,,,,,,,0,0,,,Record by Johana Busk dated 7-12-63. This document is a business record of Cheeseman family & Osborne Family.,,,0,,0,,,,,/ /,,/ / : : AM,,,,,,KEC File Cabinet,2,,/ /,,,,0,,/ /,0,0,,,/ /,,0,,,,,,,0,,2023-08-15 00:00:00,,,,,,2023.003,Letter,,,,,,,/ /,,,,,,,,,,,,,,,,,,/ /,,,,,,/ /,,,,,,,,,,,,,,,,0,0,0,0,0,/ /,/ /,,/ /,,,,,,,,,,2023-08-15 15:57:00,Unknown,/ /,.F.
2023.004,0,,,E.A Lillie,,2023-08-15 00:00:00,,Osborne Homestead Museum Collection,/ /,,,,,,,0,0,,,Pre-written lettter to E.A Lillie by Frances Kellogg.,,,0,,0,,,,,/ /,,/ / : : AM,,,,,,KEC File Cbinet,2,,/ /,,,,0,,/ /,0,0,,,/ /,,0,,,,,,,0,,2023-08-15 00:00:00,,,,,,2023.004,Note,,,,,,,/ /,,,,,,,,,,,,,,,,,,/ /,,,,,,/ /,,,,,,,,,,,,,,,,0,0,0,0,0,/ /,/ /,,/ /,,,,,,,,,,2023-08-15 15:51:00,Unknown,/ /,.F.
2023.005,0,,,STEELS & BUSKS LIMITED.,,2023-08-15 00:00:00,,Osborne Homestead Musuem Collection,/ /,,,,,,,0,0,,,Letter to Mrs.Kellogg. Mailing to Mrs.F.E.O. Kellogg. 500 Hawthorne Avenue. DERBY. Conn. U.S.A STEELS & BUSKS LIMITED. By Ernest .A. Lillie 47 Rutland Street. Leicester Dated: 17th July 1945.,,,0,,0,,,,,/ /,,/ / : : AM,,,,,,KEC File Cabinet,2,,/ /,,,,0,,/ /,0,0,,,/ /,,0,,,,,,,0,,2023-08-15 00:00:00,,,,,,2023.005,Letter,,,,,,,/ /,,,,,,,,,,,,,,,,,,/ /,,,,,,/ /,,,,,,,,,,,,,,,,0,0,0,0,0,/ /,/ /,,/ /,,,,,,,,,,2023-08-15 13:11:00,Unknown,/ /,.F.
2023.006,0,,,Letter to Cousin Eddie,,2023-08-15 00:00:00,,Osborne Homestead Musuem Collection,/ /,,,,,,,0,0,,,"Letter to Cousin Eddie by Hattie E. DeWolfe. Dated March 16. 93"" Bridgeport.",,,0,,0,,,,,/ /,,/ / : : AM,,,,,,KEC File Cabinet,2,,/ /,,,,0,,/ /,0,0,,,/ /,,0,,,,,,,0,,2023-08-15 00:00:00,,,,,,2023.006,Letter,,,,,,,/ /,,,,,,,,,,,,,,,,,,/ /,,,,,,/ /,,,,,,,,,,,,,,,,0,0,0,0,0,/ /,/ /,,/ /,,,,,,,,,,2023-08-15 15:54:00,Unknown,/ /,.F.
2023.007,0,,,George W. & Mrs.Cheeseman,,2023-08-15 00:00:00,,Osborne Homestead Museum Collection,/ /,,,,,,,0,0,,,Photograph of George W. & Mrs.Cheeseman,,,0,,0,,,,,/ /,,/ / : : AM,,,,,,KEC File Cabinet,2,,/ /,,,,0,,/ /,0,0,,,/ /,,0,,,,,,,0,,2023-08-15 00:00:00,,,,,,2023.007,Photograph,,,,,,,/ /,,,,,,,,,,,,,,,,,,/ /,,,,,,/ /,,,,,,,,,,,,,,,,0,0,0,0,0,/ /,/ /,,/ /,,,,,,,,,,2023-08-15 15:47:00,Unknown,/ /,.F.
2023.008,0,,,George O. Schneller,,2023-08-15 00:00:00,,Osborne Homestead Museum Collection,/ /,,,,,,,0,0,,,Photograph of Geroge O. Schneller,,,0,,0,,,,,/ /,,/ / : : AM,,,,,,KEC File Cabinet,1,,/ /,,,,0,,/ /,0,0,,,/ /,,0,,,,,,,0,,2023-08-15 00:00:00,,,,,,2023.008,Photograph,,,,,,,/ /,,,,,,,,,,,,,,,,,,/ /,,,,,,/ /,,,,,,,,,,,,,,,,0,0,0,0,0,/ /,/ /,,/ /,,,,,,,,,,2023-08-15 12:59:00,Unknown,/ /,.F.
2023.009,0,,,Cheeseman-George.W.,,2023-08-15 00:00:00,,Osborne Homestead Musuem Collection,/ /,,,,,,,0,0,,,Cheeseman-George.W.,,,0,,0,,,,,/ /,,/ / : : AM,,,,,,KEC File Cabinet,2,,/ /,,,,0,,/ /,0,0,,,/ /,,0,,,,,,,0,,2023-08-15 00:00:00,,,,,,2023.009,Photograph,,,,,,,/ /,,,,,,,,,,,,,,,,,,/ /,,,,,,/ /,,,,,,,,,,,,,,,,0,0,0,0,0,/ /,/ /,,/ /,,,,,,,,,,2023-08-15 12:59:00,Unknown,/ /,.F.
2023.01,0,,,THE OSBORNE & CHEESMAN MANUFACTURING CO.,,2023-08-15 00:00:00,,Osborne Homestead Museum Collection,/ /,,,,,,,0,0,,,The OSBORNE 7 CHEESMAN MANUFACTURING CO.,,,0,,0,,,,,/ /,,/ / : : AM,,,,,,KEC File Cabinet,4,,/ /,,,,0,,/ /,0,0,,,/ /,,0,,,,,,,0,,2023-08-15 00:00:00,,,,,,2023.01,Photograph,,,,,,,/ /,,,,,,,,,,,,,,,,,,/ /,,,,,,/ /,,,,,,,,,,,,,,,,0,0,0,0,0,/ /,/ /,,/ /,,,,,,,,,,2023-08-15 15:46:00,Unknown,/ /,.F.
2023.011,0,,,Birmingham Bank,,2023-08-15 00:00:00,,Osborne Homestead Museum Collection,/ /,,,,,,,0,0,,,Birmingham Bank,,,0,,0,,,,,/ /,,/ / : : AM,,,,,,KEC File Cabinet,2,,/ /,,,,0,,/ /,0,0,,,/ /,,0,,,,,,,0,,2023-08-15 00:00:00,,,,,,2023.011,Photograph,,,,,,,/ /,,,,,,,,,,,,,,,,,,/ /,,,,,,/ /,,,,,,,,,,,,,,,,0,0,0,0,0,/ /,/ /,,/ /,,,,,,,,,,2023-08-15 13:18:00,Unknown,/ /,.F.
2023.012,0,,,COUNTING ROOM OF BIRMINGHAM NATIONAL BANK.,,2023-08-15 00:00:00,,Osborne Homestead Museum Collection,/ /,,,,,,,0,0,,,Photographs of BIrmingham Bank.(Counting Room Of Birmingham National Bank.),,,0,,0,,,,,/ /,,/ / : : AM,,,,,,KEC File Cabinet,2,,/ /,,,,0,,/ /,0,0,,,/ /,,0,,,,,,,0,,2023-08-15 00:00:00,,,,,,2023.012,Photograph,,,,,,,/ /,,,,,,,,,,,,,,,,,,/ /,,,,,,/ /,,,,,,,,,,,,,,,,0,0,0,0,0,/ /,/ /,,/ /,,,,,,,,,,2023-08-15 15:39:00,Unknown,/ /,.F.
2023.013,0,,,LOBBY AND ENTRANCE OF BIRMINGHAM NATIONAL BANK,,2023-08-15 00:00:00,,Osborne Homestead Museum Collection,/ /,,,,,,,0,0,,,Birmingham Bank. (Lobby And Entrance Of Birmingham National Bank.),,,0,,0,,,,,/ /,,/ / : : AM,,,,,,KEC File Cabinet,2,,/ /,,,,0,,/ /,0,0,,,/ /,,0,,,,,,,0,,2023-08-15 00:00:00,,,,,,2023.013,Photograph,,,,,,,/ /,,,,,,,,,,,,,,,,,,/ /,,,,,,/ /,,,,,,,,,,,,,,,,0,0,0,0,0,/ /,/ /,,/ /,,,,,,,,,,2023-08-15 16:00:00,Unknown,/ /,.F.
2023.014,0,,,BIRMINGHAM BRASS CO.'S PLANT.,,2023-08-15 00:00:00,,Osborne Homestead Collection,/ /,,,,,,,0,0,,,Birmingham Brass Co'.s Plant.,,,0,,0,,,,,/ /,,/ / : : AM,,,,,,KEC File Cabinet,3,,/ /,,,,0,,/ /,0,0,,,/ /,,0,,,,,,,0,,2023-08-15 00:00:00,,,,,,2023.014,Photograph,,,,,,,/ /,,,,,,,,,,,,,,,,,,/ /,,,,,,/ /,,,,,,,,,,,,,,,,0,0,0,0,0,/ /,/ /,,/ /,,,,,,,,,,2023-08-15 15:36:00,Unknown,/ /,.F.
2023.015,0,,,PLANT OF DERBY SILVER CO.,,2023-08-15 00:00:00,,Osborne Homestead Museum Collection,/ /,,,,,,,0,0,,,Plant of Derby Silver Co.,,,0,,0,,,,,/ /,,/ / : : AM,,,,,,KEC File Cabinet,3,,/ /,,,,0,,/ /,0,0,,,/ /,,0,,,,,,,0,,2023-08-15 00:00:00,,,,,,2023.015,Photograph,,,,,,,/ /,,,,,,,,,,,,,,,,,,/ /,,,,,,/ /,,,,,,,,,,,,,,,,0,0,0,0,0,/ /,/ /,,/ /,,,,,,,,,,2023-08-15 15:32:00,Unknown,/ /,.F.
2023.016,0,,,WORKS OF THE DERBY SILVER CO.,,2023-08-15 00:00:00,,Osborne Homestead Museum Collection,/ /,,,,,,,0,0,,,Works of the Derby Silver Co.,,,0,,0,,,,,/ /,,/ / : : AM,,,,,,KEC File Cabinet,6,,/ /,,,,0,,/ /,0,0,,,/ /,,0,,,,,,,0,,2023-08-15 00:00:00,,,,,,2023.016,Photograph,,,,,,,/ /,,,,,,,,,,,,,,,,,,/ /,,,,,,/ /,,,,,,,,,,,,,,,,0,0,0,0,0,/ /,/ /,,/ /,,,,,,,,,,2023-08-15 15:28:00,Unknown,/ /,.F.
2023.017,0,,,THE VALLEY DRUMMER,,2023-08-15 00:00:00,,Osborne Homestead Museum Collection,/ /,,,,,,,0,0,,,"The Valley Drummer Newspaper. Time Was The Ansonia O. & C. Co Successors to THE OSBORNE & CHEESMAN CO., Maufactufacturers of SKIRT, SUSPENDER AND CORSET MATRERIALS. Dated: Thursday, August 21, 1986.",,,0,,0,,,,,/ /,,/ / : : AM,,,,,,KEC File Cabinet,1,,/ /,,,,0,,/ /,0,0,,,/ /,,0,,,,,,,0,,2023-08-15 00:00:00,,,,,,2023.017,Newspaper,,,,,,,/ /,,,,,,,,,,,,,,,,,,/ /,,,,,,/ /,,,,,,,,,,,,,,,,0,0,0,0,0,/ /,/ /,,/ /,,,,,,,,,,2023-08-15 16:14:00,Unknown,/ /,.F.
2023.018,0,,,"Miss Barbara, Miss Florance Rogers & Mirs.Lillie",,2023-08-16 00:00:00,,Osborne Homestead Museum Colllection,/ /,,,,,,,0,0,,,Photograph of Miss Barbara~Miss Florance Rogers~Mrs.Lillie. Manor Golf. July 1934.,,,0,,0,,,,,/ /,,/ / : : AM,,,,,,KEC File Cabinet,2,,/ /,,,,0,,/ /,0,0,,,/ /,,0,,,,,,,0,,2023-08-16 00:00:00,,,,,,2023.018,Photograph,,,,,,,/ /,,,,,,,,,,,,,,,,,,/ /,,,,,,/ /,,,,,,,,,,,,,,,,0,0,0,0,0,/ /,/ /,,/ /,,,,,,,,,,2023-08-16 11:24:00,Unknown,/ /,.F.
2023.019,0,,,Manor Golf,,2023-08-16 00:00:00,,Osborne Homestead Museum Collection,/ /,,,,,Ea Lillie,,0,0,,,Manor Golf. May 1934.,,,0,,0,,,,,/ /,,/ / : : AM,,,,,,KEC File Cabinet,1,,/ /,,,,0,,/ /,0,0,,,/ /,,0,,,,,,,0,,2023-08-16 00:00:00,,,,,,2023.019,Photograph,,,,,,,/ /,,,,,,,,,,,,,,,,,,/ /,,,,,,/ /,,,,,,,,,,,,,,,,0,0,0,0,0,/ /,/ /,,/ /,,,,,,,,,,2023-08-16 11:33:00,Unknown,/ /,.F.
2023.02,0,,,Mrs.Lillie & two sons,,2023-08-16 00:00:00,,Osborne Homestead Museum Collection,/ /,,,,,,,0,0,,,Mrs.Lillie & her two sons.,,,0,,0,,,,,/ /,,/ / : : AM,,,,,,KEC File Cabinet,1,,/ /,,,,0,,/ /,0,0,,,/ /,,0,,,,,,,0,,2023-08-16 00:00:00,,,,,,2023.02,Photograph,,,,,,,/ /,,,,,,,,,,,,,,,,,,/ /,,,,,,/ /,,,,,,,,,,,,,,,,0,0,0,0,0,/ /,/ /,,/ /,,,,,,,,,,2023-08-16 11:42:00,Unknown,/ /,.F.
2023.021,0,,,Mr.Lillie,,2023-08-16 00:00:00,,Osborne Homestead Museum Collection,/ /,,,,,,,0,0,,,Photograph of Mr.Lillie.,,,0,,0,,,,,/ /,,/ / : : AM,,,,,,KEC File Cabinet,2,,/ /,,,,0,,/ /,0,0,,,/ /,,0,,,,,,,0,,2023-08-16 00:00:00,,,,,,2023.021,Photograph,,,,,,,/ /,,,,,,,,,,,,,,,,,,/ /,,,,,,/ /,,,,,,,,,,,,,,,,0,0,0,0,0,/ /,/ /,,/ /,,,,,,,,,,2023-08-16 11:49:00,Unknown,/ /,.F.
2023.023,0,,,"Battery Ft. Brady, James River, Va.",,2023-08-16 00:00:00,,Osborne Homestead Museum Collection,/ /,,,,,,,0,0,,,"Photographic History of The War For The Union. WAR VIEWS. Ft. Brady, James River, Va. View showing part of Battery. NO.2698 PUBLISHED BY E. & H.T. ANTHONY & CO., AMERICAN AND FOREIGH STEREOSCOPIC EMPORIUM, 501 BROADWAY, NEW-YORK.",,,0,,0,,,,,/ /,,/ / : : AM,,,,,,KEC File Cabinet,2,,/ /,,,,0,,/ /,0,0,,,/ /,,0,,,,,,,0,,2023-08-16 00:00:00,,,,,,2023.023,"Print, Photographic",,,,,,,/ /,,,,,,,,,,,,,,,,,,/ /,,,,,,/ /,,,,,,,,,,,,,,,,0,0,0,0,0,/ /,/ /,,/ /,,,,,,,,,,2023-08-22 11:26:00,Unknown,/ /,.F.
2023.024,0,,,Cannon Photograhic History,,2023-08-16 00:00:00,,Osborne Homestead Museum Collection,/ /,,,,,,,0,0,,,Photograph of cannon with soldier. 16m Columbia. Battery Lemmes,,,0,,0,,,,,/ /,,/ / : : AM,,,,,,kEC File Cabinet,2,,/ /,,,,0,,/ /,0,0,,,/ /,,0,,,,,,,0,,2023-08-16 00:00:00,,,,,,2023.024,"Print, Photographic",,,,,,,/ /,,,,,,,,,,,,,,,,,,/ /,,,,,,/ /,,,,,,,,,,,,,,,,0,0,0,0,0,/ /,/ /,,/ /,,,,,,,,,,2023-08-22 11:26:00,Unknown,/ /,.F.
2023.025,0,,,"East Face of Fort Summer, Charleston Harbor.",,2023-08-16 00:00:00,,Osborne Homestead Museum Collection,/ /,,,,,,,0,0,,,"Entered according to act of Congress, in the yeat 1865, by J.W. CAMPBELL, in the Clerk's Office of the District Court of the United States for the Soouthern District of New-York. WAR VIEWS. No.211 East Face of Fort Sumter, showing Palmetto Fortification, CHARLESTON HARBOR.",,,0,,0,,,,,/ /,,/ / : : AM,,,,,,KEC File Cabinet,2,,/ /,,,,0,,/ /,0,0,,,/ /,,0,,,,,,,0,,2023-08-16 00:00:00,,,,,,2023.025,"Print, Photographic",,,,,,,/ /,,,,,,,,,,,,,,,,,,/ /,,,,,,/ /,,,,,,,,,,,,,,,,0,0,0,0,0,/ /,/ /,,/ /,,,,,,,,,,2023-08-22 11:26:00,Unknown,/ /,.F.
2023.026,0,,,Officers' Quarters,,2023-08-17 00:00:00,,Osborne Homestead Museum Collection,/ /,,,,,,,0,0,,,"Photographic History of The War For The Union. WAR VIEWS. Officers' Quarters, near Ft. Brady, before Richmond, VA. No.2675 PUBLISHED BY E. & H. T. ANTHONY &CO., AMERICAN AND FOREIGN STEREOSCOPIC EMPORIUM, 501 BROADWAY, NEW-YORK.",,,0,,0,,,,,/ /,,/ / : : AM,,,,,,KEC File Cabinet,2,,/ /,,,,0,,/ /,0,0,,,/ /,,0,,,,,,,0,,2023-08-17 00:00:00,,,,,,2023.026,"Print, Photographic",,,,,,,/ /,,,,,,,,,,,,,,,,,,/ /,,,,,,/ /,,,,,,,,,,,,,,,,0,0,0,0,0,/ /,/ /,,/ /,,,,,,,,,,2023-08-22 11:25:00,Unknown,/ /,.F.
2023.027,0,,,Dead Rebel Soldier,,2023-08-17 00:00:00,,Osborne Homestead Museum Collection,/ /,,,,,,,0,0,,,"Photographic History Of The War For The Union. WAR VIEWS. A dea Rebel Soldier, inside the Union Picket lines. The View was taken the morning after the storming of Petrersburgh, Va., April 2d, 1865. No.3186 Copyright Secured. PUBLISHED BY E. & H.T. ANTHONY & Co., AMERICAN AND FOREIGN STEREOSCOPIC EMPORIUM, 501 BROADWAY, NEW-YORK.",,,0,,0,,,,,/ /,,/ / : : AM,,,,,,KEC File Cabinet,2,,/ /,,,,0,,/ /,0,0,,,/ /,,0,,,,,,,0,,2023-08-17 00:00:00,,,,,,2023.027,"Print, Photographic",,,,,,,/ /,,,,,,,,,,,,,,,,,,/ /,,,,,,/ /,,,,,,,,,,,,,,,,0,0,0,0,0,/ /,/ /,,/ /,,,,,,,,,,2023-08-22 11:25:00,Unknown,/ /,.F.
2023.028,0,,,Rebel Fort Mahone,,2023-08-17 00:00:00,,Osborne Homestead Museum Collection,/ /,,,,,,,0,0,,,"Photographic History of The War For The Union. WAR VIEWS. This view was taken in the Trenches of the Rebel Fort, Mahone, called by the Soldiers ""Fort Damnation,"" the morning after the storming of Petersburgh, Va., April 2d, 1865, and shows a boy about 14 years, who must have been asleep when the attack was made, as he is but partiallly dressed; he was killed as he came out from a Bomb Proof; he has on the Rebelgrey uniform. No.3187. Copyright Secured. PUBLISHED BY E. & H. T. ANTHONY &CO., AMERICAN AND FOREIGN STEREOSCOPIC EMPORIUM, 501 BROADWAY, NEW-YORK.",,,0,,0,,,,,/ /,,/ / : : AM,,,,,,KEC File Cabinet,2,,/ /,,,,0,,/ /,0,0,,,/ /,,0,,,,,,,0,,2023-08-17 00:00:00,,,,,,2023.028,"Print, Photographic",,,,,,,/ /,,,,,,,,,,,,,,,,,,/ /,,,,,,/ /,,,,,,,,,,,,,,,,0,0,0,0,0,/ /,/ /,,/ /,,,,,,,,,,2023-08-22 11:25:00,Unknown,/ /,.F.
2023.029,0,,,Live Oak Avenue,,2023-08-17 00:00:00,,Osborne Homestead Museum Collection,/ /,,,,,,,0,0,,,"Photographic History of The War For The Union. WAR VIEWS. Live Oak Avenue, at R.B Rhett's plantation, Beaufort, Port Royal Island, S.C. No.3575 PUBLISHED BY E. & H. T. ANTHONY & CO., AMERICAN AND FOREIGN STEREOSCOPIC EMPORIUM, 501 BROADWAY, NEW-YORK.",,,0,,0,,,,,/ /,,/ / : : AM,,,,,,KEC File cabinet,2,,/ /,,,,0,,/ /,0,0,,,/ /,,0,,,,,,,0,,2023-08-17 00:00:00,,,,,,2023.029,"Print, Photographic",,,,,,,/ /,,,,,,,,,,,,,,,,,,/ /,,,,,,/ /,,,,,,,,,,,,,,,,0,0,0,0,0,/ /,/ /,,/ /,,,,,,,,,,2023-08-22 11:24:00,Unknown,/ /,.F.
2023.03,0,,,Photographic Incidents Of The War No.373.,,2023-08-18 00:00:00,,Osborne Homestead Museum Collection,/ /,,,,,,,0,0,,,"PHOTOGRAPHIC INCIDENTS OF THE WAR. No.373. BATTERY NO.4, NEEAR YORKTOWN, MOUNTING TWN 13 INCH MORTARS, EACH WEIGHING 20,000 POUNDS. From Gardner's Gallery, corner of 7th and D streets, Washington, D.C. Negative by James F. Gibson. E. & H.T. ANTHONY, 501 Broadway, New York, Wholesale Agents.",,,0,,0,,,,,/ /,,/ / : : AM,,,,,,KEC File Cabinet,2,,/ /,,,,0,,/ /,0,0,,,/ /,,0,,,,,,,0,,2023-08-18 00:00:00,,,,,,2023.03,"Print, Photographic",,,,,,,/ /,,,,,,,,,,,,,,,,,,/ /,,,,,,/ /,,,,,,,,,,,,,,,,0,0,0,0,0,/ /,/ /,,/ /,,,,,,,,,,2023-08-22 11:24:00,Unknown,/ /,.F.
2023.031,0,,,Photographic Incidents Of The War. No.376.,,2023-08-18 00:00:00,,Osborne Homestead Museum Collection,/ /,,,,,,,0,0,,,"PHOTOGRAPHIC INCIDENTS OF THE WAR. No 376. BATTERY NO. 4 NEAR YORKTOWN, MOUNTING TEN 13 INCH MORTARS, EACH WEIGHING 20,000 POUNDS. SOUTH END. From Gardner's Gallery, corner of 7th and D streets, Washington, D.C Negative by James F. Gibson. E. & H. T. ANTHONY. 501 Broadway, New York, Wholesale Agents.",,,0,,0,,,,,/ /,,/ / : : AM,,,,,,KEC File Cabinet,2,,/ /,,,,0,,/ /,0,0,,,/ /,,0,,,,,,,0,,2023-08-18 00:00:00,,,,,,2023.031,"Print, Photographic",,,,,,,/ /,,,,,,,,,,,,,,,,,,/ /,,,,,,/ /,,,,,,,,,,,,,,,,0,0,0,0,0,/ /,/ /,,/ /,,,,,,,,,,2023-08-22 11:23:00,Unknown,/ /,.F.
2023.032,0,,,Battle Of Gettysburgh,,2023-08-18 00:00:00,,Osborne Homestead Museum Collection,/ /,,,,,,,0,0,,,"PHOTOGRAPHIC HISTORY OF THE WAR FOR THE UNION. WAR VIEWS. Woods on the left wing, Battle of Gettysburgh; in the midddle ground a dead soldier. No.2391 PUBLISHED BY E. & H. T. ANTHONY & CO., AMERICAN AND STEREOSCOPIC EMPORIUM, 501 BROADWAY, NEW-YORK. Negative by Brady. & Co., Washington.",,,0,,0,,,,,/ /,,/ / : : AM,,,,,,KEC File Cabinet,2,,/ /,,,,0,,/ /,0,0,,,/ /,,0,,,,,,,0,,2023-08-18 00:00:00,,,,,,2023.032,"Print, Photographic",,,,,,,/ /,,,,,,,,,,,,,,,,,,/ /,,,,,,/ /,,,,,,,,,,,,,,,,0,0,0,0,0,/ /,/ /,,/ /,,,,,,,,,,2023-08-22 11:23:00,Unknown,/ /,.F.
2023.033,0,,,Soldiers,,2023-08-18 00:00:00,,Osborne Homestead Museum Collection,/ /,,,,,,,0,0,,,Group of soldiers.,,,0,,0,,,,,/ /,,/ / : : AM,,,,,,KEC File Cabinet,2,,/ /,,,,0,,/ /,0,0,,,/ /,,0,,,,,,,0,,2023-08-18 00:00:00,,,,,,2023.033,"Print, Photographic",,,,,,,/ /,,,,,,,,,,,,,,,,,,/ /,,,,,,/ /,,,,,,,,,,,,,,,,0,0,0,0,0,/ /,/ /,,/ /,,,,,,,,,,2023-08-22 11:22:00,Unknown,/ /,.F.
2023.022,0,,,Unidentfied Factory,,2023-08-22 00:00:00,,Osborne Homestead Museum Collection,/ /,,,,,,,0,0,,,Unidentified Factory,,,0,,0,,,,,/ /,,/ / : : AM,,,,,,KEC File Cabinet,1,,/ /,,,,0,,/ /,0,0,,,/ /,,0,,,,,,,0,,2023-08-22 00:00:00,,,,,,2023.022,Photograph,,,,,,,/ /,,,,,,,,,,,,,,,,,,/ /,,,,,,/ /,,,,,,,,,,,,,,,,0,0,0,0,0,/ /,/ /,,/ /,,,,,,,,,,2023-08-22 11:34:00,Unknown,/ /,.F.
2023.304,0,,,Unidentified person,,2023-08-25 00:00:00,,Osborne Homestead Museum Collection,/ /,,,,,,,0,0,,,Undentified person.,,,0,,0,,,,,/ /,,/ / : : AM,,,,,,KEC File Cabinet,2,,/ /,,,,0,,/ /,0,0,,,/ /,,0,,,,,,,0,,/ /,,,,,,2023.304,Negative,,,,,,Ph-p-304,/ /,,,"Birmingham, Conn.",,,,,,,,,,,,,,,/ /,,J.W Storrs,,,,/ /,,,,,,,,,,,,,,,,0,0,0,0,0,/ /,/ /,,/ /,,,,,,,,,,2023-08-25 13:50:00,Unknown,/ /,.F.
2023.34,0,,,"Soldier 1, Bank & Main St., Ansonia, Conn.",,2023-08-25 00:00:00,,Osborne Homestead Museum Collection,/ /,,,,,,,0,0,,,"Soldier 1, Bank & Main St., Ansonia,Conn.",,,0,,0,,,,,/ /,,/ / : : AM,,,,,,KEC File Cabinet,2,,/ /,,,,0,,/ /,0,0,,,/ /,,0,,,,,,,0,,2023-08-25 00:00:00,,,,,,2023.34,"Print, Photographic",,,,,,Ph-p-340,/ /,,,,,,,,,,,,,,,,,,/ /,,,,,,/ /,,,,,,,,,,,,,,,,0,0,0,0,0,/ /,/ /,,/ /,,,,,,,,,,2023-08-25 12:00:00,Unknown,/ /,.F.
2023.205,0,,,"Soldier 2. Bank & Main St., Ansonia, Conn.",,2023-08-25 00:00:00,,Osborne Homestead Museum Collection,/ /,,,,,,,0,0,,,"Soldier 2, Bank & Main St., Ansonia, Conn.",,,0,,0,,,,,/ /,,/ / : : AM,,,,,,KEC File Cabinet,2,,/ /,,,,0,,/ /,0,0,,,/ /,,0,,,,,,,0,,2023-08-25 00:00:00,,,,,,2023.205,"Print, Photographic",,,,,,Ph-p-205,/ /,,,,,,,,,,,,,,,,,,/ /,,,,,,/ /,,,,,,,,,,,,,,,,0,0,0,0,0,/ /,/ /,,/ /,,,,,,,,,,2023-08-25 11:59:00,Unknown,/ /,.F.
2023.32,0,,,Unidetified Person,,2023-08-25 00:00:00,,Osborne Homestead Museum Collection,/ /,,,,,,,0,0,,,Unidentified Man.,,,0,,0,,,,,/ /,,/ / : : AM,,,,,,KEC File Cabinet,2,,/ /,,,,0,,/ /,0,0,,,/ /,,0,,,,,,,0,,2023-08-25 00:00:00,,,Pennslyvania A. Washington D.C,352.0,,2023.32,Negative,,,,,,Ph-p-320,/ /,,,Broadway & Tenth Street. New York,,,,,,,,,,,,,,,/ /,,Brady's National Photographic Portrait Galleries,,,,/ /,,,,,,,,,,,,,,,,0,0,0,0,0,/ /,/ /,,/ /,,,,,,,,,,2023-08-25 14:06:00,Unknown,/ /,.F.
2023.312,0,,,Unidentified Person,,2023-08-25 00:00:00,,Osborne Homestead Museum Collection,/ /,,,,,,,0,0,,,Unidentified Person.,,,0,,0,,,,,/ /,,/ / : : AM,,,,,,KEC File Cabinet,2,,/ /,,,,0,,/ /,0,0,,,/ /,,0,,,,,,,0,,2023-08-25 00:00:00,,,,,,2023.312,Negative,,,,,,Ph-p-312,/ /,,,Birmingham. Conn,,,,,,,,,,,,,,,/ /,,J.W.Storrs,,,,/ /,,,,,,,,,,,,,,,,0,0,0,0,0,/ /,/ /,,/ /,,,,,,,,,,2023-08-25 13:51:00,Unknown,/ /,.F.
2023.297,0,,,Unidentified Person,,2023-08-25 00:00:00,,Osborne Homestead Museum Collection,/ /,,,,,,,0,0,,,Unidentified person.,,,0,,0,,,,,/ /,,/ / : : AM,,,,,,KEC File Cabinet,2,,/ /,,,,0,,/ /,0,0,,,/ /,,0,,,,,,,0,,2023-08-25 00:00:00,,,Penslyvania Av. Washington D.C.,352.0,,2023.297,Negative,,,,,,Ph-p-297,/ /,,,"Broadway & Tenth Street, New York",,,,,,,,,,,,,,,/ /,,Brady's National Photographic Portrait Galleries,,,,/ /,,,,,,,,,,,,,,,,0,0,0,0,0,/ /,/ /,,/ /,,,,,,,,,,2023-08-25 14:07:00,Unknown,/ /,.F.
2023.242,0,,,Unidentified Person,,2023-08-25 00:00:00,,Osborne Homestead Museum Collection,/ /,,,,,E. Anthony,,0,0,,,Unidentified person.,,,0,,0,,,,,/ /,,/ / : : AM,,,,,,KEC file Cabinet,2,,/ /,,,,0,,/ /,0,0,,,/ /,,0,,,,,,,0,,2023-08-25 00:00:00,,,,,,2023.242,Negative,,,,,,Ph-p-242,/ /,,,"501 Broadway, New York.",,,,,,,,,,,,,,,/ /,,Brady's National Portrait Gallery,,,,/ /,,,,,,,,,,,,,,,,0,0,0,0,0,/ /,/ /,,/ /,,,,,,,,,,2023-08-25 13:48:00,Unknown,/ /,.F.
2023.237,0,,,Unidentified Person,,2023-08-25 00:00:00,,Osborne Homestead Museum Collection,/ /,,,,,Brady,,0,0,,,Unidentified Person.,,,0,,0,,,,,/ /,,/ / : : AM,,,,,,KEC File Cabinet,2,,/ /,,,,0,,/ /,0,0,,,/ /,,0,,,,,,,0,,2023-08-25 00:00:00,,,Pennslyvania Av. Washington D.C,352.0,,2023.237,Negative,,,,,,Ph-p-237,/ /,,,Broadway & Tenth St. New York,,,,,,,,,,,,,,,/ /,,Brady's National Photographic Portrait Galleries,,,,/ /,,,,,,,,,,,,,,,,0,0,0,0,0,/ /,/ /,,/ /,,,,,,,,,,2023-08-25 14:02:00,Unknown,/ /,.F.
2023.301,0,,,Unidentified Person,,2023-08-25 00:00:00,,Osborne Homestead Museum Collecction,/ /,,,,,,,0,0,,,Unidentified Person.,,,0,,0,,,,,/ /,,/ / : : AM,,,,,,KEC File Cabinet,2,,/ /,,,,0,,/ /,0,0,,,/ /,,0,,,,,,,0,,2023-08-25 00:00:00,,,,,,2023.301,Negative,,,,,,Ph-p-301,/ /,,,"297 Main Street Over State Bank. Hartford, Conn.",,,,,,,,,,,,,,,/ /,,Webster & Popkins,,,,/ /,,,,,,,,,,,,,,,,0,0,0,0,0,/ /,/ /,,/ /,,,,,,,,,,2023-08-25 14:20:00,Unknown,/ /,.F.
2023.278,0,,,Van Dom?,,2023-08-25 00:00:00,,Osbone Homestead Museum Collection,/ /,,,,,E.& H.T.Anthony,,0,0,,,Van Dom?,,,0,,0,,,,,/ /,,/ / : : AM,,,,,,,2,,/ /,,,,0,,/ /,0,0,,,/ /,,0,,,,,,,0,,2023-08-25 00:00:00,,,,,,2023.278,Negative,,,,,,Ph-p-278,/ /,,,"501 Broadway, New York",,,,,,,,,,,,,,,/ /,,,,,,/ /,,,,,,,,,,,,,,,,0,0,0,0,0,/ /,/ /,,/ /,,,,,,,,,,2023-08-25 15:19:00,Unknown,/ /,.F.
2023.327,0,,,Unidentified Person,,2023-08-25 00:00:00,,Osborne Homestead Museum Collection,/ /,,,,,E.& H.T. Anthony,,0,0,,,Unidentified person.,,,0,,0,,,,,/ /,,/ / : : AM,,,,,,KEC File Cabinet,2,,/ /,,,,0,,/ /,0,0,,,/ /,,0,,,,,,,0,,2023-08-25 00:00:00,,,,,,2023.327,Negative,,,,,,Ph-p-327,/ /,,,"501 Broadway, New York",,,,,,,,,,,,,,,/ /,,Brady's National Portrait Gallery,,,,/ /,,,,,,,,,,,,,,,,0,0,0,0,0,/ /,/ /,,/ /,,,,,,,,,,2023-08-25 15:29:00,Unknown,/ /,.F.
2023.308,0,,,Gen Buckner,,2023-08-25 00:00:00,,Osborne Homestead Musuem Collection,/ /,,,,,E. H. T. Anthony,,0,0,,,Gen Buckner.,,,0,,0,,,,,/ /,,/ / : : AM,,,,,,KEC File Cabinet,2,,/ /,,,,0,,/ /,0,0,,,/ /,,0,,,,,,,0,,2023-08-25 00:00:00,,,,,,2023.308,Negative,,,,,,Ph-p-308,/ /,,,"501 Broadway, New York",,,,,,,,,,,,,,,/ /,,,,,,/ /,,,,,,,,,,,,,,,,0,0,0,0,0,/ /,/ /,,/ /,,,,,,,,,,2023-08-25 15:41:00,Unknown,/ /,.F.
2023.29,0,,,E Jomery,,2023-08-25 00:00:00,,Osborne Homestead Museum Collection,/ /,,,,,,,0,0,,,Respecfully young E Jomery,,,0,,0,,,,,/ /,,/ / : : AM,,,,,,KEC File Cabinet,2,,/ /,,,,0,,/ /,0,0,,,/ /,,0,,,,,,,0,,2023-08-25 00:00:00,,,,,,2023.29,Negative,,,,,,Ph-p-290,/ /,,,,,,,,,,,,,,,,,,/ /,,,,,,/ /,,,,,,,,,,,,,,,,0,0,0,0,0,/ /,/ /,,/ /,,,,,,,,,,2023-08-25 15:51:00,Unknown,/ /,.F.
2023.324,0,,,Jackson,,2023-08-25 00:00:00,,Osborne Homestead Museum Collection,/ /,,,,,,,0,0,,,Jackson,,,0,,0,,,,,/ /,,/ / : : AM,,,,,,KEC File Cabinet,2,,/ /,,,,0,,/ /,0,0,,,/ /,,0,,,,,,,0,,2023-08-25 00:00:00,,,,,,2023.324,Negative,,,,,,Ph-p-324,/ /,,,"501 Broadway, NewYork",,,,,,,,,,,,,,,/ /,,E. & H.T. Anthony,,,,/ /,,,,,,,,,,,,,,,,0,0,0,0,0,/ /,/ /,,/ /,,,,,,,,,,2023-08-25 15:58:00,Unknown,/ /,.F.
2023.329,0,,,Unidentified Person,,2023-08-29 00:00:00,,Osborne Homestead Museum Collection,/ /,,,,,,,0,0,,,Unidentified person.,,,0,,0,,,,,/ /,,/ / : : AM,,,,,,KEC File Cabinet,2,,/ /,,,,0,,/ /,0,0,,,/ /,,0,,,,,,,0,,2023-08-29 00:00:00,,,,,,2023.329,Negative,,,,,,Ph-p-329,/ /,,,"Middletown, Conn.",,,,,,,,,,,,,,,/ /,,Bundys',,,,/ /,,,,,,,,,,,,,,,,0,0,0,0,0,/ /,/ /,,/ /,,,,,,,,,,2023-08-29 10:34:00,Unknown,/ /,.F.
2023.292,0,,,"SOUTH-WEST VIEW OF BATTERY, NO.1",,2023-08-29 00:00:00,,Osborne Homestead Musuem Collection,/ /,,,,,,,0,0,,,"South-west view of battery, No.1, At FArnhold's House, YorkRiver, mounting 5 100-pound, and 1 200-pound rifled guns. Entered according to Act of Congress, in the year 1862, by Banrnard & Gibson, in the Clerks Office of the District Court of the District of Columbia. The photographs of this series were taken directly from nature, at considerable cost. Warning is therefore given that legal proceedings will be at once institude against any party infringing the copyright.",,,0,,0,,,,,/ /,,/ / : : AM,,,,,,KEC File Cabinet,2,,/ /,,,,0,,/ /,0,0,,,/ /,,0,,,,,,,0,,2023-08-29 00:00:00,,,,365.0,,2023.292,Negative,,,,,,Ph-p-292,/ /,,,,,,,,,,,,,,,,,,/ /,,Brady's Album Gallery,,,,/ /,,,,,"South-West View Of Battery, No.1",,,,,,,,,,,0,0,0,0,0,/ /,/ /,,/ /,,,,,,,,,,2023-08-29 12:17:00,Unknown,/ /,.F.
2023.323,0,,,Unidentified Person,,2023-08-29 00:00:00,,Osborne Homestead Museum Collection,/ /,,,,,,,0,0,,,Unidentified person.,,,0,,0,,,,,/ /,,/ / : : AM,,,,,,KEC File Cabinet,2,,/ /,,,,0,,/ /,0,0,,,/ /,,0,,,,,,,0,,2023-08-29 00:00:00,,,,,,2023.323,Negative,,,,,,Ph-p-323,/ /,,,"Birmingham, Conn.",,,,,,,,,,,,,,,/ /,,J.W Storrs,,,,/ /,,,,,,,,,,,,,,,,0,0,0,0,0,/ /,/ /,,/ /,,,,,,,,,,2023-08-29 12:49:00,Unknown,/ /,.F.
2023.321,0,,,Unidentified Person,,2023-08-29 00:00:00,,Osborne Homestead Museum Collection,/ /,,,,,,,0,0,,,Unidentified person.,,,0,,0,,,,,/ /,,/ / : : AM,,,,,,KEC File Cabinet,2,,/ /,,,,0,,/ /,0,0,,,/ /,,0,,,,,,,0,,2023-08-29 00:00:00,,,,,,2023.321,Negative,,,,,,Ph-p-321,/ /,,,"Birmingham,Conn.",,,,,,,,,,,,,,,/ /,,J.W Storrs,,,,/ /,,,,,,,,,,,,,,,,0,0,0,0,0,/ /,/ /,,/ /,,,,,,,,,,2023-08-29 13:03:00,Unknown,/ /,.F.
2023.288,0,,,Unidentified Person,,2023-08-29 00:00:00,,Osborne Homestea Museum Collection,/ /,,,,,,,0,0,,,Unidentified person.,,,0,,0,,,,,/ /,,/ / : : AM,,,,,,KEC File Cabinet,2,,/ /,,,,0,,/ /,0,0,,,/ /,,0,,,,,,,0,,2023-08-29 00:00:00,,,,,,2023.288,Negative,,,,,,Ph-p-288,/ /,,,,,,,,,,,,,,,,,,/ /,,,,,,/ /,,,,,,,,,,,,,,,,0,0,0,0,0,/ /,/ /,,/ /,,,,,,,,,,2023-08-29 13:13:00,Unknown,/ /,.F.
2023.315,0,,,Unidentified Person,,2023-08-29 00:00:00,,Osborne Homestead Museum Collection,/ /,,,,,,,0,0,,,Unidentified person.,,,0,,0,,,,,/ /,,/ / : : AM,,,,,,KEC File Cabinet,2,,/ /,,,,0,,/ /,0,0,,,/ /,,0,,,,,,,0,,2023-08-29 00:00:00,,,,,,2023.315,Negative,,,,,,Ph-p-315,/ /,,,"Birmingham, Conn.",,,,,,,,,,,,,,,/ /,,J.W. Storrs,,,,/ /,,,,,,,,,,,,,,,,0,0,0,0,0,/ /,/ /,,/ /,,,,,,,,,,2023-08-29 13:24:00,Unknown,/ /,.F.
2023.289,0,,,Unidentified Person,,2023-08-29 00:00:00,,Osborne Homestead Museum Collection,/ /,,,,,,,0,0,,,Unidentified person.,,,0,,0,,,,,/ /,,/ / : : AM,,,,,,KEC File Cabinet,2,,/ /,,,,0,,/ /,0,0,,,/ /,,0,,,,,,,0,,2023-08-29 00:00:00,,,,,,2023.289,Negative,,,,,,Ph-p-289,/ /,,,"Birmingham,Conn.",,,,,,,,,,,,,,,/ /,,J.W. Storrs,,,,/ /,,,,,,,,,,,,,,,,0,0,0,0,0,/ /,/ /,,/ /,,,,,,,,,,2023-08-29 13:31:00,Unknown,/ /,.F.
2023.31,0,,,Unidentified Person,,2023-08-29 00:00:00,,Osborne Homestead Museum Collection,/ /,,,,,,,0,0,,,Unidentified person.,,,0,,0,,,,,/ /,,/ / : : AM,,,,,,KEC File Cabinet,2,,/ /,,,,0,,/ /,0,0,,,/ /,,0,,,,,,,0,,2023-08-29 00:00:00,,,,,,2023.31,Negative,,,,,,Ph-p-310,/ /,,,,,,,,,,,,,,,,,,/ /,,,,,,/ /,,,,,,,,,,,,,,,,0,0,0,0,0,/ /,/ /,,/ /,,,,,,,,,,2023-08-29 13:42:00,Unknown,/ /,.F.
3023.328,0,,,Unidentified Person,,2023-08-29 00:00:00,,Osborne Homestead Museum Collection,/ /,,,,,,,0,0,,,Unidentified person. Manufacturers of the best Photographic Albums.,,,0,,0,,,,,/ /,,/ / : : AM,,,,,,KEC File Cabinet,2,,/ /,,,,0,,/ /,0,0,,,/ /,,0,,,,,,,0,,2023-08-29 00:00:00,,,,,,3023.328,Negative,,,,,,Ph-p-328,/ /,,,"301 Broadway, New York.",,,,,,,,,,,,,,,/ /,,E. & H.T. Anthony,,,,/ /,,,,,,,,,,,,,,,,0,0,0,0,0,/ /,/ /,,/ /,,,,,,,,,,2023-08-29 13:58:00,Unknown,/ /,.F.
2023.309,0,,,Unidentified Person,,2023-08-29 00:00:00,,Osborne Homestead Musuem Collection,/ /,,,,,,,0,0,,,Unidentified person.,,,0,,0,,,,,/ /,,/ / : : AM,,,,,,File Cabinet,2,,/ /,,,,0,,/ /,0,0,,,/ /,,0,,,,,,,0,,2023-08-29 00:00:00,,,,,,2023.309,Negative,,,,,,Ph-p-309,/ /,,,"Birmingham, Conn.",,,,,,,,,,,,,,,/ /,,J.W. Storrs,,,,/ /,,,,,,,,,,,,,,,,0,0,0,0,0,/ /,/ /,,/ /,,,,,,,,,,2023-08-29 14:09:00,Unknown,/ /,.F.
2023.295,0,,,Unidentified Person,,2023-08-29 00:00:00,,Osborne Homestead Musuem Collection,/ /,,,,,Bogardus,,0,0,,,Unidentified person.,,,0,,0,,,,,/ /,,/ / : : AM,,,,,,KEC FIle Cabinet,2,,/ /,,,,0,,/ /,0,0,,,/ /,,0,,,,,,,0,,2023-08-29 00:00:00,,,,,,2023.295,Negative,,,,,,Ph-p-295,/ /,,,"363 Broadway, Cor:Fraklin St. New York.",,,,,,,,,,,,,,,/ /,,,,,,/ /,,,,,,,,,,,,,,,,0,0,0,0,0,/ /,/ /,,/ /,,,,,,,,,,2023-08-29 14:23:00,Unknown,/ /,.F.
2023.241,0,,,Unidentified Person,,2023-08-29 00:00:00,,Osborne Homestead Museum Collection,/ /,,,,,,,0,0,,,Unidentified person.,,,0,,0,,,,,/ /,,/ / : : AM,,,,,,KEC File Cabinet,2,,/ /,,,,0,,/ /,0,0,,,/ /,,0,,,,,,,0,,2023-08-29 00:00:00,,,,,,2023.241,Negative,,,,,,Ph-p-241,/ /,,,"BIrmingham, Conn.",,,,,,,,,,,,,,,/ /,,J.W. Storrs,,,,/ /,,,,,,,,,,,,,,,,0,0,0,0,0,/ /,/ /,,/ /,,,,,,,,,,2023-08-29 14:31:00,Unknown,/ /,.F.
2023.268,0,,,Unidentified Person,,2023-08-29 00:00:00,,Osborne Homestead Museum Collection,/ /,,,,,,,0,0,,,Unidentified person.,,,0,,0,,,,,/ /,,/ / : : AM,,,,,,KEC FIle Cabinet,2,,/ /,,,,0,,/ /,0,0,,,/ /,,0,,,,,,,0,,2023-08-29 00:00:00,,,,,,2023.268,Negative,,,,,,Ph-p-268,/ /,,,"Birmingham, Conn.",,,,,,,,,,,,,,,/ /,,J.W. Storrs,,,,/ /,,,,,,,,,,,,,,,,0,0,0,0,0,/ /,/ /,,/ /,,,,,,,,,,2023-08-29 15:05:00,Unknown,/ /,.F.
2023.276,0,,,Unidentified Person,,2023-08-29 00:00:00,,Osborne Homestead Museum Collection,/ /,,,,,,,0,0,,,Unidentified person.,,,0,,0,,,,,/ /,,/ / : : AM,,,,,,KEC File Cabinet,2,,/ /,,,,0,,/ /,0,0,,,/ /,,0,,,,,,,0,,2023-08-29 00:00:00,,,,136.0,,2023.276,Negative,,,,,,Ph-p-276,/ /,,,"136 Main St. Middletown, Conn.",,,,,,,,,,,,,,,/ /,,Burrows & Bundy,,,,/ /,,,,,,,,,,,,,,,,0,0,0,0,0,/ /,/ /,,/ /,,,,,,,,,,2023-08-29 15:12:00,Unknown,/ /,.F.
2023.282,0,,,Unidentified Person,,2023-08-29 00:00:00,,Osborne Homestead Museum Collection,/ /,,,,,,,0,0,,,Unidentified person.,,,0,,0,,,,,/ /,,/ / : : AM,,,,,,KEC File Cabinet,2,,/ /,,,,0,,/ /,0,0,,,/ /,,0,,,,,,,0,,2023-08-29 00:00:00,,,,,,2023.282,Negative,,,,,,Ph-p-282,/ /,,,"Birmingham, Conn.",,,,,,,,,,,,,,,/ /,,J.W. Storrs,,,,/ /,,,,,,,,,,,,,,,,0,0,0,0,0,/ /,/ /,,/ /,,,,,,,,,,2023-08-29 15:18:00,Unknown,/ /,.F.
2023.307,0,,,Unidentified Person,,2023-08-29 00:00:00,,Osborne Homestead Museum Collection,/ /,,,,,,,0,0,,,Unidentified person.,,,0,,0,,,,,/ /,,/ / : : AM,,,,,,KEC FIle Cabinet,2,,/ /,,,,0,,/ /,0,0,,,/ /,,0,,,,,,,0,,2023-08-29 00:00:00,,,,,,2023.307,Negative,,,,,,Ph-p-307,/ /,,,"Birmingham, Conn.",,,,,,,,,,,,,,,/ /,,J.W. Storrs,,,,/ /,,,,,,,,,,,,,,,,0,0,0,0,0,/ /,/ /,,/ /,,,,,,,,,,2023-08-29 15:24:00,Unknown,/ /,.F.
2023.319,0,,,Unidentified Person,,2023-08-30 00:00:00,,Osborne Homestead Museum Collection,/ /,,,,,,,0,0,,,Unidentified person.,,,0,,0,,,,,/ /,,/ / : : AM,,,,,,KEC File Cabinet,2,,/ /,,,,0,,/ /,0,0,,,/ /,,0,,,,,,,0,,2023-08-30 00:00:00,,,,,,2023.319,Negative,,,,,,Ph-p-319,/ /,,,,,,,,,,,,,,,,,,/ /,,,,,,/ /,,,,,,,,,,,,,,,,0,0,0,0,0,/ /,/ /,,/ /,,,,,,,,,,2023-08-30 10:52:00,Unknown,/ /,.F.
2023.318,0,,,Unidentified Person,,2023-08-30 00:00:00,,Osborne Homestead Musuem Collection,/ /,,,,,,,0,0,,,Unidentified person.,,,0,,0,,,,,/ /,,/ / : : AM,,,,,,KEC FIle Cabinet,2,,/ /,,,,0,,/ /,0,0,,,/ /,,0,,,,,,,0,,2023-08-30 00:00:00,,,,,,2023.318,Negative,,,,,,Ph-p-318,/ /,,,,,,,,,,,,,,,,,,/ /,,,,,,/ /,,,,,,,,,,,,,,,,0,0,0,0,0,/ /,/ /,,/ /,,,,,,,,,,2023-08-30 10:57:00,Unknown,/ /,.F.
2023.3,0,,,Unidentified Person,,2023-08-30 00:00:00,,Osborne Homestead Museum Collection,/ /,,,,,,,0,0,,,Unidentified person.,,,0,,0,,,,,/ /,,/ / : : AM,,,,,,KEC File Cabinet,2,,/ /,,,,0,,/ /,0,0,,,/ /,,0,,,,,,,0,,2023-08-30 00:00:00,,,,,,2023.3,Negative,,,,,,Ph-p-300,/ /,,,"Birmingham, Conn.",,,,,,,,,,,,,,,/ /,,J.W. Storrs,,,,/ /,,,,,,,,,,,,,,,,0,0,0,0,0,/ /,/ /,,/ /,,,,,,,,,,2023-08-30 11:42:00,Unknown,/ /,.F.
2023.311,0,,,Unidentified Person,,2023-08-30 00:00:00,,Osborne Homestead Museum Collection,/ /,,,,,,,0,0,,,Unidentified person.,,,0,,0,,,,,/ /,,/ / : : AM,,,,,,KEC File Cabinet,2,,/ /,,,,0,,/ /,0,0,,,/ /,,0,,,,,,,0,,2023-08-30 00:00:00,,,,,,2023.311,Negative,,,,,,Ph-p-311,/ /,,,,,,,,,,,,,,,,,,/ /,,,,,,/ /,,,,,,,,,,,,,,,,0,0,0,0,0,/ /,/ /,,/ /,,,,,,,,,,2023-08-30 12:01:00,Unknown,/ /,.F.
2023.253,0,,,Unidentified Person,,2023-08-30 00:00:00,,Osborne Homestaed Museum Collection,/ /,,,,,,,0,0,,,Unidentified person.,,,0,,0,,,,,/ /,,/ / : : AM,,,,,,KEC File Cabinet,2,,/ /,,,,0,,/ /,0,0,,,/ /,,0,,,,,,,0,,2023-08-30 00:00:00,,,,,,2023.253,Negative,,,,,,Ph-p-253,/ /,,,Broadway & Tenth St. New York. & 352 Pensylvania Av. Washighton D.C,,,,,,,,,,,,,,,/ /,,Brady's National Photographic Potrait Galleries,,,,/ /,,,,,,,,,,,,,,,,0,0,0,0,0,/ /,/ /,,/ /,,,,,,,,,,2023-08-30 12:35:00,Unknown,/ /,.F.
2023.266,0,,,Unidentified Person,,2023-08-30 00:00:00,,Osborne Homestead Museum Collection,/ /,,,,,,,0,0,,,Unidentified person.,,,0,,0,,,,,/ /,,/ / : : AM,,,,,,KEC File Cabinet,2,,/ /,,,,0,,/ /,0,0,,,/ /,,0,,,,,,,0,,2023-08-30 00:00:00,,,,,,2023.266,Negative,,,,,,Ph-p-266,/ /,,,New York & Washington,,,,,,,,,,,,,,,/ /,,Brady's National Potrait Galleries,,,,/ /,,,,,,,,,,,,,,,,0,0,0,0,0,/ /,/ /,,/ /,,,,,,,,,,2023-08-30 12:58:00,Unknown,/ /,.F.
2023.267,0,,,Unidentified Person,,2023-08-30 00:00:00,,Osborne Homestead Museum Collection,/ /,,,,,,,0,0,,,Unidentified person.,,,0,,0,,,,,/ /,,/ / : : AM,,,,,,KEC File Cabinet,2,,/ /,,,,0,,/ /,0,0,,,/ /,,0,,,,,,,0,,2023-08-30 00:00:00,,,,,,2023.267,Negative,,,,,,Ph-p-267,/ /,,,"Waterbury, Conn.",,,,,,,,,,,,,,,/ /,,G.N. Granniss Photograher,,,,/ /,,,,,,,,,,,,,,,,0,0,0,0,0,/ /,/ /,,/ /,,,,,,,,,,2023-08-30 13:15:00,Unknown,/ /,.F.
2023.291,0,,,Unidentified Person,,2023-08-30 00:00:00,,Osborne Homestead Musuem Collection,/ /,,,,,,,0,0,,,Unidentified person.,,,0,,0,,,,,/ /,,/ / : : AM,,,,,,KEC File Cabinet,2,,/ /,,,,0,,/ /,0,0,,,/ /,,0,,,,,,,0,,2023-08-30 00:00:00,,,,,,2023.291,Negative,,,,,,Ph-p-291,/ /,,,New York & Washington.,,,,,,,,,,,,,,,/ /,,Brady's National Potrait Galleries,,,,/ /,,,,,,,,,,,,,,,,0,0,0,0,0,/ /,/ /,,/ /,,,,,,,,,,2023-08-30 13:26:00,Unknown,/ /,.F.
2023.299,0,,,Unidentified Person,,2023-08-30 00:00:00,,Osborne Homestead Museum Collection,/ /,,,,,,,0,0,,,Unidentified person.,,,0,,0,,,,,/ /,,/ / : : AM,,,,,,KEC File Cabinet,2,,/ /,,,,0,,/ /,0,0,,,/ /,,0,,,,,,,0,,2023-08-30 00:00:00,,,,,,2023.299,Negative,,,,,,Ph-p-299,/ /,,,"368 Main St. Hartford, CT.",,,,,,,,,,,,,,,/ /,,Prescott & Gage Photograpghers,,,,/ /,,,,,,,,,,,,,,,,0,0,0,0,0,/ /,/ /,,/ /,,,,,,,,,,2023-08-30 13:32:00,Unknown,/ /,.F.
2023.316,0,,,Unidentified Person,,2023-08-31 00:00:00,,Osborne Homestead Museum Collection,/ /,,,,,,,0,0,,,"Unidentified person,",,,0,,0,,,,,/ /,,/ / : : AM,,,,,,,2,,/ /,,,,0,,/ /,0,0,,,/ /,,0,,,,,,,0,,2023-08-31 00:00:00,,,,,,2023.316,Negative,,,,,,Ph-p-316,/ /,,,Broadway & Tenth Street. New York. & 352 Pennslyvania Av. Washington D.C,,,,,,,,,,,,,,,/ /,,Brady's National Photographic Portrait Galleries,,,,/ /,,,,,,,,,,,,,,,,0,0,0,0,0,/ /,/ /,,/ /,,,,,,,,,,2023-08-31 11:55:00,Unknown,/ /,.F.
2023.302,0,,,Gen Branch,,2023-08-31 00:00:00,,Osborne Homestead Museum Collection,/ /,,,,,,,0,0,,,Gen Branch.,,,0,,0,,,,,/ /,,/ / : : AM,,,,,,KEC File Cabinet,2,,/ /,,,,0,,/ /,0,0,,,/ /,,0,,,,,,,0,,2023-08-31 00:00:00,,,,,,2023.302,Negative,,,,,,Ph-p-302,/ /,,,"501 Broadway, New York",,,,,,,,,,,,,,,/ /,,E & H. T Anthony,,,,/ /,,,,,,,,,,,,,,,,0,0,0,0,0,/ /,/ /,,/ /,,,,,,,,,,2023-08-31 12:10:00,Unknown,/ /,.F.
2023.322,0,,,Unidentified Person,,2023-08-31 00:00:00,,,/ /,,,,,,,0,0,,,Unidentified person.,,,0,,0,,,,,/ /,,/ / : : AM,,,,,,,2,,/ /,,,,0,,/ /,0,0,,,/ /,,0,,,,,,,0,,2023-08-31 00:00:00,,,,,,2023.322,Negative,,,,,,,/ /,,,"337 Chapel Street, New Haven, Conn.",,,,,,,,,,,,,,,/ /,,Filley & Gilbert,,,,/ /,,,,,,,,,,,,,,,,0,0,0,0,0,/ /,/ /,,/ /,,,,,,,,,,2023-08-31 13:02:00,Unknown,/ /,.F.
2023.325,0,,,Unidentified Person,,2023-08-31 00:00:00,,Osborne Homestead Museum Collection,/ /,,,,,,,0,0,,,Unidentified person.,,,0,,0,,,,,/ /,,/ / : : AM,,,,,,KEC File Cabinet,2,,/ /,,,,0,,/ /,0,0,,,/ /,,0,,,,,,,0,,2023-08-31 00:00:00,,,,,,2023.325,Negative,,,,,,Ph-p-325,/ /,,,,,,,,,,,,,,,,,,/ /,,,,,,/ /,,,,,,,,,,,,,,,,0,0,0,0,0,/ /,/ /,,/ /,,,,,,,,,,2023-08-31 13:11:00,Unknown,/ /,.F.
2023.271,0,,,Unidentified Person,,2023-08-31 00:00:00,,Osborne Homestead Museum Collection,/ /,,,,,,,0,0,,,Unidentified person.,,,0,,0,,,,,/ /,,/ / : : AM,,,,,,KEC File Cabinet,2,,/ /,,,,0,,/ /,0,0,,,/ /,,0,,,,,,,0,,2023-08-31 00:00:00,,,,,,2023.271,Negative,,,,,,Ph-p-271,/ /,,,Broadway & Tenth Street. New York & 352 Pennslyvania av. Washignton D.C.,,,,,,,,,,,,,,,/ /,,Brady's National Photographic Potrait Galleries,,,,/ /,,,,,,,,,,,,,,,,0,0,0,0,0,/ /,/ /,,/ /,,,,,,,,,,2023-08-31 13:22:00,Unknown,/ /,.F.
2023.287,0,,,Unidentified Person,,2023-08-31 00:00:00,,Osborne Homestead Museum Collection,/ /,,,,,,,0,0,,,Unidentified person.,,,0,,0,,,,,/ /,,/ / : : AM,,,,,,KEC File Cabinet,2,,/ /,,,,0,,/ /,0,0,,,/ /,,0,,,,,,,0,,2023-08-31 00:00:00,,,,,,2023.287,Negative,,,,,,Ph-p-287,/ /,,,Broadway & Tenth Street. New York & Pennslyvania Av. Washington D.C.,,,,,,,,,,,,,,,/ /,,Brady's National Photographic Portrait Galleries,,,,/ /,,,,,,,,,,,,,,,,0,0,0,0,0,/ /,/ /,,/ /,,,,,,,,,,2023-08-31 15:13:00,Unknown,/ /,.F.
2023.281,0,,,Unidentified Person,,2023-08-31 00:00:00,,Osborne Homestead Museum Collection,/ /,,,,,,,0,0,,,Unidentified person.,,,0,,0,,,,,/ /,,/ / : : AM,,,,,,KEC File Cabinet,2,,/ /,,,,0,,/ /,0,0,,,/ /,,0,,,,,,,0,,2023-08-31 00:00:00,,,,,,2023.281,Negative,,,,,,Ph-p-281,/ /,,,"Birmingham, Conn.",,,,,,,,,,,,,,,/ /,,J.W. Storrs,,,,/ /,,,,,,,,,,,,,,,,0,0,0,0,0,/ /,/ /,,/ /,,,,,,,,,,2023-08-31 15:19:00,Unknown,/ /,.F.
2023.313,0,,,Unidentified Person,,2023-08-31 00:00:00,,Osborne Homestead Musuem Collection,/ /,,,,,,,0,0,,,Unidentified person.,,,0,,0,,,,,/ /,,/ / : : AM,,,,,,KEC File Cabinet,2,,/ /,,,,0,,/ /,0,0,,,/ /,,0,,,,,,,0,,2023-08-31 00:00:00,,,,,,2023.313,Negative,,,,,,Ph-p-313,/ /,,,308 Penna Avune. Washington D.C.,,,,,,,,,,,,,,,/ /,,R.W. Addis Photograher,,,,/ /,,,,,,,,,,,,,,,,0,0,0,0,0,/ /,/ /,,/ /,,,,,,,,,,2023-08-31 15:26:00,Unknown,/ /,.F.
2023.317,0,,,Gen Jeff,,2023-08-31 00:00:00,,Osborne Homestead Museum Collection,/ /,,,,,,,0,0,,,Gen Jeff B. Entered Accordin to Act of Congress in the year 1562 by E. Anthony in the Clerk's office of the District Court of the U.S for the So.District Of New York.,,,0,,0,,,,,/ /,,/ / : : AM,,,,,,KEC File Cabinet,2,,/ /,,,,0,,/ /,0,0,,,/ /,,0,,,,,,,0,,2023-08-31 00:00:00,,,,,,2023.317,Negative,,,,,,Ph-p-317,/ /,,,"501 Broadway, New York.",,,,,,,,,,,,,,,/ /,,E & H.T. Anthony,,,,/ /,,,,,,,,,,,,,,,,0,0,0,0,0,/ /,/ /,,/ /,,,,,,,,,,2023-08-31 15:41:00,Unknown,/ /,.F.
2023.306,0,,,Gen Bragg,,2023-08-31 00:00:00,,Osborne Homestead Museum Collection,/ /,,,,,,,0,0,,,Gen Bragg,,,0,,0,,,,,/ /,,/ / : : AM,,,,,,KEC File Cabinet,2,,/ /,,,,0,,/ /,0,0,,,/ /,,0,,,,,,,0,,2023-08-31 00:00:00,,,,,,2023.306,Negative,,,,,,Ph-p-306,/ /,,,"501 Broadway, New York.",,,,,,,,,,,,,,,/ /,,E & H.T Anthony,,,,/ /,,,,,,,,,,,,,,,,0,0,0,0,0,/ /,/ /,,/ /,,,,,,,,,,2023-08-31 15:50:00,Unknown,/ /,.F.
2023.24,0,,,Unidentified Person.,,2023-08-31 00:00:00,,Osbone Homestead Museum Collection,/ /,,,,,,,0,0,,,Unidentified person.,,,0,,0,,,,,/ /,,/ / : : AM,,,,,,KEC File Cabinet,2,,/ /,,,,0,,/ /,0,0,,,/ /,,0,,,,,,,0,,2023-08-31 00:00:00,,,,,,2023.24,Negative,,,,,,Ph-p-240,/ /,,,,,,,,,,,,,,,,,,/ /,,,,,,/ /,,,,,,,,,,,,,,,,0,0,0,0,0,/ /,/ /,,/ /,,,,,,,,,,2023-08-31 15:55:00,Unknown,/ /,.F.
2023.239,0,,,Unidentified Person.,,2023-08-31 00:00:00,,Osborne Homestead Museum Collection,/ /,,,,,,,0,0,,,Unidentified Person.,,,0,,0,,,,,/ /,,/ / : : AM,,,,,,KEC File Cabinet,2,,/ /,,,,0,,/ /,0,0,,,/ /,,0,,,,,,,0,,2023-08-31 00:00:00,,,,,,2023.239,Negative,,,,,,Ph-p-239,/ /,,,,,,,,,,,,,,,,,,/ /,,,,,,/ /,,,,,,,,,,,,,,,,0,0,0,0,0,/ /,/ /,,/ /,,,,,,,,,,2023-08-31 16:04:00,Unknown,/ /,.F.
2023.298,0,,,Gen Johnson,,2023-09-01 00:00:00,,Osborne Homestead Museum Collection,/ /,,,,,,,0,0,,,Unidentified person.,,,0,,0,,,,,/ /,,/ / : : AM,,,,,,KEC File Cabinet,2,,/ /,,,,0,,/ /,0,0,,,/ /,,0,,,,,,,0,,2023-09-01 00:00:00,,,,,,2023.298,Negative,,,,,,Ph-p-298,/ /,,,,,,,,,,,,,,,,,,/ /,,,,,,/ /,,,,,,,,,,,,,,,,0,0,0,0,0,/ /,/ /,,/ /,,,,,,,,,,2023-09-01 14:31:00,Unknown,/ /,.F.
2023.303,0,,,Gen John Morgan,,2023-09-01 00:00:00,,Osborne Homestead Museum Collection,/ /,,,,,,,0,0,,,"Gen John Morgan Entered according to Act of Congress in the year 1865, by E. Anthony, in the Clerk's office of the District Court of the U.S. for the So. District of New York.",,,0,,0,,,,,/ /,,/ / : : AM,,,,,,KEC File Cabinet,2,,/ /,,,,0,,/ /,0,0,,,/ /,,0,,,,,,,0,,2023-09-01 00:00:00,,,,,,2023.303,Negative,,,,,,Ph-p-303,/ /,,,,,,,,,,,,,,,,,,/ /,,,,,,/ /,,,,,,,,,,,,,,,,0,0,0,0,0,/ /,/ /,,/ /,,,,,,,,,,2023-09-01 14:07:00,Unknown,/ /,.F.
2023.284,0,,,Unidentified Person,,2023-09-01 00:00:00,,Osborne Homestead Museum Collection,/ /,,,,,,,0,0,,,Unidentified person.,,,0,,0,,,,,/ /,,/ / : : AM,,,,,,KEC File Cabinet,2,,/ /,,,,0,,/ /,0,0,,,/ /,,0,,,,,,,0,,2023-09-01 00:00:00,,,,,,2023.284,Negative,,,,,,Ph-p-284,/ /,,,"501 Broadway, New York",,,,,,,,,,,,,,,/ /,,E & H. T. Anthony,,,,/ /,,,,,,,,,,,,,,,,0,0,0,0,0,/ /,/ /,,/ /,,,,,,,,,,2023-09-01 14:28:00,Unknown,/ /,.F.
2023.314,0,,,Unidentified Person,,2023-09-01 00:00:00,,Osborne Homestead Museum Collection,/ /,,,,,,,0,0,,,Unidentifed person.,,,0,,0,,,,,/ /,,/ / : : AM,,,,,,KEC File Cabinet,2,,/ /,,,,0,,/ /,0,0,,,/ /,,0,,,,,,,0,,2023-09-01 00:00:00,,,,,,2023.314,Negative,,,,,,Ph-p-314,/ /,,,"501 Broadway, New York",,,,,,,,,,,,,,,/ /,,E & H. T. Anthony,,,,/ /,,,,,,,,,,,,,,,,0,0,0,0,0,/ /,/ /,,/ /,,,,,,,,,,2023-09-01 14:42:00,Unknown,/ /,.F.
2023.27,0,,,Unidentified Person,,2023-09-01 00:00:00,,Osborne Homestad Museum Collection,/ /,,,,,B.P. Paige,,0,0,,,Unidentified person.,,,0,,0,,,,,/ /,,/ / : : AM,,,,,,KEC File Cabinet,2,,/ /,,,,0,,/ /,0,0,,,/ /,,0,,,,,,,0,,2023-09-01 00:00:00,,,,,,2023.27,Negative,,,,,,Ph-p-270,/ /,,,"Washinhgton, D.C.",,,,,,,,,,,,,,,/ /,,Plumb Gallery,,,,/ /,,,,,,,,,,,,,,,,0,0,0,0,0,/ /,/ /,,/ /,,,,,,,,,,2023-09-01 14:48:00,Unknown,/ /,.F.
2023.279,0,,,Unidentified Person,,2023-09-01 00:00:00,,Osborne Homestead Museum Collection,/ /,,,,,,,0,0,,,Unidentified person.,,,0,,0,,,,,/ /,,/ / : : AM,,,,,,KEC File Cabinet,2,,/ /,,,,0,,/ /,0,0,,,/ /,,0,,,,,,,0,,2023-09-01 00:00:00,,,,,,2023.279,Negative,,,,,,Ph-p-279,/ /,,,,,,,,,,,,,,,,,,/ /,,,,,,/ /,,,,,,,,,,,,,,,,0,0,0,0,0,/ /,/ /,,/ /,,,,,,,,,,2023-09-01 14:54:00,Unknown,/ /,.F.
2023.333,0,,,Unidentified Person,,2023-09-01 00:00:00,,Osborne Homestead Museum Collection,/ /,,,,,,,0,0,,,Unidentified person.,,,0,,0,,,,,/ /,,/ / : : AM,,,,,,KEC File Cabinet,2,,/ /,,,,0,,/ /,0,0,,,/ /,,0,,,,,,,0,,2023-09-01 00:00:00,,,Penslyvania Av. Washington D.C.,,,2023.333,Negative,,,,,,Ph-p-333,/ /,,,Broadway & Tenth Street. New York,,,,,,,,,,,,,,,/ /,,Brady's National Photographic Portrait Galleries,,,,/ /,,,,,,,,,,,,,,,,0,0,0,0,0,/ /,/ /,,/ /,,,,,,,,,,2023-09-01 16:21:00,Unknown,/ /,.F.
2023.33,0,,,J. R. Gibbons,,2023-09-01 00:00:00,,Osborne Homestead Museum Collection,/ /,,,,,,,0,0,,,Yours Truly J. R. GIbbons,,,0,,0,,,,,/ /,,/ / : : AM,,,,,,KEC File Cabinet,2,,/ /,,,,0,,/ /,0,0,,,/ /,,0,,,,,,,0,,2023-09-01 00:00:00,,,,,,2023.33,Negative,,,,,,Ph-p-330,/ /,,,,,,,,,,,,,,,,,,/ /,,,,,,/ /,,,,,,,,,,,,,,,,0,0,0,0,0,/ /,/ /,,/ /,,,,,,,,,,2023-09-01 16:27:00,Unknown,/ /,.F.
