#,NEW Accession Number ,Old Accession Number (only If changed),Collection Location,PHOTO,SAP Asset Tag Number,ARTIST FIRST NAME,ARTIST LAST NAME,ARTWORK TITLE,CATEGORY OF ARTWORK,TYPE,MEDIA,DIMENSIONS,CLIENT DEPARTMENT,ARTWORK DESCRIPTION,NOTES,ARTWORK NARRATIVE,YEAR COMPLETED,YEAR ACQUIRED,FUNDING TYPE,DONOR / AQUIRED FROM,PROJECT IN GROUP LOCATION?,LOCATION,ARTWORK ADDRESS,ZIP CODE,X COORDINATES,Y COORDINATES,COUNCIL DISTRICT,HISTORIC DISTRICT?,INSTALLATION VENUE,CITY INSURED ,PO NUMBER (FOR CEE),BUDGET,INSURANCE VALUE,YEAR VALUE WAS GIVEN,CAPITOL IMPROVEMENT PROJECT,PASA COMMISSION,DESIGN TEAM CONSULTANT,GENERAL CONTRACTORS / ARTIST SUBCONTRACTORS,CATEGORY OF ARTIST ,GROUP ARTIST SELF-IDENTIFIES WITH ,GENDER, LGBTQIA+ ,LIVING WITH DISABILITY ,MILITARY ,CITY COUNCIL ,OUTSIDE OF SA
1,L2024.HAR.1,,Loan,No,, Deidre,Hardin,Freedom Ties,Three Dimensional,Sculpture ,"Reclaimed wood; reclaimed wood, window pane, vent cover, hardware, rebar, and roofing, with mixed new media"," 42"" H x 64"" W",Office of Historic Preservation ,Two pieces displayed in partnership with Maria M. Williams from In the Eye of The Beholder Art Gallery using reclaimed materials. The partnership aims to highlight creative reuse opportunities for artists interested in incorporating materials salvaged from San Antonio's historic homes into their work. ,Freedom Ties will be installed on a wall at the bottom of the escalator in the concourse.,,2024,2024.0,Loan to OHP,"Maria M. Williams, In the Eye of The Beholder Art Gallery",City Tower,City Tower,100 W Houston,78205,-98.4941023594437,29.4263501350618,1,"Main / Military Plaza
Downtown Design Area
RIO-3",Indoor - Restricted,Yes,,Loan,3000,2024.0,,No ,,,Black/African American;,,Prefer not to answer,Prefer not to answer ,Prefer not to answer ,Prefer not to answer,2,
2,L2024.DUN.1,,Loan,No,,Darryl,Dunn,The Sideboard,Three Dimensional,Sculpture ,"Reclaimed wood; reclaimed wood, window pane, vent cover, hardware, rebar, and roofing, with mixed new media","42"" H x 26"" W x 24"" D;",Office of Historic Preservation ,Two pieces displayed in partnership with Maria M. Williams from In the Eye of The Beholder Art Gallery using reclaimed materials. The partnership aims to highlight creative reuse opportunities for artists interested in incorporating materials salvaged from San Antonio's historic homes into their work. ,The Sideboard will be installed at the top of the escalator on the street-level entrance at 100 W Houston. ,,2024,2024.0,Loan to OHP,"Maria M. Williams, In the Eye of The Beholder Art Gallery",City Tower,City Tower,100 W Houston,78205,-98.4941023594437,29.4263501350618,1,"Main / Military Plaza
Downtown Design Area
RIO-3",Indoor - Restricted,Yes,,Loan,2500,2024.0,,No ,,,Black/African American;,,Prefer not to answer,Prefer not to answer ,Prefer not to answer ,Prefer not to answer,2,
3,L.2025.HER.1,,Loan ,Keep ,,Michelle,Hernandez,A Shrine for Amaranth,,,"Sculpture, amaranth",18 in. x 18 in. x 22 in. high,Arts & Culture,,,,2024,,,Courtesy the artist,,,,,,,,,,,,,3500,,,,,,,,,,,,,
4,L.2025.GON.6,,Loan ,Keep ,,Raul,Gonzalez III,El Toro & Friends - Sketchbook First Draft - Team Up and Tacos Today ,,,Sketchbook,4 x 6 in. ,Arts & Culture,,,,2021,,,Courtesy the Artist,,,,,,,,,,,,,8000,,,,,,,,,,,,,
5,L.2025.GON.5,,Loan ,Keep ,,Raul,Gonzalez III,El Toro & Friends - Original Page - Training Day (Pages 6 and 48),,,Ink on Paper,12 x 17 in.,Arts & Culture,,,,2021,,,Courtesy the Artist,,,,,,,,,,,,,3000,,,,,,,,,,,,,
6,L.2025.GON.4,,Loan ,Keep ,,Raul,Gonzalez III,El Toro & Friends - Original Page - Training Day (Pages 4 and 5),,,Ink on Paper,12 x 17 in.,Arts & Culture,,,,2021,,,Courtesy the Artist,,,,,,,,,,,,,3000,,,,,,,,,,,,,
7,L.2025.GON.3,,Loan ,Keep ,,Raul,Gonzalez III,El Toro & Friends - Original Page - Training Day (Pages 2 and 3),,,Ink on Paper,12 x 17 in.,Arts & Culture,,,,,,,Courtesy the Artist,,,,,,,,,,,,,3000,,,,,,,,,,,,,
8,L.2025.GON.2,,Loan ,Keep ,,Raul,Gonzalez III,Coffee Can,,,coffee can,Variable ,Arts & Culture,,,,various,,,Courtesy the Artist,,,,,,,,,,,,,200,,,,,,,,,,,,,
9,L.2025.GON.1,,Loan ,Keep ,,Raul,Gonzalez III,¡Vamos! Let's Go Boxed Set,,,books,Variable,Arts & Culture,,,,2017,,,Courtesy Too Rad Comics-Gabe,,,,,,,,,,,,,30,,,,,,,,,,,,,
10,L.2025.GARZA.3,,Loan ,Keep ,,Xavier,Garza,The Great and Mighty Nikko!,,,Acrylic on Paper,"11""x11"" Framed",Arts & Culture,,,,2014,,,Courtesy the Artist,,,,,,,,,,,,,900,,,,,,,,,,,,,
11,L.2025.GARZA.2,,Loan ,Keep ,,Xavier,Garza,King Jaguar is here!,,,Acrylic on paper,"11""x22"" Framed",Arts & Culture,,,,2014,,,Courtesy the Artist,,,,,,,,,,,,,900,,,,,,,,,,,,,
12,L.2025.GARZA.1,,Loan ,Keep ,,Xavier,Garza,Van a Luchar!/They are going to Wrestle!,,,Acrylic on paper,"11""x22"" Framed",Arts & Culture,,,,2023,,,Courtesy the Artist,,,,,,,,,,,,,900,,,,,,,,,,,,,
13,L.2025.GARZ.1,,Loan ,Keep ,,Doroteo,Garza,Mazoid Cudgel of Triumph,,,"Ceramic, concrete base, blown glass and wood",30 in. x 18 in.,Arts & Culture,,,,2024,,,Courtesy the artist,,,,,,,,,,,,,1500,,,,,,,,,,,,,
14,L.2025.GAR.9,,Loan ,Keep ,,Adriana M.,Garcia,Nuestra tierra nos da todo,,,Acrylic on wood,48 x 24 in. ,Arts & Culture,,,,2022,,,Collection of Xelena Gonzalez,,,,,,,,,,,,,1000,,,,,,,,,,,,,
15,L.2025.GAR.8,,Loan ,Keep ,,Adriana M.,Garcia,Monica's imagination was as big as the sky,,,Acrylic on Paper,23.5 x 11 in. ,Arts & Culture,,,,2021,,,Coutesy the Artist,,,,,,,,,,,,,500,,,,,,,,,,,,,
16,L.2025.GAR.7,,Loan ,Keep ,,Adriana M.,Garcia,"She asks us to wonder why this one has so many holes like secret rooms. / Ella nos pide que nos preguntemos por qué ésta tiene tantos agujeros como cuartos secretos. |  We look inside to see molten heat bubbing from the earth's belly, burning new rocks into being! / Miramos adentro para ver el calor fundido burbujeando desde la panza de la tierra, quemando nuevas rocas hasta crearlas!",,,Acrylic on wood,Diptych: 27 x 24 in. each ,Arts & Culture,,,,2022,,,Courtesy the Artist,,,,,,,,,,,,,2000,,,,,,,,,,,,,
17,L.2025.GAR.6,,Loan ,Keep ,,Adriana M.,Garcia,Isabel flew north,,,Acrylic on Paper,23.5 x 11 in. ,Arts & Culture,,,,2021,,,Courtesy the Artist,,,,,,,,,,,,,500,,,,,,,,,,,,,
18,L.2025.GAR.5,,Loan ,Keep ,,Adriana M.,Garcia,"We don't know why they came or where they were before... ...but there is someting special in the land we call home, like magnets that draw these marvels from outer space. / No sabemos por qué vinieron o dónde estaban ante... ...pero hay algo especial en la tierra que llamamos hogar, como imanes que atraen a estas. maravillas desde del espacio exterior.",,,Acrylic on wood,"48""x24""",Arts & Culture,,,,2021,,,Courtesy the Artist,,,,,,,,,,,,,1000,,,,,,,,,,,,,
19,L.2025.GAR.4,,Loan ,Keep ,,Adriana M.,Garcia,Abuela nos ha enseñado / Son seres vivos ,,,Acrylic on wood,Diptych: 25 x 25 in. and 28 x 25 in. ,Arts & Culture,,,,2018,,,Courtesy the Artist,,,,,,,,,,,,,2000,,,,,,,,,,,,,
20,L.2025.GAR.3,,Loan ,Keep ,,Adriana M.,Garcia,All Around Us ALA Poster,,,Color Print,"18"" x 24""",Arts & Culture,,,,2018,,,Adriana M. Garcia & Xelena Gonzalez with American Library Association,,,,,,,,,,,,,100,,,,,,,,,,,,,
21,L.2025.GAR.28,,Loan ,Keep ,,Adriana,Garcia,Passing Time,,,Layers of painted and cut imagery in shadowbox,22 in. x 22 in.,Arts & Culture,,,,2024,,,Courtesy the artist,,,,,,,,,,,,,2000,,,,,,,,,,,,,
22,L.2025.GAR.28,,Loan ,Keep ,,Adriana M.,Garcia,Cover Art for Remembering,,,Acrylic on paper,30 x 22 in ,Arts & Culture,,,,2023,,,Courtesy the Artist,,,,,,,,,,,,,1000,,,,,,,,,,,,,
23,L.2025.GAR.27,,Loan ,Keep ,,Adriana M.,Garcia,"a warm stone to skip, and crooked stick you wouldhave made your own. / una piedra tibia para hacerla saltar en el agua y un palo torcido del que te habrías adueñado. | Today I walk our trail alone to bring more memories home . . . . A bit of earth and a bright red leaf . . .  / Hoy recorro nuestro camino en soledad para traer más recuerdos a casa... Un poquito de tierra y una hoja roja brillante,",,,Acrylic on Paper,Diptych: 30 x 22 in. (2 illustrations on one sheet),Arts & Culture,,,,2023,,,Courtesy the Artist,,,,,,,,,,,,,2000,,,,,,,,,,,,,
24,L.2025.GAR.26,,Loan ,Keep ,,Adriana M.,Garcia,This is the way we remember you. / De esta manera te recordamos.,,,Acrylic on Paper,"30""x22""",Arts & Culture,,,,2021,,,Courtesy the Artist,,,,,,,,,,,,,1000,,,,,,,,,,,,,
25,L.2025.GAR.26,,Loan ,Keep ,,Adriana M.,Garcia,Story Walk Board,,,Mounted Print,"48""x24""",Arts & Culture,,,,2021,,,Courtesy the Artist,,,,,,,,,,,,,100,,,,,,,,,,,,,
26,L.2025.GAR.25,,Loan ,Keep ,,Adriana M.,Garcia,Story Walk Board,,,Mounted Print,"48""x24""",Arts & Culture,,,,2021,,,Courtesy the Artist,,,,,,,,,,,,,100,,,,,,,,,,,,,
27,L.2025.GAR.24,,Loan ,Keep ,,Adriana M.,Garcia,Story Walk Board,,,Mounted Print,"48""x24""",Arts & Culture,,,,2021,,,Courtesy the Artist,,,,,,,,,,,,,100,,,,,,,,,,,,,
28,L.2025.GAR.23,,Loan ,Keep ,,Adriana M.,Garcia,Story Walk Board,,,Mounted Print,"48""x24""",Arts & Culture,,,,2023,,,Courtesy the Artist,,,,,,,,,,,,,100,,,,,,,,,,,,,
29,L.2025.GAR.22,,Loan ,Keep ,,Adriana M.,Garcia,"The rain joins our rhythm with a click-clack-tappity-tap. / La lluvia se une a nuestro ritmo con su clic-clac-típiti-tap. | And in the wind I hear your reply, like an echo in my heart. / Y en el viento, escucho tu respuesta, como un eco en mi corazón.",,,Acrylic on Paper,Diptych: 30 x 22 in. (2 illustrations on one sheet),Arts & Culture,,,,2022,,,Courtesy the Artist,,,,,,,,,,,,,2000,,,,,,,,,,,,,
30,L.2025.GAR.21,,Loan ,Keep ,,Adriana M.,Garcia,In a home filled with books and art,,,Acrylic on Paper,23.5 x 11 in. ,Arts & Culture,,,,2022,,,Courtesy the Artist,,,,,,,,,,,,,500,,,,,,,,,,,,,
31,L.2025.GAR.20,,Loan ,Keep ,,Adriana M.,Garcia,Esther went exploring,,,Acrylic on Paper,23.5 x 11 in. ,Arts & Culture,,,,2023,,,Courtesy the Artist,,,,,,,,,,,,,500,,,,,,,,,,,,,
32,L.2025.GAR.2,,Loan ,Keep ,,Adriana M.,Garcia,All Around Us ALA Bookmark,,,Color Print,"2"" x 6""",Arts & Culture,,,,2018,,,Adriana M. Garcia & Xelena Gonzalez with American Library Association,,,,,,,,,,,,,50,,,,,,,,,,,,,
33,L.2025.GAR.19,,Loan ,Keep ,,Adriana M.,Garcia,for the comfort you gave on sad days and the smiles you offered on bright ones. / el consuelo que nos diste en los días tristes y las sonrisas que nos compartiste en los días felices.,,,Acrylic on Paper,30 x 22 in ,Arts & Culture,,,,2023,,,Courtesy the Artist,,,,,,,,,,,,,1000,,,,,,,,,,,,,
34,L.2025.GAR.18,,Loan ,Keep ,,Adriana M.,Garcia,"Together, we light candles and make a path of petals to guide your way home, on this sacred night . . . / Juntos prendemos velas y creamos un sendero de pétalos para guiar tu camino a casa, en esta noche sagrada… | when we welcome back our loving, loyal friends. / cuando recibimos de vuelta a nuestras amistades cariñosas y leales.",,,Acrylic on Paper,Diptych: 30 x 22 in. (2 illustrations on one sheet),Arts & Culture,,,,2023,,,Courtesy the Artist,,,,,,,,,,,,,2000,,,,,,,,,,,,,
35,L.2025.GAR.17,,Loan ,Keep ,,Adriana M.,Garcia,"This is how we thank you for your fierce protection and your warmth on cold nights, / Así te agradecemos tu feroz protección y tu calidez en las noches frías",,,Acrylic on Paper,"30""x22""",Arts & Culture,,,,2024,,,Courtesy the Artist,,,,,,,,,,,,,1000,,,,,,,,,,,,,
36,L.2025.GAR.16,,Loan ,Keep ,,Adriana M.,Garcia,"And horses run the land, hundreds of them for you, ",,,Acrylic on Paper,"30""x22""",Arts & Culture,,,,2024,,,Courtesy the Artist,,,,,,,,,,,,,1000,,,,,,,,,,,,,
37,L.2025.GAR.15,,Loan ,Keep ,,Adriana M.,Garcia,"May you always travel lightly and well.

Praise and give thanks for each small and large thing. 
May you grow in knowledge, in compassion, in beauty.",,,Acrylic on Paper,"30""x22""",Arts & Culture,,,,2024,,,Courtesy the Artist,,,,,,,,,,,,,1000,,,,,,,,,,,,,
38,L.2025.GAR.14,,Loan ,Keep ,,Adriana M.,Garcia,"Did you hear us as you traveled from _x000B_your rainbow house? 
We called you with thunder, with singing.
Did you see us as we gathered in the town _x000B_beneath the mountains?
We were dressed in concern and happiness.
We were overwhelmed, as you moved through _x000B_the weft of your mother
Even before you took your first breath, _x000B_your eyes blinked wide open.",,,Acrylic on Paper,"30""x22""",Arts & Culture,,,,2024,,,Courtesy the Artist,,,,,,,,,,,,,1000,,,,,,,,,,,,,
39,L.2025.GAR.13,,Loan ,Keep ,,Adriana M.,Garcia,"That day your spirit came to us rains came in _x000B_from the Pacific to bless
Clouds peered over the mountains in response _x000B_to the singing of medicine plants 
Who danced back and forth in shawls of mist",,,Acrylic on Paper,"30""x22""",Arts & Culture,,,,2021,,,Courtesy the Artist,,,,,,,,,,,,,1000,,,,,,,,,,,,,
40,L.2025.GAR.12,,Loan ,Keep ,,Adriana M.,Garcia,"""They have survived fire and so they give us strength."" When we're old enough to enter the sweat lodge, we'll know exactly what she means. / Han sobrevivido al fuego, y por eso nos dan fuerza. Cuando tengamos la edad suficiente para entrar al temazcal, sabremos exactamente a lo que ella se refiere. ",,,Acrylic on wood,48 x 24 in. ,Arts & Culture,,,,2021,,,Collection of Destiny Hernandez ,,,,,,,,,,,,,1000,,,,,,,,,,,,,
41,L.2025.GAR.11,,Loan ,Keep ,,Adriana M.,Garcia,Desde el cielo nocturno,,,Acrylic on wood,48 x 24 in. ,Arts & Culture,,,,2021,,,Collection of Xelena Gonzalez,,,,,,,,,,,,,1000,,,,,,,,,,,,,
42,L.2025.GAR.10,,Loan ,Keep ,,Adriana M.,Garcia,El agua crea y rompe,,,Acrylic on wood,48 x 24 in. ,Arts & Culture,,,,2021,,,Collection of Xelena Gonzalez,,,,,,,,,,,,,1000,,,,,,,,,,,,,
43,L.2025.GAR.1,,Loan ,Keep ,,Adriana M.,Garcia,AAU_Digital Story (All Around Us Video),,,Video Animation (DVD),,Arts & Culture,,,,2016,,,Adriana M. Garcia & Xelena Gonzalez with Dreamscape Media,,,,,,,,,,,,,200,,,,,,,,,,,,,
44,L.2025.GAL.1,,Loan ,Keep ,,Douglas ,Galloway,The Sacred Tree of Human Hearts,,,"Paper, paint and beeswax mounted on wood panels","190 blocks, 5 in. x 5 in.",Arts & Culture,,,,2024,,,Courtesy the artist,,,,,,,,,,,,,6000,,,,,,,,,,,,,
45,L.2025.FAJ.6,,Loan ,Keep ,,Kat,Fajardo,The First Rule of Punk Cover Jacket,,,Color Print,"11""x8.5""",Arts & Culture,,,,2016,,,Kat Fajado,,,,,,,,,,,,,200,,,,,,,,,,,,,
46,L.2025.FAJ.5,,Loan ,Keep ,,Kat,Fajardo,The First Rule of Punk Cover Concept #2,,,Ink & Nib,"11""x8.5""",Arts & Culture,,,,2016,,,Kat Fajado,,,,,,,,,,,,,200,,,,,,,,,,,,,
47,L.2025.FAJ.4,,Loan ,Keep ,,Kat,Fajardo,The First Rule of Punk Cover Concept #1,,,Graphite Pencil,"11""x8.5""",Arts & Culture,,,,2020,,,Kat Fajado,,,,,,,,,,,,,200,,,,,,,,,,,,,
48,L.2025.FAJ.3,,Loan ,Keep ,,Kat,Fajardo,Miss Quinces,,,Laser printed on paper,"8.5""x11""",Arts & Culture,,,,2020,,,Kat Fajado,,,,,,,,,,,,,200,,,,,,,,,,,,,
49,L.2025.FAJ.2,,Loan ,Keep ,,Kat,Fajardo,Miss Quinces Penciled Page,,,Graphite Pencil,"8.5""x11""",Arts & Culture,,,,2020,,,Kat Fajado,,,,,,,,,,,,,200,,,,,,,,,,,,,
50,L.2025.FAJ.1,,Loan ,Keep ,,Kat,Fajardo,Miss Quinces Thumbnail,,,Graphite Pencil,"2.5""x3.5""",Arts & Culture,,,,2019,,,Kat Fajado,,,,,,,,,,,,,50,,,,,,,,,,,,,
51,L.2025.DEE.4,,Loan ,Keep ,,Carolyn,Dee Flores,Children Playing in the Street With Fire Hydrant,,,Oil on Cardboard,15 x 13 7/8 in. ,Arts & Culture,,,,2016,,,Courtesy the Artist,,,,,,,,,,,,,100,,,,,,,,,,,,,
52,L.2025.DEE.3,,Loan ,Keep ,,Carolyn,Dee Flores,Piraguas!,,,Oil on Cardboard,15 x 13 7/8 in. ,Arts & Culture,,,,2016,,,Courtesy the Artist,,,,,,,,,,,,,100,,,,,,,,,,,,,
53,L.2025.DEE.2,,Loan ,Keep ,,Carolyn,Dee Flores,Teresita Watering With Her Mother on the Balcony,,,Oil on Cardboard,12 x 9 3/8 in. ,Arts & Culture,,,,2024,,,Coutesy the Artist,,,,,,,,,,,,,100,,,,,,,,,,,,,
54,L.2025.DEE.1,,Loan ,Keep ,,Carolyn,Dee Flores,"Two Birthdays, One Pinata",,,Watercolor on Arches 140,15 x 13 7/8 in. ,Arts & Culture,,,,2024,,,Courtesy the Artist,,,,,,,,,,,,,500,,,,,,,,,,,,,
55,L.2025.DAV.1,,Loan ,Keep ,,Manuel ,Davila,Acequias of Memory,,,"Etched mirror, historical photographs, cornucopia of native Texas foods",36 in. x 72 in.,Arts & Culture,,,,2025,,,Courtesy the artist,,,,,,,,,,,,,2500,,,,,,,,,,,,,
56,L.2025.CAD.1,,Loan ,Keep ,,Kat,Cadena,Beto Making Pinole de Nuez,,,Oil and embellished with paint sticks,50 in. x 40 in.,Arts & Culture,,,,2024,,,Courtesy the artist,,,,,,,,,,,,,15000,,,,,,,,,,,,,
57,L.2025.ALV.9,,Loan ,Keep ,,Gonzalo,Alvarez,Poyoman Prologue Codex,,,Artist Book,9 x 234 in. ,Arts & Culture,,,,2017,,,Courtesy the Artist,,,,,,,,,,,,,1500,,,,,,,,,,,,,
58,L.2025.ALV.8,,Loan ,Keep ,,Gonzalo,Alvarez,"Polloman Teaser, Page 4",,,Ink on Bristol board,"11"" x 17""",Arts & Culture,,,,2017,,,Courtesy the Artist,,,,,,,,,,,,,500,,,,,,,,,,,,,
59,L.2025.ALV.7,,Loan ,Keep ,,Gonzalo,Alvarez,"Polloman Teaser, Page 3",,,Ink on Bristol board,"11"" x 17""",Arts & Culture,,,,2017,,,Courtesy the Artist,,,,,,,,,,,,,500,,,,,,,,,,,,,
60,L.2025.ALV.6,,Loan ,Keep ,,Gonzalo,Alvarez,"Polloman Teaser, Page 2",,,Ink on Bristol board,"11"" x 17""",Arts & Culture,,,,2017,,,Courtesy the Artist,,,,,,,,,,,,,500,,,,,,,,,,,,,
61,L.2025.ALV.5,,Loan ,Keep ,,Gonzalo,Alvarez,"Polloman Teaser, Page 1",,,Ink on Bristol board,"11"" x 17""",Arts & Culture,,,,2022,,,Courtesy the Artist,,,,,,,,,,,,,500,,,,,,,,,,,,,
62,L.2025.ALV.4,,Loan ,Keep ,,Gonzalo,Alvarez,Nawalli:Temple Cardholder,,,Board game,2.5 x 3.5 in. ,Arts & Culture,,,,2022,,,Courtesy Too Rad Comics-Gabe,,,,,,,,,,,,,10,,,,,,,,,,,,,
63,L.2025.ALV.3,,Loan ,Keep ,,Gonzalo,Alvarez,Nawalli:Guardian Card,,,Board game,6.75 x 6.75 x 4 in. ,Arts & Culture,,,,2022,,,Courtesy Too Rad Comics-Gabe,,,,,,,,,,,,,50,,,,,,,,,,,,,
64,L.2025.ALV.2,,Loan ,Keep ,,Gonzalo,Alvarez,Nawalli: Game Box,,,Board game,"3.75"" x 3.75"" x 2.75""",Arts & Culture,,,,2022,,,Courtesy Too Rad Comics-Gabe,,,,,,,,,,,,,45,,,,,,,,,,,,,
65,L.2025.ALV.13,,Loan ,Keep ,,Gonzalo,Alvarez,"The 6 Legends: ""La Llorona"" The Weeping Woman",,,Ink on Bristol board,18 x 24 in. ,Arts & Culture,,,,2017,,,Courtesy the Artist,,,,,,,,,,,,,750,,,,,,,,,,,,,
66,L.2025.ALV.12,,Loan ,Keep ,,Gonzalo,Alvarez,"The 6 Legends: ""El Diablo"" The Devil",,,Ink on Bristol board,"11"" x 17""",Arts & Culture,,,,2017,,,Courtesy the Artist,,,,,,,,,,,,,500,,,,,,,,,,,,,
67,L.2025.ALV.11,,Loan ,Keep ,,Gonzalo,Alvarez,"The 6 Legends: ""El Cucuy"" The Boogeyman",,,Ink on Bristol board,"11"" x 17""",Arts & Culture,,,,2017,,,Courtesy the Artist,,,,,,,,,,,,,500,,,,,,,,,,,,,
68,L.2025.ALV.10,,Loan ,Keep ,,Gonzalo,Alvarez,"The 6 Legends: ""El Chupacabras"" The Goat Sucker",,,Ink on Bristol board,"11"" x 17""",Arts & Culture,,,,2017,,,Courtesy the Artist,,,,,,,,,,,,,500,,,,,,,,,,,,,
69,L.2025.ALV.1,,Loan ,Keep ,,Gonzalo,Alvarez,Nawalli: Cloth Mat,,,Board game,"10"" x 16""",Arts & Culture,,,,,,,Courtesy Too Rad Comics-Gabe,,,,,,,,,,,,,15,,,,,,,,,,,,,
70,L.2025.AGU.6,,Loan ,Keep ,,Abel ,Aguirre,Mr. & Mrs. G's,,,Acrylic on paper,16 in. x 20 in.,Arts & Culture,,,,2024,,,Courtesy the artist,,,,,,,,,,,,,500,,,,,,,,,,,,,
71,L.2025.AGU.5,,Loan ,Keep ,,Abel ,Aguirre,Simi's Indian Cuisine,,,Acrylic on paper,16 in. x 20 in.,Arts & Culture,,,,2024,,,Courtesy the artist,,,,,,,,,,,,,500,,,,,,,,,,,,,
72,L.2025.AGU.4,,Loan ,Keep ,,Abel ,Aguirre,Paesanos,,,Acrylic on paper,16 in x 20 in.,Arts & Culture,,,,2024,,,Courtesy the artist,,,,,,,,,,,,,500,,,,,,,,,,,,,
73,L.2025.AGU.3,,Loan ,Keep ,,Abel ,Aguirre,Golden Star,,,Acrylic on paper,16 in. x 20 in.,Arts & Culture,,,,2024,,,Courtesy the artist,,,,,,,,,,,,,500,,,,,,,,,,,,,
74,L.2025.AGU.2,,Loan ,Keep ,,Abel ,Aguirre,Schilo's,,,Acrylic on paper,16 in. x 20 in.,Arts & Culture,,,,2024,,,Courtesy the artist,,,,,,,,,,,,,500,,,,,,,,,,,,,
75,L.2025.AGU.1,,Loan ,Keep ,,Abel ,Aguirre,Mi Tierra,,,Acrylic on paper,16 in. x 20 in.,Arts & Culture,,,,2024,,,,,,,,,,,,,,,,500,,,,,,,,,,,,,
76,L.2025.1,,Loan ,Keep ,,Ogden Elementary,,Ogden Rainbow Xelena Portait,,,Acrylic,"48""x96""",Arts & Culture,,,,2016,,,Special recognition for the students of Ogden Elementary 2018-2019 who collaborated to create this mural. Teacher: Kimberly Garza Chbeir,,,,,,,,,,,,,5000,,,,,,,,,,,,,
77,L.2025.,,Loan ,Keep ,,Jonathan,Hill,Tales of a 7th-Grade Lizard Boy,,,Dust Jacket,"8.5"" x 13.5""",Arts & Culture,,,,2020,,,Courtesy Too Rad Comics-Gabe,,,,,,,,,,,,,25,,,,,,,,,,,,,
78,L.2025.,,Loan ,Keep ,,Jonathan,Hill,Tales of a 7th-Grade Lizard Boy - Chapter 1 script with layout pencils,,,Pencil on paper,"8.5"" x 11""",Arts & Culture,,,,2017,,,Courtesy the Artist,,,,,,,,,,,,,50,,,,,,,,,,,,,
79,L.2025.,,Loan ,Keep ,,Jonathan,Hill,Odessa - Chapter 3 Script with Layout Pencils,,,Pencil on paper,"8.5"" x 11""",Arts & Culture,,,,2020,,,Courtesy the Artist,,,,,,,,,,,,,50,,,,,,,,,,,,,
80,L.2025.,,Loan ,Keep ,,Jonathan,Hill,Tales of a 7th-Grade Lizard Boy - Chapter 1 layouts excerpt,,,Pencil on paper,"8.5'' x 11""",Arts & Culture,,,,2014,,,Courtesy the Artist,,,,,,,,,,,,,50,,,,,,,,,,,,,
81,L.2025.,,Loan ,Keep ,,Jonathan,Hill,Odessa - 'The Searchers' Early Odessa Zine,,,Zine,"6.75"" x 9.5""",Arts & Culture,,,,2013,,,Courtesy the Artist,,,,,,,,,,,,,50,,,,,,,,,,,,,
82,L.2025.,,Loan ,Keep ,,Jonathan,Hill,Odessa - Early Concept Ink Drawing,,,"Ink, bristol board","16.25"" x 13.25""",Arts & Culture,,,,2019,,,Courtesy the Artist,,,,,,,,,,,,,100,,,,,,,,,,,,,
83,L.2025.,,Loan ,Keep ,,Jonathan,Hill,Tales of a 7th-Grade Lizard Boy - Sketchbook with early brainstorming,,,Pen in notebook,"15"" x 9.75"" (open)",Arts & Culture,,,,2017,,,Courtesy the Artist,,,,,,,,,,,,,300,,,,,,,,,,,,,
84,L.2025.,,Loan ,Keep ,,Jonathan,Hill,Odessa - Sketchbook with Layout Pencils,,,Pencil in notebook,"15"" x 9.75"" (open)",Arts & Culture,,,,2014,,,Courtesy the Artist,,,,,,,,,,,,,300,,,,,,,,,,,,,
85,L.2025.,,Loan ,Keep ,,Jonathan,Hill,Odessa - Inked Page - PG 99 (in three parts,,,"Ink, bristol board","11.75"" x 17""",Arts & Culture,,,,2014,,,Courtesy Too Rad Comics-Gabe,,,,,,,,,,,,,200,,,,,,,,,,,,,
86,L.2025.,,Loan ,Keep ,,Jonathan,Hill,Odessa - Inked Page - PG 98 (in three parts),,,"Ink, bristol board","11.75"" x 17""",Arts & Culture,,,,2014,,,Courtesy Too Rad Comics-Gabe,,,,,,,,,,,,,200,,,,,,,,,,,,,
87,L.2025.,,Loan ,Keep ,,Jonathan,Hill,Odessa - Inked Page - PG 95 (in three parts),,,"Ink, bristol board","11.75"" x 17""",Arts & Culture,,,,2021,,,Courtesy Too Rad Comics-Gabe,,,,,,,,,,,,,200,,,,,,,,,,,,,
88,L.2025.,,Loan ,Keep ,,Soomin,Jung Remmler,When Sky is Peach,,,"Watercolor, Gouache and flourescent gouache on paper",8 in. x 8 in.,Arts & Culture,,,,2025,,,Courtesy the artist,,,,,,,,,,,,,750,,,,,,,,,,,,,
89,L.2025.,,Loan ,Keep ,,Soomin,Jung Remmler,Roots,,,"Watercolor, Gouache and flourescent gouache on paper",8 in. x 8 in.,Arts & Culture,,,,2025,,,Courtesy the artist,,,,,,,,,,,,,750,,,,,,,,,,,,,
90,L.2025.,,Loan ,Keep ,,Soomin,Jung Remmler,Starry Night,,,"Watercolor, Gouache and flourescent gouache on paper",8 in. x 8 in.,Arts & Culture,,,,2025,,,Courtesy the artist,,,,,,,,,,,,,750,,,,,,,,,,,,,
91,L.2025.,,Loan ,Keep ,,Soomin,Jung Remmler,Sunfish,,,"Watercolor, Gouache and flourescent gouache on paper",8 in. x 8 in.,Arts & Culture,,,,2025,,,Courtesy the artist,,,,,,,,,,,,,750,,,,,,,,,,,,,
92,L.2025.,,Loan ,Keep ,,Soomin,Jung Remmler,Sun and Moon,,,"Watercolor, Gouache and flourescent gouache on paper",8 in. x 8 in.,Arts & Culture,,,,2025,,,Courtesy the artist,,,,,,,,,,,,,750,,,,,,,,,,,,,
93,L.2025.,,Loan ,Keep ,,Soomin,Jung Remmler,Snow Fell on Hills and Dales: Fox,,,"Watercolor, Gouache and flourescent gouache on paper",8 in. x 8 in.,Arts & Culture,,,,2024,,,Courtesy the artist,,,,,,,,,,,,,1000,,,,,,,,,,,,,
94,L.2025.,,Loan ,Keep ,,Soomin,Jung Remmler,You are My Sweet Home,,,"Gouache, flourescent gouache on paper",8 in. x 8 in.,Arts & Culture,,,,2025,,,Courtesy the artist,,,,,,,,,,,,,500,,,,,,,,,,,,,
95,L.2025.,,Loan ,Keep ,,Soomin,Jung Remmler,Snow Fell on Hills and Dales,,,"Watercolor, Gouache and flourescent gouache on paper",8 in. x 8 in.,Arts & Culture,,,,2024,,,Courtesy the artist,,,,,,,,,,,,,750,,,,,,,,,,,,,
96,L.2025.,,Loan ,Keep ,,Soomin,Jung Remmler,"Sinking, Rising",,,"Watercolor, Gouache and flourescent gouache on paper",8 in. x 8 in.,Arts & Culture,,,,2024,,,Courtesy the artist,,,,,,,,,,,,,1000,,,,,,,,,,,,,
97,L.2025.,,Loan ,Keep ,,Soomin,Jung Remmler,Sunfish,,,"Watercolor, Gouache and flourescent gouache on paper",8 in. x 8 in.,Arts & Culture,,,,2024,,,Courtesy the artist,,,,,,,,,,,,,750,,,,,,,,,,,,,
98,L.2025.,,Loan ,Keep ,,Soomin,Jung Remmler,River Runs Through It,,,"Watercolor, Gouache and flourescent gouache on paper",8 in. x 8 in.,Arts & Culture,,,,2025,,,Courtesy the artist,,,,,,,,,,,,,750,,,,,,,,,,,,,
99,L.2025.,,Loan ,Keep ,,Soomin,Jung Remmler,Red Shiner,,,"Watercolor, Gouache and flourescent gouache on paper",8 in. x 8 in.,Arts & Culture,,,,2025,,,Courtesy the artist,,,,,,,,,,,,,750,,,,,,,,,,,,,
100,L.2025.,,Loan ,Keep ,,Soomin,Jung Remmler,Large Mouth Bass,,,"Watercolor, Gouache and flourescent gouache on paper",8 in. x 8 in.,Arts & Culture,,,,2024,,,Courtesy the artist,,,,,,,,,,,,,750,,,,,,,,,,,,,
101,L.2025.,,Loan ,Keep ,,Soomin,Jung Remmler,Home,,,"Gouache, flourescent gouache on paper",8 in. x 8 in.,Arts & Culture,,,,2025,,,Courtesy the artist,,,,,,,,,,,,,750,,,,,,,,,,,,,
102,L.2025.,,Loan ,Keep ,,Soomin,Jung Remmler,Bald Cypress,,,"Colored Pencil, Gouache, Watercolor and fluorescent gouache on paper",8 in. x 8 in.,Arts & Culture,,,,2024,,,Courtesy the artist,,,,,,,,,,,,,750,,,,,,,,,,,,,
103,L.2025.,,Loan ,Keep ,,Soomin,Jung Remmler,Bald Cypress,,,"Colored Pencil, Gouache, Watercolor and fluorescent gouache on paper",8 in. x 8 in.,Arts & Culture,,,,2024,,,Courtesy the artist,,,,,,,,,,,,,500,,,,,,,,,,,,,
104,L.2025.,,Loan ,Keep ,,Nishima,Kaplan,San Antonio: A Creative Confluence of Cultures,,,"Mixed media, ceramic tiles, stained glass mosaic, paper, hot wax encaustic, hand-pulled etching prints, photo transfer and water color painting on birch wood supports","6 panels, 24 in. x 24 in.",Arts & Culture,,,,2024,,,Courtesy the artist,,,,,,,,,,,,,9000,,,,,,,,,,,,,
105,L.2025.,,Loan ,Keep ,,Blas,Lopez,Missions Festival,,,Acrylic on canvas,18 in. x 36 in.,Arts & Culture,,,,2024,,,Courtesy the artist,,,,,,,,,,,,,600,,,,,,,,,,,,,
106,L.2025.,,Loan ,Keep ,,Pedro,Martin,Artist Lunchbox,,,Metal,"8""x7""x4""",Arts & Culture,,,,ca.1990's,,,Courtesy the Artist,,,,,,,,,,,,,5000,,,,,,,,,,,,,
107,L.2025.,,Loan ,Keep ,,Pedro,Martin,Mexikid_Idea_Sketch Cards_#,,,Pen/Ink,"3""x5""",Arts & Culture,,,,ca.1990's,,,Courtesy the Artist,,,,,,,,,,,,,500,,,,,,,,,,,,,
108,L.2025.,,Loan ,Keep ,,Pedro,Martin,Mexikid_Idea_Sketch Cards_#,,,Pen/Ink,"3""x5""",Arts & Culture,,,,ca.1990's,,,Courtesy the Artist,,,,,,,,,,,,,500,,,,,,,,,,,,,
109,L.2025.,,Loan ,Keep ,,Pedro,Martin,Mexikid_Idea_Sketch Cards_#,,,Pen/Ink,"3""x5""",Arts & Culture,,,,ca.1990's,,,Courtesy the Artist,,,,,,,,,,,,,500,,,,,,,,,,,,,
110,L.2025.,,Loan ,Keep ,,Pedro,Martin,Mexikid_Idea_Sketch Cards_#,,,Pen/Ink,"3""x5""",Arts & Culture,,,,ca.1990's,,,Courtesy the Artist,,,,,,,,,,,,,500,,,,,,,,,,,,,
111,L.2025.,,Loan ,Keep ,,Pedro,Martin,Mexikid_Idea_Sketch Cards_#,,,Pen/Ink,"3""x5""",Arts & Culture,,,,ca.1990's,,,Courtesy the Artist,,,,,,,,,,,,,500,,,,,,,,,,,,,
112,L.2025.,,Loan ,Keep ,,Pedro,Martin,Mexikid_Idea_Sketch Cards_#,,,Pen/Ink,"3""x5""",Arts & Culture,,,,ca.1990's,,,Courtesy the Artist,,,,,,,,,,,,,500,,,,,,,,,,,,,
113,L.2025.,,Loan ,Keep ,,Pedro,Martin,Mexikid_Idea_Sketch Cards_#,,,Pen/Ink,"3""x5""",Arts & Culture,,,,ca.1990's,,,Courtesy the Artist,,,,,,,,,,,,,500,,,,,,,,,,,,,
114,L.2025.,,Loan ,Keep ,,Pedro,Martin,Mexikid_Idea_Sketch Cards_#,,,Pen/Ink,"3""x5""",Arts & Culture,,,,2014,,,Courtesy the Artist,,,,,,,,,,,,,500,,,,,,,,,,,,,
115,L.2025.,,Loan ,Keep ,,Marcos,Medellin,Mission Molcajete,,,"Limestone, mortar",48 in. x 36 in.,Arts & Culture,,,,2022,,,Courtesy the artist,,,,,,,,,,,,,7000,,,,,,,,,,,,,
116,L.2025.,,Loan ,Keep ,,Melissa,Mendes,The Weight - character sketches,,,"pencil, paper","8.5""x11""",Arts & Culture,,,,2014,,,Courtesy the Artist,,,,,,,,,,,,,50,,,,,,,,,,,,,
117,L.2025.,,Loan ,Keep ,,Melissa,Mendes,The Weight - character sketches,,,"pencil, paper","8.5""x11""",Arts & Culture,,,,2014-2024,,,Courtesy the Artist,,,,,,,,,,,,,50,,,,,,,,,,,,,
118,L.2025.,,Loan ,Keep ,,Melissa,Mendes,Essay (w/margin notes) page 6,,,"ink, paper","8.5"" x 11""",Arts & Culture,,,,2014-2024,,,Courtesy the Artist,,,,,,,,,,,,,50,,,,,,,,,,,,,
119,L.2025.,,Loan ,Keep ,,Melissa,Mendes,Essay (w/margin notes) page 3,,,"ink, paper","8.5"" x 11""",Arts & Culture,,,,2014-2024,,,Courtesy the Artist,,,,,,,,,,,,,50,,,,,,,,,,,,,
120,L.2025.,,Loan ,Keep ,,Melissa,Mendes,Essay (w/margin notes) page 1,,,"ink, paper","8.5"" x 11""",Arts & Culture,,,,2019,,,Courtesy the Artist,,,,,,,,,,,,,50,,,,,,,,,,,,,
121,L.2025.,,Loan ,Keep ,,Melissa,Mendes,The Weight - notes and timeline,,,"pencil, paper","8.25""x5""",Arts & Culture,,,,2019,,,Courtesy the Artist,,,,,,,,,,,,,50,,,,,,,,,,,,,
122,L.2025.,,Loan ,Keep ,,Melissa,Mendes,The Weight - notes and map,,,"pencil, paper","8.25""x5""",Arts & Culture,,,,2021,,,Courtesy the Artist,,,,,,,,,,,,,50,,,,,,,,,,,,,
123,L.2025.,,Loan ,Keep ,,Melissa,Mendes,The Weight - original inked page 271,,,"ink, paper","6""x9""",Arts & Culture,,,,2021,,,Courtesy the Artist,,,,,,,,,,,,,400,,,,,,,,,,,,,
124,L.2025.,,Loan ,Keep ,,Melissa,Mendes,The Weight - original inked page 270,,,"ink, paper","6""x9""",Arts & Culture,,,,2021,,,Courtesy the Artist,,,,,,,,,,,,,400,,,,,,,,,,,,,
125,L.2025.,,Loan ,Keep ,,Melissa,Mendes,The Weight - original inked page 269,,,"ink, paper","6""x9""",Arts & Culture,,,,2021,,,Courtesy the Artist,,,,,,,,,,,,,400,,,,,,,,,,,,,
126,L.2025.,,Loan ,Keep ,,Melissa,Mendes,The Weight - original inked page 268,,,"ink, paper","6""x9""",Arts & Culture,,,,2021,,,Courtesy the Artist,,,,,,,,,,,,,400,,,,,,,,,,,,,
127,L.2025.,,Loan ,Keep ,,Melissa,Mendes,The Weight - original inked page 267,,,"ink, paper","6""x9""",Arts & Culture,,,,2019-2024,,,Courtesy the Artist,,,,,,,,,,,,,400,,,,,,,,,,,,,
128,L.2025.,,Loan ,Keep ,,Melissa,Mendes,The Weight - crusty ink page,,,"ink, paper, masking tape","5.75""x6.5""",Arts & Culture,,,,2015-2023,,,Courtesy the Artist,,,,,,,,,,,,,50,,,,,,,,,,,,,
129,L.2025.,,Loan ,Keep ,,Melissa,Mendes,The Weight: Chapters 1-15,,,mini comic,"5"" x 7.5""",Arts & Culture,,,,2022,,,Courtesy Too Rad Comics-Micah,,,,,,,,,,,,,75,,,,,,,,,,,,,
130,L.2025.,,Loan ,Keep ,,Breena,Nuñez,Speak Africanismos,,,Pencil and ink,7 x 10 in. ,Arts & Culture,,,,2020,,,Courtesy the Artist,,,,,,,,,,,,,1000,,,,,,,,,,,,,
131,L.2025.,,Loan ,Keep ,,Breena,Nuñez,I Exist (original pages),,,"Pencil, ink, and Bristol paper",11 x 14 in. ,Arts & Culture,,,,2020,,,Courtesy the Artist,,,,,,,,,,,,,1800,,,,,,,,,,,,,
132,L.2025.,,Loan ,Keep ,,Breena,Nuñez,I Exist - Display,,,,TBD,Arts & Culture,,,,2014,,,Courtesy Too Rad Comics-Micah,,,,,,,,,,,,,1000,,,,,,,,,,,,,
133,L.2025.,,Loan ,Keep ,,Dave,Ortega,Dias de Consuelo - Draft Sketches,,,Pencil on Paper,8.5 x 11 in. ,Arts & Culture,,,,2015-20,,,Courtesy the Artist,,,,,,,,,,,,,50,,,,,,,,,,,,,
134,L.2025.,,Loan ,Keep ,,Dave,Ortega,Dias De Consuelo: Issues 1-6,,,Comic Books,"6.5"" x 10""",Arts & Culture,,,,2015,,,Courtesy Too Rad Comics-Micah,,,,,,,,,,,,,40,,,,,,,,,,,,,
135,L.2025.,,Loan ,Keep ,,Dave,Ortega,Dias de Consuelo - Book Dummy,,,Moleskin Sketchbook Dummy,5 x 8 in. ,Arts & Culture,,,,2013,,,Courtesy the Artist,,,,,,,,,,,,,250,,,,,,,,,,,,,
136,L.2025.,,Loan ,Keep ,,Dave,Ortega,Dias de Consuelo - Rough Draft,,,Pencil on Paper,10 x 14.25 in. ,Arts & Culture,,,,2021,,,Courtesy the Artist,,,,,,,,,,,,,50,,,,,,,,,,,,,
137,L.2025.,,Loan ,Keep ,,Dave,Ortega,Yellow-Bellied Sapsucker + Peyote,,,Ink on Paper,"6"" x 9""",Arts & Culture,,,,2013,,,Courtesy Too Rad Comics-Micah,,,,,,,,,,,,,110,,,,,,,,,,,,,
138,L.2025.,,Loan ,Keep ,,Dave,Ortega,Dias de Consuelo - Rough Draft,,,Pencil on Paper,10 x 14.25 in. ,Arts & Culture,,,,2019,,,Courtesy the Artist,,,,,,,,,,,,,50,,,,,,,,,,,,,
139,L.2025.,,Loan ,Keep ,,Dave,Ortega,Dias de Consuelo - Flowers,,,Ink on Paper,10 x 14.25 in. ,Arts & Culture,,,,2013,,,Courtesy the Artist,,,,,,,,,,,,,50,,,,,,,,,,,,,
140,L.2025.,,Loan ,Keep ,,Dave,Ortega,Dias de Consuelo - First Draft - Irene #5,,,Ink on Paper,10 x 14.25 in. ,Arts & Culture,,,,2022-24,,,Courtesy the Artist,,,,,,,,,,,,,50,,,,,,,,,,,,,
141,L.2025.,,Loan ,Keep ,,Dave,Ortega,Hacienda: Issues 1-3?,,,Comic Books,"6.5"" x 10""",Arts & Culture,,,,2022,,,Courtesy Too Rad Comics-Micah,,,,,,,,,,,,,30,,,,,,,,,,,,,
142,L.2025.,,Loan ,Keep ,,Dave,Ortega,"Hacienda: Issue 1, Spirit Search, Pgs 1-5",,,Ink on Paper,"12"" x 17""",Arts & Culture,,,,2021,,,Courtesy the Artist,,,,,,,,,,,,,2500,,,,,,,,,,,,,
143,L.2025.,,Loan ,Keep ,,Dave,Ortega,Baltimore Oriole + Yucca,,,Ink on Paper,"6"" x 9""",Arts & Culture,,,,2021,,,Courtesy Too Rad Comics-Micah,,,,,,,,,,,,,110,,,,,,,,,,,,,
144,L.2025.,,Loan ,Keep ,,Dave,Ortega,American Goldfinch + Cat Claw Cactus,,,Ink on Paper,"6"" x 9""",Arts & Culture,,,,2020,,,Courtesy Too Rad Comics-Micah,,,,,,,,,,,,,110,,,,,,,,,,,,,
145,L.2025.,,Loan ,Keep ,,Cruz,Ortiz,Yanguana near the San  Juan Mission and Mission Espada,,,Paint on handmade canvas (3 paintings),24 in. x 18 in. each,Arts & Culture,,,,2024,,,Courtesy the artist,,,,,,,,,,,,,13500,,,,,,,,,,,,,
146,L.2025.,,Loan ,Keep ,,Ashley,Perez,AP,,,Oil paintings on cradled wood panels,18 in. x 24 in. ,Arts & Culture,,,,2024,,,Courtesy the artist,,,,,,,,,,,,,3000,,,,,,,,,,,,,
147,L.2025.,,Loan ,Keep ,,Ashley,Perez,Rowboat,,,Oil paintings on cradled wood panels,18 in. x 24 in. ,Arts & Culture,,,,2024,,,Courtesy the artist,,,,,,,,,,,,,3000,,,,,,,,,,,,,
148,L.2025.,,Loan ,Keep ,,Ashley,Perez,Mother,,,Oil paintings on cradled wood panels,18 in. x 24 in. ,Arts & Culture,,,,2024,,,Courtesy the artist,,,,,,,,,,,,,3000,,,,,,,,,,,,,
149,L.2025.,,Loan ,Keep ,,Ashley,Perez,The Three Sisters,,,Oil paintings on cradled wood panels,18 in. x 24 in. ,Arts & Culture,,,,2024,,,Courtesy the artist,,,,,,,,,,,,,3000,,,,,,,,,,,,,
150,L.2025.,,Loan ,Keep ,,Mara,Ramirez,Pile of pencil nubs,,,Pencils,various,Arts & Culture,,,,2023,,,Courtesy the Artist,,,,,,,,,,,,,200,,,,,,,,,,,,,
151,L.2025.,,Loan ,Keep ,,Mara,Ramirez,page 17 from whale fall - augmented fig draw,,,Graphite on Paper,"6.5"" x 9 7/8""",Arts & Culture,,,,2023,,,Courtesy the Artist,,,,,,,,,,,,,200,,,,,,,,,,,,,
152,L.2025.,,Loan ,Keep ,,Mara,Ramirez,page 9 from whale fall - 2 aches,,,Graphite on Paper,"6.5"" x 8.375""",Arts & Culture,,,,2023,,,Courtesy the Artist,,,,,,,,,,,,,200,,,,,,,,,,,,,
153,L.2025.,,Loan ,Keep ,,Mara,Ramirez,page 5 from whale fall - erasure,,,Graphite on Paper,"6.5"" x 8.375""",Arts & Culture,,,,2023,,,Courtesy the Artist,,,,,,,,,,,,,200,,,,,,,,,,,,,
154,L.2025.,,Loan ,Keep ,,Mara,Ramirez,page 10 from whale fall-years later,,,Graphite on Paper,"6.5"" x 8.375""",Arts & Culture,,,,2023,,,Courtesy the Artist,,,,,,,,,,,,,200,,,,,,,,,,,,,
155,L.2025.,,Loan ,Keep ,,Mara,Ramirez,PAGE 16 - OPENED FISH,,,Graphite on Paper,"6.5"" x 8.25""",Arts & Culture,,,,2023,,,Courtesy the Artist,,,,,,,,,,,,,200,,,,,,,,,,,,,
156,L.2025.,,Loan ,Keep ,,Mara,Ramirez,PAGE 15 - GRID DRAWING,,,Graphite on Paper,"6.5"" x 8.25""",Arts & Culture,,,,2023,,,Courtesy the Artist,,,,,,,,,,,,,200,,,,,,,,,,,,,
157,L.2025.,,Loan ,Keep ,,Mara,Ramirez,page 11 from whale fall - person laying down,,,Graphite on Paper,"6.5"" x 8.25""",Arts & Culture,,,,2023,,,Courtesy the Artist,,,,,,,,,,,,,200,,,,,,,,,,,,,
158,L.2025.,,Loan ,Keep ,,Mara,Ramirez,whale eye drawing,,,Graphite on Paper,"3.5"" x 4""",Arts & Culture,,,,2023,,,Courtesy the Artist,,,,,,,,,,,,,200,,,,,,,,,,,,,
159,L.2025.,,Loan ,Keep ,,Mara,Ramirez,whale fall sketchbook,,,Graphite on Paper,"10"" x 8"" (open)",Arts & Culture,,,,2023,,,Courtesy the Artist,,,,,,,,,,,,,500,,,,,,,,,,,,,
160,L.2025.,,Loan ,Keep ,,Mara,Ramirez,PAGE 2 - unforgiving dangerous,,,Graphite on Paper,"~8"" X 11""",Arts & Culture,,,,2023,,,Courtesy the Artist,,,,,,,,,,,,,200,,,,,,,,,,,,,
161,L.2025.,,Loan ,Keep ,,Mara,Ramirez,PAGE 12 - i saw my soft body covered in scales,,,Graphite on Paper,"~8"" X 11""",Arts & Culture,,,,2013,,,Courtesy the Artist,,,,,,,,,,,,,200,,,,,,,,,,,,,
162,L.2025.,,Loan ,Keep ,,Crystal,Rocha,I triple dog dare you (to eat a chile pequin),,,Acrylic on canvas,24 in. x 32 in. ,Arts & Culture,,,,2024,,,Courtesy the artist,,,,,,,,,,,,,600,,,,,,,,,,,,,
163,L.2025.,,Loan ,Keep ,,Eva,Sanchez,Field Notes,,,Oil on canvas,30 in. x 30 in.,Arts & Culture,,,,2024,,,Courtesy the artist,,,,,,,,,,,,,20000,,,,,,,,,,,,,
164,L.2025.,,Loan ,Keep ,,Jose,Sotelo,Artist Unknown,,,"Multimedia installation to include wheat paste, drawing and photography",96 in. x 96 in.,Arts & Culture,,,,2024,,,Courtesy the artist,,,,,,,,,,,,,5000,,,,,,,,,,,,,
165,L.2025.,,Loan ,Keep ,,Jose,Sotelo Yamasaki,Sketchbook_Remedios,,,Graphite on paper,"8""x11.5""",Arts & Culture,,,,1966,,,Courtesy the Artist,,,,,,,,,,,,,5000,,,,,,,,,,,,,
166,L.2025.,,Loan ,Keep ,,Ronney,Stevens,Soul Food Gastronomy,,,Pastel on Clorfix Paper,24 in. x 36 in.,Arts & Culture,,,,2024,,,Courtesy the artist,,,,,,,,,,,,,2000,,,,,,,,,,,,,
167,L.2025.,,Loan ,Keep ,,Daniela Paz,Talamantes Martinez,La Ceremonia de la Barbacoa,,,"Acrylic, oil, pastel on canvas",53 in. x 65 in.,Arts & Culture,,,,2024,,,Courtesy the artist,,,,,,,,,,,,,7000,,,,,,,,,,,,,
168,L.2025.,,Loan ,Keep ,,Bria,Woods,The Herstory Project Chapter 4: City of Gastronomy,,,"Potraiture, (7 portraits)",16 in. x 20 in. each,Arts & Culture,,,,2024,,,Courtesy the artist,,,,,,,,,,,,,900,,,,,,,,,,,,,
169,L.2025.,,Loan ,Keep ,,Terry,Ybañez,That's Not Fair!/No Es Justo! pgs. 26 & 27,,,Acrylic on paper,"9"" x 23 1/2""",Arts & Culture,,,,2008,,,Courtesy the Artist,,,,,,,,,,,,,1000,,,,,,,,,,,,,
170,L.2025.,,Loan ,Keep ,,Terry,Ybañez,That's Not Fair/No Es Justo! pg. 18 &19,,,Acrylic on paper,"9"" x 23 1/2""",Arts & Culture,,,,2008,,,Courtesy the Artist,,,,,,,,,,,,,1000,,,,,,,,,,,,,
171,L.2025.,,Loan ,Keep ,,Terry,Ybañez,That's Not Fair!/ No Es Justo! pgs. 4 & 5,,,Acrylic on paper,"9"" x 23 1/2""",Arts & Culture,,,,2022-2023,,,Courtesy the Artist,,,,,,,,,,,,,1000,,,,,,,,,,,,,
172,L.2025.,,Loan ,Keep ,,Ursula,Zavala,Can I Throw Away For You? ,,,Tapestry work,24 in x 36 in. ,Arts & Culture,,,,2024,,,Courtesy the artist,,,,,,,,,,,,,1200,,,,,,,,,,,,,
173,L.2025.,,Loan ,Keep ,,Ursula,Zavala,"Heard, Behind, Sharp",,,Tapestry work,24 in. x 36 in.,Arts & Culture,,,,2024,,,Courtesy the artist,,,,,,,,,,,,,1500,,,,,,,,,,,,,
174,L.2025.,,Loan ,Keep ,,Ursula,Zavala,Guacamole,,,Tapestry work,24 in. x 36 in.,Arts & Culture,,,,2024,,,Courtesy the artist,,,,,,,,,,,,,1000,,,,,,,,,,,,,
175,L.2025.,,Loan ,Keep ,,Tomas Rivera Book Award Collection,,2024 TRBA Poster,,,Color Print,"11""x17""",Arts & Culture,,,,2023,,,César Limón et al.,,,,,,,,,,,,,100,,,,,,,,,,,,,
176,L.2025.,,Loan ,Keep ,,Tomas Rivera Book Award Collection,,2023 TRBA Poster,,,Color Print,"11""x17""",Arts & Culture,,,,2022,,,César Limón et al.,,,,,,,,,,,,,100,,,,,,,,,,,,,
177,L.2025.,,Loan ,Keep ,,Tomas Rivera Book Award Collection,,2022 TRBA Poster,,,Color Print,"11""x17""",Arts & Culture,,,,2021,,,César Limón et al.,,,,,,,,,,,,,100,,,,,,,,,,,,,
178,L.2025.,,Loan ,Keep ,,Tomas Rivera Book Award Collection,,2021 TRBA Poster,,,Color Print,"11""x17""",Arts & Culture,,,,2020,,,César Limón et al.,,,,,,,,,,,,,100,,,,,,,,,,,,,
179,L.2025.,,Loan ,Keep ,,Tomas Rivera Book Award Collection,,2020 TRBA Poster,,,Color Print,"11""x17""",Arts & Culture,,,,2019,,,César Limón et al.,,,,,,,,,,,,,100,,,,,,,,,,,,,
180,L.2025.,,Loan ,Keep ,,Tomas Rivera Book Award Collection,,2019 TRBA Poster,,,Color Print,"11""x17""",Arts & Culture,,,,2018,,,César Limón et al.,,,,,,,,,,,,,100,,,,,,,,,,,,,
181,L.2025.,,Loan ,Keep ,,Tomas Rivera Book Award Collection,,2018 TRBA Poster,,,Color Print,"11""x17""",Arts & Culture,,,,2017,,,César Limón et al.,,,,,,,,,,,,,100,,,,,,,,,,,,,
182,L.2025.,,Loan ,Keep ,,Tomas Rivera Book Award Collection,,2017 TRBA Poster,,,Color Print,"11""x17""",Arts & Culture,,,,2016,,,César Limón et al.,,,,,,,,,,,,,100,,,,,,,,,,,,,
183,L.2025.,,Loan ,Keep ,,Tomas Rivera Book Award Collection,,2016 TRBA Poster,,,Color Print,"11""x17""",Arts & Culture,,,,2015,,,César Limón et al.,,,,,,,,,,,,,100,,,,,,,,,,,,,
184,L.2025.,,Loan ,Keep ,,Tomas Rivera Book Award Collection,,2015 TRBA Poster,,,Color Print,"11""x17""",Arts & Culture,,,,2014,,,César Limón et al.,,,,,,,,,,,,,100,,,,,,,,,,,,,
185,L.2025.,,Loan ,Keep ,,Tomas Rivera Book Award Collection,,2014 TRBA Poster,,,Color Print,"11""x17""",Arts & Culture,,,,2013,,,César Limón et al.,,,,,,,,,,,,,100,,,,,,,,,,,,,
186,L.2025.,,Loan ,Keep ,,Tomas Rivera Book Award Collection,,2013 TRBA Poster,,,Color Print,"11""x17""",Arts & Culture,,,,2012,,,César Limón et al.,,,,,,,,,,,,,100,,,,,,,,,,,,,
187,L.2025.,,Loan ,Keep ,,Tomas Rivera Book Award Collection,,2012 TRBA Poster,,,Color Print,"11""x17""",Arts & Culture,,,,2011,,,César Limón et al.,,,,,,,,,,,,,100,,,,,,,,,,,,,
188,L.2025.,,Loan ,Keep ,,Tomas Rivera Book Award Collection,,2011 TRBA Poster,,,Color Print,"11""x17""",Arts & Culture,,,,2010,,,César Limón et al.,,,,,,,,,,,,,100,,,,,,,,,,,,,
189,L.2025.,,Loan ,Keep ,,Tomas Rivera Book Award Collection,,2010 TRBA Poster,,,Color Print,"11""x17""",Arts & Culture,,,,2009,,,César Limón et al.,,,,,,,,,,,,,100,,,,,,,,,,,,,
190,L.2025.,,Loan ,Keep ,,Tomas Rivera Book Award Collection,,2009 TRBA Poster,,,Color Print,"11""x17""",Arts & Culture,,,,2008,,,César Limón et al.,,,,,,,,,,,,,100,,,,,,,,,,,,,
191,L.2025.,,Loan ,Keep ,,Tomas Rivera Book Award Collection,,2008 TRBA Poster,,,Color Print,"11""x17""",Arts & Culture,,,,2007,,,César Limón et al.,,,,,,,,,,,,,100,,,,,,,,,,,,,
192,L.2025.,,Loan ,Keep ,,Tomas Rivera Book Award Collection,,2007 TRBA Poster,,,Color Print,"11""x17""",Arts & Culture,,,,2006,,,César Limón et al.,,,,,,,,,,,,,100,,,,,,,,,,,,,
193,L.2025.,,Loan ,Keep ,,Tomas Rivera Book Award Collection,,2006 TRBA Poster,,,Color Print,"11""x17""",Arts & Culture,,,,2005,,,César Limón et al.,,,,,,,,,,,,,100,,,,,,,,,,,,,
194,L.2025.,,Loan ,Keep ,,Tomas Rivera Book Award Collection,,2005 TRBA Poster,,,Color Print,"11""x17""",Arts & Culture,,,,2004,,,César Limón et al.,,,,,,,,,,,,,100,,,,,,,,,,,,,
195,L.2025.,,Loan ,Keep ,,Tomas Rivera Book Award Collection,,2004 TRBA Poster,,,Color Print,"11""x17""",Arts & Culture,,,,2003,,,César Limón et al.,,,,,,,,,,,,,100,,,,,,,,,,,,,
196,L.2025.,,Loan ,Keep ,,Tomas Rivera Book Award Collection,,2003 TRBA Poster,,,Color Print,"11""x17""",Arts & Culture,,,,2002,,,César Limón et al.,,,,,,,,,,,,,100,,,,,,,,,,,,,
197,L.2025.,,Loan ,Keep ,,Tomas Rivera Book Award Collection,,2002 TRBA Poster,,,Color Print,"11""x17""",Arts & Culture,,,,2001,,,César Limón et al.,,,,,,,,,,,,,100,,,,,,,,,,,,,
198,L.2025.,,Loan ,Keep ,,Tomas Rivera Book Award Collection,,2001 TRBA Poster,,,Color Print,"11""x17""",Arts & Culture,,,,2000,,,César Limón et al.,,,,,,,,,,,,,100,,,,,,,,,,,,,
199,L.2025.,,Loan ,Keep ,,Tomas Rivera Book Award Collection,,2000 TRBA Poster,,,Color Print,"11""x17""",Arts & Culture,,,,1999,,,César Limón et al.,,,,,,,,,,,,,100,,,,,,,,,,,,,
200,L.2025.,,Loan ,Keep ,,Tomas Rivera Book Award Collection,,1999 TRBA Poster,,,Color Print,"11""x17""",Arts & Culture,,,,1998,,,César Limón et al.,,,,,,,,,,,,,100,,,,,,,,,,,,,
201,L.2025.,,Loan ,Keep ,,Tomas Rivera Book Award Collection,,1998 TRBA Poster,,,Color Print,"11""x17""",Arts & Culture,,,,1997,,,César Limón et al.,,,,,,,,,,,,,100,,,,,,,,,,,,,
202,L.2025.,,Loan ,Keep ,,Tomas Rivera Book Award Collection,,1997 TRBA Poster,,,Color Print,"11""x17""",Arts & Culture,,,,2008,,,César Limón et al.,,,,,,,,,,,,,100,,,,,,,,,,,,,
203,L.2023.TRE.1,,Loan,Yes,,Jesse ,Treviño,Mi Vida ,Two Dimensional,Painting ,Oil painting on gypsum board,8'h x 14'w,Library,Auto-biographical painting that helped with coping with the wounds he suffered in Vietnam.,Loan to SAPL Central Library Gallery,,1982,2023.0,Loan,Danville Chadborne,,Central Library ,600 Soledad Street ,78205,-98.492909,29.43247,1,"RIO-3
RIO-7A Downtown Design Area
Individual Landmark",Indoor-Display,Yes,,$500 loan,2400000,2023.0,2017 Bond: Central Library Reno,No,,Bridge Projects,Latina / o,,Man ,,Yes ,Yes ,,
204,L.2023.CHA.1,,Loan,Yes,,Danville ,Chadbourne,The Compulsive Search for Ancestry,Three Dimensional ,Sculpture ,Acrylic on earthenware & Plywood,"92"" h  29"" w  29"" d",Library,"Vertical, multi-color, abstracted sculpture",Loan to SAPL Central Library Gallery,,2002,2023.0,Loan,Inez Cindy Gabriel,,Central Library ,600 Soledad Street ,78205,-98.492909,29.43247,1,"RIO-3
RIO-7A Downtown Design Area
Individual Landmark",Indoor-Display,Yes,,$500 loan,10000,2023.0,2017 Bond: Central Library Reno,No,,Bridge Projects,Prefer not to answer,,Man,Prefer not to answer,,,1,
205,L.2002.ENR.1,,Loan,Yes,,Gasper,Enriquez,Harmony En La Esquina,Two Dimensional,Mural,Air-brushed acrylic polymer on Alumalite,17' h,Loan,Large airbrushed portrayal of young men and women gathered en la esquina (in the corner) of their neighborhood,"Artist states about this work: ""if adults taught their children color harmony instead of discrimination, this world would be an ideal place to live, a world of color harmony for mankind in every esquina.""",,2002,2002.0,Non-Bond (Convention Center),,,El Paso Museum of Art ,One Arts Festival Plaza ,79901,,,"CW
1",,,Yes,,10000,15000,,convention center expansion project,Unknown,,,,,,,,,,
1,2025.CHA.1,,Public Art - Interior ,Yes ,,Danville ,Chadbourne,The Contradictions of Memory - The Invention of Dreams,Three Dimensional,Sculpture ,Wood,"17"" h x 20"" W x 3.5"" D",Library,4 individual wooden pieces of varying design attached to a wooden base.,Will be located at Central Library 5th floor interior balcony,,1990,2025.0,Donation,Christine Ling,Central Library ,Central Library ,600 Soledad Street ,78205,-98.492909,29.43247,1,"RIO-3
RIO-7A Downtown Design Area
Individual Landmark",Indoor-Display,Yes ,,1725,2200,2024.0,No,No,,Bridge Projects,Prefer not to answer,,Man,Prefer not to answer,,,1,
2,2025.CAR.1.1-4,,Public Art - Exterior ,Yes ,,Elizabeth,Carrington,Let's...!,Three Dimensional,Sculpture ,painted steel,"each panel: 6'H x 20'W x 2""D, 4 panels",SAPD,Four cut steel panels installed on exterior. Two panels are installed at street level and two panels are installed at lower ground level near front entrance. ,,,2025,2025.0,2017 Bond Program ,,,North St. Mary's Street Police Substation,2020 N. St. Mary's Street,78212,-98.48578,29.44521,1,,Outdoor Display ,Yes,,219000,200000,2025.0,2017 Bond Streets: North St. Mary's Police Substation,Yes ,"Arts Engineer: Hoffer Structural Solutions, PWD Architect: Beaty Palmer","Arts Fabricator: River City Industries, Arts Installer: US Stars, PWD General Contractor: Nunnelly",White,,Woman ,No,No,No,1,
3,2024.WIL.1.3,,CE - Interior,Yes,1069138,Andrea B. ,Willems,"Yucca, Faith and Protection",Two Dimensional,Painting,"Acrylic on Bristol paper, mounted on birch panel ",18 x 24 in. ,Arts & Culture,White abstract flowers against a dark grey and black sky and brown landscape. ,"Plaza de Armas, Basement",,2024,2024.0,COSA Art,Artist,Plaza de Armas,Plaza de Armas,115 Plaza de Armas,78205,-98.495663,29.424561,1,"Main / Military Plaza 
RIO-7b
Indvidual Landmark
Downtown Design Area",Storage,Yes,4500454413,900,900,2024.0,,No,,,White,,Woman,,,,,
4,2024.WIL.1.2,,CE - Interior,Yes,1069139,Andrea B. ,Willems,"Esperanza, You Give Me Hope",Two Dimensional,Painting,"Acrylic on Bristol paper, mounted on birch panel ",18 x 24 in. ,Arts & Culture,Yellow abstract flowers and leaves against a blue sky. ,"Plaza de Armas, Basement",,2024,2024.0,COSA Art,Artist,Plaza de Armas,Plaza de Armas,115 Plaza de Armas,78205,-98.495663,29.424561,1,"Main / Military Plaza 
RIO-7b
Indvidual Landmark
Downtown Design Area",Storage,Yes,4500454413,700,700,2024.0,,No,,,White,,Woman,,,,,
5,2024.WIL.1.1,,CE - Interior,Yes,1069140,Andrea B. ,Willems,"Palo Verde, What Makes You Unique Helps You Thrive",Two Dimensional,Painting,"Acrylic on Bristol paper, mounted on birch panel ",18 x 24 in. ,Arts & Culture,A green tree against a pink sky and landscape. ,"Plaza de Armas, Basement",,2024,2024.0,COSA Art,Artist,Plaza de Armas,Plaza de Armas,115 Plaza de Armas,78205,-98.495663,29.424561,1,"Main / Military Plaza 
RIO-7b
Indvidual Landmark
Downtown Design Area",Storage,Yes,4500454413,750,750,2024.0,,No,,,White,,Woman,,,,,
6,2024.VIL.1.1-2,2024.VIL.1-2,Public Art - Exterior,Yes ,,Joe,Villareal, El Papalote &  El Trompo,Three Dimensional ,Sculpture ,Paint and vinyl on metal; paint on metal,"11' x 8' x 5'
11' x 6' x 6'",Center City Development & Operations,"A series of two scuptures 
1. El Papalote One sculpture in the shape of a kite that appears to be fashioned out of ""La Prensa"" newspaper.
2. El Trompo One sculpture in the shape of a toy top that is painted in bright colors with a metal cord that looks like rope wound around the body.","On view at the northeast corner of Frio and Commerce Street.
1. Papalote is at -98.5036280801522, 29.4261579260825
2. Trompo is at 
-98.50363881, 29.4259827127226
Trompo does not have vinyl ",,2024,2024.0,2017 Bond Program,,Zona Cultural ,Frio and Commerce ,NE corner of Frio and Commerce,78207,-98.503639,29.426079,5,"Cattleman Square
Downtown Design Area",Outdoor-Display,Yes,,249631.21,225000,2023.0,2017 Bond Streets: West Commerce Street,Yes ,MIG ,STV; KCI; Con-Cor; Wanderlust / Bridge Projects ,Latina / o,,Man ,No,,,5,
7,2024.SOT.1.3,,CE - Interior,Yes,1069132,Jose ,Sotelo,"Macro Detail, Indigo (Blue)",Two Dimensional,Works on Paper,Indigo and iron gall ink on paper,22 in. diameter,Arts & Culture,Abstract drawing in black ink on a light blue background. ,"Centro de Artes, Storage ",,2024,2024.0,COSA Art,Artist,Centro de Artes ,Centro de Artes,101 S Santa Rosa Ave,78207,-98.49853,29.42534,1,"Individual Landmark 
Downtown Design Area",Storage,Yes,4500452176,333,1085,2024.0,,No,,,Latina / o,,Man,,,,,
8,2024.SOT.1.2,,CE - Interior,Yes,1069133,Jose ,Sotelo,"Macro Detail, Cochinilla (Pink)",Two Dimensional,Works on Paper,Cochinilla and iron gall ink on paper,22 in. diameter,Arts & Culture,Abstract drawing in black ink on a light pink background. ,"Centro de Artes, Storage ",,2024,2024.0,COSA Art,Artist,Centro de Artes ,Centro de Artes,101 S Santa Rosa Ave,78207,-98.49853,29.42534,1,"Individual Landmark 
Downtown Design Area",Storage,Yes,4500452176,333,1085,2024.0,,No,,,Latina / o,,Man,,,,,
9,2024.SOT.1.1,,CE - Interior,Yes,1066134,Jose ,Sotelo,"Macro Detail, Buckhorn (Yellow)",Two Dimensional,Works on Paper,Buckhorn and iron gall ink on paper,22 in. diameter,Arts & Culture,"Abstract drawing in black ink on light yellow background, and checkerboard pattern. ","Centro de Artes, Storage ",,2024,2024.0,COSA Art,Artist,Centro de Artes ,Centro de Artes,101 S Santa Rosa Ave,78207,-98.49853,29.42534,1,"Individual Landmark 
Downtown Design Area",Storage,Yes,4500452176,334,1085,2024.0,,No,,,Latina / o,,Man,,,,,
10,2024.SOS.1,,Public Art - Interior ,Yes ,,Kathy ,Sosa ,Santa Gastronomia: The Origins of Tex Mex Cuisine On My Mind,Two Dimensional,Painting ,Acrylic on canvas ,3' x 3' ,Center City Development & Operations,Original painting that was image transferred to the become a mural ,Located inside Plaza de Armas ,,2024,2024.0,2017 Bond Program / TIRZ,,Plaza de Armas ,Plaza de Armas ,115 Plaza de Armas,78205,-98.495663,29.424561,1,"Main / Military Plaza 
RIO-7b
Individual Landmark
Downtown Design Area",Indoor - Storage ,Yes ,,10000,10000,2024.0,"2017 Bond Streets: La Villita Maverick Plaza 
TIRZ",Yes ," Fisher Heck
",,Prefer not to answer,,Woman ,No,No,No,1,
11,2024.SAL.1,,Public Art Exterior ,Yes,,Autumn ,Saleh,The Afterglow of Honor,Three Dimensional,Mural,Stainless steel and copper ,Various ,SAFD ,"Relief mural featuring an a cutout EMS star of life with snake and staff on top of a copper back plate, a formed ladder, a formed axe, and a cutout dog.",,,2024,2024.0,2017 Bond Program ,,,Fire Station 24,2265 Austin Hwy,78218,-98.412837,29.507062,2,No,Outdoor Display ,Yes,,"$150,000.00","$120,000.00",2024.0,2017 Bond Public Safety: Fire Station 24 ,Yes ,PWD Architect: Debra Dockery ,,Prefer not to answer,,Woman,No,No,Yes,9,
12,2024.MON.1,,CE - Interior,Yes,,Linda,Monsivais Hernandez,Commute,Two Dimensional,Mixed Media,Aluminum cans on wood panel,30 x 40 in.,Arts & Culture,"A colorful, alumnium can mosaic depicting various modes of transportation and sustainable efforts including a red bus, a woman on a wheel chair, and a man on a bicycle, a man pushing shopping carts of aluminum cans to recycle. ","Aquired by Office of Sustainability 
In Office of Sustainability, 7th floor ",,2024,2024.0,COSA Art,Artist ,City Tower,City Tower ,100 W. Houston St.,78205,-98.4941023594437,29.4263501350618,1,"Main / Military Plaza
Downtown Design Area
RIO-3",Indoor - Restricted,Yes,4500455905,5000,5000,2025.0,,No,,,Latina / o,,Woman,,,,,
13,2024.LOP.2,,Public Art - Exterior,Yes,,Luis ,Lopez ,Orgullo Tejano (Tejano Pride),Three Dimensional ,Sculpture ,Mosaic & Stainless steel ,7' tall x 1' tall base,Center City Development & Operations,Mosaic: outstreched Accordion,On view at River Walk Public Art Garden. 1st location of Market Street Lawn (Street Level),,2024,2024.0,2017 Bond Program,,River Walk Public Art Garden ,River Walk Public Art Garden ,East Market Street ,78205,-98.487202,29.422991,1,"RIO-3 
Downtown Design Area",Outdoor-Display,Yes ,,20000,20000,2024.0,2017 Bond Streets: River Walk Public Art Garden Westside Connection,Yes,,"3R Construction Services
FabArts
Heye Mosaics ",Latina / o,,Man ,No,No,No,1,
14,2024.LOP.1,,Public Art - Exterior,Yes,,Luis ,Lopez ,Orgullo Tejano (Tejano Pride),Three Dimensional ,Sculpture ,Mosaic & Stainless steel ,11' tall x 3' tall base ,Public Works ,Mosaic: Male accordion player ,Sister piece at RW,,2024,2024.0,2017 Bond Program,,,Old HWY 90 ,Old HWY 90 & SW. 37th Street,78237,-98.575014,29.42553,6,No,Outdoor-Display,Yes ,,266016,266016,2024.0,2017 Bond Streets: Enrique Barrera Parkway ,Yes,,"3R Construction Services
FabArts
Heye Mosaics ",Latina / o,,Man ,No,No,No,1,
15,2024.DEL.1.3,2024.DEL.1.2,CE - Interior,Yes,1069135,Celeste ,De Luna,Three Comets,Two Dimensional,Works on Paper,Color reduction woodcut on paper,24 x 36 in.,Arts & Culture,"A blue bird in the foreground with a green spaceship behind it, and a hand emerging from the water beneath. ","Plaza de Armas, Basement",,2023,2024.0,COSA Art,Artist,Plaza de Armas,Plaza de Armas,115 Plaza de Armas,78205,-98.495663,29.424561,1,"Main / Military Plaza 
RIO-7b
Indvidual Landmark
Downtown Design Area",Storage,Yes,4500454412,1750,2776,2024.0,,No,,,Latina / o,,Woman,,,,,
16,2024.DEL.1.2,2024.DEL.1.1,CE - Interior,Yes,1069136,Celeste ,De Luna,Culebra Azul,Two Dimensional,Works on Paper,Color reduction woodcut on paper,24 x 36 in.,Arts & Culture,"Blue, white and black image of a woman standing next to a snake. ","Plaza de Armas, Basement",,2023,2024.0,COSA Art,Artist,Plaza de Armas,Plaza de Armas,115 Plaza de Armas,78205,-98.495663,29.424561,1,"Main / Military Plaza 
RIO-7b
Indvidual Landmark
Downtown Design Area",Storage,Yes,4500454412,1750,2776,2024.0,,No,,,Latina / o,,Woman,,,,,
17,2024.DEL.1.1,2024.DEL.1.3,CE - Interior,Yes,1069137,Celeste ,De Luna,Ceiba,Two Dimensional,Works on Paper,Color reduction woodcut on paper,24 x 36 in.,Arts & Culture,A woman with a large tree rising from the top of her head with flowers and a bird around. ,"Plaza de Armas, Basement",,2023,2024.0,COSA Art,Artist,Plaza de Armas,Plaza de Armas,115 Plaza de Armas,78205,-98.495663,29.424561,1,"Main / Military Plaza 
RIO-7b
Indvidual Landmark
Downtown Design Area",Storage,Yes,4500454412,1750,2776,2024.0,,No,,,Latina / o,,Woman,,,,,
18,2024.BRI.1.1,,CE - Interior,Yes,1069141,Rolando ,Briseno,American Table,Two Dimensional,Painting,Acrylic on tablecloth,31 x 51 in. ,Arts & Culture,"A TV screen, plate of tomatoes, hands holding a fork, and a microwave against a swirling pink and red tablecoth background. ","Centro de Artes, 2nd floor storage ",,1994,2024.0,COSA Art,Presa House Gallery,Centro de Artes ,Centro de Artes,101 S Santa Rosa Ave,78207,-98.49853,29.42534,1,"Individual Landmark 
Downtown Design Area",Storage,Yes,450045411,8000,8000,2024.0,,No,,,Latina / o ,,Man,,,,,
19,2024.ARG.1.1-8,2024.ARG.1.1,Public Art - Exterior,Yes,,"Mike 
Eva ","Arguello
Marengo Sanchez",The Echoes of Market Square,Two Dimensional,Mural ,Acrylic & Spray Paint,23' x 17.5',Center City Development & Operations,"Series of murals located within The Pass. 8 total columns painted on each side. 4 Columns per artist 
Commerce Street Murals 
1. Closest to Farmer's Market Building by Eva
2.Furthest from Farmer's Market Building (closest to Pecos) by Mike
3. Closest to Farmer's Market Building by Mike
4. Furthest from Farmer's Market Building (closest to Pecos) by Eva 
Dolorsa Street Murals 
1. Closest to Farmer's Market Building by Eva
2.Furthest from Farmer's Market Building (closest to Pecos) by Mike
3. Closest to Farmer's Market Building by Mike
4. Furthest from Farmer's Market Building (closest to Pecos) by Eva ",Located in The Pass ,,2024,2024.0,2017 Bond Program,,Zona Cultural ,Historic Market Square,Under IH-35 between Dolorsa and Commerce Street.,78204,-98.50093,29.42574,1,Downtown Design Area,Outdoor-Display,Yes ,,100000,103500,2024.0,2017 Bond Streets: Commerce St. Market Square Underpass,Yes ,,,"Latina / o
Latina / o",,"Man
Woman ","No
Yes","No
Yes","No
No","3
2",
20,2023.STE.1-2,2023.STE.1,Public Art - Exterior/Interior,No,,Ronney,Stevens," A Small History of the East Side 
ZerNona",Two Dimensional,Mural,Painted Murals on polytab ,"7' x 26'6""
7' x 20'",Public Works ,"Two murals
1. A Small History of the East Side features history of the city's east side.
2. ZerNona features life of ZerNona Black.","Provided to COSA in 2023 and installed in 2024
1. Located inside community center on south wall of main room
2. Located outside on Gate",,2023,2023.0,2017 Bond Program,,,ZerNona Black Multi-Generational Cultural Community Center,333 Martin Luther King Drive,78203,-98.473953,29.413584,2,Individual Landmark,"Indoor-Display
Outdoor-Display",Yes ,,105000,105000,2023.0,2017 Bond Library and Cultural Facilities: Zernona Black ,Yes ,,Amstar ,"Black / African American 
",,Man,No,No,No,2,
21,2023.MON.2,2023.MON.1.2,Public Art - Interior ,Yes,,Christopher ,Montoya,Iluminación De La Plaza,Two Dimensional,Painting ,Acrylic on canvas ,3' x 4' ,Arts & Culture,Original painting that was image transferred to become the mural. Historic plaza scene  ,Located inside Plaza de Armas ,,2023,2023.0,2017 Bond Program,,Plaza de Armas ,Plaza de Armas ,115 Plaza de Armas,78205,-98.495663,29.424561,1,"Main / Military Plaza 
RIO-7b
Indvidual Landmark
Downtown Design Area",Indoor - Storage ,Yes ,,24200,24200,2023.0,2017 Bond Drainage: San Pedro Creek Dolorosa Connection ,Yes ,,"ConCor Inc.
Tile Artisans 
High Quality Tile ",Latina / o,,Man ,No,No,No,3,
22,2023.MON.1,2023.MON.1.1,Public Art - Exterior,Yes,,Christopher ,Montoya,Iluminación De La Plaza,Two Dimensional,Mural ,Image transfer on porcelain tile,18' x 24',Arts & Culture,Historic and architecture inspired plaza scene tile mural created from 972 tiles. ,On view at the back of Plaza de Armas in Calder Alley on the Dolorosa Street Side overlooking San Pedro Creek.,,2023,2023.0,2017 Bond Program,,Plaza de Armas ,Plaza de Armas ,115 Plaza de Armas,78205,-98.495663,29.424561,1,"Main / Military Plaza 
RIO-7b
Indvidual Landmark
Downtown Design Area",Outdoor-Display,Yes ,,98437.97,98437.97,2023.0,2017 Bond Drainage: San Pedro Creek Dolorosa Connection ,Yes ,,"ConCor Inc.
Tile Artisans 
High Quality Tile ",Latina / o,,Man ,No,No,No,3,
23,2023.HUE.1.1-3,2023.HUE.1.1,Public Art - Exterior,Yes,,Leticia,Huerta,Bloom,Three Dimensional ,Sculpture ,Steel,"16'6""x7'6""
17' x 8'6""
17'6"" x 5'6""",Parks & Recreation,"Three metal sculptures that resemble native wildflowers.
1. Firewheel
2. Prairie Celestial 
3. Texas Thistle ",On view at Blossom Park,,2023,2023.0,2017 Bond Program,,Parks ,Blossom Park,"15015 Heimer Rd, San Antonio, TX ",78232,-98.46569,29.578697,9,No,Outdoor-Display,Yes ,,210999.1,156505.3,2023.0,2017 Bond Drainage: Paseo del Norte Street D9 Blossom Park,Yes ,"Halff 
Terra Design ","PWD: Amstar Inc. 
Wanderlust Ironworks",Latina / o,,Woman ,No,No,No,Bexar County ,"Helotes, TX"
24,2023.GON.1.1-2,2023.GON.1,Public Art - Interior,Yes,,Sandra,Gonzalez,"Culture, Colors, and Traditions of San Antonio",Two Dimensional,Mural,Painted Mural on Panel,"8' x 20'
8' x 12'",Aviation,"Two murals painted on polytab adhered to MDO panels 
1. Features cultural destinations like the North Star Boots and San Antonio Museum of Art.
2. Features the Mission San Jose rose window, McNay Art Museum, and San Fernando Cathedral.",Terminal A baggage claim.,,2023,2023.0,Airport Renovation Funds,,Airport,San Antonio International Airport,9800 Airport Blvd,78216,-98.471845,29.52662,9,No,Indoor - Display,Yes,,45000,45000,2023.0,,Yes ,,Andrei Reneria  ,Latina / o,,Woman,No,No,No,Bexar County ,"Converse, TX"
25,2023.CAD.1.1-2,2023.CAD.1,Public Art - Interior,No,,Katherine,Cadena,Rooted in Love and Grandma's Garden,Two Dimensional,Mural,Painted Mural on polytab and wood panel,"15' x 11'
19' x 11'",Public Works ,"Two murals.
1. Three figures embracing in a garden of flowers.
2. two sets of grandparents and children in a garden of flowers.","1. On single wall
2. On corner wall",,2023,2023.0,2017 Bond Program,,,Greater Love Multi-Generational Cultural Community Center,1534 Peck Ave #2,78210,-98.43936,29.40116,2,No,Indoor-Display,Yes ,,135000,135000,2023.0,2017 Bond Library and Cultural Facilities: Greater Love Multi-Generational Cultural Community Center,Yes ,Powers Golsby Architect,"PWD GC: MARC3
Artist Subcontractor: Domeinic Jimenez",Prefer to self describe ,detribalized mestizo (american indigenous and spanish descent),Woman,Yes ,Yes ,No,1,
26,2023.BIS.1.1-17,2023.BIS.1.a-q,Public Art - Exterior,Yes,,"Kim 
Luis","Bishop 
Valderas",Poet's Pointe,Three Dimensional ,Sculpture,Ceramic tile and steel,Various,Parks & Recreation,14 works on tile (7 poems and 7 artworks) on an art wall and 3 shade structures within a pocket park,Parks will maintain hardscape and landscape; Arts will maintain shade structrues and tile. See Transfer of Custody Memo. ,,2023,2023.0,2017 Bond Program,,Parks ,Poet's Pointe,2509 W. Mistletoe,78228,-98.541522,29.456732,7,,Outdoor-Display,Yes ,,917230,917230,2022.0,2017 Bond Drainage: Seeling Channel,Yes ,Stantec Engineers ,Arts GC: L. Keeley,"White 
Latina / o ",,"Woman
Man ","Prefer not to answer
No","No
No ","No
Yes ","8
7",
27,2022.TRE.2,,CE - Interior,Yes,1069076,Jesus,Trevino,Recounting Histories Fading in the Sun,Two Dimensional,Painting,Oil on canvas,72 x 48 in. ,Arts & Culture,Man standing on sand while young man stares at him. Cactus on the ground. ,,,2021,2022.0,Centro de Artes Cost Center,Presa House Gallery,Plaza de Armas,Plaza de Armas,115 Plaza de Armas,78205,-98.495663,29.424561,1,"Main / Military Plaza 
RIO-7b
Indvidual Landmark
Downtown Design Area",Storage,Yes,4500441762,4500,4500,2022.0,,No,,,Latina / o,,Man,,,,,
28,2022.TRE.1,,CE - Interior,Yes,1069077,Jesus,Trevino,The Path Fading in the Sun,Two Dimensional,Painting,Oil on canvas,72 x 60 in. ,Arts & Culture,"Male figure walking outdoors in blue hooded jacket, other figure walking ahead, head faded away.",,,2021,2022.0,Centro de Artes Cost Center,Presa House Gallery,Plaza de Armas,Plaza de Armas,115 Plaza de Armas,78205,-98.495663,29.424561,1,"Main / Military Plaza 
RIO-7b
Indvidual Landmark
Downtown Design Area",Storage,Yes,4500441762,5500,5500,2022.0,,No,,,Latina / o,,Man,,,,,
29,2022.SWE.1,,Public Art - Exterior,Yes,,Gary,Sweeney,Welcome to the River Walk Public Art Garden,Two Dimensional,Marketing Wall,Mixed Media signs on MDO panels,"48"" X 96""",Center City Development & Operations,Title wall for River Walk Public Art Garden,Considered a marketing mural not public art. On Mezzanine Wall under Labor Plaza (RIver Level),,2022,2022.0,Marketing Cost Center,,River Walk Public Art Garden ,River Walk Public Art Garden ,East Market Street ,78205,-98.485872,29.422827,1,"RIO-3 
Downtown Design Area",Outdoor-Display,Yes ,,20000,20000,2022.0,,Yes ,Terra Design Group ,"Wanderlust Ironworks
Clearfield Construction",White ,,Man ,No,No,No,Bexar County,
30,2022.ROD.1,,CE - Interior,Yes,1069071,Angel,Rodriguez-Diaz,"Blue Panther, The Stealthy Watcher",Two Dimensional,Painting,Acrylic and oil on canvas,36 x 36 in. ,Arts & Culture,Luchador in blue mask standing over a man. Palm trees in background.,,,2004,2022.0,Centro de Artes Cost Center,Presa House Gallery,Plaza de Armas,Plaza de Armas,115 Plaza de Armas,78205,-98.495663,29.424561,1,"Main / Military Plaza 
RIO-7b
Indvidual Landmark
Downtown Design Area",Storage,Yes,4500441821,13000,13000,2022.0,,No,,,Latina / o,,Man ,,,,,
31,2022.REY.1,,Public Art - Exterior,Yes,,Pedro,Reyes,Stargazer (Citlali),Three Dimensional ,Sculpture,Volcanic Stone and Marble,16' tall X 5' tall base,Center City Development & Operations,Volcanic Stone sculpture (80+ pieces) of a seated woman holding a marble star,"Where river ""t's"" on river level",,2022,2020.0,2017 Bond Program,,River Walk Public Art Garden ,River Walk Public Art Garden ,East Market Street ,78205,-98.485239,29.422835,1,"RIO-3 
Downtown Design Area",Outdoor-Display,Yes ,,,300000,2022.0,2017 Bond Parks: River Walk Public Art Garden Stargazer,Yes ,Terra Design Group ,Clearfield Construction,Latina / o,,Man ,,,,,Mexico
32,2022.QUI.2.1-5,2022.Qui.1 (tiles),Public Art - Exterior,Yes,,Octavio,Quintanilla ,Labor Plaza Tiles ,Two Dimensional,Tile,Ceramic ,"24"" X 24""",Center City Development & Operations,"5 individual mini tile murals created from 4 tiles each. All depict a labor scene. Titles: Unión, Organized, Con el Corazone En Alto, Union,and A New World",4 sets are inset in the ground and 1 is in the Limestone Sign Wall. In Labor Plaza (Street Level),,2022,2022.0,2017 Bond Program,,River Walk Public Art Garden ,River Walk Public Art Garden ,East Market Street ,78205,-98.485715,29.422711,1,"RIO-3 
Downtown Design Area",Outdoor-Display,Yes ,,72934.98,22596.02,2022.0,2017 Bond Streets: River Walk Public Art Garden Labor Plaza ,Yes ,Terra Design Group ,"Bridge Projects
Tile Artisans 
Clearfield Construction",Latina / o,,Man ,,,,"San Antonio, TX",
33,2022.MAR.2,,CE - Interior,Yes,1069058,Cesar,Martinez,Shorty,Two Dimensional,Painting,Acrylic on Canvas,54 x 44 in. ,Arts & Culture,"Painting of man in dark pin striped coat, dark background behind figure.",,,2022,2022.0,COSA Art,Artist ,Plaza de Armas,Plaza de Armas,115 Plaza de Armas,78205,-98.495663,29.424561,1,"Main / Military Plaza 
RIO-7b
Indvidual Landmark
Downtown Design Area",Storage ,Yes,4500441763,10000,10000,2022.0,,No,,,Latina / o,,Man,,,,,
34,2022.MAR.1,,CE - Interior,Yes,1069059,Cesar,Martinez,Bato con Sunglasses,Two Dimensional,Painting,Acrylic on Muslin,44 x 44 in. ,Arts & Culture,Painting of man in red flannel shirt wearing sunglasses. ,,,2022,2022.0,COSA Art,Artist ,Plaza de Armas,Plaza de Armas,115 Plaza de Armas,78205,-98.495663,29.424561,1,"Main / Military Plaza 
RIO-7b
Indvidual Landmark
Downtown Design Area",Storage,Yes,4500441763,8000,8000,2022.0,,No,,,Latina / o,,Man,,,,,
35,2022.JOH.1,2022.JOH.01,CE - Interior,Yes,1069083,Carmen,Johnson Alexander,Heart of the House,Two Dimensional,Painting,Acrylic on canvas,36 x 48 inches,Arts & Culture,"Image of many people in a house, sitting at table, some standing around.","Plaza de Armas, 2nd Floor, Hall by Director's Office",,2017,2022.0,COSA Art,Artist,Plaza de Armas,Plaza de Armas,115 Plaza de Armas,78205,-98.495663,29.424561,1,"Main / Military Plaza 
RIO-7b
Indvidual Landmark
Downtown Design Area",Storage,Yes,4500441802,8500,8500,2022.0,,No,,,Black / African American,,Woman ,,,,,
36,2022.HUE.1.1-2,2022.HUE.1.1,Public Art - Exterior,Yes,,Leticia,Huerta,Bloom,Three Dimensional ,Sculpture ,Steel,"13' 6"" x 6'
14' x 6'",Parks & Recreation,"Two metal sculptures that resemble native wildflowers.
1. Engelmanns Daisy 
2. Ironweed",On view at Tezel Road Greenway Trail ,,2022,2022.0,2017 Bond Program,,Parks ,Tezel Road Greenway Trail ,"6644 Tezel Rd, San Antonio TX",78250,-98.662725,29.494497,6,No,Outdoor-Display,Yes ,,,104000,2022.0,2017 Bond Public Safety Facilities: Tezel Road Facility ,Yes ,,"Wanderlust Ironworks
",Latina / o,,Woman ,No,No,No,Bexar County ,"Helotes, TX"
37,2022.HER.12,,CE - Interior,Yes,1069115,Guadalupe,Hernandez,Papel Picado El Sol (Orange),Two Dimensional,Works on Paper,Handmade paper,13 x 17 inches,Arts & Culture,"Orange papel picado, sun burst at center.",,,2022,2022.0,COSA Art,Presa House Gallery,Plaza de Armas,Plaza de Armas,115 Plaza de Armas,78205,-98.495663,29.424561,1,"Main / Military Plaza 
RIO-7b
Indvidual Landmark
Downtown Design Area",Storage,Yes,4500441762,250,250,2022.0,,No,,,Latina / o,,Woman,,,,,
38,2022.HER.11,,CE - Interior,Yes,1069116,Guadalupe,Hernandez,Papel Picado El Sol (Yellow),Two Dimensional,Works on Paper,Handmade paper,13 x 17 inches,Arts & Culture,"Yellow papel picado, sun burst at center.",,,2022,2022.0,COSA Art,Presa House Gallery,Plaza de Armas,Plaza de Armas,115 Plaza de Armas,78205,-98.495663,29.424561,1,"Main / Military Plaza 
RIO-7b
Indvidual Landmark
Downtown Design Area",Storage,Yes,4500441762,250,250,2022.0,,No,,,Latina / o,,Woman,,,,,
39,2022.HER.10,,CE - Interior,Yes,1069117,Guadalupe,Hernandez,Papel Picado El Sol (Pink),Two Dimensional,Works on Paper,Handmade paper,13 x 17 inches,Arts & Culture,"Pink papel picado, the work VOTA cut out.",,,2022,2022.0,COSA Art,Presa House Gallery,Plaza de Armas,Plaza de Armas,115 Plaza de Armas,78205,-98.495663,29.424561,1,"Main / Military Plaza 
RIO-7b
Indvidual Landmark
Downtown Design Area",Storage,Yes,4500441762,250,250,2022.0,,No,,,Latina / o,,Woman,,,,,
40,2022.HER.09,,CE - Interior,Yes,1069118,Guadalupe,Hernandez,Papel Picado Quetzalcoatl (Maroon) ,Two Dimensional,Works on Paper,Handmade paper,13 x 17 inches,Arts & Culture,Marroon quetzalcoatl papel picado.,,,2022,2022.0,COSA Art,Presa House Gallery,Plaza de Armas,Plaza de Armas,115 Plaza de Armas,78205,-98.495663,29.424561,1,"Main / Military Plaza 
RIO-7b
Indvidual Landmark
Downtown Design Area",Storage,Yes,4500441762,250,250,2022.0,,No,,,Latina / o,,Woman,,,,,
41,2022.HER.08,,CE - Interior,Yes,1069060,Guadalupe,Hernandez,Papel Picado Quetzalcoatl (Blue) ,Two Dimensional,Works on Paper,Handmade paper,13 x 17 inches,Arts & Culture,Blue quetzalcoatl papel picado.,,,2022,2022.0,COSA Art,Presa House Gallery,Plaza de Armas,Plaza de Armas,115 Plaza de Armas,78205,-98.495663,29.424561,1,"Main / Military Plaza 
RIO-7b
Indvidual Landmark
Downtown Design Area",Storage,Yes,4500441762,250,250,2022.0,,No,,,Latina / o,,Woman,,,,,
42,2022.HER.07,,CE - Interior,Yes,1069061,Guadalupe,Hernandez,Papel Picado Quetzalcoatl (Orange),Two Dimensional,Works on Paper,Handmade paper,13 x 17 inches,Arts & Culture,Orange quetzalcoatl papel picado.,,,2022,2022.0,COSA Art,Presa House Gallery,Plaza de Armas,Plaza de Armas,115 Plaza de Armas,78205,-98.495663,29.424561,1,"Main / Military Plaza 
RIO-7b
Indvidual Landmark
Downtown Design Area",Storage,Yes,4500441762,250,250,2022.0,,No,,,Latina / o,,Woman,,,,,
43,2022.HER.06,,CE - Interior,Yes,1069062,Guadalupe,Hernandez,Papel Picado Quetzalcoatl (Pink) ,Two Dimensional,Works on Paper,Handmade paper,13 x 17 inches,Arts & Culture,Pink quetzalcoatl papel picado.,,,2022,2022.0,COSA Art,Presa House Gallery,Plaza de Armas,Plaza de Armas,115 Plaza de Armas,78205,-98.495663,29.424561,1,"Main / Military Plaza 
RIO-7b
Indvidual Landmark
Downtown Design Area",Storage,Yes,4500441762,250,250,2022.0,,No,,,Latina / o,,Woman,,,,,
44,2022.HER.05,,CE - Interior,Yes,1069063,Guadalupe,Hernandez,Papel Picado VOTA (Red) ,Two Dimensional,Works on Paper,Handmade paper,13 x 17 inches,Arts & Culture,"Red papel picado, the work VOTA cut out.",,,2022,2022.0,COSA Art,Presa House Gallery,Plaza de Armas,Plaza de Armas,115 Plaza de Armas,78205,-98.495663,29.424561,1,"Main / Military Plaza 
RIO-7b
Indvidual Landmark
Downtown Design Area",Storage,Yes,4500441762,250,250,2022.0,,No,,,Latina / o,,Woman,,,,,
45,2022.HER.04,,CE - Interior,Yes,1069064,Guadalupe,Hernandez,Papel Picado VOTA (Pink) ,Two Dimensional,Works on Paper,Handmade paper,13 x 17 inches,Arts & Culture,"Pink papel picado, the work VOTA cut out.",,,2022,2022.0,COSA Art,Presa House Gallery,Plaza de Armas,Plaza de Armas,115 Plaza de Armas,78205,-98.495663,29.424561,1,"Main / Military Plaza 
RIO-7b
Indvidual Landmark
Downtown Design Area",Storage,Yes,4500441762,250,250,2022.0,,No,,,Latina / o,,Woman,,,,,
46,2022.HER.03,,CE - Interior,Yes,1069065,Guadalupe,Hernandez,Papel Picado VOTA (Purple),Two Dimensional,Works on Paper,Handmade paper,13 x 17 inches,Arts & Culture,"Purple papel picado, the work VOTA cut out.",,,2022,2022.0,COSA Art,Presa House Gallery,Plaza de Armas,Plaza de Armas,115 Plaza de Armas,78205,-98.495663,29.424561,1,"Main / Military Plaza 
RIO-7b
Indvidual Landmark
Downtown Design Area",Storage,Yes,4500441762,250,250,2022.0,,No,,,Latina / o,,Woman,,,,,
47,2022.HER.02,,CE - Interior,Yes,1069066,Guadalupe,Hernandez,Papel Picado VOTA (Yellow) ,Two Dimensional,Works on Paper,Handmade paper,13 x 17 inches,Arts & Culture,"Yellow papel picado, the work VOTA cut out.",,,2022,2022.0,COSA Art,Presa House Gallery,Plaza de Armas,Plaza de Armas,115 Plaza de Armas,78205,-98.495663,29.424561,1,"Main / Military Plaza 
RIO-7b
Indvidual Landmark
Downtown Design Area",Storage,Yes,4500441762,250,250,2022.0,,No,,,Latina / o,,Woman,,,,,
48,2022.HER.01,,CE - Interior,Yes,1069067,Guadalupe,Hernandez,Papel Picado VOTA (Blue) ,Two Dimensional,Works on Paper,Handmade paper,13 x 17 inches,Arts & Culture,"Blue papel picado, the work VOTA cut out.",,,2022,2022.0,COSA Art,Presa House Gallery,Plaza de Armas,Plaza de Armas,115 Plaza de Armas,78205,-98.495663,29.424561,1,"Main / Military Plaza 
RIO-7b
Indvidual Landmark
Downtown Design Area",Storage ,Yes,4500441762,250,250,2022.0,,No,,,Latina / o,,Woman,,,,,
49,2022.GAL1.1-2,2022.GAL.1-2,Public Art - Interior,Yes,,Stephen,Galloway,Canopy Dreams for San Antonio,Two Dimensional,Glass,Laminated Tempered Glass,2 installations  total for each h. 13 ft. x w. 26 ft.,Department of Human Services,Two installations made up of 24 glass panels (each) depicting a digital representation of a Texas Pecan and Live Oak. ,On view at Walker Ranch Park Senior Center,,2022,2022.0,2017 Bond Program,,,Walker Ranch Park Senior Center,835 W. Rhapsody,78216,-98.50305,29.55494,9,No,Indoor- Display,Yes,,,130000,,2017 Bond Parks: D9 Senior Center ,Yes ,,Alpha Graphics ,Man ,,,,,,,"San Fransico, CA"
50,2022.FAB.1.1-12,2022.FAB.1.1,Public Art - Interior,Yes,,Joan,Fabian,The Vibrant Village,Two Dimensional,Painting,Collage and paint on wood,,Center City Development & Operations,Abstract collaged painting,On view at City Tower Concourse and Houston St. Lobbies,,2022,2022.0,Certicates of Obligation,,City Tower,City Tower,100 W. Houston St.,78205,-98.494102,29.42635,1,"RIO-3
Individual Landmark 
Downtown Design Area",Indoor - Restricted,Yes,,104940,9166.666666666666,2022.0,Certificate of Obligation: City Tower Improvements,Yes ,,Bandera Art Services ,Prefer not to answer,,Woman,Prefer not to answer,Yes,No,1,
51,2022.ESP.4,,CE - Interior,Yes,1069072,Jenelle ,Esparza,Old Souls 7,Two Dimensional,Drawing,Charcoal on paper,18 x 24 in. ,Arts & Culture,Black and white drawing in wood frame. Abstract.,Basement ,,2021,2022.0,COSA Art,Presa House Gallery,Plaza de Armas,Plaza de Armas,115 Plaza de Armas,78205,-98.495663,29.424561,1,"Main / Military Plaza 
RIO-7b
Indvidual Landmark
Downtown Design Area",Storage,Yes,4500441762,1250,1250,2022.0,,No,,,Latina / o,,Woman ,No,,No,7,
52,2022.ESP.3,,CE - Interior,Yes,1069073,Jenelle ,Esparza,Old Souls 6,Two Dimensional,Drawing,Charcoal on paper,18 x 24 in. ,Arts & Culture,"Black and white drawing long slanted item, abstract.",Basement ,,2021,2022.0,COSA Art,Presa House Gallery,Plaza de Armas,Plaza de Armas,115 Plaza de Armas,78205,-98.495663,29.424561,1,"Main / Military Plaza 
RIO-7b
Indvidual Landmark
Downtown Design Area",Storage,Yes,4500441762,1250,1250,2022.0,,No,,,Latina / o,,Woman ,No,,No,7,
53,2022.ESP.2,,CE - Interior,Yes,1069074,Jenelle ,Esparza,Old Souls 5,Two Dimensional,Drawing,Charcoal on paper,18 x 24 in. ,Arts & Culture,"Black and white drawing, continual black lines. ",Basement ,,2021,2022.0,COSA Art,Presa House Gallery,Plaza de Armas,Plaza de Armas,115 Plaza de Armas,78205,-98.495663,29.424561,1,"Main / Military Plaza 
RIO-7b
Indvidual Landmark
Downtown Design Area",Storage,Yes,4500441762,1250,1250,2022.0,,No,,,Latina / o,,Woman ,No,,No,7,
54,2022.ESP.1,,CE - Interior,Yes,1069075,Jenelle ,Esparza,Old Souls 4,Two Dimensional,Drawing,Charcoal on paper,18 x 24 in. ,Arts & Culture,Pitchfork drawing,Basement ,,2021,2022.0,COSA Art,Presa House Gallery,Plaza de Armas,Plaza de Armas,115 Plaza de Armas,78205,-98.495663,29.424561,1,"Main / Military Plaza 
RIO-7b
Indvidual Landmark
Downtown Design Area",Storage,Yes,4500441762,1250,1250,2022.0,,No,,,Latina / o,,Woman ,No,,No,7,
55,2022.BRI.3,,CE - Interior,Yes,1069068,Rolando ,Briseno,Frutas Frescas,Two Dimensional,Painting,Acrylic on dish towel,24 x 18 in.,Arts & Culture,Towel with dwarf printed and painted embellishments of fruit and black native figure over dwarf.,Basement ,,1993,2022.0,COSA Art,Presa House Gallery,Plaza de Armas,Plaza de Armas,115 Plaza de Armas,78205,-98.495663,29.424561,1,"Main / Military Plaza 
RIO-7b
Indvidual Landmark
Downtown Design Area",Storage,Yes,4500441821,4000,4000,2022.0,,No,,,Latina / o,,Man ,,,,,
56,2022.BRI.2,,CE - Interior,Yes,1069069,Rolando ,Briseno,NAFTA,Two Dimensional,Painting,Acrylic on dish towel,24 x 18 in.,Arts & Culture,"Bambi printed towel, white swirl painted over, hand with fork, remote control, blue and white checkered tabletop.",Basement ,,1993,2022.0,COSA Art,Presa House Gallery,Plaza de Armas,Plaza de Armas,115 Plaza de Armas,78205,-98.495663,29.424561,1,"Main / Military Plaza 
RIO-7b
Indvidual Landmark
Downtown Design Area",Storage,Yes,4500441821,4000,4000,2022.0,,No,,,Latina / o,,Man ,,,,,
57,2022.BRI.1,,CE - Interior,Yes,1069070,Rolando ,Briseno,Guajolote en Mole Poblano,Two Dimensional,Painting,"Acrylic, ground chile pipian and magic marker on kitchen napkin",22 x 27 in. ,Arts & Culture,"Towel with bird drawing, words painted over figure. Title painted on left and right sides of towel.",Basement ,,1995,2022.0,COSA Art,Presa House Gallery,Plaza de Armas,Plaza de Armas,115 Plaza de Armas,78205,-98.495663,29.424561,1,"Main / Military Plaza 
RIO-7b
Indvidual Landmark
Downtown Design Area",Storage,Yes,4500441821,4000,4000,2022.0,,No,,,Latina / o,,Man ,,,,,
58,2022.3.1-2,2022.SAS.1.1-2,Public Art - Exterior,Yes,,San Antonio Street Art Initiative ,,Motivated Community and Joyful Momentum,Two Dimensional,Mural,Painted Mural,"25’0” x 62’6” 
22’4” x 43’0” ",Parks & Recreation,"Two murals by artist team Adriana Garcia and Manola & Maria 
1.Large mural of figures engaging in sports activities with native flora and fauna
2. Small mural of boy swinging with native flora and fauna.","1. On the back of the building facing basketball courts 
2. On side of building facing Zarzamora 
Lead artists: Adriana Garcia and Maria & Manola Ramirez ",,2022,2022.0,2017 Bond Program,,Parks ,Ramirez Community Center ,1011 Gillette Blvd ,78224,-98.531271,29.331476,4,No,Outdoor-Display,Yes ,,130000,130000,2022.0,2017 Bond Streets: D4 Pedestrian Mobility ,Yes ,None ,None ,Non-Profit ,,Non-Profit ,Non-Profit ,Non-Profit ,Non-Profit ,2,
59,2022.1.1-10,2022.ENG.1.1-10,Public Art - Exterior,Yes,,,,Labor Plaza Engravings ,Two Dimensional,Sidewalk Art,Sand Blasted Concrete ,Various ,Center City Development & Operations,"10 individual sand blasted engravings. 1 poem throughout the plaza, 1 song overlooking Stargazer, 8 biographies in the center of the plaza. ","10 individual sandblasted engravings on conrete throughout Labor Plaza (Street Level)

Text not original designs sandblasted by Blazing Lazer ",,2022,2022.0,2017 Bond Program,,River Walk Public Art Garden ,River Walk Public Art Garden ,East Market Street ,78205,-98.485715,29.422711,1,"RIO-3 
Downtown Design Area",Outdoor-Display,Yes ,,72934.98,27800,2022.0,2017 Bond Streets: River Walk Public Art Garden Labor Plaza ,Yes ,Terra Design Group ,"Blazing Lazer 
Clearfield Construction",,,,,,,,
60,2021.SEB.1,,Public Art - Exterior,Yes,,Enrique (Sebastiàn),Carbajal,Star of Texas,Three Dimensional ,Sculpture,Painted iron,"8.8"" x 10.2"" x 14.8""",Aviation,The Star of Texas is composed of 5 vertical components positioned to appear in the shape of a star in the negative space at the top of the sculpture which can only be seen from two vantage points.,,,,2020.0,Non-Bond (Aviation),,Airport,San Antonio International Airport,9800 Airport Blvd,78216,-98.476485,29.523971,9,No,Outdoor - Display,Yes,,,250000,,,No,,"Wanderlust Ironworks
Davila Construction",Latina / o,,Man ,No,,,,Mexico 
61,2021.QUI.1.1-5,2021.QUI.1.1,Public Art - Interior,Yes,,Octavio,Quintanilla,Labor Plaza Original Artworks ,Two Dimensional,Works on Paper,Mixed Media (mostly acrylic paint) on Archival Paper,11”x14”,Arts & Culture,"5 individual artworks. All depict a labor scene. Titles: Unión, Organized, Con el Corazone En Alto, Union,and A New World",On view at City Tower and managed by Cultural Events & Exhibits,,2021,2022.0,Donation ,Octavillo Quintanilla ,City Tower,City Tower,100 W. Houston St.,78205,-98.4941023594437,29.4263501350618,1,"Main / Military Plaza
Downtown Design Area
RIO-3",Indoor - Restricted,Yes,,10000,10000,2022.0,2017 Bond Streets: River Walk Public Art Garden Labor Plaza,Yes ,,,Latina / o,,Man ,,,,"San Antonio, TX",
62,2021.JOH.4,2021.JOH.04,CE - Interior,Yes,1069038,Carmen,Johnson Alexander,The Glider,Two Dimensional,Painting ,Acrylic on canvas,30 x 24 in. ,Arts & Culture,"Woman sitting in gliding chair reading book children on each side of her, dog laying on porch.","10th floor, Meeting Room",,2013,2021.0,Centro de Artes Cost Center,Artist ,City Tower,City Tower ,100 W. Houston St.,78205,-98.4941023594437,29.4263501350618,1,"Main / Military Plaza
Downtown Design Area
RIO-3",Storage,Yes,4500436776,2700,2700,2018.0,,No,,,Black / African American,,Woman ,,,,,
63,2021.JOH.3,2021.JOH.03,CE - Interior,Yes,1069037,Carmen,Johnson Alexander,Snapshot,Two Dimensional,Painting ,Acrylic on canvas,18 x 24 in.  ,Arts & Culture,"Three women standing on sidewalk, 2 children standing with them. Other people in background walking on grass.","10th floor, Meeting Room",,2015,2021.0,Centro de Artes Cost Center,Artist ,City Tower,City Tower ,100 W. Houston St.,78205,-98.4941023594437,29.4263501350618,1,"Main / Military Plaza
Downtown Design Area
RIO-3",Storage,Yes,4500436776,2500,2500,2018.0,,No,,,Black / African American,,Woman ,,,,,
64,2021.JOH.2,2021.JOH.02,CE - Interior,Yes,1069036,Carmen,Johnson Alexander,On Grandma's Back Steps,Two Dimensional,Painting ,Acrylic on canvas,8 x 10 in. ,Arts & Culture,Woman and child sitting on stoop reading book.,"10th floor, Meeting Room",,2005,2021.0,Centro de Artes Cost Center,Artist ,City Tower,City Tower ,100 W. Houston St.,78205,-98.4941023594437,29.4263501350618,1,"Main / Military Plaza
Downtown Design Area
RIO-3",Storage,Yes,4500436776,600,600,2018.0,,No,,,Black / African American,,Woman ,,,,,
65,2021.JOH.1,2021.JOH.01,CE - Interior,Yes,1069035,Carmen,Johnson Alexander,Black Top Fun,Two Dimensional,Painting ,Acrylic on canvas,16 x 12 in. ,Arts & Culture,Woman in blue dress talking to child in pink. Other person sitting on ground drawing with chalk.,"10th floor, Meeting Room",,2000,2021.0,Centro de Artes Cost Center,Artist ,City Tower,City Tower ,100 W. Houston St.,78205,-98.4941023594437,29.4263501350618,1,"Main / Military Plaza
Downtown Design Area
RIO-3",Storage,Yes,4500436776,500,500,2018.0,,No,,,Black / African American,,Woman ,,,,,
66,2021.HUE.4.1-2,2021.HUE.4.1,Public Art - Exterior,Yes,,Leticia,Huerta,Bloom,Three Dimensional ,Sculpture ,Steel,"14' 6"" x 5'
13' 6"" x 7'",Parks & Recreation,"Two metal sculptures that resemble native wildflowers.
1. Salvia Texana 
2. Four Nerve Daisy",On view at Mario Farias Park,,2021,2021.0,2015 Sales Tax,,Parks ,Mario Farias Park,"1012 Leal Street, San Antonio, TX, 78207",78207,-98.51757,29.43419,1,No,Outdoor-Display,Yes,,,45000,2021.0,,Yes ,,"Wanderlust Ironworks
",Latina / o,,Woman ,No,No,No,Bexar County ,"Helotes, TX"
67,2021.HUE.3.1-2,,Public Art - Exterior,Yes,,Leticia,Huerta,Bloom,Three Dimensional ,Sculpture,Steel,"14' 6.5"" x 5' 8""
12' 2"" x 6' 1""",Parks & Recreation,"Two metal sculptures that resemble native wildflowers.
1. Mealy Blue Sage 
2. Indian Paintbrush flowers",On view at Brazos Pocket Park,,2021,2021.0,2015 Sales Tax,,Parks ,Brazos Pocket Park,800 Chihuahua Street,78207,-98.514172,29.41515,5,No,Outdoor - Display,Yes,,90000,90000,2021.0,,Yes ,,"Wanderlust Ironworks
",Latina / o,,Woman ,No,No,No,Bexar County ,"Helotes, TX"
68,2021.HUE.2.1-3,,Public Art - Exterior,Yes,,Leticia,Huerta,Bloom,Three Dimensional ,Sculpture,Steel,"14' x 6'
13' x 4' 6""
13' x 6'",Parks & Recreation,"Three metal sculptures that resemble native wildflowers.
1. Cedar Sage
2. Greenthread
3. Antelope Horn Milkweed ",On view at Eisenhower Park Trailhead.,,2021,2021.0,2015 Sales Tax,,Parks ,Eisenhower Park,19399 NW Military Hwy,78257,-98.572702,29.622985,8,No,Outdoor-Display,Yes,,82474,82474,2021.0,,Yes ,,"Wanderlust Ironworks
",Latina / o,,Woman ,No,No,No,Bexar County ,"Helotes, TX"
69,2021.HUE.1.1-2,2021.HUE.1.1-2,Public Art - Exterior,Yes,,Leticia,Huerta,Bloom,Three Dimensional ,Sculpture,Steel,"12'4"" X 7'7""
12'1 3/4"" X 5'6""",Center City Development & Operations,"Two metal sculptures that resemble native wildflowers.
1. Lantana Yellow
2. Columbine flowers. ",On view at the River Walk Public Art Garden. Mezzanine level under Market Street Lawn (River Level),,2021,2021.0,2017 Bond Program,,River Walk Public Art Garden ,River Walk Public Art Garden ,East Market Street ,78205,-98.486417,29.422984,1,"RIO-3 
Downtown Design Area",Outdoor - Display,Yes,,,156541,2021.0,2017 Bond Parks: River Walk Public Art Garden Bloom,Yes ,Terra Design Group ,"Clearfield Construction
Wanderlust Ironworks",Latina / o,,Woman ,No,No,No,Bexar County ,"Helotes, TX"
70,2021.HER.1.1-3,,Public Art - Interior,Yes,,Mari ,Hernandez,Tap Pilam Nation Portraits,Two Dimensional,Installation,Mixed media,2' tall by 2' deep niche ,Arts & Culture,A set of 3 sculptural installations installed in City Hall niches: photographs on plexi and vinyl wrap within niche,3 paintings in a set installed in City Hall niches,,2021,2021.0,Certificates of Obligation,,City Hall,City Hall,100 Military Plaza,78205,-98.49513,29.42463,1,"
Main/Military Plaza
Individual Landmark
RIO-7B
Downtown Design Area",Indoor-Display,Yes,,,18500,,Certificate of Obligation: 2021 City Hall Renovation,Yes,,,Latina / o,,Woman ,,,,,
71,2021.HAR.1.1-3,,Public Art - Interior,Yes,,Megan,Harrison,"Morning, Noon, and Night",Two Dimensional,Installation,Mixed media,2' tall by 1' deep niche ,Arts & Culture,A set of 3 sculptural installations installed in City Hall niches: photographs on plexi and vinyl wrap within niche,3 paintings in a set installed in City Hall niches,,2021,2021.0,Certificates of Obligation,,City Hall,City Hall,100 Military Plaza,78205,-98.49513,29.42463,1,"
Main/Military Plaza
Individual Landmark
RIO-7B
Downtown Design Area",Indoor-Display,Yes,,,18500,,Certificate of Obligation: 2021 City Hall Renovation,Yes,,,Prefer to self describe ,White ,Woman ,No,No,No,2,
72,2021.GON.1.1-3,,Public Art - Interior,Yes,,Raul Rene,Gonzalez,Music in the City,Two Dimensional,Painting,Acrylic on panel,2' tall by 1' deep niche ,Arts & Culture,A set of 3 paintings installed in City Hall niches,3 paintings in a set installed in City Hall niches,,2021,2021.0,Certificates of Obligation,,City Hall,City Hall,100 Military Plaza,78205,-98.49513,29.42463,1,"
Main/Military Plaza
Individual Landmark
RIO-7B
Downtown Design Area",Indoor-Display,Yes,,,18500,,Certificate of Obligation: 2021 City Hall Renovation,Yes,,,Latina / o,,Man ,No,No,No,1,
73,2021.FLE.1.1-3,,Public Art - Interior,Yes,,Emily,Fleisher,Foundational Elements,Three Dimensional ,Installation,Mixed media,2' tall by 2' deep niche ,Arts & Culture,A set of 3 sculptural installations installed in City Hall niches: plaster cast building with wooden desk and lamp/bell feature,3 paintings in a set installed in City Hall niches,,2021,2021.0,Certificates of Obligation,,City Hall,City Hall,100 Military Plaza,78205,-98.49513,29.42463,1,"
Main/Military Plaza
Individual Landmark
RIO-7B
Downtown Design Area",Indoor-Display,Yes,,,18500,,Certificate of Obligation: 2021 City Hall Renovation,Yes,,,White ,,Woman ,No,No,No,6,
74,2021.FER.1.1-3,,Public Art - Interior,Yes,,Ana,Fernandez,Three Streets,Two Dimensional,Painting,Oil on panel,2' tall by 1' deep niche ,Arts & Culture,A set of 3 paintings installed in City Hall niches,3 paintings in a set installed in City Hall niches,,2021,2021.0,Certificates of Obligation,,City Hall,City Hall,100 Military Plaza,78205,-98.49513,29.42463,1,"
Main/Military Plaza
Individual Landmark
RIO-7B
Downtown Design Area",Indoor-Display,Yes,,,18500,,Certificate of Obligation: 2021 City Hall Renovation,Yes,,,Latina / o,,Woman ,,,,"San Antonio,  TX",
75,2021.DOW.2,,Public Art - Exterior,Yes,,Kaldric ,Dow ,Spheres of Reflection ,Three Dimensional ,Sculpture ,Steel,"56"" W x 48"" T",Center City Development & Operations,Corten spherical base with 3 black reflective spheres.,On view at River Walk Public Art Garden. 4th location of Market Steet Lawn (Street Level),,2021,2021.0,2017 Bond Program,,River Walk Public Art Garden ,River Walk Public Art Garden ,E. Market Street ,78205,-98.48632,29.422827,1,"RIO-3 
Downtown Design Area",Outdoor - Display,Yes,,50000,50000,2021.0,2017 Bond Streets: River Walk Public Art Garden Eastside Connection,Yes ,Terra Design Group ,L. Keeley ,"Black / African American 
",,Man,No,No,No,1,
76,2021.DOW.1,,Public Art - Exterior,Yes,,Kaldric ,Dow ,Spheres of Reflection ,Three Dimensional ,Sculpture ,Steel,"16.5"" H",Parks & Recreation,Corten face with black reflective spheres as hair. White words written on spheres,,,2021,2021.0,2017 Bond Program,,Parks ,Martin Luther King Park ,3503 Martin Luther King Dr, 78220,-98.419076,29.413718,2,No,Outdoor-Display,Yes,,219905.32,206278.18,,2017 Bond: Streets MLK Park,Yes,"Arts: Bridge Project
Engineer: Halff ",GC: Keeley ,"Black / African American 
",,Man ,No,No,No,1,
77,2021.BUE.1.1-3,,Public Art - Interior,Yes,,Ruth Leonela,Buentello,Entre Fronteras Memory Migration Maps,Two Dimensional,Painting,Mixed media,2' tall by 1' deep niche ,Arts & Culture,3 paintings in a set installed in City Hall niches,3 paintings in a set installed in City Hall niches,,2021,2021.0,Certificates of Obligation,,City Hall,City Hall,100 Military Plaza,78205,-98.49513,29.42463,1,"
Main/Military Plaza
Individual Landmark
RIO-7B
Downtown Design Area",Indoor-Display,Yes,,,18500,2021.0,Certificate of Obligation: 2021 City Hall Renovation,Yes,,,Latina / o,,Woman ,Prefer not to answer,No,No,5,
78,2021.BLA.1,,Public Art - Exterior,Yes,,David ,Blancas,Sabor del Mercado,Three Dimensional ,Sculpture,Acrylic on wood with resin,,Arts & Culture,Sculpture in the shape of a paleta or popsicle with painted aluminum sheet at the base,,,2021,2021.0,Centro de Artes cost center,,Centro de Artes,Centro de Artes,101 S Santa Rosa Ave,78207,-98.49853,29.42534,1,"Individual Landmark 
Downtown Design Area",Indoor-Display,Yes,,,20000,2020.0,,No,,Wanderlust Ironworks,Latina / o,,Man ,,,,"San Antonio, TX",
79,2020.TRE.1,,CE - Interior,Yes,1048392,Jesus,Trevino,The Two Alvinos,Two Dimensional,Painting ,Oil on panel,37 x 24 in.,Arts & Culture,"Coach in red shirt and red hat at right of image, photos of baseball teams before a baseball pyramid and a black and white baseball player standing with bat.","Acquired for Alive in Memory and Spirit Exhibition, Paid by WHO",,2020,2020.0,World Heritage,Artist ,Centro de Artes ,Centro de Artes ,101 S Santa Rosa Ave,78207,-98.49853,29.42534,1,"Individual Landmark 
Downtown Design Area",Storage,,4500431382,1000,1000,2019.0,,No,,,Latina / o,,Man,,,,,
80,2020.SAN.1,,CE - Interior,Yes,1048386,Eva,Sanchez ,Sister Pauline Fierro,Two Dimensional,Painting,Acrylic on canvas,30 x 20 x .75 in.,Arts & Culture,"Painting of a rosary, religious cards, notebook pens, whistle and framed photo of a nun standing in front of a building. ","Acquired for Alive in Memory and Spirit Exhibition, Paid by WHO",,2020,2020.0,World Heritage,Artist ,Centro de Artes ,Centro de Artes ,101 S Santa Rosa Ave,78207,-98.49853,29.42534,1,"Individual Landmark 
Downtown Design Area",Storage,,4500431382,1000,1000,2019.0,,No,,,Latina / o,,Woman ,,,,,
81,2020.ROD.1,,CE - Interior,Yes,1048384,Elizabeth,Rodriguez,Maria Calvillo,Two Dimensional,Painting,Acrylic on canvas,36 x 12 x 1.5 in.,Arts & Culture,"Woman wearing western hat, vest and red handkerchief, sitting atop white horse and holding rifle. Posed in front of ranch and sign : Rancho de las Cabras.","Acquired for Alive in Memory and Spirit Exhibition, Paid by WHO",,2020,2020.0,World Heritage,Artist ,Centro de Artes ,Centro de Artes ,101 S Santa Rosa Ave,78207,-98.49853,29.42534,1,"Individual Landmark 
Downtown Design Area",Storage,,4500431383,1000,1000,2019.0,,No,,,Latina / o,,Woman ,,,,,
82,2020.NIE.1,,CE - Interior,Yes,1048394,Leonardo,Nierman,Untitled ,Two Dimensional,Textile,Woven tapestry ,180 in. h x 96 in w,Arts & Culture,"Multicolored tapestry in abstract design colored in orange, black, white, blue and yellow.",Concourse,,1980S,2020.0,Donation,Las Casas Foundation,City Tower,City Tower ,100 W. Houston St.,78205,-98.4941023594437,29.4263501350618,1,"Main / Military Plaza
Downtown Design Area
RIO-3",Indoor - Display,,Donation ,0,16000,2019.0,Certificate of Obligation: City Tower Improvements,No,,Bandera Art Services,Latina / o,,Man ,,,,,Mexico
83,2020.MUN.2,,CE - Interior,Yes,1048357,Rhys,Munro,Breadwinner,Two Dimensional,Painting,Acrylic on canvas,24 x 32 in,Arts & Culture,"Painting of a mallet, wood handle at top of canvas. ",Acquired for Status of Women Exhibition,,2020,2020.0,Operating Funds,Artist ,Plaza de Armas,Plaza de Armas,115 Plaza de Armas,78205,-98.495663,29.424561,1,"Main / Military Plaza 
RIO-7b
Indvidual Landmark
Downtown Design Area",Storage,Yes,4500428431,1500,1500,2020.0,,No,,,Latina / o,,Woman ,Yes,No,No,1,
84,2020.MUN.1,,CE - Interior,Yes,1048356,Rhys,Munro,Moxie,Two Dimensional,Painting,Acrylic on canvas,24 x 32 in,Arts & Culture,Painting of red hard hat and white cloth hanging. ,Acquired for Status of Women Exhibition,,2020,2020.0,Operating Funds,Artist ,Plaza de Armas,Plaza de Armas,115 Plaza de Armas,78205,-98.495663,29.424561,1,"Main / Military Plaza 
RIO-7b
Indvidual Landmark
Downtown Design Area",Storage,Yes,4500428431,1500,1500,2017.0,,No,,,Latina / o,,Woman ,Yes,No,No,1,
85,2020.MON.1,,CE - Interior,Yes,1048389,Christopher,Montoya,Father Balthazar Janacek,Two Dimensional,Painting,Oil on canvas,36 x 24 x .5 in.,Arts & Culture,Painting of Father Balthazar Janacek in church building.,"Acquired for Alive in Memory and Spirit Exhibition, Paid by WHO",,2020,2020.0,World Heritage,Artist ,Centro de Artes ,Centro de Artes ,101 S Santa Rosa Ave,78207,-98.49853,29.42534,1,"Individual Landmark 
Downtown Design Area",Storage,,4500431384,1000,1000,2020.0,,No,,,Latina / o ,,Man ,No,No,No,3,
86,2020.MIR.1,,Public Art - Exterior,Yes,,Ashley,Mireles,Innature,Three Dimensional ,Shade Structure,Corten Steel,Various ,Parks & Recreation,Wildlife viewing blind with a floral design ,Hardberger Park West; on D9 side of park,,2020,2020.0,2017 Bond Program,,Parks ,Robert L.B. Tobin Land Bridge at Phil Hardberger Park,"8400 NW Military Hwy. San Antonio, TX ",78230,-98.524892,29.558147,9,No,Outdoor - Display,Yes,,,150000,2020.0,2017 Bond Parks: Hardberer Park Wildlife Viewing Blinds ,Yes ,,"STIMSON Studio
Kuest Corp.",Latina /o,,Woman,Yes,No,No,1,
87,2020.MIJ.1,,CE - Interior,Yes,1048348,Laura,Mijangos-Rapp,Hope is a Thing With Wings,Two Dimensional,Mixed Media,Mixed Media, 51 3/8 H x 41 1/4 W,Arts & Culture,Woman in black dress holding black bird.,Acquired for Status of Women Exhibition,,2020,2020.0,Operating Funds,Artist ,Plaza de Armas,Plaza de Armas,115 Plaza de Armas,78205,-98.495663,29.424561,1,"Main / Military Plaza 
RIO-7b
Indvidual Landmark
Downtown Design Area",Storage,,4500428873,4000,4000,2018.0,,No,,,Latina / o,,Woman,,,,,
88,2020.JOH.1,,CE - Interior,Yes,1048353,Carmen,Johnson Alexander,I Used to be Somebody,Two Dimensional,Mixed Media,"Acrylic paint, paper, and ink", 36 x 36 in. ,Arts & Culture,Women sitting on mat with purple backpack.,,,2020,2020.0,Operating Funds,Artist ,Plaza de Armas,Plaza de Armas,115 Plaza de Armas,78205,-98.495663,29.424561,1,"Main / Military Plaza 
RIO-7b
Indvidual Landmark
Downtown Design Area",Storage,Yes,4500428662,3000,3000,2020.0,,No,,,Black / African American,,Woman ,,,,,
89,2020.HIR.1,,CE - Interior,Yes,1048349,Hiromi,Stringer,"""Untitled"" (Michi)",Two Dimensional,Works on Paper,Graphite and pastel on tinted paper,30 x 30 inches,Arts & Culture,River like path in blue surrounded by dark charcoal colors and a blue horizon at center of image. ,Acquired for Status of Women Exhibition,,2020,2020.0,Operating Funds,Cinnabar Gallery,Plaza de Armas,Plaza de Armas,115 Plaza de Armas,78205,-98.495663,29.424561,1,"Main / Military Plaza 
RIO-7b
Indvidual Landmark
Downtown Design Area",Storage,Yes,4500428430,1800,1800,2015.0,,No,,,Asian / Asian American,,Woman ,No,No,No,7,
90,2020.HIN.1,,CE - Interior,Yes,1048351,Karen,Hinton-Robinson,Our Health and Wellness,Two Dimensional,Textile,"Quilt with assorted fabrics (metallic, cotton and felt), lace and rick rack trim, embroidery, crystals, photo transfer, applique’s, thread painting, fabric paint, yarn. Wool batting and longarm quilting",56 in x 62 in,Arts & Culture,"Quilt with assorted fabrics (metallic, cotton, and felt), lace and rick rack trim, embroidery, crystals, photo transfer, applique's, thread painting, fabric paint, yarn. Wool batting and longarm quilting",Acquired for Status of Women Exhibition,,2020,2020.0,Operating Funds,Artist ,Plaza de Armas,Plaza de Armas,115 Plaza de Armas,78205,-98.495663,29.424561,1,"Main / Military Plaza 
RIO-7b
Indvidual Landmark
Downtown Design Area",Storage,Yes,4500428465,2000,2000,2019.0,,No,,,Black / African American,,Woman ,,,,,
91,2020.HERN.3,,CE - Interior,Yes,1048374,Mari ,Hernandez,Of Women (3 of 3),Two Dimensional,Photograph,Inkjet print on photo rag,18 x 28 in. ,Arts & Culture,"Woman in white, headpiece on head.",Acquired for Status of Women Exhibition,,2020,2020.0,MetroHealth Domestic Violence,Artist ,Plaza de Armas,Plaza de Armas,115 Plaza de Armas,78205,-98.495663,29.424561,1,"Main / Military Plaza 
RIO-7b
Indvidual Landmark
Downtown Design Area",Storage,Yes,4500428527,1333.3333333333333,2000,2019.0,,No,,,Latina / o,,Woman,,,,,
92,2020.HERN.2,,CE - Interior,Yes,1048375,Mari ,Hernandez,Of Women (2 of 3) ,Two Dimensional,Photograph,Inkjet print on photo rag,20 x 30 in.,Arts & Culture,"Woman in white, holding flowers in hand, flowers arranged on floor.",Acquired for Status of Women Exhibition,,2020,2020.0,MetroHealth Domestic Violence,Artist ,Plaza de Armas,Plaza de Armas,115 Plaza de Armas,78205,-98.495663,29.424561,1,"Main / Military Plaza 
RIO-7b
Indvidual Landmark
Downtown Design Area",Storage,,4500428527,1333.3333333333333,2000,2018.0,,No,,,Latina / o,,Woman,,,,,
93,2020.HERN.1,,CE - Interior,Yes,1048373,Mari ,Hernandez,Of Women (1 of 3) ,Two Dimensional,Photograph,Inkjet print on photo rag,18 x 28 in. ,Arts & Culture,"Woman in white, holding shawl and floral arrangement over head. ",Acquired for Status of Women Exhibition,,2020,2020.0,MetroHealth Domestic Violence,Artist ,Plaza de Armas,Plaza de Armas,115 Plaza de Armas,78205,-98.495663,29.424561,1,"Main / Military Plaza 
RIO-7b
Indvidual Landmark
Downtown Design Area",Storage,,4500428527,1333.3333333333333,2000,2017.0,,No,,,Latina / o,,Woman,,,,,
94,2020.HER.1,,CE - Interior,Yes,1048359,Ana,Hernandez-Burwell,Watching Eyes,Three Dimensional ,Mixed Media ,"Enamel, acrylic, oil, embroidery, on found objects, sometimes arches paper",Various ,Arts & Culture,26 individual objects that vary in sizes from 4 - 12 inches,,,2020,2020.0,Operating Funds,Artist ,Plaza de Armas ,Plaza de Armas,115 Plaza de Armas,78205,-98.495663,29.424561,1,"Main / Military Plaza 
RIO-7b
Indvidual Landmark
Downtown Design Area",Storage,,4500428468,2600,2600,2019.0,,No,,,Latina / o,,Woman,,,,,
95,2020.HAR.1,,CE - Interior,Yes,1048352,Megan,Harrison,Time is Also Yours,Two Dimensional,Works on Paper,Ink and gesso on paper,"25.5"" x 25.5""",Arts & Culture,"Circle filled in shades of white, black waves. The sentence ""Time is also yours"" printed in center of circle.",Acquired for Status of Women Exhibition,,2020,2020.0,Operating Funds,Artist ,Plaza de Armas,Plaza de Armas,115 Plaza de Armas,78205,-98.495663,29.424561,1,"Main / Military Plaza 
RIO-7b
Indvidual Landmark
Downtown Design Area",Storage,Yes,4500428432,2900,2900,2018.0,,No,,,White,,Woman ,No,No,No,2,
96,2020.GONZA.1,,CE - Interior,Yes,1048393,Omar ,Gonzalez,The Sandoval/Flores Family,Two Dimensional,Works on Paper,Serigraph,24 x 16 in.,Arts & Culture,"Image of man behind Mission, figure raking the ground while boy reaches for him.","Acquired for Alive in Memory and Spirit Exhibition, Paid by WHO",,2020,2020.0,World Heritage,Artist ,Centro de Artes ,Centro de Artes ,101 S Santa Rosa Ave,78207,-98.49853,29.42534,1,"Individual Landmark 
Downtown Design Area",Storage,Yes,Unknown,1000,1000,2017.0,,No,,,Latina / o ,,Man ,,,,,
97,2020.GONZ.1,,CE - Interior,Yes,1048387,Raul Rene,Gonzalez,The Maspero Family and the Keepers of the Espada Acequia,Two Dimensional,Painting,Pen & ink line art digitally printed on Mylar with oil-based marker wash.,24 x 18 in.,Arts & Culture,"Collage of images, image of a group in black frame, eyeglasses, photo of Mission, handwritten letter.","Acquired for Alive in Memory and Spirit Exhibition, Paid by WHO",,2020,2020.0,World Heritage,Artist ,Centro de Artes ,Centro de Artes ,101 S Santa Rosa Ave,78207,-98.49853,29.42534,1,"Individual Landmark 
Downtown Design Area",Storage,,Unknown,1000,1000,2020.0,,No,,,Latina / o ,,Man ,No,,No,2,
98,2020.GNE.1,,CE - Interior,Yes,1048385,Cassie ,Gnehm,Madam Candelaria,Two Dimensional,Painting,Oil on canvas,30 x 18 x .75 in.,Arts & Culture,Painting of various photos of a woman atop images of the Alamo.,"Acquired for Alive in Memory and Spirit Exhibition, Paid by WHO",,2020,2020.0,World Heritage,Artist ,Centro de Artes ,Centro de Artes ,101 S Santa Rosa Ave,78207,-98.49853,29.42534,1,"Individual Landmark 
Downtown Design Area",Storage,,4500431342,1000,1000,2017.0,,No,,,,,Woman,,,,8,
99,2020.GAR.4,,CE - Interior,Yes,1048388,Adriana,Garcia,Adina de Zavala,Two Dimensional,Painting,Acrylic on panel,36 x 24 x 2.5 in.,Arts & Culture,"Painting of Adina de Zavala, letter painted over shoulder, plaque over other shoulder.","Acquired for Alive in Memory and Spirit Exhibition, Paid by WHO",,2020,2020.0,World Heritage,Artist ,Centro de Artes ,Centro de Artes ,101 S Santa Rosa Ave,78207,-98.49853,29.42534,1,"Individual Landmark 
Downtown Design Area",Storage,,4500431385,1000,1000,2017.0,,No,,,Latina / o,,Woman ,No,,No,5,
100,2020.GAR.3,,CE - Interior,Yes,1048397,Adriana,Garcia,Rosie Castro,Two Dimensional,Painting ,Acrylic on wood panel,42 x 48 in. ,Arts & Culture,Painting of Rosie Castro.,Acquired for Status of Women Exhibition,,2020,2020.0,COSA Art,Artist ,Plaza de Armas,Plaza de Armas,115 Plaza de Armas,78205,-98.495663,29.424561,1,"Main / Military Plaza 
RIO-7b
Indvidual Landmark
Downtown Design Area",Storage,,4500426574,2300,2500,2017.0,,No,,,Latina / o,,Woman ,No,,No,5,
101,2020.GAR.2,,CE - Interior,Yes,1048396,Adriana,Garcia,Emma Tenayuca,Two Dimensional,Painting ,Acrylic on wood panel,42 x 48 in. ,Arts & Culture,Painting of Emma Tenayuca.,Acquired for Status of Women Exhibition,,2020,2020.0,COSA Art,Artist ,Plaza de Armas,Plaza de Armas,115 Plaza de Armas,78205,-98.495663,29.424561,1,"Main / Military Plaza 
RIO-7b
Indvidual Landmark
Downtown Design Area",Storage,,4500426574,2300,2500,2017.0,,No,,,Latina / o,,Woman ,No,,No,5,
102,2020.GAR.1,,CE - Interior,Yes,1048395,Adriana,Garcia,"Maria Victoria de la Cruz, Domestic Worker, TOP Activist",Two Dimensional,Painting ,Acrylic on wood panel,42 x 48 in. ,Arts & Culture,Painting of Maria Victoria de la Cruz in green TOP shirt.,Acquired for Status of Women Exhibition,,2020,2020.0,COSA Art,Artist ,Plaza de Armas,Plaza de Armas,115 Plaza de Armas,78205,-98.495663,29.424561,1,"Main / Military Plaza 
RIO-7b
Indvidual Landmark
Downtown Design Area",Storage,,4500426574,2300,2500,2017.0,,No,,,Latina / o,,Woman ,No,,No,5,
103,2020.FOX.1,,CE - Interior,Yes,1048358,Sarah,Fox,For Momma,Two Dimensional,Photograph,Cyanotype,"66"" x 48""",Arts & Culture,"Woman covering eyes, teardrops coming down, snake and eggs around figure. ","Basement
Acquired for Status of Women Exhibition",,2020,2020.0,Operating Funds,Artist ,Plaza de Armas,Plaza de Armas,115 Plaza de Armas,78205,-98.495663,29.424561,1,"Main / Military Plaza 
RIO-7b
Indvidual Landmark
Downtown Design Area",Storage,Yes,4500428660,5000,5000,2019.0,,No,,,White ,,Woman,,,,,
104,2020.FLO.1,,CE - Interior,Yes,1048372,Audrya,Flores,May Your Vessel Be,Two Dimensional,Painting,Acrylic on canvas,"48"" x 48""",Arts & Culture,"Nopal painted in red, marroon background, woman in blue dress with arms over head.","Basement
Acquired for Status of Women Exhibition",,2020,2020.0,Operating Funds,Artist ,Plaza de Armas,Plaza de Armas,115 Plaza de Armas,78205,-98.495663,29.424561,1,"Main / Military Plaza 
RIO-7b
Indvidual Landmark
Downtown Design Area",Storage,Yes,4500428529,1750,1750,2020.0,,No,,,Latina / o,,Woman ,,,,,
105,2020.ESP.1,,CE - Interior,Yes,1048371,Jenelle ,Esparza,"Shelter, My Avalanche",Two Dimensional,Textile,Fabric,5 x 6 ft,Arts & Culture,"30 pieces, abstract black drawings on white cloth. ",Basement ,,2020,2020.0,Operating Funds,Artist,Plaza de Armas,Plaza de Armas,115 Plaza de Armas,78205,-98.495663,29.424561,1,"Main / Military Plaza 
RIO-7b
Indvidual Landmark
Downtown Design Area",Storage,Yes,,1250,2120,2017.0,,No,,,Latina / o,,Woman ,No,,No,7,
106,2020.DAT.2,,CE - Interior,Yes,1048377,Jennifer Ling ,Datchuk,Forgotten But Not Gone,Two Dimensional,Mixed Media,"Porcelain, human hair, plexi glass",12.5 x 8.5 x 3 in.,Arts & Culture,"Oval porcelain disc in white. Flowers adorn the edges, also in white.",,,2020,2020.0,COSA Art,Artist ,Plaza de Armas,Plaza de Armas,115 Plaza de Armas,78205,-98.495663,29.424561,1,"Main / Military Plaza 
RIO-7b
Indvidual Landmark
Downtown Design Area",Storage,Yes,4500428467,1500,3000,2019.0,,No,,,Asian / Asian American,,Woman ,,,,,
107,2020.DAT.1,,CE - Interior,Yes,1048376,Jennifer Ling ,Datchuk,Gone But Not Forgotten,Two Dimensional,Mixed Media,"Porcelain, human hair, plexi glass",12.5 x 8.5 x 3 in.,Arts & Culture,"Two porcelain discs, affixed with a braid of human hair on each. Above is another porcelain disc, attached to is is long curly hair. ",,,2020,2020.0,COSA Art,Artist ,Plaza de Armas,Plaza de Armas,115 Plaza de Armas,78205,-98.495663,29.424561,1,"Main / Military Plaza 
RIO-7b
Indvidual Landmark
Downtown Design Area",Storage,,4500428467,1500,3000,2019.0,,No,,,,,Woman,,,,,
108,2020.COR.1.6,,Public Art - Exterior,Yes,,"Carlos 
Doroteo","Cortes 
Garza ",Najo Jam ,Three Dimensional ,Sculpture ,Concrete ,"48"" x 36""",Center City Development & Operations,Reinforced concrete sculpture made to look like a peyote bud planter ,On view at River Walk Public Art Garden. 3rd location of Market Street Lawn.,,2020,2020.0,2017 Bond Program,,River Walk Public Art Garden ,River Walk Public Art Garden ,E. Market St. ,78205,-98.486676,29.42289,1,"RIO-3 
Downtown Design Area",Outdoor - Display,Yes,,25000,23126.1,2020.0,2017 Bond Streets: River Walk Public Art Garden Northside Connection,Yes ,Terra Design Group ,,"Latina / o
Latina / o",,"Man
Man ","No
No",No,"No
No","1
3",
109,2020.COR.1.1-5,2020.COR.1.1,Public Art - Exterior,Yes,,"Carlos 
Doroteo","Cortes 
Garza ",Najo Jam ,Three Dimensional ,Sculpture ,"Concrete, steel","1. 95"" H x 42"" D x 50"" W
2. 50"" H x 50"" D x 60"" W
3. 50"" H x 72"" D x 72""W
4. 50"" H x 50"" D x 60"" W
5. 36"" H x 36"" W
",Parks & Recreation,"5 individual pieces
1. Stone Monument 
2. Stone bench (1 of 2)
3. Stone and wood bench
4. Stone bench (2 of 2)
5. Large planter
",On view at park ,,2020,2020.0,2017 Bond Program,,Parks ,Comanche Lookout Park ,15551 Nacogdoches Rd,78247,-98.368628,29.583843,10,No,Outdoor - Display,Yes,,267595,215753.9,2020.0,2017 Bond Parks: Comanche Lookout Park ,Yes ,,,"Latina / o
Latina / o",,"Man
Man ","No
No",No,"No
No","1
3",
110,2020.CHE.1,,CE - Interior,Yes,1048350,Kallie,Cheves,Between Broken Bonds,Two Dimensional,Mixed Media,"Archival pigment print on paper, mounted on broken door, 6.5' a 5.5' x 3""",6.5 ft. x 5.5 ft ,Arts & Culture,"Print of snow, three figures standing in snow, rolled brown paper in place of head. Boots at bottom left..","Basement
Acquired for Status of Women Exhibition",,2020,2020.0,Operating Funds,Artist ,Plaza de Armas,Plaza de Armas,115 Plaza de Armas,78205,-98.495663,29.424561,1,"Main / Military Plaza 
RIO-7b
Indvidual Landmark
Downtown Design Area",Storage,Yes,4500,4500428520,4500,2016.0,,No,,,White ,,Woman ,No,,No,Bexar County,
111,2020.CAD.1.1-2,2020.CAD.1,CE - Interior,Yes,1048354,Katherine,Cadena,Down on Leigh,Two Dimensional,Painting,oil on canvas,52 x 34 in. ,Arts & Culture,"1 artwork made of 2 canvases, paintings of pink house and grey two story house. Cactus and foliage in both paintings, patio seating in one painting.","Basement
Acquired for Status of Women Exhibition",,2020,2020.0,Operating Funds,Artist ,Plaza de Armas,Plaza de Armas,115 Plaza de Armas,78205,-98.495663,29.424561,1,"Main / Military Plaza 
RIO-7b
Indvidual Landmark
Downtown Design Area",Storage,Yes,4500428466,2500,2500,2020.0,,No,,,Latina / o,,Woman ,,,,,
112,2020.BRA.2,,Public Art - Exterior,Yes,,Cade,Bradshaw,Lightbox,Three Dimensional ,Shade Structure,Corten Steel,Various ,Parks & Recreation,Wildlife viewing blind with layered topo map / hidden animal design  ,Hardberger Park East; on D8 Side of Park,,2020,2020.0,2017 Bond Program,,Parks ,Robert L.B. Tobin Land Bridge at Phil Hardberger Park,"8400 NW Military Hwy. San Antonio, TX ",78230,-98.524584,29.559815,8,No,Outdoor - Display,Yes,,,150000,2020.0,2017 Bond Parks: Hardberer Park Wildlife Viewing Blinds ,Yes ,,"STIMSON Studio
Kuest Corp.",Prefer not to answer,,Prefer not to answer ,Prefer not to answer,Prefer not to answer,Prefer not to answer,2,
113,2020.BRA.1.1-3,,Public Art - Exterior,Yes,,"Cade 
Ashley","Bradshaw 
Mireles",Green Spaces at Market Street,Three Dimensional ,Bridge,Painted Steel,Various ,Center City Development & Operations,3 individual pieces of railing installed on existing retaining wall. ,Throughout Market Steet Lawn. (Street Level),,2020,2020.0,2017 Bond Program,,River Walk Public Art Garden ,River Walk Public Art Garden ,East Market Street ,78205,-98.48688,29.422959,1,"RIO-3 
Downtown Design Area",Outdoor - Display,Yes,,,50000,2020.0,2017 Bond Streets: River Walk Public Art Garden Hardberger Park Wildlife Viewing Blinds,Yes ,Terra Design Group ,"STIMSON Studio
Kuest Corp.","Prefer not to answer 
Latina / o",,"Prefer not to answer 
Woman","Prefer not to answer 
Yes ","No
No","No
No","5
1",
114,2020.BLA.1,,CE - Interior,Yes,1048383,David ,Blancas,Fernando Ramos,Two Dimensional,Painting,Acylic on Canvas,71.5 x 46.5 x 2 in. ,Arts & Culture,"Tiled painting of man playing guitar, woman in blue dress. Male figure on right and couple dancing on left of tiled painting.","Basement 
Acquired for Alive in Memory and Spirit Exhibition, Paid by WHO",,2020,2020.0,World Heritage,Artist ,Centro de Artes ,Centro de Artes ,101 S Santa Rosa Ave,78207,-98.49853,29.42534,1,"Individual Landmark 
Downtown Design Area",Storage,,4500431337,1000,1000,2020.0,,No,,,Latina / o,,Man ,,,,,
115,2020.ARR.1,,CE - Interior,Yes,1048390,Richard ,Arredondo,The Native People,Two Dimensional,Works on Paper,Pen & ink line art digitally printed on Mylar with oil-based marker wash.,36 x 24 x .75 in.,Arts & Culture,"Mission central to the portrait, people working on land, cattle pulling wagon.","Basement
Acquired for Alive in Memory and Spirit Exhibition, Paid by WHO",,2020,2020.0,World Heritage,Artist ,Centro de Artes ,Centro de Artes ,101 S Santa Rosa Ave,78207,-98.49853,29.42534,1,"Individual Landmark 
Downtown Design Area",Storage,,4500431344,1000,1000,2020.0,,No,,,Latina / o,,Man ,,,,,
116,2020.AND.1,,CE - Interior,Yes,1048391,Fernando ,Andrade,Don Pedro Huizar,Two Dimensional,Drawing,Graphite on Paper,22.75 x 22.5 in.,Arts & Culture,"Multiple hands chiseling at frame, ship in window of frame.","Basement 
Acquired for Alive in Memory and Spirit Exhibition, Paid by WHO",,2020,2020.0,World Heritage,Artist ,Centro de Artes ,Centro de Artes ,101 S Santa Rosa Ave,78207,-98.49853,29.42534,1,"Individual Landmark 
Downtown Design Area",Storage,,4500431333,1000,1000,2020.0,,No,,,Latina / o,,Man ,No,No,No,10,
117,2019.ZAV.1.1-2,2019.ZAV.1.1,CE - Interior,Yes,"1048204
1048203",Juan,Zavala Castro,Portrait of Eric Alva; Transcending of Experience Through the Importance of Life ,Two Dimensional,Works on Paper,Graphite on paper, 31 x 43.25 in.,Arts & Culture,"Flag and seal- Portraits (2) of man in front of US flag, other of man in front of US Marine seal. Both in black and white. ","Diptych
Acquired for City of Service Exhibition",,2019,2019.0,Centro de Artes Cost Center,Artist ,Centro de Artes ,Centro de Artes ,101 S Santa Rosa Ave,78207,-98.49853,29.42534,1,"Individual Landmark 
Downtown Design Area",Storage,Yes,,,4000,2019.0,,No,,,Latina / o,,Man ,,,,,
118,2019.ZAB.9,,CE - Interior,Yes,1048326,Guillermina,Zabala, Flores Negras I,Two Dimensional,Mixed Media ,Archival digital print on fine art paper with relief print,20 X 16 in.,Arts & Culture,"Photo of feet, flowers coming from feet at ankles. ","3rd Floor, Lounge ",,2019,2019.0,COSA Art,Artist ,City Hall,City Hall,100 Military Plaza,78205,-98.49513,29.42463,1,"
Main/Military Plaza
Individual Landmark
RIO-7B
Downtown Design Area",Indoor - Restricted,Yes,4500426401,550,550,2019.0,,No,,,Latina / o,,Woman ,No,,No,7,
119,2019.ZAB.8,,CE - Interior,Yes,1048213,Guillermina,Zabala,Colonel Michael Dean Wirt,Two Dimensional,Photograph,Digital prints on photo rag,27.5 x 18.75 in.,Arts & Culture,Photo of Colonel Michael Dean Wirt working at desk. Dressed in camoflauge uniform. ,Acquired for City of Service Exhibition,,2019,2019.0,Centro de Artes Cost Center,Artist ,Centro de Artes ,Centro de Artes ,101 S Santa Rosa Ave,78207,-98.49853,29.42534,1,"Individual Landmark 
Downtown Design Area",Storage,Yes,4500423027,375,875,2019.0,,No,,,Latina / o,,Woman ,No,,No,7,
120,2019.ZAB.7,,CE - Interior,Yes,1048220,Guillermina,Zabala,Airman First Class Kyra Santiago,Two Dimensional,Photograph,Digital prints on photo rag,27.5 x 18.75 in.,Arts & Culture,Photo of Airman First Class Kyra Santiago standing in hospital room. ,Acquired for City of Service Exhibition,,2019,2019.0,Centro de Artes Cost Center,Artist ,Centro de Artes ,Centro de Artes ,101 S Santa Rosa Ave,78207,-98.49853,29.42534,1,"Individual Landmark 
Downtown Design Area",Storage,Yes,4500423027,375,875,2019.0,,No,,,Latina / o,,Woman ,No,,No,7,
121,2019.ZAB.6,,CE - Interior,Yes,1048219,Guillermina,Zabala,Colonel Ronnie Castillo Cruz,Two Dimensional,Photograph,Digital prints on photo rag,27.5 x 18.75 in.,Arts & Culture,Photo of Colonel Ronnie Castillo Cruz posed standing in hospital facility. ,Acquired for City of Service Exhibition,,2019,2019.0,Centro de Artes Cost Center,Artist ,Centro de Artes ,Centro de Artes ,101 S Santa Rosa Ave,78207,-98.49853,29.42534,1,"Individual Landmark 
Downtown Design Area",Storage,Yes,4500423027,375,875,2019.0,,No,,,Latina / o,,Woman ,No,,No,7,
122,2019.ZAB.5,,CE - Interior,Yes,1048218,Guillermina,Zabala,Senior Airman Jessica Beatrice Rauda Estrada,Two Dimensional,Photograph,Digital prints on photo rag,27.5 x 18.75 in.,Arts & Culture,"Photo of Senior Airman Jessica Beatrice Rauda Estrada in camoflauge uniform, holding clipboard. Signs ""Station 1, Station 2 and Station 3"" visible on walls. ",Acquired for City of Service Exhibition,,2019,2019.0,Centro de Artes Cost Center,Artist ,Centro de Artes ,Centro de Artes ,101 S Santa Rosa Ave,78207,-98.49853,29.42534,1,"Individual Landmark 
Downtown Design Area",Storage,Yes,4500423027,375,875,2019.0,,No,,,Latina / o,,Woman ,No,,No,7,
123,2019.ZAB.4,,CE - Interior,Yes,1048217,Guillermina,Zabala,Senior Airman Alicia Gilean,Two Dimensional,Photograph,Digital prints on photo rag,27.5 x 18.75 in.,Arts & Culture,"Photo of Senior Airman Alicia Gilean in camoflauge uniform, blue lab coat over. Subject is working with medical tubes placed in stand. ",Acquired for City of Service Exhibition,,2019,2019.0,Centro de Artes Cost Center,Artist ,Centro de Artes ,Centro de Artes ,101 S Santa Rosa Ave,78207,-98.49853,29.42534,1,"Individual Landmark 
Downtown Design Area",Storage,Yes,4500423027,375,875,2019.0,,No,,,Latina / o,,Woman ,No,,No,7,
124,2019.ZAB.3,,CE - Interior,Yes,1048216,Guillermina,Zabala,Colonel Jodelle M. Schroeder,Two Dimensional,Photograph,Digital prints on photo rag,27.5 x 18.75 in.,Arts & Culture,Photo of Colonel Jodelle M. Schroeder working in hospital room. ,Acquired for City of Service Exhibition,,2019,2019.0,Centro de Artes Cost Center,Artist ,Centro de Artes ,Centro de Artes ,101 S Santa Rosa Ave,78207,-98.49853,29.42534,1,"Individual Landmark 
Downtown Design Area",Storage,Yes,4500423027,375,875,2019.0,,No,,,Latina / o,,Woman ,No,,No,7,
125,2019.ZAB.2,,CE - Interior,Yes,1048215,Guillermina,Zabala,Captain Brian Gifford,Two Dimensional,Photograph,Digital prints on photo rag,27.5 x 18.75 in.,Arts & Culture,Photo of Captain Brian Gifford in scrubs working at computer in hospital.,Acquired for City of Service Exhibition,,2019,2019.0,Centro de Artes Cost Center,Artist ,Centro de Artes ,Centro de Artes ,101 S Santa Rosa Ave,78207,-98.49853,29.42534,1,"Individual Landmark 
Downtown Design Area",Storage,Yes,4500423027,375,875,2019.0,,No,,,Latina / o,,Woman ,No,,No,7,
126,2019.ZAB.12,,CE - Interior,Yes,1048329,Guillermina,Zabala, Flores Negras IV,Two Dimensional,Mixed Media ,Archival digital print on fine art paper with relief print,57 in (h) x 45 in (w),Arts & Culture,"Photo of body seated, arms and hands corled over knees. Head replaced by flowers. ",,,2019,2019.0,COSA Art,Artist ,Centro de Artes ,Centro de Artes ,101 S Santa Rosa Ave,78207,-98.49853,29.42534,1,"Individual Landmark 
Downtown Design Area",Storage,Yes,4500426401,2350,2350,2019.0,,No,,,Latina / o,,Woman ,No,,No,7,
127,2019.ZAB.11,,CE - Interior,Yes,1048328,Guillermina,Zabala, Flores Negras III,Two Dimensional,Mixed Media ,Archival digital print on fine art paper with relief print,24 x 10 in. ,Arts & Culture,"Photo of two sets of knees, arms and hands curled over knees. Flowers at bottom of each set of legs. ","3rd Floor, Lounge ",,2019,2019.0,COSA Art,Artist ,City Hall,City Hall,100 Military Plaza,78205,-98.49513,29.42463,1,"
Main/Military Plaza
Individual Landmark
RIO-7B
Downtown Design Area",Indoor - Restricted,Yes,4500426401,750,750,2019.0,,No,,,Latina / o,,Woman ,No,,No,7,
128,2019.ZAB.10,,CE - Interior,Yes,1048327,Guillermina,Zabala, Flores Negras II,Two Dimensional,Mixed Media ,Archival digital print on fine art paper with relief print,19.5 x 19.5 in.,Arts & Culture,"Photo of legs and hands curled over knees, flower coming from between knees. ","3rd Floor, Lounge ",,2019,2019.0,COSA Art,Artist ,City Hall,City Hall,100 Military Plaza,78205,-98.49513,29.42463,1,"
Main/Military Plaza
Individual Landmark
RIO-7B
Downtown Design Area",Indoor - Restricted,Yes,4500423027,375,450,2019.0,,No,,,Latina / o,,Woman ,No,,No,7,
129,2019.ZAB.1,,CE - Interior,Yes,1048214,Guillermina,Zabala,Staff Sergeant Angela D. Russell,Two Dimensional,Photograph,Digital prints on photo rag,27.5 x 18.75 in.,Arts & Culture,"Photo of Staff Sergeant Angela D. Russell standing in front of windows, fingers crossed at waist. ",Acquired for City of Service Exhibition,,2019,2019.0,Centro de Artes Cost Center,Artist ,Centro de Artes ,Centro de Artes ,101 S Santa Rosa Ave,78207,-98.49853,29.42534,1,"Individual Landmark 
Downtown Design Area",Storage ,Yes,4500423027,375,875,2019.0,,No,,,Latina / o,,Woman ,No,,No,7,
130,2019.VIL.8.3,,CE - Interior,Yes,1048229,Jose,Villalobos,Bota #3,Two Dimensional,Mixed media,"Glycerin, cowboy boot sole and heel, barbed wire, western shirt remnants, lavender oil, rose oil",10 x 9 x 4 in.,Arts & Culture,"Cowboy boot sole and heel in brown, barbed wire integrated into trunk of boot. ",,,2019,2019.0,Centro de Artes Cost Center,Artist ,Centro de Artes ,Centro de Artes ,101 S Santa Rosa Ave,78207,-98.49853,29.42534,1,"Individual Landmark 
Downtown Design Area",Storage,Yes,4500424314,850,850,2017.0,,No,,,Latina / o,,Man ,,,,,
131,2019.VIL.8.2,,CE - Interior,Yes,1048228,Jose,Villalobos,Bota #2,Two Dimensional,Mixed media,"Glycerin, cowboy boot sole and heel, barbed wire, western shirt remnants, lavender oil, rose oil",10 x 9 x 4 in.,Arts & Culture,"Cowboy boot sole and heel, barbed wire integrated into trunk of boot. ",,,2019,2019.0,Centro de Artes Cost Center,Artist ,Centro de Artes ,Centro de Artes ,101 S Santa Rosa Ave,78207,-98.49853,29.42534,1,"Individual Landmark 
Downtown Design Area",Storage,Yes,4500424314,850,850,2020.0,,No,,,Latina / o,,Man ,,,,,
132,2019.VIL.8.1,,CE - Interior,Yes,1048227,Jose,Villalobos,Bota #1,Two Dimensional,Mixed media,"Glycerin, cowboy boot sole and heel, barbed wire, western shirt remnants, lavender oil, rose oil",10 x 9 x 4 in.,Arts & Culture,Cowboy boot trunk in black sole in a white almost transparent material ,,,2019,2019.0,Centro de Artes Cost Center,Artist ,Centro de Artes ,Centro de Artes ,101 S Santa Rosa Ave,78207,-98.49853,29.42534,1,"Individual Landmark 
Downtown Design Area",Storage,Yes,4500424314,850,850,2019.0,,No,,,Latina / o,,Man ,,,,,
133,2019.VIL.7,,CE - Interior,Yes,1048184,Jose,Villalobos,Vaquero Wrangler,Two Dimensional,Mixed media,"Handmade paper with cactus fibers, English/Spanish dictionary embossed from western shirt",16 x 17.5 in.,Arts & Culture,"Paper in natural tan color, impressions of pockets and snap buttons of a shirt. ","Plaza de Armas, Basement",,2019,2019.0,Centro de Artes Cost Center,Artist ,Plaza de Armas,Plaza de Armas,115 Plaza de Armas,78205,-98.495663,29.424561,1,"Main / Military Plaza 
RIO-7b
Indvidual Landmark
Downtown Design Area",Indoor - Restricted,Yes,4500424314,750,750,2019.0,,No,,,Latina / o,,Man ,,,,,
134,2019.VIL.6,,CE - Interior,Yes,1048183,Jose,Villalobos,Fues Criado como los dema,Two Dimensional,Mixed media,"Handmade paper with cactus fibers, iron on image transfer, graphite lyrics from Willie Colon song",18 x 8 in.,Arts & Culture,Paper in white color with specs of dark color throughout. Words Fue Criado Como Los Demas handwritten on paper. ,"3rd Floor, Lounge ",,2019,2019.0,Centro de Artes Cost Center,Artist ,City Hall,City Hall,100 Military Plaza,78205,-98.49513,29.42463,1,"
Main/Military Plaza
Individual Landmark
RIO-7B
Downtown Design Area",Indoor - Restricted,Yes,4500424314,650,650,2019.0,,No,,,Latina / o,,Man ,,,,,
135,2019.VIL.5,,CE - Interior,Yes,1048182,Jose,Villalobos,Palo que nace doblado,Two Dimensional,Mixed media,"Handmade paper with cactus fibers, iron on image transfer, graphite lyrics from Willie Colon song",18 x 8 in.,Arts & Culture,"Paper in white color with specs of dark color throughout, red image at center the words Palo que nace doblado handwritten on paper. ","3rd Floor, Lounge ",,2019,2019.0,Centro de Artes Cost Center,Artist ,City Hall,City Hall,100 Military Plaza,78205,-98.49513,29.42463,1,"
Main/Military Plaza
Individual Landmark
RIO-7B
Downtown Design Area",Indoor - Restricted,Yes,4500424314,650,650,2019.0,,No,,,Latina / o,,Man ,,,,,
136,2019.VIL.4,,CE - Interior,Yes,1048188,Jose,Villalobos,Oyelo bien,Two Dimensional,Mixed media,"Handmade paper with cactus fibers, iron on image transfer, graphite lyrics from Willie Colon song",18 x 8 in.,Arts & Culture,"Paper in white color with specs of dark color throughout, photograph affixed to top part of paper. The words Oyelo bien, tendras que ser en buen varon,  handwritten on paper. ","3rd Floor, Lounge ",,2019,2019.0,Centro de Artes Cost Center,Artist ,City Hall,City Hall,100 Military Plaza,78205,-98.49513,29.42463,1,"
Main/Military Plaza
Individual Landmark
RIO-7B
Downtown Design Area",Indoor - Restricted,Yes,4500424314,650,650,2019.0,,No,,,Latina / o,,Man ,,,,,
137,2019.VIL.3,,CE - Interior,Yes,1048185,Jose,Villalobos,No puede corregir,Two Dimensional,Mixed media,"Handmade paper with cactus fibers, iron on image transfer, graphite lyrics from Willie Colon song",18 x 8 in.,Arts & Culture,"Paper in white color with specs of dark color throughout, red image at center the words Palo que nace doblado handwritten on paper. ","3rd Floor, Lounge ",,2019,2019.0,Centro de Artes Cost Center,Artist ,City Hall,City Hall,100 Military Plaza,78205,-98.49513,29.42463,1,"
Main/Military Plaza
Individual Landmark
RIO-7B
Downtown Design Area",Indoor - Restricted,Yes,4500424314,650,650,2019.0,,No,,,Latina / o,,Man ,,,,,
138,2019.VIL.2,,CE - Interior,Yes,1048186,Jose,Villalobos,Lo misma vaina que tu papa,Two Dimensional,Mixed media,"Handmade paper with cactus fibers, iron on image transfer, graphite lyrics from Willie Colon song",18 x 8 in.,Arts & Culture,"Paper in white color with specs of dark color throughout. Photo of musicians on left center of paper, words La misma veina que to papa handwritten on paper. ","3rd Floor, Lounge ",,2019,2019.0,Centro de Artes Cost Center,Artist ,City Hall,City Hall,100 Military Plaza,78205,-98.49513,29.42463,1,"
Main/Military Plaza
Individual Landmark
RIO-7B
Downtown Design Area",Indoor - Restricted,Yes,4500424314,650,650,2019.0,,No,,,Latina / o,,Man ,,,,,
139,2019.VIL.1,,CE - Interior,Yes,1048187,Jose,Villalobos,Cambio la forma de caminar,Two Dimensional,Mixed media,"Handmade paper with cactus fibers, iron on image transfer, graphite lyrics from Willie Colon song",18 x 8 in.,Arts & Culture,"Paper in white color with specs of dark color throughout. Photo of male figure in cowboy hat on bottom right of paper, words Cambio la forma de caminar handwritten on paper. ","3rd Floor, Lounge ",,2019,2019.0,Centro de Artes Cost Center,Artist ,City Hall,City Hall,100 Military Plaza,78205,-98.49513,29.42463,1,"
Main/Military Plaza
Individual Landmark
RIO-7B
Downtown Design Area",Indoor - Restricted,Yes,4500424314,650,650,2019.0,,No,,,Latina / o,,Man ,,,,,
140,2019.VAN.6,,CE - Interior,Yes,1048195,Cody,Vance,Walker,Two Dimensional,Works on Paper,Graphite on paper,18 x 24 in.,Arts & Culture,Black and white image of male figure standing utilizing a walker while female figure stands in front of him. ,"10th floor meeting room 
Acquired for City of Service Exhibition",,2019,2019.0,Centro de Artes Cost Center,Artist ,City Tower,City Tower ,100 W. Houston St.,78205,-98.4941023594437,29.4263501350618,1,"Main / Military Plaza
Downtown Design Area
RIO-3",Indoor - Restricted,Yes,4500423367,500,1000,2019.0,,No,,,White ,,Man ,,,,,
141,2019.VAN.5,,CE - Interior,Yes,1048193,Cody,Vance,Prosthetics Painting,Two Dimensional,Works on Paper,Graphite on paper,18 x 24 in.,Arts & Culture,"Image of legs in shorts, one a prosthetic. Male figure kneeling holding an artificial leg against the legs.","10th floor meeting room 
Acquired for City of Service Exhibition",,2019,2019.0,Centro de Artes Cost Center,Artist ,City Tower,City Tower ,100 W. Houston St.,78205,-98.4941023594437,29.4263501350618,1,"Main / Military Plaza
Downtown Design Area
RIO-3",Indoor - Restricted,Yes,4500423367,500,1000,2019.0,,No,,,White ,,Man ,,,,,
142,2019.VAN.4,,CE - Interior,Yes,1048191,Cody,Vance,Toe Tapper,Two Dimensional,Works on Paper,Watercolor on paper,18 x 24 in.,Arts & Culture,"Male figure in blue shorts and white shirt on ground, stretching legs outward. Prosthetic on right leg. ","10th floor meeting room 
Acquired for City of Service Exhibition",,2019,2019.0,Centro de Artes Cost Center,Artist ,City Tower,City Tower ,100 W. Houston St.,78205,-98.4941023594437,29.4263501350618,1,"Main / Military Plaza
Downtown Design Area
RIO-3",Indoor - Restricted,Yes,4500423367,500,1000,2019.0,,No,,,White ,,Man ,,,,,
143,2019.VAN.3,,CE - Interior,Yes,1048192,Cody,Vance,PAWS,Two Dimensional,Works on Paper,Graphite on paper,18 x 24 in.,Arts & Culture,"Black and white image of man in wheel chair, amputated legs holding sign that says SIT. Black dog seated beside. Other male in wheel chair petting dog. Large face of a dog in the right corner. ","10th floor meeting room 
Acquired for City of Service Exhibition",,2019,2019.0,Centro de Artes Cost Center,Artist ,City Tower,City Tower ,100 W. Houston St.,78205,-98.4941023594437,29.4263501350618,1,"Main / Military Plaza
Downtown Design Area
RIO-3",Indoor - Restricted,Yes,4500423367,500,1000,2019.0,,No,,,White ,,Man ,,,,,
144,2019.VAN.2,,CE - Interior,Yes,1048190,Cody,Vance,First Fitting,Two Dimensional,Works on Paper,Graphite on paper,18 x 24 in.,Arts & Culture,"Figure standing with a prosthetic leg, holding onto rail. Other male kneeling in front monitoring the figure standing. ","10th floor meeting room 
Acquired for City of Service Exhibition",,2019,2019.0,Centro de Artes Cost Center,Artist ,City Tower,City Tower ,100 W. Houston St.,78205,-98.4941023594437,29.4263501350618,1,"Main / Military Plaza
Downtown Design Area
RIO-3",Indoor - Restricted,Yes,4500423367,500,1000,2019.0,,No,,,White ,,Man ,,,,,
145,2019.VAN.1,,CE - Interior,Yes,1048194,Cody,Vance,CARREN,Two Dimensional,Works on Paper,Watercolor on paper,18 x 24 in.,Arts & Culture,"Image of a dome, one person sitting at a desk chair in yellow shirt, other standing behind both viewing ahead at computer screen. Other figures walking outside, viewed from a window.","10th floor meeting room 
Acquired for City of Service Exhibition",,2019,2019.0,Centro de Artes Cost Center,Artist ,City Tower,City Tower ,100 W. Houston St.,78205,-98.4941023594437,29.4263501350618,1,"Main / Military Plaza
Downtown Design Area
RIO-3",Indoor - Restricted,Yes,4500423367,500,1000,2019.0,,No,,,White ,,Man ,,,,,
146,2019.TRE.5,,CE - Interior,Yes,1048259,Jesus,Trevino, Chance,Two Dimensional,Painting,Oil on canvas,20 x 16 in.,Arts & Culture,"Male figure wearing black overalls, and hat. Index and middle finger of both hands pointing at temple of head. "," 2nd Floor, Director's Office",,2019,2019.0,Centro de Artes Cost Center,Artist ,Plaza de Armas,Plaza de Armas,115 Plaza de Armas,78205,-98.495663,29.424561,1,"Main / Military Plaza 
RIO-7b
Indvidual Landmark
Downtown Design Area",Indoor - Restricted,Yes,4500425857,400,400,2019.0,,No,,,Latina / o,,Man,,,,,
147,2019.TRE.4,,CE - Interior,Yes,1048258,Jesus,Trevino, Hold Me,Two Dimensional,Painting,Oil on canvas,20 x 16 in.,Arts & Culture,"Male figure in red shirt, hands touching face, blue background. "," 2nd Floor, Director's Office",,2019,2019.0,Centro de Artes Cost Center,Artist ,Plaza de Armas,Plaza de Armas,115 Plaza de Armas,78205,-98.495663,29.424561,1,"Main / Military Plaza 
RIO-7b
Indvidual Landmark
Downtown Design Area",Indoor - Restricted,Yes,4500425857,400,400,2019.0,,No,,,Latina / o,,Man,,,,,
148,2019.TRE.3,,CE - Interior,Yes,1048257,Jesus,Trevino, Shadows We See,Two Dimensional,Painting,Oil on linen,14 x 11 in.,Arts & Culture,"Female figure wearing black blouse and white coat, blue background. "," 2nd Floor, Director's Office",,2019,2019.0,Centro de Artes Cost Center,Artist ,Plaza de Armas,Plaza de Armas,115 Plaza de Armas,78205,-98.495663,29.424561,1,"Main / Military Plaza 
RIO-7b
Indvidual Landmark
Downtown Design Area",Indoor - Restricted,Yes,4500425857,300,300,2017.0,,No,,,Latina / o,,Man,,,,,
149,2019.TRE.2,,CE - Interior,Yes,1048256,Jesus,Trevino, Shadows in Me,Two Dimensional,Painting,Oil on linen,14 x 11 in.,Arts & Culture,Male figure wearing glasses and grey shirt looking upward. Yellow background. ," 2nd Floor, Director's Office",,2019,2019.0,Centro de Artes Cost Center,Artist ,Plaza de Armas,Plaza de Armas,115 Plaza de Armas,78205,-98.495663,29.424561,1,"Main / Military Plaza 
RIO-7b
Indvidual Landmark
Downtown Design Area",Indoor - Restricted,Yes,4500425857,300,300,2019.0,,No,,,Latina / o,,Man,,,,,
150,2019.TRE.1,,CE - Interior,Yes,1048255,Jesus,Trevino, Peeking Through,Two Dimensional,Painting,Painting,10 x 20 in.,Arts & Culture,"Two male figures, side by side, left wearing mask, right looking toward other figure. Blue sky in background."," 2nd Floor, Director's Office",,2019,2019.0,Centro de Artes Cost Center,Artist ,Plaza de Armas,Plaza de Armas,115 Plaza de Armas,78205,-98.495663,29.424561,1,"Main / Military Plaza 
RIO-7b
Indvidual Landmark
Downtown Design Area",Indoor - Restricted,Yes,4500425857,400,400,2019.0,,No,,,Latina / o,,Man,,,,,
151,2019.TOR.1,,CE - Interior,Yes,1048206,Anabel,Toribio-Martinez,Olga,Two Dimensional,Painting,Oil on Panel,40 x 30 in.,Arts & Culture,"Portrait of woman in tan colored blouse, brown pants and red background. ",Plaza de Armas/Culture Commons,,2019,2019.0,Centro de Artes Cost Center,Artist ,Plaza de Armas,Plaza de Armas,115 Plaza de Armas,78205,-98.495663,29.424561,1,"Main / Military Plaza 
RIO-7b
Indvidual Landmark
Downtown Design Area",Indoor - Restricted,Yes,4500422482,1500,2000,2019.0,,No,,,Latina / o,,Woman ,,,,,
152,2019.STR.3,,CE - Interior,Yes,1048246,Hiromi,Stringer, The Three Mountains/Lovers,Two Dimensional,Drawing,Graphite on Mi-Tientes paper,19.5 x 24.5 in.,Arts & Culture,Solid redbackground and three pyramids across top. ,10th floor meeting room ,,2019,2019.0,Centro de Artes Cost Center,Cinnabar Gallery,City Tower,City Tower ,100 W. Houston St.,78205,-98.4941023594437,29.4263501350618,1,"Main / Military Plaza
Downtown Design Area
RIO-3",Indoor - Restricted,Yes,4500423701,1600,2050,2019.0,,No,,,Asian / Asian American,,Woman ,No,No,No,7,
153,2019.STR.2,,CE - Interior,Yes,1048245,Hiromi,Stringer, The Two Blocks/Choices,Two Dimensional,Drawing,Graphite on Mi-Tientes paper,19.5 x 24.5 in.,Arts & Culture,"Two cubes side by side, space between.",10th floor meeting room ,,2019,2019.0,Centro de Artes Cost Center,Cinnabar Gallery,City Tower,City Tower ,100 W. Houston St.,78205,-98.4941023594437,29.4263501350618,1,"Main / Military Plaza
Downtown Design Area
RIO-3",Indoor - Restricted,Yes,4500423701,1600,2050,2019.0,,No,,,Asian / Asian American,,Woman ,No,No,No,7,
154,2019.STR.1,,CE - Interior,Yes,1048244,Hiromi,Stringer, The Four Pillars/Progenitors,Two Dimensional,Drawing,Graphite on Mi-Tientes paper,19.5 x 24.5 in.,Arts & Culture,"Four blue pillars at top of image, polka dot pattern below.",10th floor meeting room ,,2019,2019.0,Centro de Artes Cost Center,Cinnabar Gallery,City Tower,City Tower ,100 W. Houston St.,78205,-98.4941023594437,29.4263501350618,1,"Main / Military Plaza
Downtown Design Area
RIO-3",Indoor - Restricted,Yes,4500423701,1600,2050,2019.0,,No,,,Asian / Asian American,,Woman ,No,No,No,7,
155,2019.SER.5,,CE - Interior,Yes,1048254,Alan,Serna, Como en Casa,Both ,Installation ,Installation of 14 individual transfer photographs and 1 painted sculpture,Variable ,Arts & Culture,14 framed images people surrounding a sculpture of a horse in the center. ,CAO Office,,2019,2019.0,Centro de Artes Cost Center,Artist ,City Hall,City Hall,100 Military Plaza,78205,-98.49513,29.42463,1,"
Main/Military Plaza
Individual Landmark
RIO-7B
Downtown Design Area",Indoor - Restricted,Yes,4500425946,700,700,2019.0,,No,,,Latina / o,,Man ,,,,,
156,2019.SER.4,,CE - Interior,Yes,1048253,Alan,Serna, A La Vuela de La Esquina,Two Dimensional,Print,Screen print (unframed),20 x 18 in.,Arts & Culture,Print of a plastic grocery bag in bright multi colored stripes. ,Plaza de Armas - 2nd Floor Arts Director Office,,2019,2019.0,Centro de Artes Cost Center,Artist ,Plaza de Armas,Plaza de Armas,115 Plaza de Armas,78205,-98.495663,29.424561,1,"Main / Military Plaza 
RIO-7b
Indvidual Landmark
Downtown Design Area",Indoor - Restricted,Yes,4500425946,400,400,2019.0,,No,,,Latina / o,,Man ,,,,,
157,2019.SER.3,,CE - Interior,Yes,1048252,Alan,Serna, Como en Casa,Two Dimensional,Print,Screen print (unframed),22 x 19 in.,Arts & Culture,Print of a plastic grocery bag in bright multi colored stripes and logos printed over the stripes. ,Plaza de Armas - 2nd Floor Arts Director Office,,2019,2019.0,Centro de Artes Cost Center,Artist ,Plaza de Armas,Plaza de Armas,115 Plaza de Armas,78205,-98.495663,29.424561,1,"Main / Military Plaza 
RIO-7b
Indvidual Landmark
Downtown Design Area",Indoor - Restricted,Yes,4500425946,400,400,2019.0,,No,,,Latina / o,,Man ,,,,,
158,2019.SER.2,,CE - Interior,Yes,1048251,Alan,Serna, Sentando El Camino I (Beto),Two Dimensional,Print,Transfer photograph (framed),24 x 34 in.,Arts & Culture,Figure with wheel barrel tipping over. ,3rd floor lounge,,2019,2019.0,Centro de Artes Cost Center,Artist ,City Hall,City Hall,100 Military Plaza,78205,-98.49513,29.42463,1,"
Main/Military Plaza
Individual Landmark
RIO-7B
Downtown Design Area",Indoor - Restricted,Yes,4500425946,350,350,2019.0,,No,,,Latina / o,,Man ,,,,,
159,2019.SER.1,,CE - Interior,Yes,1048250,Alan,Serna, Sentando El Camino II (Alicia),Two Dimensional,Print,Transfer photograph (framed),24 x 34 in.,Arts & Culture,Figure wearing hat and a rake in hand. ,3rd floor lounge,,2019,2019.0,Centro de Artes Cost Center,Artist ,City Hall,City Hall,100 Military Plaza,78205,-98.49513,29.42463,1,"
Main/Military Plaza
Individual Landmark
RIO-7B
Downtown Design Area",Indoor - Restricted,Yes,4500425946,350,350,2019.0,,No,,,Latina / o,,Man ,,,,,
160,2019.SEB.9,,Public Art - Interior,Yes,,Enrique (Sebastiàn),Carbajal,Home,Three Dimensional ,Sculpture,Painted iron,"29.72"" x 31.88"" x 39.76""",Aviation,Red piece part of the quantic sphere series.,,,2015,2019.0,Non-Bond (Aviation),Sebastiàn,Airport,San Antonio International Airport,9800 Airport Blvd,78216,-98.471845,29.52662,9,No,Indoor - Display,Yes,,,40000,2020.0,,No,,,Latina / o,,Man ,No,,,,Mexico 
161,2019.SEB.8,,Public Art - Interior,Yes,,Enrique (Sebastiàn),Carbajal,Corse (Corset),Three Dimensional ,Sculpture,Painted iron,39.3 in. diameter,Aviation,Gray blue part pf the quantic sphere series.,,,2013,2019.0,Non-Bond (Aviation),Sebastiàn,Airport,San Antonio International Airport,9800 Airport Blvd,78216,-98.471845,29.52662,9,No,Indoor - Display,Yes,,,40000,2020.0,,No,,,Latina / o,,Man ,No,,,,Mexico 
162,2019.SEB.7,,Public Art - Interior,Yes,,Enrique (Sebastiàn),Carbajal,Rizo (Curl),Three Dimensional ,Sculpture,Painted iron,"39.3"" x 55.9"" x 39.3 in.",Aviation,Blue angular spriral inspired by a hair curl,,,2002,2019.0,Non-Bond (Aviation),Sebastiàn,Airport,San Antonio International Airport,9800 Airport Blvd,78216,-98.471845,29.52662,9,No,Indoor - Display,Yes,,,40000,2020.0,,No,,,Latina / o,,Man ,No,,,,Mexico 
163,2019.SEB.6,,Public Art - Exterior,Yes,,Enrique (Sebastiàn),Carbajal,La Puerta de la Igualdad (Door of Equality) ,Three Dimensional ,Sculpture,Painted iron,33' tall,Public Works ,Two twisted blue columns on base etched with text in Spanish and English,,,2019,2019.0,2012 Bond Program; 2017 Bond Program,Sebastiàn,, San Pedro Roundabout,"Main, Navarro & San Pedro Roundabout  San Antonio, TX",78205,-98.49451,29.43369,1,No,Outdoor - Display,Yes,,,400000,2020.0,,No,SARA ,,Latina / o,,Man ,No,,,,Mexico 
164,2019.SEB.27,,CE - Interior,Yes,1048360,Enrique (Sebastian),Carbajal,Calabi II,Two Dimensional,Print,Giclee Print,31.5 x 31.5 in.,Arts & Culture,"Thick green, red and blue swirl at center of print against black background. ",1st Floor Parking Elevator Hallway,,2020,2020.0,Certicates of Obligation ,Artist ,City Tower,City Tower ,100 W. Houston St.,78205,-98.4941023594437,29.4263501350618,1,"Main / Military Plaza
Downtown Design Area
RIO-3",Indoor - Restricted,Yes,4500429732,909,909,2020.0,,No,,,Latina / o ,,Man ,,,,,
165,2019.SEB.26,,CE - Interior,Yes,1048369,Enrique (Sebastian),Carbajal,Simplicial IV,Two Dimensional,Print,Giclee Print,31.5 x 31.5 in.,Arts & Culture,Mostly red swirl against white background.,1st Floor Parking Elevator Hallway,,2020,2020.0,Certicates of Obligation ,Artist ,City Tower,City Tower ,100 W. Houston St.,78205,-98.4941023594437,29.4263501350618,1,"Main / Military Plaza
Downtown Design Area
RIO-3",Indoor - Restricted,Yes,4500429732,909,909,2020.0,,No,,,Latina / o ,,Man ,,,,,
166,2019.SEB.25,,CE - Interior,Yes,1048364,Enrique (Sebastian),Carbajal,Turbulencia,Two Dimensional,Print,Giclee Print,31.5 x 31.5 in.,Arts & Culture,"Three crystal like shapes in red, green and blue against a blue background. ",1st Floor Parking Elevator Hallway,,2020,2020.0,Certicates of Obligation ,Artist ,City Tower,City Tower ,100 W. Houston St.,78205,-98.4941023594437,29.4263501350618,1,"Main / Military Plaza
Downtown Design Area
RIO-3",Indoor - Restricted,Yes,4500429732,909,909,2020.0,,No,,,Latina / o ,,Man ,,,,,
167,2019.SEB.24,,CE - Interior,Yes,1048367,Enrique (Sebastian),Carbajal,Turbulencia I,Two Dimensional,Print,Giclee Print,31.5 x 31.5 in.,Arts & Culture,"Crystal like shapes of blue, red and green on a white background. ",1st Floor Parking Elevator Hallway,,2020,2020.0,Certicates of Obligation ,Artist ,City Tower,City Tower ,100 W. Houston St.,78205,-98.4941023594437,29.4263501350618,1,"Main / Military Plaza
Downtown Design Area
RIO-3",Indoor - Restricted,Yes,4500429732,909,909,2020.0,,No,,,Latina / o ,,Man ,,,,,
168,2019.SEB.23,,CE - Interior,Yes,1048368,Enrique (Sebastian),Carbajal,Calabi I,Two Dimensional,Print,Giclee Print,31.5 x 31.5 in.,Arts & Culture,"Thick green, red and blue swirl at center of print against black background. ",1st Floor Parking Elevator Hallway,,2020,2020.0,Certicates of Obligation ,Artist ,City Tower,City Tower ,100 W. Houston St.,78205,-98.4941023594437,29.4263501350618,1,"Main / Military Plaza
Downtown Design Area
RIO-3",Indoor - Restricted,Yes,4500429732,909,909,2020.0,,No,,,Latina / o ,,Man ,,,,,
169,2019.SEB.22,,CE - Interior,Yes,1048365,Enrique (Sebastian),Carbajal,Hiperespacio IV,Two Dimensional,Print,Giclee Print,31.5 x 31.5 in.,Arts & Culture,Red diamond shape against purple background. ,1st Floor Parking Elevator Hallway,,2020,2020.0,Certicates of Obligation ,Artist ,City Tower,City Tower ,100 W. Houston St.,78205,-98.4941023594437,29.4263501350618,1,"Main / Military Plaza
Downtown Design Area
RIO-3",Indoor - Restricted,Yes,4500429732,909,909,2020.0,,No,,,Latina / o ,,Man ,,,,,
170,2019.SEB.20,,CE - Interior,Yes,1048362,Enrique (Sebastian),Carbajal,Hiperespacio II,Two Dimensional,Print,Giclee Print,31.5 x 31.5 in.,Arts & Culture,Red diamond shape against white background.,1st Floor Parking Elevator Hallway,,2020,2020.0,Certicates of Obligation ,Artist ,City Tower,City Tower ,100 W. Houston St.,78205,-98.4941023594437,29.4263501350618,1,"Main / Military Plaza
Downtown Design Area
RIO-3",Indoor - Restricted,Yes,4500429732,909,909,2020.0,,No,,,Latina / o ,,Man ,,,,,
171,2019.SEB.19,,CE - Interior,Yes,1048363,Enrique (Sebastian),Carbajal,Simplicial III,Two Dimensional,Print,Giclee Print,31.5 x 31.5 in.,Arts & Culture,Cascading swirl in mostly blue and yellow. ,1st Floor Parking Elevator Hallway,,2020,2020.0,Certicates of Obligation ,Artist ,City Tower,City Tower ,100 W. Houston St.,78205,-98.4941023594437,29.4263501350618,1,"Main / Military Plaza
Downtown Design Area
RIO-3",Indoor - Restricted,Yes,4500429732,909,909,2018.0,,No,,,Latina / o ,,Man ,,,,,
172,2019.SEB.18,,CE - Interior,Yes,1048366,Enrique (Sebastian),Carbajal,Simplicial II,Two Dimensional,Print,Giclee Print,31.5 x 31.5 in.,Arts & Culture,"Two stacked fanlike circles in red, blue and green located at bottom left corner. ",1st Floor Parking Elevator Hallway,,2020,2020.0,Certicates of Obligation ,Artist ,City Tower,City Tower ,100 W. Houston St.,78205,-98.4941023594437,29.4263501350618,1,"Main / Military Plaza
Downtown Design Area
RIO-3",Indoor - Restricted,Yes,4500429732,909,909,2017.0,,No,,,Latina / o ,,Man ,,,,,
173,2019.SEB.17,,CE - Interior,Yes,1048361,Enrique (Sebastian),Carbajal,Simplicial I,Two Dimensional,Print,Giclee Print,31.5 x 31.5 in.,Arts & Culture,"Swirl of blue, red and green against black ackground.",1st Floor Parking Elevator Hallway,,2020,2020.0,Certicates of Obligation ,Artist ,City Tower,City Tower ,100 W. Houston St.,78205,-98.4941023594437,29.4263501350618,1,"Main / Military Plaza
Downtown Design Area
RIO-3",Indoor - Restricted,Yes,4500429732,909,909,2020.0,,No,,,Latina / o ,,Man ,,,,,
174,2019.SAN.5,,CE - Interior,Yes,1048325,Eva,Sanchez, Salsa Quemada,Two Dimensional,Painting,Oil on panel,30 x 40 in.,Arts & Culture,Black and white painting of salsa in a dark color in plastic disposable container. ,"Lower Level, Break room",,2019,2019.0,Centro de Artes Cost Center,Artist ,City Hall,City Hall,100 Military Plaza,78205,-98.49513,29.42463,1,"
Main/Military Plaza
Individual Landmark
RIO-7B
Downtown Design Area",Indoor - Restricted,Yes,4500426512,2100,2100,2019.0,,No,,,Latina / o,,Woman ,,,,,
175,2019.SAN.4,,CE - Interior,Yes,1048324,Eva,Sanchez, Green Salsa,Two Dimensional,Painting,Oil on panel,30 x 40 in.,Arts & Culture,Black and white painting of salsa in plastic disposable container. ,"Lower Level, Break room",,2019,2019.0,Centro de Artes Cost Center,Artist ,City Hall,City Hall,100 Military Plaza,78205,-98.49513,29.42463,1,"
Main/Military Plaza
Individual Landmark
RIO-7B
Downtown Design Area",Indoor - Restricted,Yes,4500426512,2100,2100,2019.0,,No,,,Latina / o,,Woman ,,,,,
176,2019.SAN.3,,CE - Interior,Yes,1048323,Eva,Sanchez, Red Salsa,Two Dimensional,Painting,Oil on panel,30 x 40 in.,Arts & Culture,Black and white painting of salsa in a dark color in plastic disposable container. ,"Lower Level, Break room",,2019,2019.0,Centro de Artes Cost Center,Artist ,City Hall,City Hall,100 Military Plaza,78205,-98.49513,29.42463,1,"
Main/Military Plaza
Individual Landmark
RIO-7B
Downtown Design Area",Indoor - Restricted,Yes,4500426512,2100,2100,2019.0,,No,,,Latina / o,,Woman ,,,,,
177,2019.SAN.2,,CE - Interior,Yes,1048322,Eva,Sanchez, Mangonada,Two Dimensional,Painting,Oil on panel,30 x 40 in.,Arts & Culture,Painting of mangonada in plastic cup along with a white plastic spoon.,"Lower Level, Break room",,2019,2019.0,Centro de Artes Cost Center,Artist ,City Hall,City Hall,100 Military Plaza,78205,-98.49513,29.42463,1,"
Main/Military Plaza
Individual Landmark
RIO-7B
Downtown Design Area",Indoor - Restricted,Yes,4500426512,3500,3500,2017.0,,No,,,Latina / o,,Woman ,,,,,
178,2019.SAN.1,,CE - Interior,Yes,1048272,Eva ,Sanchez, Paleta,Two Dimensional,Painting,Oil on panel,27 x 48 in.,Arts & Culture,"Painting of a paleta in its wrapper, labeled Lemon and the El Paraiso Original printed on packaging. ","Lower Level, Break room",,2019,2019.0,Centro de Artes Cost Center,Artist ,City Hall,City Hall,100 Military Plaza,78205,-98.49513,29.42463,1,"
Main/Military Plaza
Individual Landmark
RIO-7B
Downtown Design Area",Indoor - Restricted,Yes,4500426512,3500,3500,2017.0,,No,,,Latina / o,,Woman ,,,,,
179,2019.ROE.1,,CE - Interior,Yes,1048209,Howard,"Roeder, Jr.",Tuskegee Airmen,Two Dimensional,Painting,Oil on Canvas,32 x 26 in.,Arts & Culture,Painting of Tuskegee Airmen and planes in background.,"Lower Level
Acquired for City of Service Exhibition",,2019,2019.0,Centro de Artes Cost Center,Artist ,City Hall,City Hall,100 Military Plaza,78205,-98.49513,29.42463,1,"
Main/Military Plaza
Individual Landmark
RIO-7B
Downtown Design Area",Indoor - Restricted,Yes,4500422325,2500,2000,2019.0,,No,,,Black / African American ,,Man ,,,,,
180,2019.REN.3,,CE - Interior,Yes,1048249,Andrei,Renteria, Periodistas/Journalists,Two Dimensional,Drawing,Graphite on vellum,38 x 38 in.,Arts & Culture,"Drawing in black and white of a floral arrangement, the word ""Periodistas"" adorn the arranement on a ribbon.",,,2019,2019.0,Centro de Artes Cost Center,Artist ,Centro de Artes ,Centro de Artes ,101 S Santa Rosa Ave,78207,-98.49853,29.42534,1,"Individual Landmark 
Downtown Design Area",Storage,Yes,4500425658,1000,1000,2019.0,,No,,,Latina / o,,Man ,No,,No,Bexar County ,
181,2019.REN.2,,CE - Interior,Yes,1048248,Andrei,Renteria, Hijos e Hijas/Sons & Daughters,Two Dimensional,Drawing,Graphite on vellum,38 x 38 in.,Arts & Culture,"Drawing in black and white of a floral arrangement, the words ""Hijos and Hijas"" adorn the arrangement on a ribbon.",,,2019,2019.0,Centro de Artes Cost Center,Artist ,Centro de Artes ,Centro de Artes ,101 S Santa Rosa Ave,78207,-98.49853,29.42534,1,"Individual Landmark 
Downtown Design Area",Storage,Yes,4500425658,1000,1000,2019.0,,No,,,Latina / o,,Man ,No,,No,Bexar County ,
182,2019.REN.1,,CE - Interior,Yes,1048247,Andrei,Renteria, Madres y Padres/Mothers & Fathers,Two Dimensional,Drawing,Graphite on vellum,38 x 38 in.,Arts & Culture,"Drawing in black and white of a floral arrangement, the words ""Madres and Padres"" adorn the arrangement on a ribbon.",,,2019,2019.0,Centro de Artes Cost Center,Artist ,Centro de Artes ,Centro de Artes ,101 S Santa Rosa Ave,78207,-98.49853,29.42534,1,"Individual Landmark 
Downtown Design Area",Storage,Yes,4500425658,1000,1000,2017.0,,No,,,Latina / o,,Man ,No,,No,Bexar County ,
183,2019.PER.6,,CE - Interior,Yes,1048271,Joshua,Perez," Whataburger, Commerce Street",Two Dimensional,Photograph,"Gelatin silver print, Edition of 2",24 x 36 in.,Arts & Culture,"Whataburger restaurant in background with man standing prominantly at center, leaning on burger. Woman standing in the background.",,,2019,2019.0,Centro de Artes Cost Center,Artist ,Centro de Artes ,Centro de Artes ,101 S Santa Rosa Ave,78207,-98.49853,29.42534,1,"Individual Landmark 
Downtown Design Area",Storage,Yes,4500426396,450,450,2019.0,,No,,,Latina / o,,Man ,,,,,
184,2019.PER.5,,CE - Interior,Yes,1048270,Joshua,Perez, Floyd's Dairy Bar,Two Dimensional,Photograph,"Gelatin silver print, Edition of 3",42 x 65 in.,Arts & Culture,"Image of building with sign ""Chili dogs"" and ""Floyd's Dairy 5 hamburgers"" painted at top of building.",,,2019,2019.0,Centro de Artes Cost Center,Artist ,Centro de Artes ,Centro de Artes ,101 S Santa Rosa Ave,78207,-98.49853,29.42534,1,"Individual Landmark 
Downtown Design Area",Storage,Yes,4500426396,1500,1500,2017.0,,No,,,Latina / o,,Man ,,,,,
185,2019.PER.4,,CE - Interior,Yes,1048269,Joshua,Perez, Here's the…,Two Dimensional,Photograph,"Gelatin silver print, Edition of 3",42 x 36 in.,Arts & Culture,"Image of a billbourd sign in black and white displaying the words, ""Here's the"" and a hand pointing.",,,2019,2019.0,Centro de Artes Cost Center,Artist ,Centro de Artes ,Centro de Artes ,101 S Santa Rosa Ave,78207,-98.49853,29.42534,1,"Individual Landmark 
Downtown Design Area",Storage,Yes,4500426396,500,500,2017.0,,No,,,Latina / o,,Man ,,,,,
186,2019.PER.3,,CE - Interior,Yes,1048268,Joshua,Perez, Pitbull on a Roof,Two Dimensional,Photograph,"Gelatin silver print, Edition of 2",42 x 65 in.,Arts & Culture,"Photograph image of top portion of building displaying the words ""Club de Nutricion"" and a dog overlooking from atop the roof.","Concourse, Near Tellers",,2019,2019.0,Centro de Artes Cost Center,Artist ,City Tower,City Tower ,100 W. Houston St.,78205,-98.4941023594437,29.4263501350618,1,"Main / Military Plaza
Downtown Design Area
RIO-3",Indoor - Restricted,Yes,4500426396,1500,1500,2017.0,,No,,,Latina / o,,Man ,,,,,
187,2019.PER.2,,CE - Interior,Yes,1048267,Joshua,Perez,64,Two Dimensional,Photograph,"Gelatin silver print, Edition of 3",24 x 36 in.,Arts & Culture,Photograph of a classic car in black and white. Parked in driveway and carport in the background.,"Concourse, Near Tellers",,2019,2019.0,Centro de Artes Cost Center,Artist ,City Tower,City Tower ,100 W. Houston St.,78205,-98.4941023594437,29.4263501350618,1,"Main / Military Plaza
Downtown Design Area
RIO-3",Indoor - Restricted,Yes,4500426396,500,500,2017.0,,No,,,Latina / o,,Man ,,,,,
188,2019.PER.1,,CE - Interior,Yes,1048266,Joshua,Perez, Ostrich Boots on Travis Street,Two Dimensional,Photograph,"Gelatin silver print, Edition of 3",24 x 36 in.,Arts & Culture,Photograph of person's boots while standing on a hexagon tiled floor.,"Concourse, Near Tellers",,2019,2019.0,Centro de Artes Cost Center,Artist ,City Tower,City Tower ,100 W. Houston St.,78205,-98.4941023594437,29.4263501350618,1,"Main / Military Plaza
Downtown Design Area
RIO-3",Indoor - Restricted,Yes,4500426396,500,500,2017.0,,No,,,Latina / o,,Man ,,,,,
189,2019.MUN.1,,CE - Interior,Yes,1048113,Rhys,Munro,Back Bone 2/6,Two Dimensional,Works on Paper,Woodblock Print,8 x 10 in. ,Arts & Culture,"Figure standing on green oval shapes in center of boat, wrapped in Us flag. Blue water at top corners of canvas.  ",Joe Frank Picazo Office,,2019,2019.0,Centro de Artes Cost Center,Artist ,City Hall,City Hall,100 Military Plaza,78205,-98.49513,29.42463,1,"
Main/Military Plaza
Individual Landmark
RIO-7B
Downtown Design Area",Indoor - Restricted,Yes,Unknown,500,500,2019.0,,No,,,Latina / o,,Woman ,Yes,No,No,1,
190,2019.MOR.9,,CE - Interior,Yes,1048287,Juan de Dios,Mora, Ya Mero Llego (Almost There),Two Dimensional,Works on Paper,Woodblock Print,15 x 41.25 in.,Arts & Culture,Black and white print of man on boat pointing ahead.,,,2019,2019.0,Centro de Artes Cost Center,Artist ,Centro de Artes ,Centro de Artes ,101 S Santa Rosa Ave,78207,-98.49853,29.42534,1,"Individual Landmark 
Downtown Design Area",Storage,Yes,4500426473,1000,1525.1100000000001,2018.0,,No,,,Latina / o ,,Man ,,,,,
191,2019.MOR.8,,CE - Interior,Yes,1048286,Juan de Dios,Mora, Con Todo y Tiliches Se Aventura a la Tierra Prometida,Two Dimensional,Works on Paper,Linocut print,48 x 48 in.,Arts & Culture,Black and white print of man riding bull. ,,,2019,2019.0,Centro de Artes Cost Center,Artist ,Centro de Artes ,Centro de Artes ,101 S Santa Rosa Ave,78207,-98.49853,29.42534,1,"Individual Landmark 
Downtown Design Area",Storage,Yes,4500426473,700,1196.01,2018.0,,No,,,Latina / o ,,Man ,,,,,
192,2019.MOR.7,,CE - Interior,Yes,1048285,Juan de Dios,Mora, King de la Wirira (King of the Weed Eater),Two Dimensional,Works on Paper,Linocut print,30 x 22 in.,Arts & Culture,"Black and white print of man holding weed eater, sun behind figure. ",,,2019,2019.0,Centro de Artes Cost Center,Artist ,Centro de Artes ,Centro de Artes ,101 S Santa Rosa Ave,78207,-98.49853,29.42534,1,"Individual Landmark 
Downtown Design Area",Storage,Yes,4500426473,500,978.4,2018.0,,No,,,Latina / o ,,Man ,,,,,
193,2019.MOR.6,,CE - Interior,Yes,1408284,Juan de Dios,Mora, Time Will Tell,Two Dimensional,Works on Paper,Linocut print,30 x 22 in.,Arts & Culture,Black and white print of indigenous man holding Mayan calendar.,,,2019,2019.0,Centro de Artes Cost Center,Artist ,Centro de Artes ,Centro de Artes ,101 S Santa Rosa Ave,78207,-98.49853,29.42534,1,"Individual Landmark 
Downtown Design Area",Storage,Yes,4500426473,500,978,2018.0,,No,,,Latina / o ,,Man ,,,,,
194,2019.MOR.5,,CE - Interior,Yes,1048283,Juan de Dios,Mora, Shiny Barrendero,Two Dimensional,Works on Paper,Linocut print,30 x 22 in.,Arts & Culture,Black and white print of man holding broom.,,,2019,2019.0,Centro de Artes Cost Center,Artist ,Centro de Artes ,Centro de Artes ,101 S Santa Rosa Ave,78207,-98.49853,29.42534,1,"Individual Landmark 
Downtown Design Area",Storage,Yes,4500426473,500,978.4,2018.0,,No,,,Latina / o ,,Man ,,,,,
195,2019.MOR.4,,CE - Interior,Yes,1048282,Juan de Dios,Mora, Me Doblo Pero No Me Quiebro,Two Dimensional,Works on Paper,Linocut print,30 x 22 in.,Arts & Culture,"Black and white print of man on pedestal, banners waving around him.",,,2019,2019.0,Centro de Artes Cost Center,Artist ,Centro de Artes ,Centro de Artes ,101 S Santa Rosa Ave,78207,-98.49853,29.42534,1,"Individual Landmark 
Downtown Design Area",Storage,Yes,4500426473,500,996.01,2018.0,,No,,,Latina / o ,,Man ,,,,,
196,2019.MOR.3,,CE - Interior,Yes,1048281,Juan de Dios,Mora, Cantale,Two Dimensional,Works on Paper,Linocut print,30 x 22 in.,Arts & Culture,Black and white print of man playing accordion.,,,2019,2019.0,Centro de Artes Cost Center,Artist ,Centro de Artes ,Centro de Artes ,101 S Santa Rosa Ave,78207,-98.49853,29.42534,1,"Individual Landmark 
Downtown Design Area",Storage,Yes,4500426473,500,996,2018.0,,No,,,Latina / o ,,Man ,,,,,
197,2019.MOR.2,,CE - Interior,Yes,1048280,Juan de Dios,Mora, Pikudo,Two Dimensional,Works on Paper,Linocut print,30 x 22 in.,Arts & Culture,"Black and white print of man, another figure hanging on his back, foot on object that says Pikudo. ",,,2019,2019.0,Centro de Artes Cost Center,Artist ,Centro de Artes ,Centro de Artes ,101 S Santa Rosa Ave,78207,-98.49853,29.42534,1,"Individual Landmark 
Downtown Design Area",Storage,Yes,4500426473,500,984.49,2018.0,,No,,,Latina / o ,,Man ,,,,,
198,2019.MOR.10,,CE - Interior,Yes,1088288,Juan de Dios,Mora, Tinaco Naco (Trashy Water Tank),Two Dimensional,Works on Paper,Woodblock Print,30 x 22 in.,Arts & Culture,Black and white print of man holding umbrella.,,,2019,2019.0,Centro de Artes Cost Center,Artist ,Centro de Artes ,Centro de Artes ,101 S Santa Rosa Ave,78207,-98.49853,29.42534,1,"Individual Landmark 
Downtown Design Area",Storage,Yes,4500426473,500,896.01,2018.0,,No,,,Latina / o ,,Man ,,,,,
199,2019.MOR.1,,CE - Interior,Yes,1048279,Juan de Dios,Mora, Mechanic,Two Dimensional,Works on Paper,Linocut print,30 x 22 in.,Arts & Culture,Black and white print of man holding flag that says Antonio. Sign of I-35 on left.,,,2019,2019.0,Centro de Artes Cost Center,Artist ,Centro de Artes ,Centro de Artes ,101 S Santa Rosa Ave,78207,-98.49853,29.42534,1,"Individual Landmark 
Downtown Design Area",Storage,Yes,4500426473,500,978,2019.0,,No,,,Latina / o ,,Man ,,,,,
200,2019.MEN.1.2,,CE - Interior,Yes,1048207,Michael,Menchaca,From Kelly Air Force to Port San Antonio,Two Dimensional,Mixed media,Mixed media collage on panel,4 x 8 ft.,Arts & Culture,"Painting of plane, cats dressed in uniform, ""George E.M. Kelly at center Port San Antonio at bottom half of painting. Flags waving.","2nd Floor, Hall near Cubicles
Acquired for City of Service Exhibition",,2019,2019.0,COSA Art,Artist ,Plaza de Armas,Plaza de Armas,115 Plaza de Armas,78205,-98.495663,29.424561,1,"Main / Military Plaza 
RIO-7b
Indvidual Landmark
Downtown Design Area",Indoor - Restricted,Yes,4500422908,4250,4250,2019.0,,No,,,Latina / o,,Man,,,,,
201,2019.MEN.1.1,,CE - Interior,Yes,1048208,Michael,Menchaca,From Brooks Air Force Base to Brooks,Two Dimensional,Mixed media,Mixed media collage on panel,4 x 8 ft.,Arts & Culture,"Painting of planes, US and Texas flag, folklorico dancers, stars around border. Many people in various scenes.","2nd Floor, Hall near Cubicles
Acquired for City of Service Exhibition",,2019,2019.0,COSA Art,Artist ,Plaza de Armas,Plaza de Armas,115 Plaza de Armas,78205,-98.495663,29.424561,1,"Main / Military Plaza 
RIO-7b
Indvidual Landmark
Downtown Design Area",Indoor - Restricted,Yes,4500422908,4250,4250,2019.0,,No,,,Latina / o,,Man,,,,,
202,2019.MAT.1.1-2,2019.MAT.1.1,CE - Interior,Yes,1048222,Eric,Mathis,Coming of Age (flag),Two Dimensional,Works on Paper,Graphite on Paper, h. 30 in. x w. 22 5/8 in.,Arts & Culture,"Two works, drawings of man in uniform, first image man holding US flag, second, man waving. ","Diptych
Acquired for City of Service Exhibition",,2019,2019.0,COSA Art,Artist ,Centro de Artes ,Centro de Artes ,101 S Santa Rosa Ave,78207,-98.49853,29.42534,1,"Individual Landmark 
Downtown Design Area",Storage,Yes,4500422416,1200,1700,2019.0,,No,,,White ,,Man,,,,,
203,2019.MAR.4,,CE - Interior,Yes,1048333,Cesar,Martinez, Poncho,Two Dimensional,Works on Paper,Chalk and pencil on paper,15 x 11.5 in.,Arts & Culture,"Drawing of man, hair slick back, collar of shirt open.",4th floor lounge,,2019,2019.0,COSA Art,Say Si,City Hall,City Hall,100 Military Plaza,78205,-98.49513,29.42463,1,"
Main/Military Plaza
Individual Landmark
RIO-7B
Downtown Design Area",Indoor - Restricted,Yes,4500427351,1400,1528.94,2019.0,,No,,,Latina / o,,Man,,,,,
204,2019.MAR.3,,CE - Interior,Yes,1048332,Cesar,Martinez, Malecio,Two Dimensional,Works on Paper,Chalk and pencil on paper,15 x 11.5 in.,Arts & Culture,"Drawing of man in plaid shirt with white coat over, hair slick back.",4th floor lounge,,2019,2019.0,COSA Art,Say Si,City Hall,City Hall,100 Military Plaza,78205,-98.49513,29.42463,1,"
Main/Military Plaza
Individual Landmark
RIO-7B
Downtown Design Area",Indoor - Restricted,Yes,4500427351,1400,1528.94,2019.0,,No,,,Latina / o,,Man,,,,,
205,2019.MAR.2,,CE - Interior,Yes,1048331,Cesar,Martinez, La Chata,Two Dimensional,Works on Paper,Chalk and pencil on paper,15 x 11.5 in.,Arts & Culture,"Drawing of woman in v neck blouse, hair pinned up and draped behind shoulders. ",4th floor lounge,,2019,2019.0,COSA Art,Say Si,City Hall,City Hall,100 Military Plaza,78205,-98.49513,29.42463,1,"
Main/Military Plaza
Individual Landmark
RIO-7B
Downtown Design Area",Indoor - Restricted,Yes,4500427351,1400,1528.94,2019.0,,No,,,Latina / o,,Man,,,,,
206,2019.MAR.1,,CE - Interior,Yes,1048330,Cesar,Martinez, Horacio,Two Dimensional,Works on Paper,Chalk and pencil on paper,15 x 11.5 in.,Arts & Culture,Drawing of man in dark shirt with white tie and coat.,City Hall - 4th floor lounge,,2019,2019.0,COSA Art,Say Si,City Hall,City Hall,100 Military Plaza,78205,-98.49513,29.42463,1,"
Main/Military Plaza
Individual Landmark
RIO-7B
Downtown Design Area",Indoor - Restricted,Yes,4500427351,1400,1528.94,2019.0,,No,,,Latina / o,,Man,,,,,
207,2019.JUN.1,,CE - Interior,Yes,1048199,Soomin,Jung,VFW Post 76,Two Dimensional,Works on Paper,Graphite and Gouache on Paper,18 in. x 24 in. ,Arts & Culture,Image of VFW 76 and river at center of image.,Acquired for City of Service Exhibition,,2019,2019.0,COSA Art,Artist ,Centro de Artes ,Centro de Artes ,101 S Santa Rosa Ave,78207,-98.49853,29.42534,1,"Individual Landmark 
Downtown Design Area",Storage,Yes,4500422422,3000,3500,2019.0,,No,,,Asian / Asian American,,Woman,No,No,No,9,
208,2019.HUE.1.1-4,2018.HUE.1.1-4,Public Art - Exterior,Yes,,Leticia ,Huerta,Bloom,Three Dimensional ,Sculpture,Steel,12' x 4',Parks & Recreation,"Four metal sculptures that resemble native wildflowers.
1. Plains Coreopsis  (single by playgorund)
2. Winecup (further on the tail)
3. Plains Coreopsis (two of the same flower; further on the trail)
4. Mexican Hat (further on the trail)",On view at McAllister Park. On the mud creek trails. One flower is up by the playground and the three others are lower in the Park.,,2018,2019.0,2012 Bond Program,,Parks ,McAllister Park,13102 Jones Maltsberger Rd,78247,-98.446055,29.562165,10,No,Outdoor - Display,Yes,,150000,150000,2021.0,Mud Creek/ Thousand Oaks,Yes,,"Wanderlust Ironworks
",Latina / o,,Woman ,No,No,No,Bexar County ,"Helotes, TX"
209,2019.GAR.1,,CE - Interior,Yes,1048223,Adriana,Garcia,"For Action, Unity, and Progress ",Two Dimensional,Painting,Acrylic on wood,44 x 44 in.,Arts & Culture,Portrait of man in chair sitting at desk. US and Texas flag on each side of portrait.,"CAO Office
Acquired for City of Service Exhibition",,2019,2019.0,COSA Art,Artist ,City Hall,City Hall,100 Military Plaza,78205,-98.49513,29.42463,1,"
Main/Military Plaza
Individual Landmark
RIO-7B
Downtown Design Area",Indoor - Restricted,Yes,4500423339,2000,2500,2017.0,,No,,,Latina / o,,Woman ,No,,No,5,
210,2019.FRA.3,,CE - Interior,Yes,1048202,Anthony,Francis ,"Rudy, San Antonio",Two Dimensional,Photograph,Digital Photograph,30 x 40 in.,Arts & Culture,"Man sitting in leather chair, holding coffee mug.","Lower Level
Acquired for City of Service Exhibition",,2019,2019.0,COSA Art,Artist ,City Hall,City Hall,100 Military Plaza,78205,-98.49513,29.42463,1,"
Main/Military Plaza
Individual Landmark
RIO-7B
Downtown Design Area",Indoor - Restricted,Yes,4500423854,500,1000,2017.0,,No,,,Black / African American ,,Man ,,,,,
211,2019.FRA.2,,CE - Interior,Yes,1048201,Anthony,Francis ,"Rafael, San Antonio",Two Dimensional,Photograph,Digital Photograph,30 x 40 in.,Arts & Culture,"Man standing at window, curtains draped on left and right of window, figure centered in between.","Lower Level
Acquired for City of Service Exhibition",,2019,2019.0,COSA Art,Artist ,City Hall,City Hall,100 Military Plaza,78205,-98.49513,29.42463,1,"
Main/Military Plaza
Individual Landmark
RIO-7B
Downtown Design Area",Indoor - Restricted,Yes,4500423854,500,1000,2017.0,,No,,,Black / African American ,,Man ,,,,,
212,2019.FRA.1,,CE - Interior,Yes,1048200,Anthony,Francis ,"Felisha, San Antonio",Two Dimensional,Photograph,Digital Photograph,30 x 40 in.,Arts & Culture,"Woman sitting on stool, red blanket draped over shoulder.","Lower Level
Acquired for City of Service Exhibition",,2019,2019.0,COSA Art,Artist ,City Hall,City Hall,100 Military Plaza,78205,-98.49513,29.42463,1,"
Main/Military Plaza
Individual Landmark
RIO-7B
Downtown Design Area",Indoor - Restricted,Yes,4500423854,500,1000,2017.0,,No,,,Black / African American ,,Man ,,,,,
213,2019.FEL.1,,CE - Interior,Yes,1048205,Barbara,Felix,What the Military Gave Me: Portrait of Danielle Hargrove,Two Dimensional,Mixed media,Watercolor monotype with collage and thread on paper,37.75 x 32 in.,Arts & Culture,"Painting of two women, standing in front of US flag.",Acquired for City of Service Exhibition,,2019,2019.0,COSA Art,Artist ,Plaza de Armas,Plaza de Armas,115 Plaza de Armas,78205,-98.495663,29.424561,1,"Main / Military Plaza 
RIO-7b
Indvidual Landmark
Downtown Design Area",Storage,Yes,4500420152,2000,2500,2017.0,,No,,,"Black / African American 
Latina / o",,Woman ,No,Prefer not to answer,No,1,
214,2019.ESQ.1,,CE - Interior,Yes,1048273,Jose,Esquivel, Golden Hand,Two Dimensional,Works on Paper,Watercolor,19 x 26 in.,Arts & Culture,"Painting of hand, heart, tiled wall, tree and girl.",2nd Floor - Hall near conf. room,,2019,2019.0,COSA Art,Artist ,City Hall,City Hall,100 Military Plaza,78205,-98.49513,29.42463,1,"
Main/Military Plaza
Individual Landmark
RIO-7B
Downtown Design Area",Indoor - Restricted,Yes,4500426466,2000,4500,2017.0,,No,,,Latina / o,,Man,,,,,
215,2019.ESP.5,,CE - Interior,Yes,1048278,Jenelle,Esparza, Si la Tierra Pudiera Hablar,Two Dimensional,Photograph,Archival pigment print,14 x 36 in.,Arts & Culture,Black and white print of farmland crops.,4th floor lounge,,2019,2019.0,COSA Art,Artist ,City Hall,City Hall,100 Military Plaza,78205,-98.49513,29.42463,1,"
Main/Military Plaza
Individual Landmark
RIO-7B
Downtown Design Area",Indoor - Restricted,Yes,4500426465,900,1461.6799999999998,2019.0,,No,,,Latina / o,,Woman ,No,,No,7,
216,2019.ESP.4,,CE - Interior,Yes,1048277,Jenelle,Esparza, Bird of Flight,Two Dimensional,Photograph,Archival pigment print,20 x 30 in.,Arts & Culture,"Figure at center in dress, arms spread, wings.",4th floor lounge,,2019,2019.0,COSA Art,Artist ,City Hall,City Hall,100 Military Plaza,78205,-98.49513,29.42463,1,"
Main/Military Plaza
Individual Landmark
RIO-7B
Downtown Design Area",Indoor - Restricted,Yes,4500426465,900,1560.26,2019.0,,No,,,Latina / o,,Woman ,No,,No,7,
217,2019.ESP.3,,CE - Interior,Yes,1048276,Jenelle,Esparza, Mother Moon,Two Dimensional,Photograph,Archival pigment print,20 x 18 in.,Arts & Culture,"Print of woman sitting on floor, arms crossed over knees.",4th floor lounge,,2019,2019.0,COSA Art,Artist ,City Hall,City Hall,100 Military Plaza,78205,-98.49513,29.42463,1,"
Main/Military Plaza
Individual Landmark
RIO-7B
Downtown Design Area",Indoor - Restricted,Yes,4500426465,900,1464.3400000000001,2020.0,,No,,,Latina / o,,Woman ,No,,No,7,
218,2019.ESP.2,,CE - Interior,Yes,1048275,Jenelle,Esparza, Ra,Two Dimensional,Photograph,Archival pigment print,20 x 18 in.,Arts & Culture,"Woman sitting on floor with shiny cover over body, wearing turbin. ",4th floor lounge,,2019,2019.0,COSA Art,Artist ,City Hall,City Hall,100 Military Plaza,78205,-98.49513,29.42463,1,"
Main/Military Plaza
Individual Landmark
RIO-7B
Downtown Design Area",Indoor - Restricted,Yes,4500426465,900,1476,2017.0,,No,,,Latina / o,,Woman ,No,,No,7,
219,2019.ESP.1,,CE - Interior,Yes,1048274,Jenelle,Esparza, Filas II ,Two Dimensional,Installation,"Hardwired LED light box with mirrored plexiglass, includes 5 bronze cast cotton spurs",15 x 9 x 9 in.,Arts & Culture,Shadowbox with spurs placed at base.,Basement ,,2019,2019.0,COSA Art,Artist ,Centro de Artes ,Centro de Artes ,101 S Santa Rosa Ave,78207,-98.49853,29.42534,1,"Individual Landmark 
Downtown Design Area",Storage,Yes,4500426465,5000,5000,2019.0,,No,,,Latina / o,,Woman ,No,,No,7,
220,2019.DEL.4,,CE - Interior,Yes,1048337,Joe ,De La Cruz,Burger Boy Restaurant,Two Dimensional,Drawing,Graphite on paper,24 x 30 in.,Arts & Culture,Black and white drawing of Burger Boy building. ,City Hall - Joe Frank Picazo Office,,2019,2019.0,COSA Art,Artist ,City Hall,City Hall,100 Military Plaza,78205,-98.49513,29.42463,1,"
Main/Military Plaza
Individual Landmark
RIO-7B
Downtown Design Area",Indoor - Restricted,,4500426600,2500,2500,2019.0,,No,,,Latina / o,,Man,No,,No,5,
221,2019.DEL.3,,CE - Interior,Yes,1048336,Joe ,De La Cruz,Church's Chicken,Two Dimensional,Drawing,Graphite on paper,24 x 30 in.,Arts & Culture,Black and white drawing of Church's Chicken building. ,Basement ,,2019,2019.0,COSA Art,Artist ,Centro de Artes ,Centro de Artes ,101 S Santa Rosa Ave,78207,-98.49853,29.42534,1,"Individual Landmark 
Downtown Design Area",Storage,,4500426600,2500,2500,2019.0,,No,,,Latina / o,,Man,No,,No,5,
222,2019.DEL.2,,CE - Interior,Yes,1048335,Joe ,De La Cruz,H.E.B. Grocery Store,Two Dimensional,Drawing,Graphite on paper,24 x 30 in.,Arts & Culture,"H-E-B grocery store entrance, sign above and cars parked along curb.",Joe Frank Picazo Office,,2019,2019.0,COSA Art,Artist ,City Hall,City Hall,100 Military Plaza,78205,-98.49513,29.42463,1,"
Main/Military Plaza
Individual Landmark
RIO-7B
Downtown Design Area",Indoor - Restricted,,4500426600,2500,2500,2017.0,,No,,,Latina / o,,Man,No,,No,5,
223,2019.DEL.1,,CE - Interior,Yes,1048334,Joe ,De La Cruz,Fred's Fish Fry,Two Dimensional,Drawing,Graphite on paper,24 x 30 in.,Arts & Culture,Black and white drawing of Fred's Fish Fry with car in front of building.,Basement ,,2019,2019.0,COSA Art,Artist ,Centro de Artes ,Centro de Artes ,101 S Santa Rosa Ave,78207,-98.49853,29.42534,1,"Individual Landmark 
Downtown Design Area",Storage,,4500426600,2500,2500,2018.0,,No,,,Latina / o,,Man,No,,No,5,
224,2019.CRU.1,,CE - Interior,Yes,1048196,Joe ,De La Cruz,Fort Sam Houston,Two Dimensional,Works on Paper,Graphite on paper,38.75 x 45.5 in.,Arts & Culture,Tower and two flag poles on each side of tower.,"10th Floor, Military Affairs Office Conf. Room 
Acquired for City of Service Exhibition",,2019,2019.0,COSA Art,Artist ,City Hall,City Hall,100 Military Plaza,78205,-98.49513,29.42463,1,"
Main/Military Plaza
Individual Landmark
RIO-7B
Downtown Design Area",Indoor - Restricted,Yes,4500420159,2750,3250,2016.0,,No,,,Latina / o,,Man,No,,No,5,
225,2019.ARM.4,,CE - Interior,Yes,1048265,Richard A.,Armendariz, Time Will Tell,Two Dimensional,Works on Paper,Wood block print,37 x 48 in.,Arts & Culture,"Framed photo of male face, drawings on face. ","3rd Floor, Lounge ",,2019,2019.0,COSA Art,Artist ,City Hall,City Hall,100 Military Plaza,78205,-98.49513,29.42463,1,"
Main/Military Plaza
Individual Landmark
RIO-7B
Downtown Design Area",Indoor - Restricted,Yes,4500426464,2000,2000,2019.0,,No,,,Latina / o,,Man ,,,,,
226,2019.ARM.3,,CE - Interior,Yes,1048264,Richard A.,Armendariz, Cono de Fuego,Two Dimensional,Painting,Oil on carved panel,48 x 48 in.,Arts & Culture,Painting in red shade of male face.,"10th floor, Meeting Room",,2019,2019.0,COSA Art,Artist ,City Tower,City Tower ,100 W. Houston St.,78205,-98.4941023594437,29.4263501350618,1,"Main / Military Plaza
Downtown Design Area
RIO-3",Indoor - Restricted,Yes,4500426464,4800,4800,2019.0,,No,,,Latina / o,,Man ,,,,,
227,2019.ARM.2,,CE - Interior,Yes,1048263,Richard A.,Armendariz, HUN (Kara Walker),Two Dimensional,Painting,Oil on carved panel,48 x 48 in.,Arts & Culture,"Painting in shade of bue on female face, symbols on face. ","10th floor, Meeting Room",,2019,2019.0,COSA Art,Artist ,City Tower,City Tower ,100 W. Houston St.,78205,-98.4941023594437,29.4263501350618,1,"Main / Military Plaza
Downtown Design Area
RIO-3",Indoor - Restricted,Yes,4500426464,4800,4800,2019.0,,No,,,Latina / o,,Man ,,,,,
228,2019.ARM.1,,CE - Interior,Yes,1048224,Richard A.,Armendariz,Untitled,Two Dimensional,Works on Paper,Digital Print,18 x  18 in. ,Arts & Culture,"White frame, black background, wolf figure in white.",,,unknown,2019.0,COSA Art,Artist ,Centro de Artes ,Centro de Artes ,101 S Santa Rosa Ave,78207,-98.49853,29.42534,1,"Individual Landmark 
Downtown Design Area",Storage,Yes,,300,300,2019.0,,No,,,Latina / o,,Man ,,,,,
229,2019.AND.4,,CE - Interior,Yes,1048262,Fernando,Andrade, plenitud/plenitud,Two Dimensional,Works on Paper,"Ink wash, graphite, sepia Conte pencil on French watercolor paper",96 x 54 in.,Arts & Culture,"Female figure wearing coat and pearl necklace, multiple faint shadows of figure. ","3rd Floor, Lounge ",,2019,2019.0,COSA Art,Artist ,City Hall,City Hall,100 Military Plaza,78205,-98.49513,29.42463,1,"
Main/Military Plaza
Individual Landmark
RIO-7B
Downtown Design Area",Indoor - Restricted,Yes,4500426572,6000,6000,2019.0,,No,,,Latina / o,,Man ,No,No,No,10,
230,2019.AND.3,,CE - Interior,Yes,1048261,Fernando,Andrade, permanecer/remain,Two Dimensional,Works on Paper,"Ink wash, graphite, sepia Conte pencil on French watercolor paper",96 x 54 in.,Arts & Culture,"Male figure standing, wearing cowboy hat and western attire. Faint shadow of figure on right side.",,,2019,2019.0,COSA Art,Artist ,Centro de Artes ,Centro de Artes ,101 S Santa Rosa Ave,78207,-98.49853,29.42534,1,"Individual Landmark 
Downtown Design Area",Storage,Yes,4500426572,6000,6000,2019.0,,No,,,Latina / o,,Man ,No,No,No,10,
231,2019.AND.2,,CE - Interior,Yes,1048260,Fernando,Andrade, conciencia/conscious,Two Dimensional,Works on Paper,"Ink wash, graphite, sepia Conte pencil on French watercolor paper",96 x 54 in.,Arts & Culture,"Male figure standing, multiple silhouette or shadows around figure.","3rd Floor, Lounge ",,2019,2019.0,COSA Art,Artist ,City Hall,City Hall,100 Military Plaza,78205,-98.49513,29.42463,1,"
Main/Military Plaza
Individual Landmark
RIO-7B
Downtown Design Area",Indoor - Restricted,Yes,4500426572,6000,6000,2019.0,,No,,,Latina / o,,Man ,No,No,No,10,
232,2019.AND.1,,CE - Interior,Yes,1048198,Fernando,Andrade,Portrait of Enrique Sánchez,Two Dimensional,Photograph,Graphite on paper,19.75 x 22 in.,Arts & Culture,Black and white portrait of male figure in navy uniform. ,Acquired for City of Service Exhibition,,2019,2019.0,COSA Art,Artist ,Centro de Artes ,Centro de Artes ,101 S Santa Rosa Ave,78207,-98.49853,29.42534,1,"Individual Landmark 
Downtown Design Area",Storage,Yes,4500420150,2750,3250,2019.0,,No,,,Latina / o,,Man ,No,No,No,10,
233,2019.ALV.1,,CE - Interior,Yes,1048210,Albert,Alvarez,Edgewood '55,Two Dimensional,Works on Paper,"Collage, Ink on Paper",33 x 27 in.,Arts & Culture,Framed black and white collage drawing. ,"Basement 
Acquired for St. Anthony's Lost & Found Exhibition ",,2019,2019.0,COSA Art,Artist ,Plaza de Armas,Plaza de Armas,115 Plaza de Armas,78205,-98.495663,29.424561,1,"Main / Military Plaza 
RIO-7b
Indvidual Landmark
Downtown Design Area",Storage ,Yes,4500420147,2250,2750,2019.0,,No,,,Latina / o,,Man ,,,,,
234,2018.ZAV.1.4,,CE - Interior,Yes,1048059,Juan,Zavala Castro,"fold our wings, and cease from wanderings 4",Two Dimensional,Drawing,graphite on paper ,"9 x 11 inches, each, set of 4",Arts & Culture,"Image of butterfly in black and white, Label below - Danaus Plexippus, black background. ","Plaza de Armas, 2nd Floor
Acquired for St. Anthony's Lost & Found Exhibition",,2017,2017.0,Centro de Artes Cost Center,Artist ,Plaza de Armas,Plaza de Armas,115 Plaza de Armas,78205,-98.495663,29.424561,1,"Main / Military Plaza 
RIO-7b
Indvidual Landmark
Downtown Design Area",Indoor - Restricted,Yes,1900366923,312.5,500,2017.0,,No,,,Latina / o,,Man ,,,,,
235,2018.ZAV.1.3,,CE - Interior,Yes,1048058,Juan,Zavala Castro,"fold our wings, and cease from wanderings 3",Two Dimensional,Drawing,graphite on paper ,"9 x 11 inches, each, set of 4",Arts & Culture,"Multiple butterflies in black and white, flying, black background. ","Plaza de Armas, 2nd Floor
Acquired for St. Anthony's Lost & Found Exhibition",,2017,2017.0,Centro de Artes Cost Center,Artist ,Plaza de Armas,Plaza de Armas,115 Plaza de Armas,78205,-98.495663,29.424561,1,"Main / Military Plaza 
RIO-7b
Indvidual Landmark
Downtown Design Area",Indoor - Restricted,Yes,1900366923,312.5,500,2017.0,,No,,,Latina / o,,Man ,,,,,
236,2018.ZAV.1.2,,CE - Interior,Yes,1048057,Juan,Zavala Castro,"fold our wings, and cease from wanderings 2",Two Dimensional,Drawing,graphite on paper ,"9 x 11 inches, each, set of 4",Arts & Culture,"Multiple butterly wings scaffolded into pyramic shape, black background.","Plaza de Armas, 2nd Floor
Acquired for St. Anthony's Lost & Found Exhibition",,2017,2017.0,Centro de Artes Cost Center,Artist ,Plaza de Armas,Plaza de Armas,115 Plaza de Armas,78205,-98.495663,29.424561,1,"Main / Military Plaza 
RIO-7b
Indvidual Landmark
Downtown Design Area",Indoor - Restricted,Yes,1900366923,312.5,500,2017.0,,No,,,Latina / o,,Man ,,,,,
237,2018.ZAV.1.1,,CE - Interior,Yes,1048056,Juan,Zavala Castro,"fold our wings, and cease from wanderings 1",Two Dimensional,Drawing,graphite on paper ,"9 x 11 inches, each, set of 4",Arts & Culture,"Multiple butterly wings stacked and cover entire space, black background.","Plaza de Armas, 2nd Floor
Acquired for St. Anthony's Lost & Found Exhibition",,2017,2017.0,Centro de Artes Cost Center,Artist ,Plaza de Armas,Plaza de Armas,115 Plaza de Armas,78205,-98.495663,29.424561,1,"Main / Military Plaza 
RIO-7b
Indvidual Landmark
Downtown Design Area",Indoor - Restricted,Yes,1900366923,312.5,500,2017.0,,No,,,Latina / o,,Man ,,,,,
238,2018.WAN.1,,Public Art - Interior,Yes,,Naomi,Wanjiku,Season of Color,Three Dimensional ,Sculpture ,Textured and dyed sheet metal,"81"" x 56""",Convention & Sports Facilities,"Woven, weathered metal wall-hanging sculpture that uses techniques practices in fiber arts. ",Facing West End Lobby near Mission Paintings Room,,2014,2018.0,Non-Bond (Convention Center),Bihl House (Acquisition)  ,Convention Center,Convention Center,900 E Market Street,78205,-98.48324,29.42044,1,"RIO-3
Downtown Design Area 
Hemisfair",Indoor - Display,Yes,,18000,18000,2018.0,2017 Convention Center Expansion Project,No,Curated by Ruben Cordova ,Kenny Warren ,"Black / African American 
",,Woman,No,No,No,9,
239,2018.VIL.1,,CE - Interior,Yes,1048237,Jose,Villalobos,What HAPpened,Two Dimensional,Works on Paper,Multimedia on Reeves BFK,18 x 24 inches,Arts & Culture,"Drawing of Bonham Exchange building at center, Blue Star building at bottom right and Hap at the top left of image. Hand at top right blue wave coming from hand. ",Acquired for St. Anthony's Lost & Found Exhibition,,2017,2017.0,Centro de Artes Cost Center,Artist ,Plaza de Armas,Plaza de Armas,115 Plaza de Armas,78205,-98.495663,29.424561,1,"Main / Military Plaza 
RIO-7b
Indvidual Landmark
Downtown Design Area",Storage,Yes,1900374236,950,1450,2017.0,,No,,,Latina / o,,Man ,,,,,
240,2018.VAR.5,,CE - Interior,Yes,1048235,Kathy,Vargas,Innocent Age Heart Pattern,Two Dimensional,Photograph,Photo Print ,24 x 20,Arts & Culture,Photo of a child in a frame standing in fronnt of a building. Hearts on a screen above. ,,,2006,2017.0,Centro de Artes Cost Center,Artist ,Centro de Artes ,Centro de Artes ,101 S Santa Rosa Ave,78207,-98.49853,29.42534,1,"Individual Landmark 
Downtown Design Area",Storage,Yes,1900373488,300,1000,2019.0,,No,,,Latina / o,,Woman,,,,,
241,2018.VAR.4,,CE - Interior,Yes,1048234,Kathy,Vargas,Innocent Age 2,Two Dimensional,Photograph,Photo Print ,24 x 20,Arts & Culture,"Photo of Mission at the left of the image, faint strip of red vertically across the image. ",,,2006,2017.0,Centro de Artes Cost Center,Artist ,Centro de Artes ,Centro de Artes ,101 S Santa Rosa Ave,78207,-98.49853,29.42534,1,"Individual Landmark 
Downtown Design Area",Storage,Yes,1900373488,300,1000,2019.0,,No,,,Latina / o,,Woman,,,,,
242,2018.VAR.3,,CE - Interior,Yes,1048233,Kathy,Vargas,Innocent Age 1,Two Dimensional,Photograph,Photo Print ,24 x 20,Arts & Culture,Photo of a child laying on a yellow blanket. Another figure laying further back on yellow blanket. ,,,2006,2017.0,Centro de Artes Cost Center,Artist ,Centro de Artes ,Centro de Artes,101 S Santa Rosa Ave,78207,-98.49853,29.42534,1,"Individual Landmark 
Downtown Design Area",Storage,Yes,1900373488,300,1000,2019.0,,No,,,Latina / o,,Woman,,,,,
243,2018.VAR.2,,CE - Interior,Yes,1048232,Kathy,Vargas,Innocent Age (Pinata Party),Two Dimensional,Photograph,Photo Print ,24 x 20,Arts & Culture,People standing outside a home. A child holding a piñata stick ready to hit piñata. Image of roses below. grouping of people. ,"1st Floor, Reception Room ",,2006,2017.0,Centro de Artes Cost Center,Artist ,City Hall,City Hall,100 Military Plaza,78205,-98.49513,29.42463,1,"
Main/Military Plaza
Individual Landmark
RIO-7B
Downtown Design Area",Indoor - Restricted,Yes,1900373488,300,1000,2017.0,,No,,,Latina / o,,Woman,,,,,
244,2018.VAR.1,,CE - Interior,Yes,1048231,Kathy,Vargas,Innocent Age (Child With Horse) ,Two Dimensional,Photograph,Photo Print ,24 x 20,Arts & Culture,Image of child on horse.,"1st Floor, Reception Room ",,2006,2017.0,Centro de Artes Cost Center,Artist ,City Hall,City Hall,100 Military Plaza,78205,-98.49513,29.42463,1,"
Main/Military Plaza
Individual Landmark
RIO-7B
Downtown Design Area",Indoor - Restricted,Yes,1900373488,300,1000,2017.0,,No,,,Latina / o,,Woman,,,,,
245,2018.VAR.1,,Public Art - Interior,Yes,,Kathy,Vargas,Corazon de Luto,Two Dimensional,Print,Lithograph,"18 x 13 3/4""; 24 1/4 x 20 1/4"" framed",Library,Framed lithograph,"1st Floor, Latino Collection & Resource Center",,,2017.0,Donation,Harriett & Ricardo Romo,Central Library ,Central Library ,600 Soledad Street ,78205,-98.492909,29.43247,1,"RIO-3
RIO-7A Downtown Design Area
Individual Landmark",Indoor-Display,Yes,,,1200,2017.0,,No,,,,,,,,,,
246,2018.VALDE.1,,CE - Interior,Yes,1048090,Vincent ,Valdez,Two Thousand Seventeen (7/10),Two Dimensional,Works on Paper,Etching,11 x 17 in. ,Arts & Culture,"Image of US flag in black and white at center, shaded background.","1st Floor, Gallery/Conf. Room",,2017,2017.0,Centro de Artes Cost Center,Artist ,City Hall,City Hall,100 Military Plaza,78205,-98.49513,29.42463,1,"
Main/Military Plaza
Individual Landmark
RIO-7B
Downtown Design Area",Indoor - Restricted,Yes,1900373485,600,1200,2019.0,,No,,,Latina / o,,Man,,,,,
247,2018.SWE.1.1,,Public Art - Interior,Yes,,Gary,Sweeney,The Story of Civilization,Two Dimensional,Painting,Mixed media: found signs,"9' 5"" x 30'
10' x 23'5""",Convention & Sports Facilities,"Two signs. Weathered commercial signage is used to recreate the first two paragraphs from ""The Story of Civilization.""","Across from meeting room 305, near escalator ",,2003,2018.0,Non-Bond (Convention Center),Gary Sweeny (Acquisition) ,Convention Center,Convention Center,900 E Market Street,78205,-98.48324,29.42044,1,"RIO-3
Downtown Design Area 
Hemisfair",Indoor - Display,Yes,4500415232,57000,60000,2018.0,2017 Convention Center Expansion Project,No,Curated by Ruben Cordova ,Kenny Warren ,White ,,Man ,No,No,No,Bexar County,
248,2018.STR.1,,CE - Interior,Yes,1048238,Hiromi,Stringer,We Were There (The Pershing Chinese and His Soldiers),Two Dimensional,Works on Paper,"Watercolor, graphite, pastel and pigment powder on paper",16 x 22 inches,Arts & Culture,"Abstract painting embellished with silhouettes of birds across image. Words embossed ""towels, hot liquid, soap, coffee, laundry, doughnuts, etc.""",Acquired for St. Anthony's Lost & Found Exhibition ,,2017,2017.0,Centro de Artes Cost Center,Cinnabar Gallery,Plaza de Armas,Plaza de Armas,115 Plaza de Armas,78205,-98.495663,29.424561,1,"Main / Military Plaza 
RIO-7b
Indvidual Landmark
Downtown Design Area",Storage,Yes,1900373477,1000,1500,2019.0,,No,,,Asian / Asian American,,Woman ,No,No,No,7,
249,2018.SOT.1.5,,CE - Interior,Yes,1048081,Jose ,Sotelo,Portal,Two Dimensional,Drawing,Graphite on paper,42 x 45 inches,Arts & Culture,Drawing in black and white of ornate window. ,"CAO Office
Acquired for Entre La Sombra Exhibition
",,2017,2017.0,Centro de Artes Cost Center,Artist ,City Hall,City Hall,100 Military Plaza,78205,-98.49513,29.42463,1,"
Main/Military Plaza
Individual Landmark
RIO-7B
Downtown Design Area",Indoor - Restricted,Yes,Non-PO,2000,2000,2017.0,,No,,,Latina / o,,Man ,,,,,
250,2018.SOT.1.4,,CE - Interior,Yes,1048053,Jose ,Sotelo,White Tailed Deer,Two Dimensional,Drawing,graphite on paper,13 x 17 inches,Arts & Culture,Drawing in black and white of deer at center and cactus on bottom corners.,"Plaza de Armas, 2nd Floor, Conference Room 
Acquired for St. Anthony's Lost & Found Exhibition",,2017,2017.0,Unknown ,Artist ,Plaza de Armas,Plaza de Armas,115 Plaza de Armas,78205,-98.495663,29.424561,1,"Main / Military Plaza 
RIO-7b
Indvidual Landmark
Downtown Design Area",Indoor - Restricted,Yes,Unknown,1000,1000,2017.0,,No,,,Latina / o,,Man ,,,,,
251,2018.SOT.1.3,,CE - Interior,Yes,1048054,Jose ,Sotelo,Mountain Lion,Two Dimensional,Drawing,graphite on paper,13 x 17 inches,Arts & Culture,Drawing in black and white of mountain lion at center and cactus on bottom corners.,"Plaza de Armas, 2nd Floor, Conference Room 
Acquired for St. Anthony's Lost & Found Exhibition",,2017,2017.0,Unknown ,Artist ,Plaza de Armas,Plaza de Armas,115 Plaza de Armas,78205,-98.495663,29.424561,1,"Main / Military Plaza 
RIO-7b
Indvidual Landmark
Downtown Design Area",Indoor - Restricted,Yes,Unknown,1000,1000,2017.0,,No,,,Latina / o,,Man ,,,,,
252,2018.SOT.1.2,,CE - Interior,Yes,1048055,Jose ,Sotelo,Golden Cheeked Warbler,Two Dimensional,Drawing,graphite on paper,13 x 17 inches,Arts & Culture,Drawing in black and white of bird at center and cactus on bottom corners.,"Plaza de Armas, 2nd Floor, Conference Room 
Acquired for St. Anthony's Lost & Found Exhibition",,2017,2017.0,Unknown ,Artist ,Plaza de Armas,Plaza de Armas,115 Plaza de Armas,78205,-98.495663,29.424561,1,"Main / Military Plaza 
RIO-7b
Indvidual Landmark
Downtown Design Area",Indoor - Restricted,Yes,Unknown,1000,1000,2017.0,,No,,,Latina / o,,Man ,,,,,
253,2018.SOT.1.1,,CE - Interior,Yes,1048052,Jose ,Sotelo,Dinosaur Tracks,Two Dimensional,Drawing,graphite on paper,13 x 17 inches,Arts & Culture,"Drawing in black and white, sign ""help save these dinosaur tracks from extinction"" at center, dinosaur tracks along the middle of drawing  and cactus on bottom corners.","Plaza de Armas, 2nd Floor, Conference Room 
Acquired for St. Anthony's Lost & Found Exhibition",,2017,2017.0,Unknown ,Artist ,Plaza de Armas,Plaza de Armas,115 Plaza de Armas,78205,-98.495663,29.424561,1,"Main / Military Plaza 
RIO-7b
Indvidual Landmark
Downtown Design Area",Indoor - Restricted,Yes,Unknown,1000,1000,2017.0,,No,,,Latina / o,,Man ,,,,,
254,2018.SHI.1.1-12,,Public Art - Interior,Yes,,Ethel ,Shipton,Moments Series ,Two Dimensional,Painting ,Vinyl on wood panel,"Various 8"" x 11"" to 8"" x 17""",Convention & Sports Facilities,"Series reflects Shipton's goal to complete 1,440 images panels, each representing a momentary thought accounting for the minutes that constitute a single day. ",Long hallway between N. entry lobby and Broken Crust Cafe inside 5 booths ,,2016,2018.0,Non-Bond (Convention Center),Ruiz-Healy Gallery (Acquisition) ,Convention Center,Convention Center,900 E Market Street,78205,-98.48324,29.42044,1,"RIO-3
Downtown Design Area 
Hemisfair",Indoor - Display,Yes,4500415235,4658,345,2018.0,2017 Convention Center Expansion Project,No,Curated by Ruben Cordova ,Kenny Warren ,,,,,,,"San Antonio, TX",
255,2018.ROD.3,,Public Art - Interior,Yes,,Angel,Rodríguez-Díaz,Reunion,Two Dimensional,Painting,Oil and acrylic on canvas,"36"" x 48""",Convention & Sports Facilities,The artist playfully depicts himself wearing a mariachi hat in a self-portrait that suggests mirrors function as doors to other realms. ,Pre-function space at room 221A,,2008,2018.0,Non-Bond (Convention Center),Angel Rodríguez-Díaz (Acquisition),Convention Center,Convention Center,900 E Market Street,78205,-98.48324,29.42044,1,"RIO-3
Downtown Design Area 
Hemisfair",Indoor - Display,Yes,4500415234,7500,7500,2018.0,2017 Convention Center Expansion Project,No,Curated by Ruben Cordova ,Kenny Warren ,Latina / o ,,Man ,,,,"San Antonio,  TX",
256,2018.ROD.2.4,,Public Art - Interior,Yes,,Angel ,Rodríguez-Díaz,Underwater Garden,Two Dimensional,Digital print,Cotton rag paper ,"13"" x 60"" ",Convention & Sports Facilities,"These panoramic prints explore the diversity of landscapes, from arid desert to the tropical rainforest. ",Long hallway between N. entry lobby and Broken Crust Cafe,,2014,2018.0,Non-Bond (Convention Center),Angel Rodríguez-Díaz (Acquisition),Convention Center,Convention Center,900 E Market Street,78205,-98.48324,29.42044,1,"RIO-3
Downtown Design Area 
Hemisfair",Indoor - Display,Yes,4500415234,2200,2200,2018.0,2017 Convention Center Expansion Project,No,Curated by Ruben Cordova ,Kenny Warren ,Latina / o ,,Man ,,,,"San Antonio,  TX",
257,2018.ROD.2.3,,Public Art - Interior,Yes,,Angel,Rodríguez-Díaz,Purple Landscape,Two Dimensional,Digital print,Cotton rag paper ,"13"" x 60"" ",Convention & Sports Facilities,"These panoramic prints explore the diversity of landscapes, from arid desert to the tropical rainforest.",Long hallway between N. entry lobby and Broken Crust Cafe,,2014,2018.0,Non-Bond (Convention Center),Angel Rodríguez-Díaz (Acquisition),Convention Center,Convention Center,900 E Market Street,78205,-98.48324,29.42044,1,"RIO-3
Downtown Design Area 
Hemisfair",Indoor - Display,Yes,4500415234,2200,2200,2018.0,2017 Convention Center Expansion Project,No,Curated by Ruben Cordova ,Kenny Warren ,Latina / o ,,Man ,,,,"San Antonio,  TX",
258,2018.ROD.2.2,,Public Art - Interior,Yes,,Angel,Rodríguez-Díaz,Tropical Landscape,Two Dimensional,Digital print,Cotton rag paper ,"13"" x 60"" ",Convention & Sports Facilities,"These panoramic prints explore the diversity of landscapes, from arid desert to the tropical rainforest. ",Long hallway between N. entry lobby and Broken Crust Cafe,,2014,2018.0,Non-Bond (Convention Center),Angel Rodríguez-Díaz (Acquisition),Convention Center,Convention Center,900 E Market Street,78205,-98.48324,29.42044,1,"RIO-3
Downtown Design Area 
Hemisfair",Indoor - Display,Yes,4500415234,2200,2200,2018.0,2017 Convention Center Expansion Project,No,Curated by Ruben Cordova ,Kenny Warren ,Latina / o ,,Man ,,,,"San Antonio,  TX",
259,2018.ROD.2.1,,Public Art - Interior,Yes,,Angel,Rodríguez-Díaz,Desert Landscape,Two Dimensional,Digital print,Cotton rag paper ,"13"" x 60"" ",Convention & Sports Facilities,"These panoramic prints explore the diversity of landscapes, from arid desert to the tropical rainforest.",Long hallway between N. entry lobby and Broken Crust Cafe,,2014,2018.0,Non-Bond (Convention Center),Angel Rodríguez-Díaz (Acquisition),Convention Center,Convention Center,900 E Market Street,78205,-98.48324,29.42044,1,"RIO-3
Downtown Design Area 
Hemisfair",Indoor - Display,Yes,4500415234,2200,2200,2018.0,2017 Convention Center Expansion Project,No,Curated by Ruben Cordova ,Kenny Warren ,Latina / o ,,Man ,,,,"San Antonio,  TX",
260,2018.ROD.1,,CE - Interior,Yes,1048242,Elizabeth,Rodriguez,Dos Corazones,Two Dimensional,Painting,acrylic on canvas and wood ,44 x 66 inches,Arts & Culture,"Painting of a table setting, mole on plate, beans in a bowl, Mexican sweet bread on a blue plate and a cake on another plate. Peacock and cactus figures on table. ",Acquired for Entre La Sombra Exhibition,,2017,2017.0,Centro de Artes Cost Center,Artist ,,District 7 Field Office ,"4414 Centerview Dr., Ste. 160",78228,-98.569004,29.487731,7,No,Indoor - Restricted,Yes,1900377209,500,4500,2020.0,,No,,,Latina / o,,Woman ,,,,,
261,2018.PUT.1,,Public Art - Interior,Yes,,Margaret,Putnam,The Glorious Saga of Spain ,Two Dimensional,Painting,Oil on canvas mounted on 5 wood panels,"132"" x 216""",Convention & Sports Facilities,Painting focusing on the historic role Spain played in the history of San Antonio. Depicts Queen Isabella I and King Ferdinand II alongside Christopher Columbus.,Left to the entrance to Hemisfair Ballroom,,1968,2018.0,Donation,Gift of Zachry Corporation to the City of San Antonio for the Tricentennial,Convention Center,Convention Center,900 E Market Street,78205,-98.48324,29.42044,1,"RIO-3
Downtown Design Area 
Hemisfair",Indoor - Display,Yes,,170000,170000,2018.0,2017 Convention Center Expansion Project,No,Curated by Ruben Cordova ,Kenny Warren ,,,,,,,,
262,2018.PERE.1,,CE - Interior,Yes,1048212,Kristy ,Perez,First in the Field,Two Dimensional,Photograph,Pen on Fabriano paper,24 x 29.25 in.,Arts & Culture,"Drawing in black and white of a silhouette on a round disc and the words ""30th WAAC Fort Sam Houston, Texas"" written around the edge. US flag and banner below and to the right of disc.",,,2018,2018.0,Centro de Artes Cost Center,Artist ,Centro de Artes ,Centro de Artes ,101 S Santa Rosa Ave,78207,-98.49853,29.42534,1,"Individual Landmark 
Downtown Design Area",Storage,Yes,4500420157,3000,3500,2020.0,,No,,,Latina / o,,Woman,,,,,
263,2018.PER.1,,CE - Interior,Yes,1048163,Kristy ,Perez,Manuela,Two Dimensional,Drawing,Pen on Paper,16 x 22 inches,Arts & Culture,"Black and white drawing of tree nut clipping with a banner that says ""Gracias Manuela""",3rd floor lounge,,2017,2017.0,Centro de Artes Cost Center,Artist ,City Hall,City Hall,100 Military Plaza,78205,-98.49513,29.42463,1,"
Main/Military Plaza
Individual Landmark
RIO-7B
Downtown Design Area",Indoor - Restricted,Yes,1900372243,2200,2700,2019.0,,No,,,Latina / o,,Woman,,,,,
264,2018.ORTE.3,2018.ORTE.1.3,CE - Interior,Yes,1048241,Tony,Ortega,La Marcha de Lupe Liberty ,Two Dimensional,Works on Paper,Works on Paper,20.5H x 16.5W In.,Arts & Culture,"Virgin Mary posed at Statue of Liberty wearing typical virgen cloak while figures below march, some holding US flags",,,2006,2018.0,Centro de Artes Cost Center,Say Si,Plaza de Armas,Plaza de Armas,115 Plaza de Armas,78205,-98.495663,29.424561,1,"Main / Military Plaza 
RIO-7b
Indvidual Landmark
Downtown Design Area",Storage ,Yes,4500419813,500,1200,2019.0,,No,,,Latina / o,,Man ,,,,,
265,2018.ORTE..2,2018.ORTE.1.2,CE - Interior,Yes,1048240,Tony,Ortega,La Marcha de Ernesto Che Lincoln,Two Dimensional,Works on Paper,Works on Paper,20.5H x 16.5W In.,Arts & Culture,"Image of Lincoln like statue with cigar in mouth and figures marching below, holding US flag.",,,2010,2018.0,Centro de Artes Cost Center,Say Si,Plaza de Armas,Plaza de Armas,115 Plaza de Armas,78205,-98.495663,29.424561,1,"Main / Military Plaza 
RIO-7b
Indvidual Landmark
Downtown Design Area",Storage ,Yes,4500419813,700,1200,2019.0,,No,,,Latina / o,,Man ,,,,,
266,2018.ORTE..1,2018.ORTE.1.1,CE - Interior,Yes,1048239,Tony,Ortega,La Marcha de Los Desvalidos,Two Dimensional,Works on Paper,Works on Paper,20.5H x 16.5W In.,Arts & Culture,Image of Mount Rushmore with other people carved into the mountain. Marchers below holding US flags.,,,2014,2018.0,Centro de Artes Cost Center,Say Si,Plaza de Armas,Plaza de Armas,115 Plaza de Armas,78205,-98.495663,29.424561,1,"Main / Military Plaza 
RIO-7b
Indvidual Landmark
Downtown Design Area",Storage ,Yes,4500419813,500,1200,2019.0,,No,,,Latina / o,,Man ,,,,,
267,2018.ORT.1,,Public Art - Exterior,Yes,,Cruz ,Ortiz,Dream Song Tower,Three Dimensional ,Sculpture,"Painted steel tubing, plasma cut steel",60' H,Public Works ,A teepee like painted steel structure featuring symbols of Mexican American folklore.,,,2018,2018.0,CDBG Grant,,,IH35 South and Zarzamora Median,7550 S Zarzamora ,78224,-98.533959,29.351274,4,No,Outdoor - Display,Yes,,360000,300000,,,Yes,Terra Design Group ,Artist Fab: Flying Carpet Creative,Latina / o,,Man,,,,,
268,2018.ORT.1,,Public Art - Interior,Yes,,Cruz,Ortiz,Mi Terco Corazon Nunca Aprendio,Two Dimensional,Painting,Oil,"48 x 46 3/4""",Library,Oil on canvas,"1st Floor, Latino Collection & Resource Center",,,2017.0,Donation,Harriett & Ricardo Romo,Central Library ,Central Library ,600 Soledad Street ,78205,-98.492909,29.43247,1,"RIO-3
RIO-7A Downtown Design Area
Individual Landmark",Indoor-Display,,,,10000,2017.0,,No,,,Latina / o ,,Man ,,,,,
269,2018.OLS.6,,CE - Interior,Yes,1048162,Dennis,Olsen ,Pentimento VIII,Two Dimensional,Works on Paper,Watercolor Monotype ,27.5 x 27.5 inches,Arts & Culture,Earthy tone building with green door in wooded frame.,C-Room ,,1991,2018.0,Unknown ,Artist,Municipal Plaza,Municipal Plaza Building ,114 West Commerce,78205,-98.493886,29.424944,1,"Main / Military Plaza
Individual Landmark
Downtown Design Area",Indoor - Restricted,Yes,Unknown,2200,2200,2019.0,,No,,,White ,,Man ,,,,,
270,2018.OLS.5,,CE - Interior,Yes,1048161,Dennis,Olsen ,Pentimento VI,Two Dimensional,Works on Paper,Watercolor Monotype ,27.5 x 27.5 inches,Arts & Culture,House like shape with 2 green columns and a red stripe at top of painting. ,C-Room ,,1991,2018.0,Unknown ,Artist,Municipal Plaza,Municipal Plaza Building ,114 West Commerce,78205,-98.493886,29.424944,1,"Main / Military Plaza
Individual Landmark
Downtown Design Area",Indoor - Restricted,Yes,Unknown,2200,2200,2019.0,,No,,,White ,,Man ,,,,,
271,2018.OLS.4,,CE - Interior,Yes,1048160,Dennis,Olsen ,Esercizio,Two Dimensional,Works on Paper,Watercolor Monotype ,27.5 x 27.5 inches,Arts & Culture,Black background with gold squiggly lines horizontally painted over background. ,C-Room ,,2004,2018.0,Unknown ,Artist,Municipal Plaza,Municipal Plaza Building ,114 West Commerce,78205,-98.493886,29.424944,1,"Main / Military Plaza
Individual Landmark
Downtown Design Area",Indoor - Restricted,Yes,Unknown,1800,1800,2019.0,,No,,,White ,,Man ,,,,,
272,2018.OLS.3,,CE - Interior,Yes,1048159,Dennis,Olsen ,Da Cosa Nasce Cosa VII,Two Dimensional,Works on Paper,Watercolor Monotype ,27.5 x 27.5 inches,Arts & Culture,Black background with varying shaped objects in gold and grey with light yellow dot in each shape.,C-Room ,,2006,2018.0,Unknown ,Artist,Municipal Plaza,Municipal Plaza Building ,114 West Commerce,78205,-98.493886,29.424944,1,"Main / Military Plaza
Individual Landmark
Downtown Design Area",Indoor - Restricted,Yes,Unknown,1800,1800,2019.0,,No,,,White ,,Man ,,,,,
273,2018.OLS.2,,CE - Interior,Yes,1048158,Dennis,Olsen ,Da Cosa Nasce Cosa VI,Two Dimensional,Works on Paper,Watercolor Monotype ,27.5 x 27.5 inches,Arts & Culture,"Black background with 9 varying shaped objects in green, white blue and purple.",C-Room ,,2006,2018.0,Unknown ,Artist,Municipal Plaza,Municipal Plaza Building ,114 West Commerce,78205,-98.493886,29.424944,1,"Main / Military Plaza
Individual Landmark
Downtown Design Area",Indoor - Restricted,Yes,Unknown,1800,1800,2020.0,,No,,,White ,,Man ,,,,,
274,2018.OLS.1,,CE - Interior,Yes,1048157,Dennis,Olsen ,Chiesa ,Two Dimensional,Works on Paper,Watercolor Monotype ,27.5 x 27.5 inches,Arts & Culture,Yellow background with a green structure prominant at center of painting.,C-Room ,,2000,2018.0,Unknown ,Artist,Municipal Plaza,Municipal Plaza Building ,114 West Commerce,78205,-98.493886,29.424944,1,"Main / Military Plaza
Individual Landmark
Downtown Design Area",Indoor - Restricted,Yes,Unknown,1800,1800,2019.0,,No,,,White ,,Man ,,,,,
275,2018.OCO.1,,Public Art - Interior,Yes,,Kelly ,O'Connor,In Real Life,Two Dimensional,Digital print,High resolution digital print on vinyl on metal frame,"144"" x 432""",Convention & Sports Facilities,A collage that has been enlarged uses sourced vintage photographs to create a dizzying post-utopian landscape.,Long hallway between N. entry lobby and Broken Crust Cafe,,2015,2018.0,Non-Bond (Convention Center),Kelly O'Connor (Acquisition),Convention Center,Convention Center,900 E Market Street,78205,-98.48324,29.42044,1,"RIO-3
Downtown Design Area 
Hemisfair",Indoor - Display,Yes,4500414552,7500,7500,2018.0,2017 Convention Center Expansion Project,No,Curated by Ruben Cordova ,Kenny Warren ,White ,,Woman,,,,"San Antonio, TX",
276,2018.MUN.1,,Public Art - Exterior,Yes,,Daniel,Muñoz,25 Windows and a Frame,Two Dimensional,Mural,Paint,Various,Hemisfair,Painted mural on Magik Theatre in window openings and fly wall façade,"Beethoven Hall, Magik Theatre.
Tricentennial Project",,2018,2018.0,2012 Bond Program,,Hemisfair ,Hemisfair,420 S Alamo St,78205,-98.48782,29.41999,1,"Hemisfair
RIO-3
Downtown Design Area",Outdoor - Display,Yes,,,20000,,,Yes,,,,,Man ,,,,,Spain
277,2018.MOR.9,,CE - Interior,Yes,1048045,Juan de Dios,Mora,Montando a la Escoba Voladora,Two Dimensional,Works on Paper,Linocut print,33.5 x 23.5 in .,Arts & Culture,Black and white print of man riding broom.,"Plaza de Armas, 2nd Floor",,2010,2018.0,Unknown ,Artist ,Plaza de Armas,Plaza de Armas,115 Plaza de Armas,78205,-98.495663,29.424561,1,"Main / Military Plaza 
RIO-7b
Indvidual Landmark
Downtown Design Area",Indoor - Restricted,Yes,Unknown,1500,1500,2019.0,,No,,,,,,,,,,
278,2018.MOR.8,,CE - Interior,Yes,1048044,Juan de Dios,Mora,La Dust Demonia,Two Dimensional,Works on Paper,Linocut print,25.25 x 33.5 in. ,Arts & Culture,Black and white print of man riding bull with lasso in hand. Banner inscribed La Dust Demonia at top right.,"Plaza de Armas, 2nd Floor",,2011,2018.0,Unknown ,Artist ,Plaza de Armas,Plaza de Armas,115 Plaza de Armas,78205,-98.495663,29.424561,1,"Main / Military Plaza 
RIO-7b
Indvidual Landmark
Downtown Design Area",Indoor - Restricted,Yes,Unknown,1500,1500,2019.0,,No,,,,,,,,,,
279,2018.MOR.7,,CE - Interior,Yes,1048083,Juan de Dios,Mora,Cowboy Print,Two Dimensional,Works on Paper,Linocut print,15 x 11 in. ,Arts & Culture,"Multi colored print of cowboy in boots and microphone in hand, bottle in other.",,,2016,2018.0,Unknown ,Artist ,Centro de Artes ,Centro de Artes ,101 S Santa Rosa Ave,78207,-98.49853,29.42534,1,"Individual Landmark 
Downtown Design Area",Storage,Yes,Unknown,500,500,2019.0,,No,,,,,,,,,,
280,2018.MOR.6,,CE - Interior,Yes,1048048,Juan de Dios,Mora,Triston,Two Dimensional,Works on Paper,Linocut print,12 x 10 in. ,Arts & Culture,Black and white print of rooster wearing mask. White background with a black border in oval shape framing the rooster. ,"Plaza de Armas, 2nd Floor",,2017,2018.0,Unknown ,Artist ,Plaza de Armas,Plaza de Armas,115 Plaza de Armas,78205,-98.495663,29.424561,1,"Main / Military Plaza 
RIO-7b
Indvidual Landmark
Downtown Design Area",Indoor - Restricted,Yes,Unknown,300,300,2019.0,,No,,,,,,,,,,
281,2018.MOR.5,,CE - Interior,Yes,1048049,Juan de Dios,Mora,Muecas,Two Dimensional,Works on Paper,Linocut print,12 x 10 in. ,Arts & Culture,Black and white print of rooster with mask on black background.,"Plaza de Armas, 2nd Floor",,2017,2018.0,Unknown ,Artist ,Plaza de Armas,Plaza de Armas,115 Plaza de Armas,78205,-98.495663,29.424561,1,"Main / Military Plaza 
RIO-7b
Indvidual Landmark
Downtown Design Area",Indoor - Restricted,Yes,Unknown,300,300,2019.0,,No,,,,,,,,,,
282,2018.MOR.4,,CE - Interior,Yes,1048050,Juan de Dios,Mora,Lloron,Two Dimensional,Works on Paper,Linocut print,9 x 8 in. ,Arts & Culture,Black and white print of rooster with mask on. ,"Plaza de Armas, 2nd Floor",,2017,2018.0,Unknown ,Artist ,Plaza de Armas,Plaza de Armas,115 Plaza de Armas,78205,-98.495663,29.424561,1,"Main / Military Plaza 
RIO-7b
Indvidual Landmark
Downtown Design Area",Indoor - Restricted,Yes,Unknown,300,300,2018.0,,No,,,,,,,,,,
283,2018.MOR.3,,CE - Interior,Yes,1048047,Juan de Dios,Mora,Griton,Two Dimensional,Works on Paper,Linocut print,11 x 7 1/2 in. ,Arts & Culture,Multi colored print of head in green mask screaming.,"Plaza de Armas, 2nd Floor",,2012,2018.0,Unknown ,Artist ,Plaza de Armas,Plaza de Armas,115 Plaza de Armas,78205,-98.495663,29.424561,1,"Main / Military Plaza 
RIO-7b
Indvidual Landmark
Downtown Design Area",Indoor - Restricted,Yes,Unknown,300,300,2017.0,,No,,,,,,,,,,
284,2018.MOR.2,,CE - Interior,Yes,1048051,Juan de Dios,Mora,El Diente Alfilado,Two Dimensional,Works on Paper,Linocut print,9 x 7 in. ,Arts & Culture,"Print of man's face in purple mask, pointy, sharp teeth.","Plaza de Armas, 2nd Floor",,2012,2018.0,Unknown ,Artist ,Plaza de Armas,Plaza de Armas,115 Plaza de Armas,78205,-98.495663,29.424561,1,"Main / Military Plaza 
RIO-7b
Indvidual Landmark
Downtown Design Area",Indoor - Restricted,Yes,Unknown,300,300,2019.0,,No,,,,,,,,,,
285,2018.MOR.10,,CE - Interior,Yes,1048156,Juan de Dios,Mora,No Me Falles Vaca,Two Dimensional,Works on Paper,Linocut,30 x 39 inches,Arts & Culture,"Black and white print of man in buggy with eagle at front of buggy roof, bull pulling buggy.",,,2017,2017.0,Centro de Artes Cost Center,Artist ,Plaza de Armas,Plaza de Armas,115 Plaza de Armas,78205,-98.495663,29.424561,1,"Main / Military Plaza 
RIO-7b
Indvidual Landmark
Downtown Design Area",undetermined,Yes,1900371651,800,1500,2019.0,,No,,,,,,,,,,
286,2018.MOR.1,,CE - Interior,Yes,1048046,Juan de Dios,Mora,Chapallo Luchon,Two Dimensional,Works on Paper,Works on Paper,11 1/4 in. x 11 in. ,Arts & Culture,"Multi colored print of figure, wrestler in red mask.","Plaza de Armas, 2nd Floor",,TBD,2018.0,Centro de Artes Cost Center,Artist ,Plaza de Armas,Plaza de Armas,115 Plaza de Armas,78205,-98.495663,29.424561,1,"Main / Military Plaza 
RIO-7b
Indvidual Landmark
Downtown Design Area",undetermined,Yes,Unknown,300,300,2019.0,,No,,,,,,,,,,
287,2018.MOJ.A.4,,CE - Interior,Yes,1048041,Abraham ,Mojica,Whopper Burger,Two Dimensional,Painting,Acrylic on Canvas,36 x 40 inches,Arts & Culture,"Painting of man wearing chef's hat and white coat with red trim and red buttons. The words ""Whopper Burger Drive thru"" ","Plaza de Armas, 2nd Floor
Acquired for St. Anthony's Lost & Found Exhibition ",,2017,2018.0,Centro de Artes Cost Center,Artist ,Plaza de Armas,Plaza de Armas,115 Plaza de Armas,78205,-98.495663,29.424561,1,"Main / Military Plaza 
RIO-7b
Indvidual Landmark
Downtown Design Area",Indoor - Restricted,Yes,1900379490,1400,3000,2018.0,,No,,,Latina / o ,,Man ,,,,,
288,2018.MOJ.A.3,,CE - Interior,Yes,1048040,Abraham ,Mojica,Miller's Bar B-Q,Two Dimensional,Painting,Acrylic on Canvas,36 x 40 inches,Arts & Culture,"Woman wearing white apron and purple blouse, standing in front of building with sign that says Miller's Bar B Q.","Plaza de Armas, 2nd Floor
Acquired for St. Anthony's Lost & Found Exhibition ",,2017,2018.0,Centro de Artes Cost Center,Artist ,Plaza de Armas,Plaza de Armas,115 Plaza de Armas,78205,-98.495663,29.424561,1,"Main / Military Plaza 
RIO-7b
Indvidual Landmark
Downtown Design Area",Indoor - Restricted,Yes,1900379490,1400,3000,2020.0,,No,,,Latina / o ,,Man ,,,,,
289,2018.MOJ.A.2,,CE - Interior,Yes,1048042,Abraham ,Mojica,Mario's ,Two Dimensional,Painting,Acrylic on Canvas,36 x 40 inches,Arts & Culture,"Parking lot and restaurant sign ""Maria's"" building on right of painting.","Plaza de Armas, 2nd Floor
Acquired for St. Anthony's Lost & Found Exhibition ",,2017,2018.0,Centro de Artes Cost Center,Artist ,Plaza de Armas,Plaza de Armas,115 Plaza de Armas,78205,-98.495663,29.424561,1,"Main / Military Plaza 
RIO-7b
Indvidual Landmark
Downtown Design Area",Indoor - Restricted,Yes,1900379490,1400,3000,2020.0,,No,,,Latina / o ,,Man ,,,,,
290,2018.MOJ.A.1,,CE - Interior,Yes,1048043,Abraham ,Mojica,Childress Memorial Church of God in Christ,Two Dimensional,Painting,Acrylic on Canvas,36 x 40 inches,Arts & Culture,Painting of church with red sign sitting at corner of intersection. ,"Plaza de Armas, 2nd Floor
Acquired for St. Anthony's Lost & Found Exhibition ",,2017,2018.0,Centro de Artes Cost Center,Artist ,Plaza de Armas,Plaza de Armas,115 Plaza de Armas,78205,-98.495663,29.424561,1,"Main / Military Plaza 
RIO-7b
Indvidual Landmark
Downtown Design Area",Indoor - Restricted,Yes,1900374892,700,3000,2019.0,,No,,,Latina / o ,,Man ,,,,,
291,2018.MOJ.1,,CE - Interior,Yes,1048189,Abraham,Mojica,Sky Traveler,Two Dimensional,Painting,Acrylic and oil on canvas,48 x 60 inches,Arts & Culture,Painting of white building with blue and gold sphere at top of tower. Numbers 1928 inscribed in top right. ,Acquired for City of Service Exhibition,,2018,2018.0,Centro de Artes Cost Center,Artist ,Plaza de Armas,Plaza de Armas,115 Plaza de Armas,78205,-98.495663,29.424561,1,"Main / Military Plaza 
RIO-7b
Indvidual Landmark
Downtown Design Area",Indoor - Restricted,Yes,4500420163,2700,5000,2017.0,,No,,,Latina / o ,,Man ,,,,,
292,2018.MIJ.7,,CE - Interior,Yes,1048033,Alberto ,Mijangos,T-Shirt Series Untitled (Path Marked by Stars),Two Dimensional,Painting,Mixed media on canvas,55 x 43 in. ,Arts & Culture,Black rectangle and two light colored squares on each side. ,1st Floor Gallery/Conf. Room ,,1989,2019.0,Director's Office OP Support,Mijangos Estate,City Hall,City Hall,100 Military Plaza,78205,-98.49513,29.42463,1,"
Main/Military Plaza
Individual Landmark
RIO-7B
Downtown Design Area",Indoor - Restricted,Yes,4500422335,12500,12500,2018.0,,No,,,Latina / o,,Man,,,,,
293,2018.MIJ.6,,CE - Interior,Yes,1048039,Alberto ,Mijangos,Meditation on Gestures aka Meditation Cycles,Two Dimensional,Painting,Mixed media on canvas,48 x 48 in. ,Arts & Culture,Abstract in black and shades of red.,"1st Floor, Reception Room ",,1997,2019.0,Director's Office OP Support,Mijangos Estate,City Hall,City Hall,100 Military Plaza,78205,-98.49513,29.42463,1,"
Main/Military Plaza
Individual Landmark
RIO-7B
Downtown Design Area",Indoor - Restricted,Yes,4500422335,10000,10000,2018.0,,No,,,Latina / o,,Man,,,,,
294,2018.MIJ.5,,CE - Interior,Yes,1048038,Alberto ,Mijangos,Flag Series (untitled),Two Dimensional,Painting,Mixed media on canvas,38 x 27 in. ,Arts & Culture,"Painting of white square, green, white and red flad in center, wood frame.",2nd Floor - Hall near conf. room,,ca. 1995,2019.0,Director's Office OP Support,Mijangos Estate,City Hall,City Hall,100 Military Plaza,78205,-98.49513,29.42463,1,"
Main/Military Plaza
Individual Landmark
RIO-7B
Downtown Design Area",Indoor - Restricted,Yes,4500422335,5000,5000,2018.0,,No,,,Latina / o,,Man,,,,,
295,2018.MIJ.4,,CE - Interior,Yes,1048037,Alberto ,Mijangos,Untitled (T-shirt Series Yellow Belt) ,Two Dimensional,Painting,Mixed media on masonite,18 x 14 in. ,Arts & Culture,Abstract painting white paint on left and right and an x at bottom left.,,,ca. 1980,2019.0,Director's Office OP Support,Mijangos Estate,Centro de Artes ,Centro de Artes ,101 S Santa Rosa Ave,78207,-98.49853,29.42534,1,"Individual Landmark 
Downtown Design Area",Storage ,Yes,4500422335,4000,4000,2018.0,,No,,,Latina / o,,Man,,,,,
296,2018.MIJ.3,,CE - Interior,Yes,1048035,Alberto ,Mijangos,Untitled (T-shirt Series Striped Shirt) ,Two Dimensional,Painting,Mixed media on masonite,18 x 14 in. ,Arts & Culture,"Painting in red, purple, black and white blocks.",,,ca. 1980,2019.0,Director's Office OP Support,Mijangos Estate,Centro de Artes ,Centro de Artes ,101 S Santa Rosa Ave,78207,-98.49853,29.42534,1,"Individual Landmark 
Downtown Design Area",Storage ,Yes,4500422335,4000,4000,2018.0,,No,,,Latina / o,,Man,,,,,
297,2018.MIJ.2,,CE - Interior,Yes,1048036,Alberto ,Mijangos,Untitled (T-shirt Series IV),Two Dimensional,Painting,Mixed media on masonite,18 x 14 in. ,Arts & Culture,"Painting, black square, blue, gold and red painted atop.",,,1980,2019.0,Director's Office OP Support,Mijangos Estate,Centro de Artes ,Centro de Artes ,101 S Santa Rosa Ave,78207,-98.49853,29.42534,1,"Individual Landmark 
Downtown Design Area",Storage ,Yes,4500422335,4000,4000,2018.0,,No,,,Latina / o,,Man,,,,,
298,2018.MER.1.1-3,2018.MER.1.1,Public Art - Exterior,Yes,,Deborah,Mersky,Reverse Cornucopia,Two Dimensional,Architectural,Treated cut metal panels,Various,Solid Waste Management ,"Porcelain enamel and cut metal façade treatment at three locations: 
1. Admin building 
2. Wash building
3. Ice house",,,2018,2018.0,Certicates of Obligation ,,,Southeast Service Center,1318 SE Loop 410,78220,-98.38785,29.41043,2,No,Outdoor - Display,Yes,,300000,300000,,Southeast Service Center,Yes,,,,,Woman ,,,,,Texas
299,2018.MEN.6,,CE - Interior,No,1048095,Mark,Menjivar,Rico Torres,Two Dimensional,Photograph,Archival Media Print,32 x 40 ,Arts & Culture,Image of refrigerator with various grocery items contained inside. ,,,2016,2018.0,Unknown ,Artist,Centro de Artes ,Centro de Artes ,101 S Santa Rosa Ave,78207,-98.49853,29.42534,1,"Individual Landmark 
Downtown Design Area",Storage ,Yes,Unknown,2000,2000,2019.0,,No,,,Latina / o,,Man,,,,,
300,2018.MEN.5,,CE - Interior,Yes,1048092,Mark,Menjivar,Rebel Mariposa,Two Dimensional,Photograph,Archival Media Print,32 x 40 ,Arts & Culture,Image of refrigerator Organics milk and pedialyte on top shelf.,"1st Floor, Breakroom ",,2016,2018.0,Unknown ,,City Hall,City Hall,100 Military Plaza,78205,-98.49513,29.42463,1,"
Main/Military Plaza
Individual Landmark
RIO-7B
Downtown Design Area",Indoor - Restricted,Yes,Unknown,2000,2000,2019.0,,No,,,Latina / o,,Man,,,,,
301,2018.MEN.4,,CE - Interior,Yes,1048155,Mark,Menjivar,Johnny Hernandez,Two Dimensional,Photograph,Archival Media Print,32 x 40 ,Arts & Culture,"Image of refrigerator, Corona and bottles of wine inside.",,,2016,2018.0,Unknown ,Artist ,Plaza de Armas,Plaza de Armas,115 Plaza de Armas,78205,-98.495663,29.424561,1,"Main / Military Plaza 
RIO-7b
Indvidual Landmark
Downtown Design Area",Storage,Yes,Unknown,2000,2000,2019.0,,No,,,Latina / o,,Man,,,,,
302,2018.MEN.3,,CE - Interior,Yes,1048091,Mark,Menjivar,"Gerardo Calvillo, Mirasol and Soluna",Two Dimensional,Photograph,Archival Media Print,32 x 40 ,Arts & Culture,Image of refrigerator with various grocery items contained inside. ,,,2016,2018.0,Unknown ,Artist ,Centro de Artes ,Centro de Artes ,101 S Santa Rosa Ave,78207,-98.49853,29.42534,1,"Individual Landmark 
Downtown Design Area",Storage ,Yes,Unknown,2000,2000,2019.0,,No,,,Latina / o,,Man,,,,,
303,2018.MEN.2,,CE - Interior,Yes,1048093,Mark,Menjivar,Carino Cortez ,Two Dimensional,Photograph,Archival Media Print,32 x 40 ,Arts & Culture,Image of refrigerator with various grocery items contained inside.,,,2016,2018.0,Unknown ,Artist ,Centro de Artes ,Centro de Artes ,101 S Santa Rosa Ave,78207,-98.49853,29.42534,1,"Individual Landmark 
Downtown Design Area",Storage ,Yes,Unknown,2000,2000,2019.0,,No,,,Latina / o,,Man,,,,,
304,2018.MEN.1,,CE - Interior,Yes,1048094,Mark ,Menjivar,"Lisa Wong, Acenar and Rosarios",Two Dimensional,Photograph,Archival Media Print,32 x 40 ,Arts & Culture,"Image of refrigerator with various grocery items contained inside, Reddy Ice in freezer, water dispenser in refrigerator.",,,2016,2018.0,Unknown ,Artist ,Centro de Artes ,Centro de Artes ,101 S Santa Rosa Ave,78207,-98.49853,29.42534,1,"Individual Landmark 
Downtown Design Area",Storage ,Yes,Unknown,2000,2000,2018.0,,No,,,Latina / o,,Man,,,,,
305,2018.MEJ.1,,CE - Interior,Yes,1048154,Arlene,Mejorado,My Mother's Passport,Two Dimensional,Photograph,Digital Print,60 x 60 inches,Arts & Culture,"Photo of woman holding baby in front of car, writing above.","2nd Floor, CEE office",,2016,2018.0,Unknown ,Artist ,Plaza de Armas,Plaza de Armas,115 Plaza de Armas,78205,-98.495663,29.424561,1,"Main / Military Plaza 
RIO-7b
Indvidual Landmark
Downtown Design Area",Indoor - Restricted,Yes,Unknown,1500,1500,2019.0,,No,,,Latina / o,,Woman  ,,,,,
306,2018.MART.1.2,,Public Art - Interior,Yes,,Cesar,Martinez,Dos XX Ambar,Two Dimensional,Painting,Acrylic on paper,"22.5"" x 30""",Convention & Sports Facilities,The vertical stripes recall the artist's serape series. The inspiration was inspired by the color green on bottles of Dos XX beers. ,Pre-function space at room 220/221,,2007,2018.0,Non-Bond (Convention Center),Ruiz-Healy Gallery (Acquisition) ,Convention Center,Convention Center,900 E Market Street,78205,-98.48324,29.42044,1,"RIO-3
Downtown Design Area 
Hemisfair",Indoor - Display,Yes,4500415235,2970,3000,2018.0,2017 Convention Center Expansion Project,No,Curated by Ruben Cordova ,Kenny Warren ,Latina / o,Chicano,Man,,,,"San Antonio, TX",
307,2018.MART.1.1,,Public Art - Interior,Yes,,Cesar,Martinez,Dos XX Lager,Two Dimensional,Painting,Acrylic on paper,"22.5"" x 30""",Convention & Sports Facilities,The vertical stripes recall the artist's serape series. The inspiration was inspired by the color amber on bottles of Dos XX beers.,Pre-function space at room 220/221,,2007,2018.0,Non-Bond (Convention Center),Ruiz-Healy Gallery (Acquisition) ,Convention Center,Convention Center,900 E Market Street,78205,-98.48324,29.42044,1,"RIO-3
Downtown Design Area 
Hemisfair",Indoor - Display,Yes,4500415235,2970,3000,2018.0,2017 Convention Center Expansion Project,No,Curated by Ruben Cordova ,Kenny Warren ,Latina / o,Chicano,Man,,,,"San Antonio, TX",
308,2018.MART.1,,Public Art - Interior,Yes,,Cesar,Martinez,Bato Verde ,Two Dimensional,Painting,Oil,"44 x 40""",Library,Oil on canvas,"1st Floor, Latino Collection & Resource Center",,,2017.0,Donation,Harriett & Ricardo Romo,Central Library ,Central Library ,600 Soledad Street ,78205,-98.492909,29.43247,1,"RIO-3
RIO-7A Downtown Design Area
Individual Landmark",Indoor-Display,,,,8000,2017.0,,No,,,Latina / o,Chicano,Man,,,,"San Antonio, TX",
309,2018.MARI.1,,Public Art - Exterior,Yes,,Jorge ,Marin,Alas de Mexico,Three Dimensional ,Sculpture,"Bronze, steel, concrete",14' x 17' x 10',Hemisfair,"Bronze, steel, and concrete wings. ",Located in Hemisfair Park in front of Tower of the Americas,,2018,2018.0,Donation,Gift from Mexico City,Hemisfair ,Hemisfair,739 Tower of the Americas Way,78205,-98.483861,29.418493,1,"Hemisfair
RIO-3
Downtown Design Area",Outdoor - Display,Yes,,80000,50000,2018.0,,No,None ,Arts Installer: Wanderlust Ironworks ,Latina / o ,,Man ,,,,,
310,2018.MAR.1,,CE - Interior,Yes,1048031,Antonio,Martorell,San Antonio,Two Dimensional,Works on Paper,Works on Paper,24 x 18 in.,Arts & Culture,"Image of two statues, St. Anthony, San Juan surrounded by blue background and yellow ring at center. ",,,2017,2016.0,COSA Art,Artist ,Plaza de Armas,Plaza de Armas,115 Plaza de Armas,78205,-98.495663,29.424561,1,"Main / Military Plaza 
RIO-7b
Indvidual Landmark
Downtown Design Area",Storage,Yes,1900376905,1300,2500,2019.0,,No,,,Latina / o,,Man,,,,,
311,2018.MAC.3,,CE - Interior,Yes,1048034,Alejandro,Macias,Nopal en la Frente ,Two Dimensional,Works on Paper,"Oil, acrylic, graphite on paper",40 x 26 inches,Arts & Culture,Image of body in striped shirt cropped at neck with drawings of nopal in place of head. ,,,2018,2018.0,COSA Art,Artist ,Plaza de Armas,Plaza de Armas,115 Plaza de Armas,78205,-98.495663,29.424561,1,"Main / Military Plaza 
RIO-7b
Indvidual Landmark
Downtown Design Area",Storage,Yes,4500421947,991.6666666666666,1500,2019.0,,No,,,Latina / o,,Man,,,,,
312,2018.MAC.2,,CE - Interior,Yes,1048153,Alejandro,Macias,American Camo,Two Dimensional,Works on Paper,Graphite and oil on paper,30 x 22 inches,Arts & Culture,Image of man with US flad draped over head.,,,2018,2018.0,COSA Art,Artist ,Plaza de Armas,Plaza de Armas,115 Plaza de Armas,78205,-98.495663,29.424561,1,"Main / Military Plaza 
RIO-7b
Indvidual Landmark
Downtown Design Area",Storage,Yes,4500421947,991.6666666666666,1500,2019.0,,No,,,Latina / o,,Man,,,,,
313,2018.MAC.1,,CE - Interior,Yes,1048152,Alejandro,Macias,Mask (Red),Two Dimensional,Painting,Oil on Canvas,36 x 24 inches,Arts & Culture,Image of man with red lines drawn on face.,,,2018,2018.0,COSA Art,Artist ,Plaza de Armas,Plaza de Armas,115 Plaza de Armas,78205,-98.495663,29.424561,1,"Main / Military Plaza 
RIO-7b
Indvidual Landmark
Downtown Design Area",Storage,Yes,4500421947,991.6666666666666,1500,2019.0,,No,,,Latina / o,,Man,,,,,
314,2018.LOPE.1,,CE - Interior,Yes,1048197,Joe L.,Lopez, Que Viva Kelly Field,Two Dimensional,Painting,Oil on Canvas,18 in. x 24 in. ,Arts & Culture,"Image of two men in suits holding two children sitting atop a vehicle. Man holding sign ""Save Kelly""","10th Floor Military and Veteran Affairs Dept
Acquired for Entre La Sombra Exhibition",,2018,2018.0,COSA Art,Artist ,City Tower,City Tower ,100 W. Houston St.,78205,-98.4941023594437,29.4263501350618,1,"Main / Military Plaza
Downtown Design Area
RIO-3",Indoor - Restricted,Yes,4500420154,3000,3500,2019.0,,No,,,Latina / o,,Man,No,,No,1,
315,2018.LOP.1,,CE - Interior,Yes,1048073,Joe L.,Lopez,Pasando el Tiempo,Two Dimensional,Painting,Oil on Canvas,40 x 30 inches,Arts & Culture,"Painting of several people sitting around a fire in lawn chairs, Rooster and chicken in bottom corner.","CAO Office 
Acquired for City of Service Exhibition",,2017,2017.0,Unknown ,Artist ,City Hall,City Hall,100 Military Plaza,78205,-98.49513,29.42463,1,"
Main/Military Plaza
Individual Landmark
RIO-7B
Downtown Design Area",Indoor - Restricted,Yes,Unknown,3000,3500,2019.0,,No,,,Latina / o,,Man,No,,No,1,
316,2018.LOM.2,,Public Art - Interior,Yes,,Carmen,Lomas Garza,Baile en 1958,Two Dimensional,Painting,Lithograph,"36 x 25 1/2"" framed",Library,Framed lithograph #37/80,"1st Floor, Latino Collection & Resource Center",,,2017.0,Donation,Harriett & Ricardo Romo,Central Library ,Central Library ,600 Soledad Street ,78205,-98.492909,29.43247,1,"RIO-3
RIO-7A Downtown Design Area
Individual Landmark",Indoor-Display,,,,3000,2017.0,,No,,,Latina / o,,Woman,,,,,Texas 
317,2018.LOM.1,,Public Art - Interior,Yes,,Carmen,Lomas Garza,Sandia,Two Dimensional,Painting,Lithograph,"22 x 30""; 30 x 36 3/4"" framed",Library,Framed lithograph,"1st Floor, Latino Collection & Resource Center",,,2017.0,Donation,Harriett & Ricardo Romo,Central Library ,Central Library ,600 Soledad Street ,78205,-98.492909,29.43247,1,"RIO-3
RIO-7A Downtown Design Area
Individual Landmark",Indoor-Display,,,,3000,2017.0,,No,,,Latina / o,,Woman,,,,,Texas 
318,2018.LIT.1.1-2,,Public Art - Interior,Yes,,Ken ,Little,Victory and Defeat ,Three Dimensional ,Sculpture,"Powder coated cast iron, sprayed copper coating","22"" x 48"" x 48""",Convention & Sports Facilities,Alternating frowning and smiling faces on humorous cast iron sculptures of feet. Reflects personal histories and the successes and failures of each generation. ,Near Hall 2 entrance ,,1997,2018.0,Non-Bond (Convention Center),Ken Little (Acquisition),Convention Center,Convention Center,900 E Market Street,78205,-98.48324,29.42044,1,"RIO-3
Downtown Design Area 
Hemisfair",Indoor - Display,Yes,4500414553,24000,24000,2018.0,2017 Convention Center Expansion Project,No,Curated by Ruben Cordova ,Kenny Warren ,White ,,Man ,,,,"San Antonio, TX",
319,2018.LEG.1,,Public Art - Exterior,Yes,,Legge Lewis Legge,,Love is Never Lost,Three Dimensional ,Sculpture,Powder coated steel,,Parks & Recreation,"Steel tabs are used to beautify a chainlike fence. The imagery is large, iconic words that appear and disappear depending on the vantage point.","Located on Google Fiber Hut in West End Park
Artists: Murray Legge, Deborah E. Lewis, Andrea Legge",,2018,2018.0,Parks General Funds,,Parks ,West End Park,1401 N Hamilton Ave,78207,-98.531982,29.443099,1,No,Outdoor - Display,Yes,,15000,15000,,,Yes,,,,,,,,,,"Austin, TX"
320,2018.KHO.1,,Public Art - Exterior,Yes,,Jennifer,Khoshbin,Interwoven,Two Dimensional,Mural ,"Paint, vinyl, MDO Board  ",,Pre-K 4 SA ,"Multipanel mural of several immigrant and refugee women. The mural features a paterned design, San Antonio native plants, and symbolism of new growth / life in San Antonio.","5/11/2022: artwork no longer in collection, remove from inventory. ORM has been notified for insurance purposes.

4/18/24: artwork located at Pre-K 4 SA 

Originally entered as 1 of 2 pieces. Flags were in scope, research is needed on if those were delivered and insured. 

Tricentennial Project ",,2018,2018.0,"2012 Bond Program
FY22 Maintainance CC",,,Pre-K 4 SA West Education Center,1235 Enrique M. Barrera Pkwy,78237,-98.589586,29.421239,6,No,Outdoor - Display,Yes,,18000,18000,,,Yes,,Fabricator: Wanderlust,White ,,Woman,No,No,No,1,
321,2018.JIM.1,,Public Art - Interior,Yes,,Luis,Jimenez,Sketch of Blue Mustang,Two Dimensional,Painting,Lithograph,"40 1/2 x 29 1/2""; 47 1/2 x 36 1/2"" framed",Library,Framed lithograph #37/80,"1st Floor, Latino Collection & Resource Center",,,2017.0,Donation,Harriett & Ricardo Romo,Central Library ,Central Library ,600 Soledad Street ,78205,-98.492909,29.43247,1,"RIO-3
RIO-7A Downtown Design Area
Individual Landmark",Indoor-Display,,,,4000,2017.0,,No,,,,,,,,,,
322,2018.HUN.1.4,,Public Art - Interior,Yes,,Rick ,Hunter,Paso de le Muerte ,Two Dimensional,Photograph,Digital print on aluminum panel,"120"" x 50.25""",Convention & Sports Facilities,Documentation of the traditional charreada. Depicts the most dangerous event where the lead rider leaps from his own horse onto an untrained bare-back horse.  ,East facing wall near Hemisfair Ballroom,,2010,2018.0,Non-Bond (Convention Center),Courtesy of the Estate of Rick Hunter,Convention Center,Convention Center,900 E Market Street,78205,-98.48324,29.42044,1,"RIO-3
Downtown Design Area 
Hemisfair",Indoor - Display,Yes,,,1500,2018.0,2017 Convention Center Expansion Project,No,Curated by Ruben Cordova ,Kenny Warren ,,,,,,,,
323,2018.HUN.1.3,,Public Art - Interior,Yes,,Rick ,Hunter,Charreada (Rodeo) Series,Two Dimensional,Photograph,Digital print on aluminum panel,"48"" x 72""",Convention & Sports Facilities,"Documentation of the traditional charreada. Inside the corral close-up of spurs, boots, and chaps.",East facing wall near Hemisfair Ballroom,,2010,2018.0,Non-Bond (Convention Center),Courtesy of the Estate of Rick Hunter,Convention Center,Convention Center,900 E Market Street,78205,-98.48324,29.42044,1,"RIO-3
Downtown Design Area 
Hemisfair",Indoor - Display,Yes,,,1500,2018.0,2017 Convention Center Expansion Project,No,Curated by Ruben Cordova ,Kenny Warren ,,,,,,,,
324,2018.HUN.1.2,,Public Art - Interior,Yes,,Rick ,Hunter,Charreada (Rodeo) Series,Two Dimensional,Photograph,Digital print on aluminum panel,"48"" x 72""",Convention & Sports Facilities,Documentation of the traditional charreada. Depicts a young boy twirling a lariat around his body.,East facing wall near Hemisfair Ballroom,,2010,2018.0,Non-Bond (Convention Center),Courtesy of the Estate of Rick Hunter,Convention Center,Convention Center,900 E Market Street,78205,-98.48324,29.42044,1,"RIO-3
Downtown Design Area 
Hemisfair",Indoor - Display,Yes,,,1500,2018.0,2017 Convention Center Expansion Project,No,Curated by Ruben Cordova ,Kenny Warren ,,,,,,,,
325,2018.HUN.1.1,,Public Art - Interior,Yes,,Rick ,Hunter,Charreada (Rodeo) Series,Two Dimensional,Photograph,Digital print on aluminum panel,"48"" x 72""",Convention & Sports Facilities,Documentation of the traditional charreada. This features a turf's eye view of running horses. ,East facing wall near Hemisfair Ballroom,,2010,2018.0,Non-Bond (Convention Center),Courtesy of the Estate of Rick Hunter,Convention Center,Convention Center,900 E Market Street,78205,-98.48324,29.42044,1,"RIO-3
Downtown Design Area 
Hemisfair",Indoor - Display,Yes,,,1500,2018.0,2017 Convention Center Expansion Project,No,Curated by Ruben Cordova ,Kenny Warren ,,,,,,,,
326,2018.HOG.7,,CE - Interior,Yes,1048064,Mark,Hogensen,Road Trip #1,Two Dimensional,Painting,Acrylic on birch plywood,34 x 30 inches,Arts & Culture,"Abstract painting in bright green, blue, orange intertwining shapes.",,,2009,2017.0,COSA Art,Artist ,Centro de Artes ,Centro de Artes ,101 S Santa Rosa Ave,78207,-98.49853,29.42534,1,"Individual Landmark 
Downtown Design Area",Storage,Yes,4500412625,2800,2800,2019.0,,No,,,White ,,Man ,No,No,No,1,
327,2018.HOG.6,,CE - Interior,Yes,1048063,Mark,Hogensen,Landscape Series #13,Two Dimensional,Drawing,Ink pen on paper,26 x 34 inches,Arts & Culture,"Black and white drawing of house, landscape.",,,2016,2017.0,COSA Art,Artist ,Centro de Artes ,Centro de Artes ,101 S Santa Rosa Ave,78207,-98.49853,29.42534,1,"Individual Landmark 
Downtown Design Area",Storage,Yes,4500412625,1500,1500,2016.0,,No,,,White ,,Man ,No,No,No,1,
328,2018.HOG.5,,CE - Interior,Yes,1048062,Mark,Hogensen,Landscape Series #12,Two Dimensional,Drawing,Ink pen on paper,26 x 34 inches,Arts & Culture,"Black and white varied shapes, cone, cylinder shapes stacked.",,,2016,2017.0,COSA Art,Artist ,Centro de Artes ,Centro de Artes ,101 S Santa Rosa Ave,78207,-98.49853,29.42534,1,"Individual Landmark 
Downtown Design Area",Storage,Yes,4500412625,1500,1500,2019.0,,No,,,White ,,Man ,No,No,No,1,
329,2018.HOG.4,,CE - Interior,Yes,1048151,Mark,Hogensen,Wing (Chair),Two Dimensional,Drawing,Charcoal on paper,15 x 19 inches,Arts & Culture,Image of a wing back chair in black.,,,2015,2017.0,COSA Art,Artist ,Centro de Artes ,Centro de Artes ,101 S Santa Rosa Ave,78207,-98.49853,29.42534,1,"Individual Landmark 
Downtown Design Area",Storage,Yes,4500412625,475,475,2018.0,,No,,,White ,,Man ,No,No,No,1,
330,2018.HOG.3,,CE - Interior,Yes,1048150,Mark,Hogensen,Office (Chair),Two Dimensional,Drawing,Charcoal on paper,15 x 19 inches,Arts & Culture,"Image of a wood chair with back slate, arm rests in black.",,,2015,2017.0,COSA Art,Artist ,Centro de Artes ,Centro de Artes ,101 S Santa Rosa Ave,78207,-98.49853,29.42534,1,"Individual Landmark 
Downtown Design Area",Storage,Yes,4500412625,475,475,2019.0,,No,,,White ,,Man ,No,No,No,1,
331,2018.HOG.2,,CE - Interior,Yes,1048149,Mark,Hogensen,Easy (Chair),Two Dimensional,Drawing,Charcoal on paper,15 x 19 inches,Arts & Culture,Image of living room chair.,,,2015,2017.0,COSA Art,Artist ,Centro de Artes ,Centro de Artes ,101 S Santa Rosa Ave,78207,-98.49853,29.42534,1,"Individual Landmark 
Downtown Design Area",Storage,Yes,4500412625,475,475,2019.0,,No,,,White ,,Man ,No,No,No,1,
332,2018.HOG.1,,CE - Interior,Yes,1048148,Mark,Hogensen,Director (Chair),Two Dimensional,Drawing,Charcoal on paper,15 x 19 inches,Arts & Culture,Director's chair in black.,,,2015,2017.0,COSA Art,Artist ,Centro de Artes ,Centro de Artes ,101 S Santa Rosa Ave,78207,-98.49853,29.42534,1,"Individual Landmark 
Downtown Design Area",Storage,Yes,4500412625,475,475,2018.0,,No,,,White ,,Man ,No,No,No,1,
333,2018.HAR.1,,CE - Interior,Yes,1048147,Joe,Harjo,(Translated From a Payaya Children’s Activity Book for Adults),Two Dimensional,Works on Paper,Serigraph,15 x 20 inches,Arts & Culture,"Crossword puzzle, the word assimilate circled in red.",Acquired for St. Anthony's Lost & Found Exhibition ,,2017,2017.0,Centro de Artes Cost Center,Artist ,Plaza de Armas,Plaza de Armas,115 Plaza de Armas,78205,-98.495663,29.424561,1,"Main / Military Plaza 
RIO-7b
Indvidual Landmark
Downtown Design Area",Storage,Yes,1900374894,700,1200,2020.0,,No,,,Native American,,Man,No,,No,5,
334,2018.GUEV.1,,CE - Interior,Yes,1048082,Jacinto,Guevara,Misión San José,Two Dimensional,Painting,Acrylic on wood panel,48 x 36 inches,Arts & Culture,"Painting of Mission San Jose, sun in top right corner. ","Lower Level 
Acquired for Entre La Sombra Exhibition",,2017,2017.0,Unknown ,Artist ,City Hall,City Hall,100 Military Plaza,78205,-98.49513,29.42463,1,"
Main/Military Plaza
Individual Landmark
RIO-7B
Downtown Design Area",Indoor - Restricted,Yes,Unknown,1000,1000,2018.0,,No,,,Latina / o ,,Man,,,,,
335,2018.GUER.3,,CE - Interior,Yes,1048086,Patricia ,Guerrero,Red Rover,Two Dimensional,Painting,oil on panel,8 x 8 inches,Arts & Culture,"Children holding hands, one child running over, dog on right side of image.","CAO Office 
Acquired for Alive in Memory and Spirit Exhibition, Paid by WHO",,2017,2017.0,Centro de Artes Cost Center,Artist ,City Hall,City Hall,100 Military Plaza,78205,-98.49513,29.42463,1,"
Main/Military Plaza
Individual Landmark
RIO-7B
Downtown Design Area",Indoor - Restricted,Yes,1900371639,600,600,2020.0,,No,,,Latina / o ,,Woman ,,,,,
336,2018.GUER.2,,CE - Interior,Yes,1048087,Patricia ,Guerrero,Las Cebollas,Two Dimensional,Painting,oil on panel,8 x 8 inches,Arts & Culture,"Chilren huddled sitting, behind one another, one child standing grabbing another child's hand.","CAO Office 
Acquired for Alive in Memory and Spirit Exhibition, Paid by WHO",,2017,2017.0,Centro de Artes Cost Center,Artist ,City Hall,City Hall,100 Military Plaza,78205,-98.49513,29.42463,1,"
Main/Military Plaza
Individual Landmark
RIO-7B
Downtown Design Area",Indoor - Restricted,Yes,1900371639,600,600,2018.0,,No,,,Latina / o ,,Woman ,,,,,
337,2018.GUER.1,,CE - Interior,Yes,1048085,Patricia ,Guerrero,Hide and Seek,Two Dimensional,Painting,oil on panel,8 x 8 inches,Arts & Culture,"Children playing hide and seek, one girl covering eyes.","CAO Office 
Acquired for Alive in Memory and Spirit Exhibition, Paid by WHO",,2017,2017.0,Centro de Artes Cost Center,Artist ,City Hall,City Hall,100 Military Plaza,78205,-98.49513,29.42463,1,"
Main/Military Plaza
Individual Landmark
RIO-7B
Downtown Design Area",Indoor - Restricted,Yes,1900371639,600,600,2018.0,,No,,,Latina / o ,,Woman ,,,,,
338,2018.GUE.1,,Public Art - Interior,Yes,,Jacinto ,Guevara,Harriett y Ricardo Cenando,Two Dimensional,Painting,Oil,"36 x 48""; 40 x 52"" framed",Library,Framed oil on canvas,"1st Floor, Latino Collection & Resource Center",,,2017.0,Donation,Harriett & Ricardo Romo,Central Library ,Central Library ,600 Soledad Street ,78205,-98.492909,29.43247,1,"RIO-3
RIO-7A Downtown Design Area
Individual Landmark",Indoor-Display,,,,5000,2017.0,,No,,,,,,,,,,
339,2018.GONZ.3,,CE - Interior,Yes,1048088,Raul Rene,Gonzalez,WhatMachine ,Two Dimensional,Works on Paper,Silk Screen Print hand-embellished with graphite and colored pencil,"22 x 17.5 inches, unframed",Arts & Culture,"Shape of Texas in red and blue stripes, image of machine and oil spraying over.","Plaza de Armas, 2nd Floor, Arts Director Office",,2016,2017.0,Centro de Artes Cost Center,Artist ,Plaza de Armas,Plaza de Armas,115 Plaza de Armas,78205,-98.495663,29.424561,1,"Main / Military Plaza 
RIO-7b
Indvidual Landmark
Downtown Design Area",Indoor - Restricted,Yes,1900372245,160,660,2018.0,,No,,,Latina / o ,,Man ,No,,No,2,
340,2018.GONZ.2,,CE - Interior,Yes,1048089,Raul Rene,Gonzalez,Hail Came and the Roofers Came to Fix It,Two Dimensional,Works on Paper,"Acrylic, graphite, ball point pen, Chinese marker, and reflective constructive tape on printmaking paper, vinyl straps","20.25 x 23.25 inches, unframed",Arts & Culture,"Shape of Texas in red and blue stripes, image of machine and oil spraying over.","Plaza de Armas, 2nd Floor, Arts Director Office",,2016,2017.0,Centro de Artes Cost Center,Artist ,Plaza de Armas,Plaza de Armas,115 Plaza de Armas,78205,-98.495663,29.424561,1,"Main / Military Plaza 
RIO-7b
Indvidual Landmark
Downtown Design Area",Indoor - Restricted,Yes,1900372245,2100,2600,2020.0,,No,,,Latina / o ,,Man ,No,,No,2,
341,2018.GIL.1,,CE - Interior,Yes,1048146,Xavier,Gilmore,Nique,Two Dimensional,Drawing,"Charcoal, graphite, India ink on paper",16 x 20 inches,Arts & Culture,Black and white image of four men hugging.,Acquired for St. Anthony's Lost & Found Exhibition ,,2017,2017.0,Centro de Artes Cost Center,Artist ,Plaza de Armas,Plaza de Armas,115 Plaza de Armas,78205,-98.495663,29.424561,1,"Main / Military Plaza 
RIO-7b
Indvidual Landmark
Downtown Design Area",Storage,Yes,1900372233,1000,1500,2020.0,,No,,,Black / African American,,Man,,,,,
342,2018.GAR.9,,CE - Interior,Yes,1048074,Jorge,Garza ,Zer029 Notary 4,Two Dimensional,Mixed Media,Mixed Media,18 x 18 inches,Arts & Culture,"White frame, mixed materials 3+5=8 ""The Replogle & Garrett Co.",,,2015,2017.0,Centro de Artes Cost Center,Artist ,Centro de Artes ,Centro de Artes ,101 S Santa Rosa Ave,78207,-98.49853,29.42534,1,"Individual Landmark 
Downtown Design Area",Storage,Yes,1900354299,400,500,2017.0,,No,,,Latina / o,,Man,,,,,
343,2018.GAR.8,,CE - Interior,Yes,1048079,Jorge,Garza ,Universal Life 725,Two Dimensional,Mixed Media,Mixed Media,18 x 18 inches,Arts & Culture,"Black framed collage in white mat, numbers 725, measuring tape shoing 5 and 6.",,,2015,2017.0,Centro de Artes Cost Center,Artist ,Centro de Artes ,Centro de Artes ,101 S Santa Rosa Ave,78207,-98.49853,29.42534,1,"Individual Landmark 
Downtown Design Area",Storage,Yes,1900354299,400,500,2017.0,,No,,,Latina / o,,Man,,,,,
344,2018.GAR.7,,CE - Interior,Yes,1048080,Jorge,Garza ,Turn Left at 348,Two Dimensional,Mixed Media,Mixed Media,18 x 18 inches,Arts & Culture,"Black framed collage in white mat, numbers 348 prominant in work.",,,2015,2017.0,Centro de Artes Cost Center,Artist ,Centro de Artes ,Centro de Artes ,101 S Santa Rosa Ave,78207,-98.49853,29.42534,1,"Individual Landmark 
Downtown Design Area",Storage,Yes,1900354299,400,500,2017.0,,No,,,Latina / o,,Man,,,,,
345,2018.GAR.6,,CE - Interior,Yes,1048072,Jorge,Garza ,TITLE TBD (76543),Two Dimensional,Mixed Media,Mixed Media,18 x 18 inches,Arts & Culture,"Black framed collage in white mat, numbers 76543  shown in work.",,,2015,2017.0,Centro de Artes Cost Center,Artist ,Centro de Artes ,Centro de Artes ,101 S Santa Rosa Ave,78207,-98.49853,29.42534,1,"Individual Landmark 
Downtown Design Area",Storage,Yes,1900354299,400,500,2017.0,,No,,,Latina / o,,Man,,,,,
346,2018.GAR.5,,CE - Interior,Yes,1048077,Jorge,Garza ,TITLE TBD (3 TUV),Two Dimensional,Mixed Media,Mixed Media,18 x 18 inches,Arts & Culture,"Black framed collage in white mat, letters TUV and #3  shown in work.",,,2015,2017.0,Centro de Artes Cost Center,Artist ,Centro de Artes ,Centro de Artes ,101 S Santa Rosa Ave,78207,-98.49853,29.42534,1,"Individual Landmark 
Downtown Design Area",Storage,Yes,1900354299,400,500,2017.0,,No,,,Latina / o,,Man,,,,,
347,2018.GAR.4,,CE - Interior,Yes,1048076,Jorge,Garza ,Sequence Series: Kristalle 4,Two Dimensional,Mixed Media,Mixed Media,18 x 18 inches,Arts & Culture,"Black framed collage in white mat, numbers 23456  shown in work.",,,2015,2017.0,Centro de Artes Cost Center,Artist ,Centro de Artes ,Centro de Artes ,101 S Santa Rosa Ave,78207,-98.49853,29.42534,1,"Individual Landmark 
Downtown Design Area",Storage,Yes,1900354299,400,500,2020.0,,No,,,Latina / o,,Man,,,,,
348,2018.GAR.3,,CE - Interior,Yes,1048071,Jorge,Garza ,Sequence Series: Amount Due 26,Two Dimensional,Mixed Media,Mixed Media,18 x 18 inches,Arts & Culture,"Black framed collage in white mat, number 26 prominant in work.",,,2015,2017.0,Centro de Artes Cost Center,Artist ,Centro de Artes ,Centro de Artes ,101 S Santa Rosa Ave,78207,-98.49853,29.42534,1,"Individual Landmark 
Downtown Design Area",Storage,Yes,1900354299,400,500,2020.0,,No,,,Latina / o,,Man,,,,,
349,2018.GAR.2,,CE - Interior,Yes,1048078,Jorge,Garza ,Memo 1251,Two Dimensional,Mixed Media,Mixed Media,18 x 18 inches,Arts & Culture,Black framed work with numbers 1251 along bottom right corner of work.,,,2015,2017.0,Centro de Artes Cost Center,Artist ,Centro de Artes ,Centro de Artes ,101 S Santa Rosa Ave,78207,-98.49853,29.42534,1,"Individual Landmark 
Downtown Design Area",Storage,Yes,1900354299,400,500,2020.0,,No,,,Latina / o,,Man,,,,,
350,2018.GAR.12,,CE - Interior,Yes,1048069,Jorge,Garza ,Not Special Delivery: 3-4,Two Dimensional,Mixed Media,Mixed Media,20 x 20 inches,Arts & Culture,"Black framed collage of mixed materials, number 3 in white prominant in work.",,,2015,2017.0,Centro de Artes Cost Center,Artist ,Centro de Artes ,Centro de Artes ,101 S Santa Rosa Ave,78207,-98.49853,29.42534,1,"Individual Landmark 
Downtown Design Area",Storage,Yes,1900354299,400,600,2017.0,,No,,,Latina / o,,Man,,,,,
351,2018.GAR.11,,CE - Interior,Yes,1048068,Jorge,Garza ,File #7: 1 -2 ,Two Dimensional,Mixed Media,Mixed Media,20 x 20 inches,Arts & Culture,"Black framed collage of mixed materials, number 1 cutout in work, carboard with ""File No. #7 located in work.",,,2015,2017.0,Centro de Artes Cost Center,Artist ,Centro de Artes ,Centro de Artes ,101 S Santa Rosa Ave,78207,-98.49853,29.42534,1,"Individual Landmark 
Downtown Design Area",Storage,Yes,1900354299,400,600,2017.0,,No,,,Latina / o,,Man,,,,,
352,2018.GAR.10,,CE - Interior,Yes,1048070,Jorge,Garza ,Biblioteca: 2-3 ,Two Dimensional,Mixed Media,Mixed Media,20 x 20 inches,Arts & Culture,"Black framed collage of mixed materials, number 2 and 3 cutout in work, document paper with ""Biblioteca"" on work. ",,,2015,2017.0,Centro de Artes Cost Center,Artist ,Centro de Artes ,Centro de Artes ,101 S Santa Rosa Ave,78207,-98.49853,29.42534,1,"Individual Landmark 
Downtown Design Area",Storage,Yes,1900354299,400,600,2017.0,,No,,,Latina / o,,Man,,,,,
353,2018.GAR.1,,CE - Interior,Yes,1048075,Jorge,Garza ,Duex-Two,Two Dimensional,Mixed Media,Mixed Media,18 x 18 inches,Arts & Culture,"Black framed collage of mixed materials, number 2 in work, page of book affixed showing letters ngs. ",,,2015,2017.0,Centro de Artes Cost Center,Artist ,Centro de Artes ,Centro de Artes ,101 S Santa Rosa Ave,78207,-98.49853,29.42534,1,"Individual Landmark 
Downtown Design Area",Storage,Yes,1900354299,400,500,2017.0,,No,,,Latina / o,,Man,,,,,
354,2018.FER.8,,CE - Interior,Yes,1048145,Ana,Fernandez ,The Casa Jose Antonio de la Garza,Two Dimensional,Painting,Watercolor on Paper,17.5 x 12.5 in.,Arts & Culture,"Painting, one story building at forefront, taller building in the background.","Concourse Level, Furniture Niches
Acquired for St. Anthony's Lost & Found Exhibition ",,2017,2017.0,Centro de Artes Cost Center,Artist ,City Tower,City Tower ,100 W. Houston St.,78205,-98.4941023594437,29.4263501350618,1,"Main / Military Plaza
Downtown Design Area
RIO-3",Indoor - Restricted,Yes,1900356348,375,2500,2020.0,,No,,,Latina / o,,Woman ,,,,,
355,2018.FER.8,,Public Art - Interior,Yes,,Ana,Fernandez,Flight,Two Dimensional,Painting,Oil,"36 x 48""; 40 x 52"" framed",Library,Framed oil on canvas,"1st Floor, Latino Collection & Resource Center",,,2017.0,Donation,Harriett & Ricardo Romo,Central Library ,Central Library ,600 Soledad Street ,78205,-98.492909,29.43247,1,"RIO-3
RIO-7A Downtown Design Area
Individual Landmark",Indoor-Display,,,,8500,2017.0,,No,,,Latina / o ,,Woman ,,,,"San Antonio,  TX",
356,2018.FER.7,,CE - Interior,Yes,1048144,Ana,Fernandez ,Scotty's Ice House,Two Dimensional,Painting,Watercolor on Paper,19.5 x 12.25 in.,Arts & Culture,"Painting, grey building, ""Scotty's Ice House"" sign on building, front end of white car at bottom right.","Concourse Level, Furniture Niches",,2017,2017.0,Centro de Artes Cost Center,Artist ,City Tower,City Tower ,100 W. Houston St.,78205,-98.4941023594437,29.4263501350618,1,"Main / Military Plaza
Downtown Design Area
RIO-3",Indoor - Restricted,Yes,1900356348,375,2500,2020.0,,No,,,Latina / o,,Woman ,,,,,
357,2018.FER.6,,CE - Interior,Yes,1048143,Ana,Fernandez ,Miraflores & La Quinta Urrutia,Two Dimensional,Painting,Watercolor on Paper,19.5 x 12.25 in.,Arts & Culture,"Painting, building front, statue atop. Trees in front of building.","Concourse Level, Furniture Niches",,2017,2017.0,Centro de Artes Cost Center,Artist ,City Tower,City Tower ,100 W. Houston St.,78205,-98.4941023594437,29.4263501350618,1,"Main / Military Plaza
Downtown Design Area
RIO-3",Indoor - Restricted,Yes,1900356348,375,2500,2019.0,,No,,,Latina / o,,Woman ,,,,,
358,2018.FER.5,,CE - Interior,Yes,1048142,Ana,Fernandez ,La Gloria #3,Two Dimensional,Painting,Watercolor on Paper,10 x 14 in.,Arts & Culture,"Painting, La Gloria building.","Concourse Level, Furniture Niches",,2017,2017.0,Centro de Artes Cost Center,Artist ,City Tower,City Tower ,100 W. Houston St.,78205,-98.4941023594437,29.4263501350618,1,"Main / Military Plaza
Downtown Design Area
RIO-3",Indoor - Restricted,Yes,1900356348,375,2500,2019.0,,No,,,Latina / o,,Woman ,,,,,
359,2018.FER.4,,CE - Interior,Yes,1048141,Ana,Fernandez ,G. Giovanazzi Store,Two Dimensional,Painting,Watercolor on Paper,19.25 x 11.25 in.,Arts & Culture,"Painting, white building with glack trim and green posts. Horse drawn carriage in front of building.","Concourse Level, Furniture Niches",,2017,2017.0,Centro de Artes Cost Center,Artist ,City Tower,City Tower ,100 W. Houston St.,78205,-98.4941023594437,29.4263501350618,1,"Main / Military Plaza
Downtown Design Area
RIO-3",Indoor - Restricted,Yes,1900356348,375,2500,2019.0,,No,,,Latina / o,,Woman ,,,,,
360,2018.FER.3,,CE - Interior,Yes,1048140,Ana,Fernandez ,F.A. Chapa Drugstore,Two Dimensional,Painting,Watercolor on Paper,20 x 13 in.,Arts & Culture,"Painting, white building, lion painted on exterior wall. F.A. Chapa Drug Co. painted on wall.","Concourse Level, Furniture Niches",,2017,2017.0,Centro de Artes Cost Center,Artist ,City Tower,City Tower ,100 W. Houston St.,78205,-98.4941023594437,29.4263501350618,1,"Main / Military Plaza
Downtown Design Area
RIO-3",Indoor - Restricted,Yes,1900356348,375,2500,2020.0,,No,,,Latina / o,,Woman ,,,,,
361,2018.FER.2,,CE - Interior,Yes,1048139,Ana,Fernandez ,El Teatro Nacional ,Two Dimensional,Painting,Watercolor on Paper,10 x 14 in.,Arts & Culture,"Painting, two story building multiple signs around storefront.","Concourse Level, Furniture Niches",,2017,2017.0,Centro de Artes Cost Center,Artist ,City Tower,City Tower ,100 W. Houston St.,78205,-98.4941023594437,29.4263501350618,1,"Main / Military Plaza
Downtown Design Area
RIO-3",Indoor - Restricted,Yes,1900356348,375,2500,2020.0,,No,,,Latina / o,,Woman ,,,,,
362,2018.FER.1,,CE - Interior,Yes,1048138,Ana,Fernandez ,A Chinese Grocery,Two Dimensional,Painting,Watercolor on Paper,10 x 14 in.,Arts & Culture,"Painting, brown building with sign on roof, man standing outside.","Concourse Level, Furniture Niches",,2017,2017.0,Centro de Artes Cost Center,Artist ,City Tower,City Tower ,100 W. Houston St.,78205,-98.4941023594437,29.4263501350618,1,"Main / Military Plaza
Downtown Design Area
RIO-3",Indoor - Restricted,Yes,1900356348,375,2500,2020.0,,No,,,Latina / o,,Woman ,,,,,
363,2018.FEL.1,,CE - Interior,Yes,1048137,Barbara ,Felix,Artemesia Bowden,Two Dimensional,Works on Paper,"Watercolor monotype, collage, thread, acrylic polymer",18 x 24 inches,Arts & Culture,"Portrait of Artemesia Bowden in black blouse, pearl necklace.","3rd Floor Lounge 
Acquired for St. Anthony's Lost & Found Exhibition",,2017,2017.0,Centro de Artes Cost Center,Artist ,City Hall,City Hall,100 Military Plaza,78205,-98.49513,29.42463,1,"
Main/Military Plaza
Individual Landmark
RIO-7B
Downtown Design Area",Indoor - Restricted,Yes,1900376037,800,1300,2017.0,,No,,,"Black / African American 
Latina / o",,Woman ,No,Prefer not to answer,No,1,
364,2018.FAU.1,,Public Art - Exterior,Yes,,Joey,Fauerso,Canopy,Two Dimensional,Mural,Paint,,Arts & Culture,"Painted mural on railroad underpass, mural depicts grove of cypress trees and native birds.",,,2018,2018.0,2012 Bond Program,,,"Fulton Ave, Railroad underpass",729 Fulton Ave,78212,-98.50428,29.461158,1,No,Outdoor - Display,Yes,,67500,67500,2018.0,2012 Bond Streets: D1 Neighborhoods,Yes,,,White,,Woman ,No,No,No,1,
365,2018.ESP.3,,CE - Interior,Yes,1048084,Jenelle ,Esparza,Mezcla ,Two Dimensional,Textile,"Unbleached cotton cloth, thread, and natural cotton seeds",18 x 32 inches,Arts & Culture,White cloth of US flag.,Basement,,2016,2017.0,Centro de Artes Cost Center,Artist ,Centro de Artes ,Centro de Artes ,101 S Santa Rosa Ave,78207,-98.49853,29.42534,1,"Individual Landmark 
Downtown Design Area",Storage,Yes,1900377220,850,850,2017.0,,No,,,Latina / o,,Woman ,No,,No,7,
366,2018.ESP.2,,Public Art - Interior,Yes,,Jenelle ,Esparza,Mexcla (Flag),Two Dimensional,Sculpture,Mixed media ,"18"" x 32'",Convention & Sports Facilities,"Raw cotton fabric, cotton seeds and flag box. Companion piece to Si La Tierra Pudiera Habler (If the Earth Could Speak). Comments on patriotism of Mexican-Americans despite segregation and racial tensions of the time.",East facing wall near Hemisfair Ballroom,,2016,2018.0,Non-Bond (Convention Center),Parchman Stremell Gallery (Acquisition),Convention Center,Convention Center,900 E Market Street,78205,-98.48324,29.42044,1,"RIO-3
Downtown Design Area 
Hemisfair",Indoor - Display,Yes,4500415329,1000,26000,2018.0,2017 Convention Center Expansion Project,No,Curated by Ruben Cordova ,Kenny Warren ,Latina / o ,,Woman ,,,,"San Antonio, TX",
367,2018.ESP.1,,Public Art - Interior,Yes,,Jenelle ,Esparza,Si La Tierra Pudiera Habler (If the Earth Could Speak),Two Dimensional,Print,Archival print on wallpaper,10' x 25',Convention & Sports Facilities,Photomural depicting a panoramic view of a cotton field. Evokes the importance cotton had in Texas agricultural history. ,East facing wall near Hemisfair Ballroom,,2017,2018.0,Non-Bond (Convention Center),Parchman Stremell Gallery (Acquisition),Convention Center,Convention Center,900 E Market Street,78205,-98.48324,29.42044,1,"RIO-3
Downtown Design Area 
Hemisfair",Indoor - Display,Yes,4500415329,15000,15000,2018.0,2017 Convention Center Expansion Project,No,Curated by Ruben Cordova ,Kenny Warren ,Latina / o ,,Woman ,,,,"San Antonio, TX",
368,2018.ESC.1,,Public Art - Interior,Yes,,Cris,Escobar,Conjunto,Two Dimensional,Painting,,"42 x 30""",Library,,"1st Floor, Latino Collection & Resource Center",,,2017.0,Donation,Harriett & Ricardo Romo,Central Library ,Central Library ,600 Soledad Street ,78205,-98.492909,29.43247,1,"RIO-3
RIO-7A Downtown Design Area
Individual Landmark",Indoor-Display,,,,3500,2017.0,,No,,,Latina / o,Chicano,Man,,,,Atascosa County,"Pleasanton, TX"
369,2018.DEL.6,,CE - Interior,Yes,1048131,Joe ,De La Cruz,Post Office 1890-1937,Two Dimensional,Drawing,Graphite on Paper,30 x 24 1/2 inches,Arts & Culture,"Large three story building, horse and buggy in front, other buidings in background. ",Basement,,2017,2017.0,Centro de Artes Cost Center,Artist ,Plaza de Armas,Plaza de Armas,115 Plaza de Armas,78205,-98.495663,29.424561,1,"Main / Military Plaza 
RIO-7b
Indvidual Landmark
Downtown Design Area",Storage,Yes,1900366698,2750,3000,2016.0,,No,,,Latina / o,,Man,No,,No,5,
370,2018.DEL.5,,CE - Interior,Yes,1048130,Joe ,De La Cruz,We Are Still Here,Two Dimensional,Drawing,Graphite on Paper,42 in. (w) x 50 in. (h),Arts & Culture,"Black and grey striped poncho with words ""We are still here"" above. ",Lower Level ,,2018,2018.0,COSA Art,Artist ,City Hall,City Hall,100 Military Plaza,78205,-98.49513,29.42463,1,"
Main/Military Plaza
Individual Landmark
RIO-7B
Downtown Design Area",Indoor - Restricted,Yes,4500421842,725,2000,2018.0,,No,,,Latina / o,,Man,No,,No,5,
371,2018.DEL.4,,CE - Interior,Yes,1048061,Joe ,De La Cruz,Su Voto es Su Voz ,Two Dimensional,Drawing,Graphite on Paper,42 in. (w) x 50 in. (h),Arts & Culture,"Drawing of t-shirt with words ""Su voto es su voz"" written on shirt.",Lower Level ,,2016,2016.0,Unknown ,Artist ,City Hall,City Hall,100 Military Plaza,78205,-98.49513,29.42463,1,"
Main/Military Plaza
Individual Landmark
RIO-7B
Downtown Design Area",Indoor - Restricted,Yes,Unknown,2000,2000,2016.0,,No,,,Latina / o,,Man,No,,No,5,
372,2018.DEL.3,,CE - Interior,Yes,1048060,Joe ,De La Cruz,Silence Equals Death,Two Dimensional,Drawing,Graphite on Paper,42 in. (w) x 50 in. (h),Arts & Culture,"Grey shirt, triangle and ""Silence = Death"" written on shirt.",Lower Level ,,2016,2016.0,Unknown ,Artist ,City Hall,City Hall,100 Military Plaza,78205,-98.49513,29.42463,1,"
Main/Military Plaza
Individual Landmark
RIO-7B
Downtown Design Area",Indoor - Restricted,Yes,Unknown,2000,2000,2017.0,,No,,,Latina / o,,Man,No,,No,5,
373,2018.DEL.2,,CE - Interior,Yes,1048129,Joe ,De La Cruz,Keep the Faith,Two Dimensional,Drawing,Graphite on Paper,42 in. (w) x 50 in. (h),Arts & Culture,"Shirt printed with ""Keep the faith"" and fist printed.",Basement ,,2018,2018.0,COSA Art,Artist ,Centro de Artes ,Centro de Artes ,101 S Santa Rosa Ave,78207,-98.49853,29.42534,1,"Individual Landmark 
Downtown Design Area",Storage,Yes,4500421842,725,2000,2017.0,,No,,,Latina / o,,Man,No,,No,5,
374,2018.DEL.1,,CE - Interior,Yes,1048128,Joe ,De La Cruz,Black Lives Matter ,Two Dimensional,Drawing,Graphite on Paper,42 in. (w) x 50 in. (h),Arts & Culture,"Hoodie with words ""Black lives matter"" printed.",Lower Level ,,2016,2016.0,Centro de Artes Cost Center,Artist ,City Hall,City Hall,100 Military Plaza,78205,-98.49513,29.42463,1,"
Main/Military Plaza
Individual Landmark
RIO-7B
Downtown Design Area",Indoor - Restricted,Yes,1900349950,1450,2000,2017.0,,No,,,Latina / o,,Man,No,,No,5,
375,2018.DEA.3,,CE - Interior,Yes,1048135,Meredith,Dean,Tramonto,Two Dimensional,Works on Paper,Color Relief print on paper,30 x 30,Arts & Culture,Abstract multi color painting.,Basement ,,2010,2017.0,COSA Art,Artist,Plaza de Armas,Plaza de Armas,115 Plaza de Armas,78205,-98.495663,29.424561,1,"Main / Military Plaza 
RIO-7b
Indvidual Landmark
Downtown Design Area",Storage,Yes,4500412624,2700,1500,2017.0,,No,,,White ,,Woman,,,,,
376,2018.DEA.2.2,,CE - Interior,Yes,1048134,Meredith,Dean,I Venti di Giona II (VI/I/X),Two Dimensional,Works on Paper,Color Relief print on paper,30 x 30,Arts & Culture,Abstract multi color painting,Basement ,,2010,2017.0,COSA Art,Artist,Plaza de Armas,Plaza de Armas,115 Plaza de Armas,78205,-98.495663,29.424561,1,"Main / Military Plaza 
RIO-7b
Indvidual Landmark
Downtown Design Area",Storage,Yes,4500412624,2700,1200,2019.0,,No,,,White ,,Woman,,,,,
377,2018.DEA.2.1,,CE - Interior,Yes,1048133,Meredith,Dean,I Venti di Giona II (III/I/X) ,Two Dimensional,Works on Paper,Color Relief print on paper,30 x 30,Arts & Culture,Abstract multi color painting,Basement ,,2010,2017.0,COSA Art,Artist,Plaza de Armas,Plaza de Armas,115 Plaza de Armas,78205,-98.495663,29.424561,1,"Main / Military Plaza 
RIO-7b
Indvidual Landmark
Downtown Design Area",Storage,Yes,4500412624,2700,1200,2019.0,,No,,,White ,,Woman,,,,,
378,2018.DEA.1,,CE - Interior,Yes,1048132,Meredith,Dean,Strata Dip,Two Dimensional,Works on Paper,Color Relief print on paper,30 x 30,Arts & Culture,Abstract multi color painting in shape of ovals.,Basement ,,2011,2017.0,COSA Art,Artist,Plaza de Armas,Plaza de Armas,115 Plaza de Armas,78205,-98.495663,29.424561,1,"Main / Military Plaza 
RIO-7b
Indvidual Landmark
Downtown Design Area",Storage,Yes,4500412624,2700,1000,2019.0,,No,,,White ,,Woman,,,,,
379,2018.COR.1.2,,CE - Interior,Yes,1048108,Sam ,Coronado,WWII Series (Raul Martinez) ,Two Dimensional,Works on Paper,Serigraph,27 x 35.5 inches,Arts & Culture,"Raul Martinez in jeans and white shirt, wearing hat and arms at waist.",Lower Level ,,2007,2018.0,COSA Art,Say Si,City Hall,City Hall,100 Military Plaza,78205,-98.49513,29.42463,1,"
Main/Military Plaza
Individual Landmark
RIO-7B
Downtown Design Area",Indoor - Restricted,Yes,4500419813,675,1200,2019.0,,No,,,Latina / o ,,Man ,,,,,
380,2018.COR.1.1,,CE - Interior,Yes,1048107,Sam,Coronado,WWII Series (Miguel Encinas),Two Dimensional,Works on Paper,Serigraph,27 x 35.5 inches,Arts & Culture,Miguel Encinas in front of plane propellers. ,Lower Level ,,2007,2018.0,COSA Art,Say Si,City Hall,City Hall,100 Military Plaza,78205,-98.49513,29.42463,1,"
Main/Military Plaza
Individual Landmark
RIO-7B
Downtown Design Area",Indoor - Restricted,Yes,4500419813,925,1200,2020.0,,No,,,Latina / o ,,Man ,,,,,
381,2018.CHAV.1,,CE - Interior,Yes,1048211,Lisette ,Chavez,Cleto Rodriguez,Two Dimensional,Drawing,graphite and charcoal on paper,26.5 x 22.75 in.,Arts & Culture,"Portrait of Cleto Rodriguez in military uniform, metal at top left of portrait.","Basement 
Acquired for City of Service Exhibition",,2018,2018.0,COSA Art,Artist ,Centro de Artes ,Centro de Artes ,101 S Santa Rosa Ave,78207,-98.49853,29.42534,1,"Individual Landmark 
Downtown Design Area",Storage,Yes,4500420160,2500,3250,2016.0,,No,,,Latina / o ,,Woman ,Yes,No,No,,
382,2018.CHA.1,,CE - Interior,Yes,1048123,Lisette ,Chavez,I To My Beloved and My Beloved To Me,Two Dimensional,Drawing,graphite and charcoal on paper,16 x 20 inches,Arts & Culture,"Portrait of woman in front of window with ornate design, crosses on both sides of figures head. ","Plaza de Armas, 2nd Floor, Arts Director Office
Acquired for St. Anthony's Lost & Found Exhibition ",,2017,2017.0,Centro de Artes Cost Center,Artist ,Plaza de Armas,Plaza de Armas,115 Plaza de Armas,78205,-98.495663,29.424561,1,"Main / Military Plaza 
RIO-7b
Indvidual Landmark
Downtown Design Area",Indoor - Restricted,Yes,Non-PO,1950,2450,2016.0,,No,,,Latina / o ,,Woman ,Yes,No,No,,
383,2018.CASTI.1.3,,Public Art - Interior,No,,Veronica ,Castillo Hernandez,The Earth Mother of Europe ,Three Dimensional ,Sculpture ,Ceramic ,"30"" x 18"" x 12""",Convention & Sports Facilities,Trio of ceramic sculptures. This shows the sharing of gifts the Spanish brought to the Americas. Shows cultural mixing.,Meeting room level ,,2017,2018.0,Non-Bond (Convention Center),Veronica Castillo  (Acquisition),Convention Center,Convention Center,900 E Market Street,78205,-98.48324,29.42044,1,"RIO-3
Downtown Design Area 
Hemisfair",Indoor - Display,Yes,4500414555,17000,11350,2018.0,2017 Convention Center Expansion Project,No,Curated by Ruben Cordova ,Kenny Warren ,Latina / o ,,Woman ,,,,"San Antonio, TX",
384,2018.CASTI.1.2,,Public Art - Interior,Yes,,Veronica ,Castillo Hernandez,The Earth Mother of the Americas,Three Dimensional ,Sculpture ,Ceramic ,"30"" x 18"" x 12""",Convention & Sports Facilities,Trio of ceramic sculptures. This features a central figure extending a serape with open arms revealing the gifts America gave the rest of the world. Shows cultural mixing.,Meeting room level ,,2017,2018.0,Non-Bond (Convention Center),Veronica Castillo  (Acquisition),Convention Center,Convention Center,900 E Market Street,78205,-98.48324,29.42044,1,"RIO-3
Downtown Design Area 
Hemisfair",Indoor - Display,Yes,4500414555,17000,11350,2018.0,2017 Convention Center Expansion Project,No,Curated by Ruben Cordova ,Kenny Warren ,Latina / o ,,Woman ,,,,"San Antonio, TX",
385,2018.CASTI.1.1,,Public Art - Interior,Yes,,Veronica ,Castillo Hernandez,Tree of Life History of San Antonio,Three Dimensional ,Sculpture ,Ceramic ,"35"" x 18"" x 15""",Convention & Sports Facilities,Trio of ceramic sculptures. This features St. Anthony straddling the globe and forming a symbolic bridge between Europe and the Americas (represented by two flanking female figures.),Meeting room level ,,2017,2018.0,Non-Bond (Convention Center),Veronica Castillo  (Acquisition),Convention Center,Convention Center,900 E Market Street,78205,-98.48324,29.42044,1,"RIO-3
Downtown Design Area 
Hemisfair",Indoor - Display,Yes,,11350,11350,2018.0,2017 Convention Center Expansion Project,No,Curated by Ruben Cordova ,Kenny Warren ,Latina / o ,,Woman ,,,,"San Antonio, TX",
386,2018.CASS.1.2,,Public Art - Interior,Yes,,Nate,Cassie,Leaves on a River,Two Dimensional,Painting,Enamel painting ,"55"" x 115""",Convention & Sports Facilities,Two panels inspired by a parable that makes an analogy between a leaf floating on a river and human life.,East wall in Stars at Night Ballroom pre-function space ,,2007,2018.0,Non-Bond (Convention Center),Ruiz-Healy Gallery (Acquisition) ,Convention Center,Convention Center,900 E Market Street,78205,-98.48324,29.42044,1,"RIO-3
Downtown Design Area 
Hemisfair",Indoor - Display,Yes,4500415235,28350,30000,2018.0,2017 Convention Center Expansion Project,No,Curated by Ruben Cordova ,Kenny Warren ,,,Man ,,,,"San Antonio, TX",
387,2018.CASA.1.2,,Public Art - Interior,Yes,,Mel,Casas,Humanscape 118 (Texas Fantas),Two Dimensional,Painting,Acrylic on canvas,"72"" X 96""",Convention & Sports Facilities,Pair of paintings that distill the notion of the southwest down to a pictorial essence and call attention to the Mexican roots of cowboy culture. Features a trio of longhorns with cattle brands.,Between meeting rooms 214B & 214C,,1982,2018.0,Non-Bond (Convention Center),Mel Casas (Acquisition),Convention Center,Convention Center,900 E Market Street,78205,-98.48324,29.42044,1,"RIO-3
Downtown Design Area 
Hemisfair",Indoor - Display,Yes,4500414749,45000,37000,2018.0,2017 Convention Center Expansion Project,No,Curated by Ruben Cordova ,Kenny Warren ,Latina / o,Chicano,Man ,,,,"San Antonio, TX",
388,2018.CASA.1.1,,Public Art - Interior,Yes,,Mel,Casas,Humanscape 117 (Texano),Two Dimensional,Painting,Acrylic on canvas,"72"" X 96""",Convention & Sports Facilities,Pair of paintings that distill the notion of the southwest down to a pictorial essence and call attention to the Mexican roots of cowboy culture. Features a large black hat subtitled Texano.,Between meeting rooms 214B & 214C,,1982,2018.0,Non-Bond (Convention Center),Mel Casas (Acquisition),Convention Center,Convention Center,900 E Market Street,78205,-98.48324,29.42044,1,"RIO-3
Downtown Design Area 
Hemisfair",Indoor - Display,Yes,4500416256,30000,37000,2018.0,2017 Convention Center Expansion Project,No,Curated by Ruben Cordova ,Kenny Warren ,Latina / o,Chicano,Man ,,,,"San Antonio, TX",
389,2018.BUR.4,,CE - Interior,Yes,1048112,Ana,Hernandez-Burwell,El Toro y La Luna (7/11),Two Dimensional,Works on Paper,Works on Paper,10 x 8 in. ,Arts & Culture,Image of bull in front of moon. ,Joe Frank Picazo Office,,2018,2018.0,Unknown ,Artist ,City Hall,City Hall,100 Military Plaza,78205,-98.49513,29.42463,1,"
Main/Military Plaza
Individual Landmark
RIO-7B
Downtown Design Area",Indoor - Restricted,Yes,Unknown,500,500,2019.0,,No,,,Latina / o,,Woman,,,,,
390,2018.BUR.3,,CE - Interior,Yes,1048111,Ana,Hernandez-Burwell,70 Mg of Vyvanse (Purple) 2/3,Two Dimensional,Works on Paper,Etching ,15 x 17.5 inches,Arts & Culture,Image of shoulders and many objects drawn as head in purple.,"Plaza de Armas, 2nd Floor, Arts Director Office",,2018,2018.0,Unknown ,Artist ,Plaza de Armas,Plaza de Armas,115 Plaza de Armas,78205,-98.495663,29.424561,1,"Main / Military Plaza 
RIO-7b
Indvidual Landmark
Downtown Design Area",Indoor - Restricted,Yes,Unknown,500,500,2018.0,,No,,,Latina / o,,Woman,,,,,
391,2018.BUR.2,,CE - Interior,Yes,1048110,Ana,Hernandez-Burwell,70 Mg of Vyvanse (Dark Blue) 5/6,Two Dimensional,Works on Paper,Etching ,15 x 17.5 inches,Arts & Culture,Image of shoulders and many objects drawn as head in dark blue.,"Plaza de Armas, 2nd Floor, Arts Director Office",,2018,2018.0,Unknown ,Artist ,Plaza de Armas,Plaza de Armas,115 Plaza de Armas,78205,-98.495663,29.424561,1,"Main / Military Plaza 
RIO-7b
Indvidual Landmark
Downtown Design Area",Indoor - Restricted,Yes,Unknown,500,500,2018.0,,No,,,Latina / o,,Woman,,,,,
392,2018.BUR.1,,CE - Interior,Yes,1048109,Ana,Hernandez-Burwell,"70 Mg of Vyvanse (Light Blue) 4/6, ",Two Dimensional,Works on Paper,Etching ,15 x 17.5 inches,Arts & Culture,Image of shoulders and many objects drawn as head in light blue.,"Plaza de Armas, 2nd Floor, Arts Director Office",,2018,2018.0,Unknown ,Artist ,Plaza de Armas,Plaza de Armas,115 Plaza de Armas,78205,-98.495663,29.424561,1,"Main / Military Plaza 
RIO-7b
Indvidual Landmark
Downtown Design Area",Indoor - Restricted,Yes,Unknown,500,500,2018.0,,No,,,Latina / o,,Woman,,,,,
393,2018.BRI.1,,Public Art - Interior,Yes,,Rolando,Briseno,Heart on Table,Two Dimensional,Painting,Lithograph,"32 x 34""; 35 1/4 x 37 1/4"" framed",Library,Framed lithograph,"1st Floor, Latino Collection & Resource Center",,,2017.0,Donation,Harriett & Ricardo Romo,Central Library ,Central Library ,600 Soledad Street ,78205,-98.492909,29.43247,1,"RIO-3
RIO-7A Downtown Design Area
Individual Landmark",Indoor-Display,,,,1500,2017.0,,No,,,Latina / o,,Man,,,,"San Antonio, TX",
394,2018.BIS.1.2,,CE - Interior,Yes,1048122,Kim,Bishop ,#12,Two Dimensional,Drawing,Drawing,14.5 x 17.5 inches,Arts & Culture,"White frame, black and white drawing, facade of house shape on white background.",Basement ,,2013,2018.0,Unknown ,Artist ,Plaza de Armas,Plaza de Armas,115 Plaza de Armas,78205,-98.495663,29.424561,1,"Main / Military Plaza 
RIO-7b
Indvidual Landmark
Downtown Design Area",Indoor - Restricted,Yes,Unknown,500,500,2018.0,,No,,,White ,,Woman,,,,,
395,2018.BIS.1.1,,CE - Interior,Yes,1048121,Kim,Bishop ,#3,Two Dimensional,Drawing,Drawing,14.5 x 17.5 inches,Arts & Culture,"White frame, black and white drawing hand holding a door and black swirl above door. ",Basement ,,2013,2018.0,Unknown ,Artist ,Plaza de Armas,Plaza de Armas,115 Plaza de Armas,78205,-98.495663,29.424561,1,"Main / Military Plaza 
RIO-7b
Indvidual Landmark
Downtown Design Area",Indoor - Restricted,Yes,Unknown,500,500,2018.0,,No,,,White ,,Woman,Prefer not to answer,No,No,8,
396,2018.ART.1.1-4,2018.ART.1.4,Public Art - Exterior,Yes,,Twyla,Arthur,ReinCARnation ,Two Dimensional,Tile,Ceramic,,Solid Waste Management ,"A series of four pieces:
1) Mixed media shade structure made of auto parts and steel
2) Car sculpture
3) Mosic benches 
4) Ceramic tiles",Used 2 found cars ,,2018,2018.0,Certificates of Obligation,,,Northwest Service Center,6939 Leslie Road,78254,-98.706391,29.504489,6,No,Outdoor - Display,Yes,,150000,100000,,,Yes,,,White,,Woman ,No,No,No,7,
397,2018.ARR.1.5,,CE - Interior,Yes,1048120,Richard,Arredondo,Mission San Jose Baroque Entrance,Two Dimensional,Works on Paper,"Ink line art digitally printed on Mylar, colored with oil marker wash",   24 x 18 in. ,Arts & Culture,San Jose Mission entrance doors.,Lower Level ,,2018,2019.0,Director's Office OP Support,Artist ,City Hall,City Hall,100 Military Plaza,78205,-98.49513,29.42463,1,"
Main/Military Plaza
Individual Landmark
RIO-7B
Downtown Design Area",Indoor - Restricted,Yes,4500422483,700,700,2019.0,,No,,,Latina / o,,Man ,,,,,
398,2018.ARR.1.4,,CE - Interior,Yes,1048119,Richard,Arredondo,Mission San Jose,Two Dimensional,Works on Paper,"Ink line art digitally printed on Mylar, colored with oil marker wash",   24 x 18 in. ,Arts & Culture,Mission San Jose building trees on edge of left and right of the building.,Lower Level ,,2018,2019.0,Director's Office OP Support,Artist ,City Hall,City Hall,100 Military Plaza,78205,-98.49513,29.42463,1,"
Main/Military Plaza
Individual Landmark
RIO-7B
Downtown Design Area",Indoor - Restricted,Yes,4500422483,700,700,2019.0,,No,,,Latina / o,,Man ,,,,,
399,2018.ARR.1.3,,CE - Interior,Yes,1048117,Richard,Arredondo,Mission San Antonio de Valero,Two Dimensional,Works on Paper,giclee print ,  21.5 x 17.5 in. ,Arts & Culture,"Print of Alamo at center of portrait, trees on both sides, blue and orange sky.",Lower Level ,,2018,2019.0,Director's Office OP Support,Artist ,City Hall,City Hall,100 Military Plaza,78205,-98.49513,29.42463,1,"
Main/Military Plaza
Individual Landmark
RIO-7B
Downtown Design Area",Indoor - Restricted,Yes,4500422483,500,500,2019.0,,No,,,Latina / o,,Man ,,,,,
400,2018.ARR.1.2,,CE - Interior,Yes,1048118,Richard,Arredondo,Mission Espada,Two Dimensional,Works on Paper,"Ink line art digitally printed on Mylar, colored with oil marker wash",   24 x 18 in. ,Arts & Culture,"Espada Mission at center of portrait, large tree at left of building.",Lower Level ,,2018,2019.0,Director's Office OP Support,Artist ,City Hall,City Hall,100 Military Plaza,78205,-98.49513,29.42463,1,"
Main/Military Plaza
Individual Landmark
RIO-7B
Downtown Design Area",Indoor - Restricted,Yes,4500422483,700,700,2019.0,,No,,,Latina / o,,Man ,,,,,
401,2018.ARR.1.1,,CE - Interior,Yes,1048116,Richard,Arredondo,Mission Concepcion,Two Dimensional,Works on Paper,giclee print ,  21.5 x 17.5 in. ,Arts & Culture,"Mission Concepcion portrait, palm tree at bottom left. ",Lower Level ,,2018,2019.0,Director's Office OP Support,Artist ,City Hall,City Hall,100 Military Plaza,78205,-98.49513,29.42463,1,"
Main/Military Plaza
Individual Landmark
RIO-7B
Downtown Design Area",Indoor - Restricted,Yes,4500422483,500,500,2019.0,,No,,,Latina / o,,Man ,,,,,
402,2018.ARM.2.2,,CE - Interior,Yes,1048066,Richard A.,Armendariz,Healer III,Two Dimensional,Works on Paper,Wood block print,52 in. (w) x 40 in. (h),Arts & Culture,"Native figure, bandana around head, birds on shoulders, cacti on print throughout background.","2nd Floor, CMO/Mayor Office suite  ",,2015,2018.0,Unknown ,,City Hall,City Hall,100 Military Plaza,78205,-98.49513,29.42463,1,"
Main/Military Plaza
Individual Landmark
RIO-7B
Downtown Design Area",Indoor - Restricted,Yes,Unknown,Unknown,3000,2018.0,,No,,,Latina / o,,Man ,,,,,
403,2018.ARM.2.1,,CE - Interior,Yes,1048067,Richard A.,Armendariz,Healer II,Two Dimensional,Works on Paper,Wood block print,52 in. (w) x 40 in. (h),Arts & Culture,Head of figure wearing hat and owl atop of hat. Foliage thoughout background. ,"2nd Floor, CMO/Mayor Office suite  ",,2012,2018.0,Unknown ,Artist ,City Hall,City Hall,100 Military Plaza,78205,-98.49513,29.42463,1,"
Main/Military Plaza
Individual Landmark
RIO-7B
Downtown Design Area",Indoor - Restricted,Yes,Unknown,Unknown,3000,2018.0,,No,,,Latina / o,,Man ,,,,,
404,2018.ARM.1,,Public Art - Interior,Yes,,Richard,Armendariz ,Forgive Me Pretty Darlin',Two Dimensional,Print,Oil on carved plywood,"48"" x 60""",Convention & Sports Facilities,"This landscape is saturated with brilliant sunset colors, and filled with the rough-and-tumble flora and fauna of the borderlands.",Long hallway between N. entry lobby and Broken Crust Cafe,,2017,2018.0,Non-Bond (Convention Center),Ruiz-Healy Gallery (Acquisition) ,Convention Center,Convention Center,900 E Market Street,78205,-98.48324,29.42044,1,"RIO-3
Downtown Design Area 
Hemisfair",Indoor - Display,Yes,4500415235,8100,8100,2018.0,2017 Convention Center Expansion Project,No,Curated by Ruben Cordova ,Kenny Warren ,Latina / o,,Man ,,,,"San Antonio, TX",
405,2018.AND.2,,CE - Interior,Yes,1048115,Fernando,Andrade,Hernandez v. Texas,Two Dimensional,Drawing,Graphite on Paper,22 x 15 inches,Arts & Culture,Male figure standing at podium in suit. ,"Basement 
Acquired for St. Anthony's Lost & Found Exhibition ",,2017,2017.0,Unknown ,Artist ,Plaza de Armas,Plaza de Armas,115 Plaza de Armas,78205,-98.495663,29.424561,1,"Main / Military Plaza 
RIO-7b
Indvidual Landmark
Downtown Design Area",Indoor - Restricted,Yes,Unknown,Unknown,3500,2017.0,,No,,,Latina / o,,Man ,No,No,No,10,
406,2018.AND.1,,CE - Interior,Yes,1048030,Fernando,Andrade,Libertad,Two Dimensional,Drawing,Graphite on Paper,14 x 18 inches,Arts & Culture,"Framed portrait of family swimming in river, boy in tube behind group.","Basement 
Acquired for Entre La Sombra Exhibition",,2017,2017.0,Centro de Artes Cost Center,Artist ,Plaza de Armas,Plaza de Armas,115 Plaza de Armas,78205,-98.495663,29.424561,1,"Main / Military Plaza 
RIO-7b
Indvidual Landmark
Downtown Design Area",Indoor - Restricted,Yes,1900371669,2000,2500,2017.0,,No,,,Latina / o,,Man ,No,No,No,10,
407,2018.ALV.1.1-3,2018.ALV.1.1,Public Art - Exterior,Yes,,"Oscar 
David","Alvarado
Blancas ",Windows to Our Heritage ,Two Dimensional,Mural,"Paint, mosaics",,World Heritage Office ,"Painted underpass columns featuring vignettes of significant people and places from the neighborhood. Mosaic flourishes and polytab vignettes. Located at US90 & Presa (Pink), US90 & Roosevelt (Yellow),  & US90 & Mission / Steves (Green & Blue)","Locations: 
US90 at Presa; 2884-2798 S Presa Street; 29.393921, -98.481217 
US90 Underpass at Steves; 393-475 Mission Rd.; 29.395261, -98.490306	
US90 Underpass at Roosevelt; 998-936 Roosevelt Ave.; 29.394453, -98.486024
US90 at Presa; 2884-2798 S Presa Street; 29.39343, -98.48115 
US90 Underpass at Steves; 393-443 Mission Rd.; 29.39571, -98.49018	
US90 Underpass at Roosevelt; 901-1099 Roosevelt Ave.; 29.39546,-98.48592",,2018,2018.0,2012 Bond Program,,World Heritage,US90 Underpass at Presa,2884-2798 S Presa Street,78210,-98.481217,29.393921,3,"RIO-4
Mission 
MPOD-1",Outdoor - Display,Yes,,110000,110000,,,Yes,,,Latina / o; Native American; Alaska Native,,Man,No,No,No,1; 3,
408,2018.ALV.1,,CE - Interior,Yes,1048114,Albert ,Alvarez,The Edgewood Walkout of '68,Two Dimensional,Works on Paper,"Collage, Ink on Paper",18 x 24 in. ,Arts & Culture,"Black and white drawing of civil rights leaders, JFK, MLK, LBJ, and others. People holding protest signs. ","Basement 
Acquired for City of Service Exhibition",,2017,2018.0,Centro de Artes Cost Center,Artist ,Plaza de Armas,Plaza de Armas,115 Plaza de Armas,78205,-98.495663,29.424561,1,"Main / Military Plaza 
RIO-7b
Indvidual Landmark
Downtown Design Area",Storage ,Yes,1900371455,2000,2500,2018.0,,No,,,Latina / o,,Man ,,,,,
409,2018.ALL.1,,Public Art - Exterior,Yes,,Stuart ,Allen,Reflect,Three Dimensional ,Sculpture,Steel,27 ft H x 45 ft W,Hemisfair,A series of steel ribbons suspended from a frame.,Yananguana Garden (Hemisfair Playground),,2018,2018.0,2012 Bond Program,,Hemisfair ,Hemisfair,434 S. Alamo St.,78205,-98.487407,29.419579,1,"Hemisfair
RIO-3
Downtown Design Area",Outdoor - Display,Yes,,200000,200000,,2012 Bond Hemisfair Play Escape ,Yes,,"Stuart Allen / Bridge Projects Lead Artist
Engineer: Structural Design Consulting ",Prefer not to answer,,Prefer not to answer ,Prefer not to answer,No,No,5,
410,2018.2.1-16,2018.FRE.1.1-1.10,Public Art - Exterior,Yes,,French Michigan,,"CPS Mural, ""Time Capsules Reflections of Our Changing Community""",Two Dimensional,Mural,Ten painted steel frames, 4'x 8',Arts & Culture,Ten painted steel frames (16 total) with artwork from students at nearby schools. Photographic print on MDO board.,"1.1-10 are 4' x 8'
1.11-.15 are 4' x 5.5'
1.16 is 4' x 3' 

Frames are the asset and the artwork is a printed photo on MDO that should rotate every 1-2 years 
",,2018,2018.0,2012 Bond Program,,,Blanco Road  CPS Substation at Dresden,5283 Blanco Drive ,78213,-98.508144,29.498953,1,No,Outdoor - Display,Yes,,67500,67500,,2012 Bond Streets: D1 Neighborhoods Dresden & Blanco,Yes,,,,,,,,,"San Antonio, TX",
411,2018.1.1-4,,Public Art - Interior,Yes,,Dos Mestizx,,¡Adelante San Antonio!,Two Dimensional,Mural ,fabric mesh murals and acrylic plates ,Various ,Aviation,"3 murals and a wall hanging
1. Interior hanging acrylic plates inspired by the rose window with floral imagery and a propeller
2. Interior fabrich mesh mural highlighting San Antonio's past 300 years. Greetings in English and Spanish. 
3-4.2 Exterior fabric mesh murals representing golden eagle and Boeing 737 hybrid.
","Located in CONRAC
Artists: Michael Menchaca & Suzy Gonzalez
1. Hanging rose window next to interior mural; 72"" x 72"" 
2. One interior mural, 500 linear feet 
3-4. Two Exerior Murals on the ConRac Façade; ",,2018,2018.0,Non-Bond (Aviation),,Airport,San Antonio International Airport,9559 Airport Boulevard ,78261,-98.472583,29.526583,9,No,Indoor - Display,Yes,,20000,85000,,,Yes,,,"Latina / o
Latina / o
",,"Non-Binary
Woman","Prefer not to answer
Yes",,"No
No","1 
1",
412,2017.VAL.1,,CE - Interior,Yes,1048230,Alison,Valdivia,Bauwens Family in a Beet Field,Two Dimensional,Works on Paper,Monotype,14 x 17 inches,Arts & Culture,"Black and white image of family. Male figure wearing hat holding hand of child, female figure standing at the side of male holding other child's hand. ","Basement 
Acquired for St. Anthony's Lost & Found Exhibition",,2017,2017.0,Centro de Artes Cost Center,Artist ,Plaza de Armas,Plaza de Armas,115 Plaza de Armas,78205,-98.495663,29.424561,1,"Main / Military Plaza 
RIO-7b
Indvidual Landmark
Downtown Design Area",Storage,Yes,1900373479,600,1100,2019.0,,No,,,Latina / o,,Woman ,,,,,
413,2017.NOR.1,,Public Art - Exterior,Yes,,Christina,Sosa Noriega,"Four Seasons: Winter, Pecan, Mountain Lion",Two Dimensional,Mural ,Paint ,8' x 40',World Heritage Office ,The artwork features two pecans with a repeating pattern of silhouetted mountain lions. The background is comprised of blue and purple stripes evoking winter. ,Part of a series of 4 murals by 4 different artists ,,2017,2017.0,2012 Bond Program,,World Heritage,World Heritage Corridor at Villamain ,Villamain Road at I-410 underpass,78214,-98.446022,29.321698,3,RIO-3,Outdoor - Display,Yes,,50000,50000,,,Yes,,,Latina / o ,,Woman ,No,No,No,2,
414,2017.MON.1,,Public Art - Exterior,Yes,,Chris ,Montoya,"Four Seasons: Fall, Mesquite, Deer",Two Dimensional,Mural ,Paint ,8' x 40',World Heritage Office ,"The artwork features a heard of orange silhouetted deer. Silhouettes of mesquite trees, nopal cacti, and birds are also featured. The background is comprised of reds and pink stripes evoking fall. ",Part of a series of 4 murals by 4 different artists ,,2017,2017.0,2012 Bond Program,,World Heritage,World Heritage Corridor at Villamain ,Villamain Road at I-410 underpass,78223,-98.44621,29.321904,3,RIO-3,Outdoor - Display,Yes,,50000,50000,,,Yes,,,Latina / o ,,Man,No,No,No,3,
415,2017.GAR.1,,Public Art - Exterior,Yes,,Doroteo ,Garza ,"Four Seasons: Spring, Yucca, Heron",Two Dimensional,Mural ,Paint ,8' x 40',World Heritage Office ,The artwork features a central silhouetted heron with blooming yucca plants flanking either side. The background is comprised of green stripes evoking spring.,Part of a series of 4 murals by 4 different artists ,,2017,2017.0,2012 Bond Program,,World Heritage,World Heritage Corridor at Villamain ,Villamain Road at I-410 underpass,78223,-98.445862,29.321488,3,RIO-3,Outdoor - Display,Yes,,50000,50000,,,Yes,,,Latina / o ,,Man,No,No,No,3,
416,2017.CUN.1,,Public Art - Interior,Yes,,Cathy ,Cunningham-Little,Spirit of the Phoenix ,Three Dimensional ,Installation ,"Glass, LED","32' x 13' , 9' x 6""",SAFD,Dichroic glass installation installed in the display bay of a new fire station along with a historic fire truck. ,First SAFD project in collection,,2017,2017.0,2012 Bond Program,,, Fire Station 18,1410 S WW White RD,78220,-98.405258,29.408721,2,No,Indoor - Display,Yes,,100000,100000,,2012 Bond: Facilities D2 Fire Station,Yes,MSA Architecture + Interiors ,"Wanderlust Ironworks
",White,,Woman,,,,"San Antonio, TX",
417,2017.CRU.1,,Public Art - Exterior,Yes,,Joe,De La Cruz,"Four Seasons: Summer, Nopal and Tuna, Black Bear",Two Dimensional,Mural ,Paint ,8' x 40',World Heritage Office ,The artwork features a nopal cactus with two flanking black bears outlined over constellations on either side. The background is comprised of warm colored stripes evoking summer. ,Part of a series of 4 murals by 4 different artists ,,2017,2017.0,2012 Bond Program,,World Heritage,World Heritage Corridor at Villiamain ,Villamain Road at I-410 underpass,78223,-98.446366,29.322091,3,RIO-3,Outdoor - Display,Yes,,50000,50000,,,Yes,,,Latina / o,,Man,No,,No,5,
418,2017.BAC.1,,Public Art - Interior,Yes,,Fabian,Backrach,Charles Becker,Two Dimensional,Photograph,Photograph,,Office of the City Clerk,Mayoral Portrait,served 1973-75,,,2017.0,Donation,,Municipal Plaza,Municipal Plaza Building ,114 West Commerce,78205,-98.493886,29.424944,1,"Main / Military Plaza
Individual Landmark
Downtown Design Area",Indoor - Display,Yes,,,5000,,,No,,,,,,,,,,
419,2017.ALV.1,,Public Art - Exterior,Yes,,Oscar ,Alvarado,Elmendorf Lake Mosaic Tile Amenities,Two Dimensional,Mosaic ,Mosaic ,,Parks & Recreation,Mosaics benches and plazas ,,,2016,2016.0,2012 Bond Program,,Parks ,Elmendorf Lake Park,3702 W Commerce,78206,-98.539192,29.428735,5,No,Outdoor-Display,Yes,,220000,220000,,,Yes,,,Latina / o; Native American; Alaska Native,,Man ,No,No,No,1; 3,
420,2016.SIM.1.1-2.2,,Public Art - Exterior,Yes,,Buster ,Simpson,Midden Mounds Wickiups ,Three Dimensional ,Shade Structure,"Steel, mesh,Texas limestone, and concrete ","52' H x 13' W 
26' H x 13' W ",Parks & Recreation,"A series of mixed media domes and stone benches referencing indigenous structures. Two sites with three domes and two benches. 
1. Wickiup Encampment (2 domes + limestone snake bench)
2. Wickiup Overlook (1 domes + red granite interlocking prism bench)","1. Wickiup Encampment located at 29.357579, -98.592706
2. Wickiup Overlook located at 29.360114, -98.591939",,2016,2016.0,2012 Bond Program,,Parks ,Pearsall Park,4838 Old Pearsall Rd.,78242,-98.592706,29.357579,4,No,Outdoor - Display,Yes,,328000,328000,,Pearsall Park,Yes,Bender Wells & Clark,,White ,,Man ,,,,,"Seattle, WA"
421,2016.SCH.1,,Public Art - Exterior,Yes,,George ,Schroeder ,Tribute to Freedom,Three Dimensional ,Sculpture,"Steel, aluminum",75'h 50' W,Parks & Recreation,Steel sculpture featuring five forms representing the five branches of the United States Armed Forces. ,,,2018,2018.0,Stormwater Funds,,Parks ,Lackland Corridor Gateway Park,6562 Military Dr W,78227,-98.627316,29.401791,4,No,Outdoor - Display,Yes,,831069,1000000,,,Yes,"Larry Hicks Landscape Architect
RVK",CCC Group (Fabricator / Installer),White ,,Man ,,,,"San Antonio, TX",
422,2016.PRO.1,,Public Art - Exterior,Yes,,Alexander,Proctor,Teddy Roosevelt,Three Dimensional ,Statue,Bronze," 148"" H x 106"" L x 44"" W",Center City Development & Operations,Bronze statue of Teddy Roosevelt on horseback,"Sidewalk adjacent to Blum/Crockett Street, north side of Joske's Building",,,2016.0,Donation,,World Heritage,Alamo,198-102 Blum Street ,78205,-98.486034,29.425107,1,"Alamo Plaza
Individual Landmark
Downtown Design Area
Alamo Viewshed 
RIO-3",Outdoor - Display,Yes,,,25000,,,No,,,,,,,,,,
423,2016.MUR.1,,Public Art - Exterior,Yes,,Iker,Muro,Neon Drive,Two Dimensional,Mural,Paint,300' L,Arts & Culture,Mural focusing on refracted light.,,,2016,2016.0,2012 Bond Program,,,Nolan Street,401-405 Nolan Street,78202,-98.477607,29.427702,2,Dignowity Hill,Outdoor - Display,Yes,,,20000,,,Yes,,,Latina / o,,Man ,,,,,Spain
424,2016.MOE.1,,Public Art - Interior,Yes,,Christian,Moeller,Cactus,Three Dimensional ,Architectural ,"Galvanized steel fence, vinyl ",13' x 913',Convention & Sports Facilities,"Horizontal mural depicting a field of cactus made from galvanized metal chain-link fencing dappled with over 100,000 white vinyl dots.",Exterior facade ,,2016,2016.0,Non-Bond (Convention Center),,Convention Center,Convention Center,900 E Market Street,78205,-98.48324,29.42044,1,"RIO-3
Downtown Design Area 
Hemisfair",Outdoor - Display,Yes,,1103000,1103000,2016.0,2013-2016 Convention Center Expansion Project,Yes ,,,,,Man ,,,,,"Los Angeles, CA"
425,2016.GRY.1,,Public Art - Exterior,Yes,,Barbara ,Grygutis,Leon Creek Crossing ,Three Dimensional ,Sculpture ,"Aluminum, LED lighting",13' H,Public Works ,Seven arched sculptures evoking a tree canopy. ,,,2016,2016.0,2012 Bond Program,,Greenway Trails,Hausman Rd. at Leon Creek,6518 W Hausman Rd.,78249,-98.619316,29.572209,8,No,Outdoor - Display,Yes,,354000,300000,,2012 Bond Drainage: Hausman/Leon Creek,Yes,,"PDW GC: Sundt 
Art Engineer: Structural Design Consulting ",,,Woman ,,,,,"Tucson, AZ"
426,2016.EIM.1,,Public Art - Exterior,Yes,,Daniel ,Eime,Powder,Two Dimensional,Mural ,Paint,,Arts & Culture,Photorealistic mural representing Texas.,,,2016,2016.0,2012 Bond Program,,,San Antonio Fire Department Storage Facility,502 Burnet Street,78202,-98.475994,29.428897,2,Dignowity Hill,Outdoor - Display,Yes,,,10000,,,Yes,,,,,Man ,,,,,Portugal 
427,2016.CUM.1,,Public Art - Interior,Yes,,Thomas,Cummins,Spanish Governor's Palace Patio at Night,Two Dimensional,Photograph,Durantrans print,"52"" x 110""",Arts & Culture,Print of the Spanish Governor's Place patio at night.,Moved to Plaza de Armas ,,2016,2016.0,Non-Bond (Convention Center),,Plaza de Armas ,Plaza de Armas ,115 Plaza de Armas,78205,-98.495663,29.424561,1,"Main / Military Plaza 
RIO-7b
Indvidual Landmark
Downtown Design Area",Indoor - Display,Yes,,,3000,,,Unknown,,,,,,,,,,
428,2016.COB.4,,CE - Interior,Yes,1048098,James,Cobb,Thought Process of the Stone,Two Dimensional,Works on Paper,Pigment on Paper,50 x 38 inches,Arts & Culture,"Abstract painting in black and white, red and blue in spots.",Basement,,2004,2016.0,Centro de Artes Cost Center,Artist ,Centro de Artes ,Centro de Artes ,101 S Santa Rosa Ave,78207,-98.49853,29.42534,1,"Individual Landmark 
Downtown Design Area",Storage,Yes,1900351572,1800,1800,2016.0,,No,,,White ,,Man,No,No,No,1,
429,2016.COB.3,,CE - Interior,Yes,1048097,James,Cobb,The Plainsman,Two Dimensional,Works on Paper,Pigment on Paper,50 x 38 inches,Arts & Culture,Black abstract painting in black frame.,Basement,,2005,2016.0,Centro de Artes Cost Center,Artist ,Centro de Artes ,Centro de Artes ,101 S Santa Rosa Ave,78207,-98.49853,29.42534,1,"Individual Landmark 
Downtown Design Area",Storage,Yes,1900351572,1800,1800,2016.0,,No,,,White ,,Man,No,No,No,1,
430,2016.COB.2,,CE - Interior,Yes,1048096,James ,Cobb,Ghord Farm,Two Dimensional,Works on Paper,Pigment on Paper,50 x 38 inches,Arts & Culture,"Abstract print, grey lines with black and yellow circles throughout. Red and green specs.",Basement,,2004,2016.0,Centro de Artes Cost Center,Artist ,Centro de Artes ,Centro de Artes ,101 S Santa Rosa Ave,78207,-98.49853,29.42534,1,"Individual Landmark 
Downtown Design Area",Storage,Yes,1900351572,1800,1800,2015.0,,No,,,White ,,Man,No,No,No,1,
431,2016.COB.1,,CE - Interior,Yes,1048065,James ,Cobb,Bernese Oberlander,Two Dimensional,Works on Paper,Pigment on Paper,50 x 38 inches,Arts & Culture,"Abstract print in black frame, red squiggly line.",Basement,,2004,2016.0,Centro de Artes Cost Center,Artist ,Centro de Artes ,Centro de Artes ,101 S Santa Rosa Ave,78207,-98.49853,29.42534,1,"Individual Landmark 
Downtown Design Area",Storage,Yes,1900351572,1800,1800,2015.0,,No,,,White ,,Man,No,No,No,1,
432,2016.BRU.1,,Public Art - Exterior,Yes,,Jason ,Bruges,Liquid Crystal,Three Dimensional ,Sculpture,"Concrete, LCD panel lighting ",36' x 8.5' x 10.5',Convention & Sports Facilities,"32-foot-tall tower made of LCD panels that transmit and reflect light to create a shimmering ""liquid"" effect. ",,,2016,2016.0,2012 Bond Program,,Convention Center,Convention Center,900 E Market Street,78205,-98.48324,29.42044,1,"RIO-3
Downtown Design Area 
Hemisfair",Indoor - Display,Yes,,1103000,1103000,,2013-2016 Convention Center Expansion Project,Yes,,,,,Man,,,,,London 
433,2016.2.2-3,2016.RDG.1.1-3,Public Art - Exterior,Yes,,RDG Dahlquist,,Aguas Onduladas (Rippling Waters),Three Dimensional ,Sculpture,"Stainless steel plate, LED fixtures","H 11’-6” to 7’-2’, W 1’-2” to 2’-2”, R 20’-8” ",Parks & Recreation,Three cut stainless steel waves that follow the serpentine sidewalk inside a traffic circle. Inscribed with poetry from state poet laureate. ,Poetry by state poet Laureate Carmen Taffola ,,2018,2018.0,2012 Bond Program,,Parks ,Elmendorf Lake Park,3702 W Commerce St.,78207,-98.538756,29.429086,5,No,Outdoor - Display,Yes,,450000,450000,,2012 Bond Drainage: Elmedorf Lake Area,Yes,,Fabricator: Garces Water Jet,,,,,,,,
434,2015.VEG.1,,CE - Interior,Yes,1048236,Louis,Vega Treviño,Wheat,Two Dimensional,Painting,Painting,72 x 18 in. ,Arts & Culture,"Multi colored stripes of green, yellow, orange and other shades vertically painted on a panoramic like panel.",,,2015,2015.0,Unknown ,Artist ,Plaza de Armas,Plaza de Armas,115 Plaza de Armas,78205,-98.495663,29.424561,1,"Main / Military Plaza 
RIO-7b
Indvidual Landmark
Downtown Design Area",Storage,Yes,Unknown,2200,2200,2017.0,,No,,,Latina / o,,Man ,,,,,
435,2015.RUB.1,,Public Art - Exterior,Yes,,Alex,Rubio,Yanaguana Mural,Two Dimensional,Mural,Paint and polytab ,,Hemisfair,"blue, green, signature mural, as part of a permanently  rotating exhibit",Yananguana Garden (Hemisfair Playground),,2015,2015.0,2012 Bond Program,,Hemisfair ,Hemisfair,434 S. Alamo St.,78205,-98.487616,29.419397,1,"Hemisfair
RIO-3
Downtown Design Area",Outdoor - Display,Yes,,50000,50000,,2012 Bond Hemisfair Play Escape ,Yes,,"Stuart Allen / Bridge Projects Lead Artist
Engineer: Structural Design Consulting ",Latina / o ,Chicano,Man ,No,No,No,5,
436,2015.MAH.1,,Public Art - Exterior,Yes,,Karen ,Mahaffy,Play House,Three Dimensional ,Sculpture,"Steel, LED",,Hemisfair,"White powder coated steel house frame, with intricate floral cut outs",Yananguana Garden (Hemisfair Playground),,2015,2015.0,2012 Bond Program,,Hemisfair ,Hemisfair,615 E. Cesar E. Chavez Blvd.,78205,-98.487539,29.418588,1,"Hemisfair
RIO-3
Downtown Design Area",Outdoor - Display,Yes,,50000,50000,,2012 Bond Hemisfair Play Escape ,Yes,,"Stuart Allen / Bridge Projects Lead Artist
Engineer: Structural Design Consulting ",,,Woman ,,,,"San Antonio, TX",
437,2015.KOR.1,,Public Art - Exterior,Yes,,Douglas ,Kornfeld,"Open Hand, Open Mind, Open Heart ",Three Dimensional ,Sculpture ,Steel,32' x 17',Parks & Recreation,32- foot-tall sculpture made with perforated steel and metal tubing. Depicts an open hand with two circular openings.,,,2015,2015.0,2012 Bond Program,,Parks ,Pittman Sullivan Park,1213 Iowa St.,78203,-98.463167,29.412207,2,No,Outdoor - Display,Yes,,80000,50000,,2012 Bond Parks: Eastside Parks- Pittman Sullivan Park,Yes,Landscape Architect: Terra Design Group,,,,Man,,,,,"Cambridge, MA"
438,2015.KHO.1,,Public Art - Exterior,Yes,,Jennifer,Khoshbin,Sideshow,Three Dimensional ,Sculpture,Powder-coated steel,,Hemisfair,"3 powder coated steel frames, with tree silhouette cut outs",Yananguana Garden (Hemisfair Playground),,2015,2015.0,2012 Bond Program,,Hemisfair ,Hemisfair,434 S. Alamo St.,78205,-98.487871,29.419535,1,"Hemisfair
RIO-3
Downtown Design Area",Outdoor - Display,Yes,,50000,50000,,2012 Bond Hemisfair Play Escape ,Yes,,"Stuart Allen / Bridge Projects Lead Artist
Engineer: Structural Design Consulting ",White ,,Woman,No,No,No,1,
439,2015.KER.1.1-2,2015.KER.1.1-64,Public Art - Exterior,Yes,,"Diana 
Bernice ","Kersey
Williams ",East Houston Bridge,Both ,Architectural ,Ceramic inserts and steel sculpture ,,Public Works ,"Diana Kersey created 64 ceramic inserts depicting natural and human history  
Bernice Williams created 4 steel finials on the bridge rail with LED lighting inspired by West African symbols",,,2007,2007.0,2007 Bond Program,,,E. Houston Street Bridge,3400 E Houston,78219,-98.43235,29.42457,2,No,Outdoor - Display,Yes,,96000,96000,,2007 Bond: Streets Houston Street ,Yes,,,"White 
Black / African American ",,"Woman
Woman ",Yes,No,No,1,
440,2015.ISH.1.1-2,2015.ISH.1.2,Public Art - Exterior,Yes,,Jon ,Isherwood,Sotol Duet ,Three Dimensional ,Sculpture ,Gray granite ,4.25' h & 7' h,Parks & Recreation,Two sculptures made of red and gray granite that references the sotol plant. This references the earthy root below ground.,,,2015,2015.0,2012 Bond Program,,Parks ,Panther Springs Park,22635 Wilderness Oaks,78260,-98.504597,29.652411,9,No,Outdoor - Display,Yes,,80000,80000,,2012 Bond Parks: Panther Springs Park,Yes,,,,,Man,,,,,"Hudson, NY"
441,2015.GAY.1,,Public Art - Interior,Yes,,Dixie,Friend Gay,Songbirds of San Antonio,Two Dimensional,Mural ,Ceramic tile,260 square ft.,Department of Human Services,"Mosaic glass and ceramic tile mural, depicting native texas songbirds.",,,2015,2015.0,2012 Bond Program,,,Northeast Senior Center,4135 Thousand Oaks Dr,78217,-98.412315,29.555126,10,No,Indoor - Display,Yes,,100000,75000,,2012 Bond: Facilities D10 Senior Center,Yes,RVK Architect,,White,,Woman,,,,,"Houston, TX"
442,2015.FOR.1,,Public Art - Exterior,Yes,,Marc,Fornes ,Spineway ,Three Dimensional ,Sculpture ,Aluminum,20' H x 63'W x 26' D,Parks & Recreation,Modeled off of architectural bridges. Aluminum with 22 different colors.,,,2015,2015.0,2012 Bond Program,,Parks ,Woodlawn Lake Park,1401 Cincinnati Avenue,78201,-98.5367787,29.4504933,7,Woodlawn Lake,Outdoor - Display,Yes,,375000,375000,,Woodlawn Lake,Yes,,Con Cor,,,Man,,,,,"New York City, NY"
443,2015.FIT.1,,Public Art - Exterior,Yes,,Bill ,FitzGibbons,Culebra Park Plaza,Three Dimensional ,Sculpture ,Powder coated Steel and LEDs,,Parks & Recreation,"Lit sculpture comprised of 8 poles, time capsule",,,2015,2015.0,2012 Bond Program,,Parks ,Gilbert Garza Park,1450 Mira Vista,78228,-98.600608,29.45426,7,No,Outdoor - Display,Yes,,106870,50000,,Culebra Park,Yes,,,White ,,Man ,No,No,No,D5,
444,2015.FAU.1,,Public Art - Exterior,Yes,,Joey,Fauerso,Sky Camp,Three Dimensional ,Sculpture,Painted Steel,,Hemisfair,metal powder coated  'pup' tents ,Yananguana Garden (Hemisfair Playground),,2015,2015.0,2012 Bond Program,,Hemisfair ,Hemisfair,434 S. Alamo St.,78205,-98.487044,29.419772,1,"Hemisfair
RIO-3
Downtown Design Area",Outdoor - Display,Yes,,50000,50000,,2012 Bond Hemisfair Play Escape ,Yes,,Stuart Allen / Bridge Projects Lead Artist,White ,,Woman ,No,No,No,1,
445,2015.ESP.1.1,,CE - Interior,Yes,1048136,Jenelle ,Esparza,La Reina,Two Dimensional,Textile,White fabric with embroidery ,Variable ,Arts & Culture,"White, oversized apron with stiched-on text. ",Basement ,,2015,2015.0,Unknown ,Artist ,Plaza de Armas,Plaza de Armas,115 Plaza de Armas,78205,-98.495663,29.424561,1,"Main / Military Plaza 
RIO-7b
Indvidual Landmark
Downtown Design Area",Storage,Yes,Unknown,1250,1250,2017.0,,No,,,Latina / o,,Woman ,No,,No,7,
446,2015.COB.4,,CE - Interior,Yes,1048124,James ,Cobb,Growth,Two Dimensional,Works on Paper,Pigment on Paper,50 x 38 inches,Arts & Culture,Grey abstract painting,B-Room,,2004,2015.0,Director's Office OP Support,Artist ,Municipal Plaza,Municipal Plaza Building ,114 West Commerce,78205,-98.493886,29.424944,1,"Main / Military Plaza
Individual Landmark
Downtown Design Area",Indoor - Restricted,Yes,4500403080,1800,1800,2015.0,,No,,,White ,,Man,No,No,No,1,
447,2015.COB.3,,CE - Interior,Yes,1048126,James ,Cobb,Nourishment,Two Dimensional,Works on Paper,Pigment on Paper,50 x 38 inches,Arts & Culture,Black abstract painting,B-Room,,2004,2015.0,Director's Office OP Support,Artist ,Municipal Plaza,Municipal Plaza Building ,114 West Commerce,78205,-98.493886,29.424944,1,"Main / Military Plaza
Individual Landmark
Downtown Design Area",Indoor - Restricted,Yes,4500403080,1800,1800,2018.0,,No,,,White ,,Man,No,No,No,1,
448,2015.COB.2,,CE - Interior,Yes,1048125,James ,Cobb,Ingratitude in Advance,Two Dimensional,Works on Paper,Pigment on Paper,50 x 38 inches,Arts & Culture,White abstract painting,B-Room,,2011,2015.0,Director's Office OP Support,Artist ,Municipal Plaza,Municipal Plaza Building ,114 West Commerce,78205,-98.493886,29.424944,1,"Main / Military Plaza
Individual Landmark
Downtown Design Area",Indoor - Restricted,Yes,4500403080,1800,1800,2018.0,,No,,,White ,,Man,No,No,No,1,
449,2015.COB.1,,CE - Interior,Yes,1048127,James ,Cobb,The Ambition of the Stick,Two Dimensional,Works on Paper,Pigment on Paper,50 x 38 inches,Arts & Culture,Green and purple abstract painting,B-Room,,2003,2015.0,Director's Office OP Support,Artist ,Municipal Plaza,Municipal Plaza Building ,114 West Commerce,78205,-98.493886,29.424944,1,"Main / Military Plaza
Individual Landmark
Downtown Design Area",Indoor - Restricted,Yes,4500403080,1800,1800,2020.0,,No,,,White ,,Man,No,No,No,1,
450,2015.CHU.1,,Public Art - Interior,Yes,,Woonhak,Chung,Buddha,Three Dimensional ,Light Art,,,Arts & Culture,Stacked light boxes depicting the face of Buddha with changing colors,Originally part of Luminaria,,,2015.0,Donation,Woonhak Chung,Plaza de Armas ,Plaza de Armas ,115 Plaza de Armas,78205,-98.495663,29.424561,1,"Main / Military Plaza 
RIO-7b
Indvidual Landmark
Downtown Design Area",Storage,Yes,,,15000,,,No,,,,,,,,,,"Gwangju, Korea "
451,2015.BOY.1,,Public Art - Exterior,Yes,,Justin,Boyd,Sound Scout,Three Dimensional ,Sound Art,Speakers,,Hemisfair,Sound installation of native/natural sounds from landscape,Yananguana Garden (Hemisfair Playground),,2015,2015.0,2012 Bond Program,,Hemisfair ,Hemisfair,434 S. Alamo St.,78205,-98.48709,29.419582,1,"Hemisfair
RIO-3
Downtown Design Area",Storage,Yes,,50000,50000,,2012 Bond Hemisfair Play Escape ,Yes,,"Stuart Allen / Bridge Projects Lead Artist
Engineer: Structural Design Consulting ",Prefer not to answer,,Prefer not to answer,Prefer not to answer,Prefer not to answer,No,1,
452,2015.ALL.1,,Public Art - Exterior,Yes,,Stuart,Allen,Kite Table,Three Dimensional ,Functional ,Galvanized Steel,,Hemisfair,Folded galvanized steel kite table with etched instructions on table top ,Yananguana Garden (Hemisfair Playground),,2015,2015.0,2012 Bond Program,,Hemisfair ,Hemisfair,434 S. Alamo St.,78205,-98.487893,29.419212,1,"Hemisfair
RIO-3
Downtown Design Area",Outdoor - Display,Yes,,45000,50000,,2012 Bond Hemisfair Play Escape ,yes,,"Stuart Allen / Bridge Projects Lead Artist
Engineer: Structural Design Consulting ",Prefer not to answer,,Prefer not to answer ,Prefer not to answer,No,No,5,
453,2014.ROD.1-2 ,,Public Art - Exterior,Yes,,Angel,Rodríguez-Díaz,Crossroads of Enlightenment,Three Dimensional ,Sculpture ,Steel,"Towers: 30'X10' D, 20’ H; Bases: 10’ H, 10’ D",Public Works ,Two steel sculptures that serve as a neighborhood gateway. Carved with references of the surrounding area.,"1) 29.488732, -98.508186
2) 29.488447, -98.507642",,2014,2014.0,2012 Bond Program,,,Blanco Road at Basse,Blanco Road and Basse Road Intersection,78212,-98.508186,29.488732,1,No,Outdoor - Display,Yes,,218200,218200,,2007 Bond Streets: Blanco Street,Yes,Bender Wells & Clark,,Latina / o ,,Man ,,,,"San Antonio,  TX",
454,2014.GAL.1,,Public Art - Exterior,Yes,,Beth ,Galston,Prairie Grass,Three Dimensional ,Sculpture,Stainless steel ,,Building & Equipment Services,Series of sculptures taking inspiration from the Texas prairie grasses that have slender stems and sway gently in the wind.,"No longer called NW Service Center. Located on W. Commerce and Callaghan, was noted as D6 but is D5",,2014,2014.0,Certicates of Obligation ,,,City of San Antonio Solid Waste,6933- 6947 West Commerce St,78228,-98.5984,29.43596,5,No,Outdoor - Display,Yes,,160000,160000,,,Yes,,,,,Woman ,,,,,"Boston, MA"
455,2014.CAI.1.1-3,2014.CAI.1.1,Public Art - Exterior,Yes,,Andrea,Caillouet,Urban Porch,Three Dimensional ,Bus Shelter,Powder-coated steel,,Public Works ,"A series of bus shelters in the Westside Neighborhood that creates visual markers in the cultural corridor.
","1. Next to Chavez building; -98.51454, 29.42014	
2. Next to theater; -98.51448, 29.42006	
3. behind cultural arts education center; -98.51387, 29.41858	",,2014,2014.0,CDBG Grant,,,Guadalupe Cultural Arts Center,723 S. Brazos St.,78207,-98.51448,29.42006,5,No,Outdoor-Display,Yes,,270000,270000,,,Yes,,,,,Woman ,,,,,"New Orleans, LA"
456,2013.WAL.1.1-6,,Public Art - Exterior,Yes,,Anne ,Wallace,Golden Age,Three Dimensional ,Sculpture,"stainless steel, gold reflectors",6ft Wide each,Parks & Recreation,6 individual pieces made of side roll irrigator parts with gold reflectors. References prairie wildfires and restoration.,,,2013,2013.0,2012 Bond Program,,Parks ,"Hardberger Park, Urban Ecology Center",8400 NW Military Hwy,78231,-98.529345,29.554172,9,No,Outdoor - Display,Yes,,67000,67000,,,Yes,,,Prefer not to answer,,Woman ,No,No,No,1,
457,2013.SCH.1,,Public Art - Exterior,Yes,,Mark,Schlesinger,Along Here and There,Two Dimensional,Sidewalk Art,Concrete and paint ,,Public Works ,Stained concrete sidewalks and streetscape elements,,,2013,2013.0,2007 Bond Program,,,Jones Maltsberger Rd.,Jones Maltsberger Road near Redland Road,78247,-98.437972,29.592777,9,No,Outdoor-Display,Yes,,173620,173620,,2012 Bond Streets: Jones Maltsberger to Redland Rd,Yes,HNTB,,,,Man,,,,"San Antonio,  TX",
458,2013.ALV.2,,Public Art - Exterior,Yes,,Oscar ,Alvarado,Walters Street Mosaic Signifiers,Two Dimensional,Mosaic ,Mosaic ,,Public Works ,Located at Walters entrance to Fort Sam. Mosaic covered columns with red balls.,,,2013,2013.0,2007 Bond Program,,,Walters Street Entrance to Fort Sam,1900 N Walters,78208,-98.450532,"29.439799,",2,Government Hill,Outdoor - Display,Yes,,64600,84000,,Walters Street to Ft. Sam Houston Bundle,yes,CH2M Hill,,Latina / o; Native American; Alaska Native,,Man ,No,No,No,1; 3,
459,2013.ALV.1.1-3,,Public Art - Exterior,Yes,,Oscar ,Alvarado,Zarzamora Mosaic Bus Shelter Walls,Two Dimensional,Mural ,Mosaic tiles,9' x 3' x 1',Public Works ,Mosaic panels referencing the history of the surrounding neighborhood and landmarks. Located at bus stops to provide shade and display cultural heritage.,,,2013,2013.0,2007 Bond Program,,,S. Zarzamora,3901-3999 S Zarzamora,78225,-98.532142,29.393593,5,No,Outdoor - Display,Yes,,129400,105000,,2007 Bond Project: Zarzamora Drainage,yes,"Chiang, Patel & Yerby, Inc",,Latina / o; Native American; Alaska Native,,Man ,No,No,No,1; 3,
460,2012.SCH.1.1-2,2012.SCH.1,Public Art - Exterior,Yes,,George,Schroeder,River Origin and Movements ,Three Dimensional ,Bridge,Sculpture Steel Railing,"120' x 3' 6"" (x2)",Center City Development & Operations,Ornamental forged  steel railings/screen- depicting native plants and vegetation along the SA river,"On Public Art tab it states that  River Origins and Movements #1 and #2 combined should be insured for $350,000.  That is not shown on this tab.

Part of Museum Reach on the San Antonio River ",,2009,2009.0,Donation,San Antonio River Foundation,Museum Reach ,San Antonio River Walk ,1272 Newell Street ,78215,-98.48237,29.44085,1,RIO-2 ,Outdoor - Display,Yes,,,100000,,SARIP  Museum Reach,Yes,,,White ,,Man ,,,,"San Antonio, TX",
461,2012.ROB.1,,Public Art - Exterior,Yes,,Jack ,Robbins,Butterfly,Three Dimensional ,Sculpture,Galvanized Steel,,Parks & Recreation,Steel sculpture with multiple butterfly silhouettes surrounding a central column,,,2012,2012.0,2007 Bond Program,,Parks ,Prue Road,7000 Prue Rd,78249,-98.631091,29.541663,8,No,Outdoor - Display,Yes,,102000,60000,,2007 Bond Program: Streets Prue Road,Yes,URS Corporation,,Prefer not to answer,,Prefer not to answer ,Prefer not to answer,Prefer not to answer,No,10,
462,2012.PELL.1,,Public Art - Exterior,Yes,,Katie,Pell,Lackland Terrace Skate Park,Two Dimensional,Functional ,Stained concrete,,Parks & Recreation,Stained concrete Dia de los Muertos design,,,2012,2012.0,2007 Bond Program,,Parks ,Lackland Terrace Skate Park,75280 Westshire Dr.,78227,-98.642217,29.411593,4,,Outdoor-Display,Yes,,13500,13500,,2007 Bond Parks: D4 Parks Bundle ,Yes,,,White,,Woman ,,,,"San Antonio, TX",
463,2012.PAW.1,,Public Art - Interior,Yes,,Hans,Pawlitschek,NA- (Farm),Two Dimensional,Painting,oil on canvas,,Center City Development & Operations,"Painting of a farm, a road, and 19th century style gathered haystacks",Back stairwell,,,2012.0,Donation,Red Berry Estate,,Red Berry Mansion,856 Gembler Road ,78219,-98.41862,29.43408,2,No,Storage,Yes,,,500,,,No,,,,,,,,,,
464,2012.JEF.1.1-4,,Public Art - Exterior,Yes,,Jefre,Figueras Manuel,Unity Plaza,Three Dimensional ,Plaza ,Steel ; Mixed media ,,Building & Equipment Services,"4 parts 
1.Tower-  Illuminated white steel tower
2. Map- Mosaic stone tile map of city 
3. SAPD Silhouette- Red Steel Shadow Sculpture depicting Fire Fighter
4. SAFD Silhouette- Blue Steel Shadow Sculpture depicting Police Officer",,,2012,2012.0,Certicates of Obligation ,Alamo Area Fire and Police Memorial,,Public Safety Headquarters,315 South Santa Rosa Avenue ,78207,-98.49916,29.42294,1,No,Outdoor - Display,Yes,,350000,300000,,,Yes,,,Asian / Asian American ,,Man,,,,,"Orlando, FL"
465,2012.JAM.1,,Public Art - Interior,Yes,,Louis,Jambor,The Rehersal,Two Dimensional,Painting,oil on canvas,,Center City Development & Operations,"Two 19th century women singing at a piano; one seated, one standing",Most likey a copy or reproduction blue bedroom,,,2012.0,Donation,Red Berry Estate,,Red Berry Mansion,856 Gembler Road ,78219,-98.41862,29.43408,2,No,Storage,Yes,,,500,,,No,,,,,,,,,,
466,2012.ICA.1,,Public Art - Interior,Yes,,Louis,Icart,Sofa,Two Dimensional,Print,etching,,Center City Development & Operations,Art Deco Style lounging sofa and woman,If original print may be very valuable- master bath,,1937,2012.0,Donation,Red Berry Estate,,Red Berry Mansion,856 Gembler Road ,78219,-98.41862,29.43408,2,No,Storage,Yes,,,500,,,No,,,,,,,,,,
467,2012.HAR.1,,Public Art - Interior,Yes,,A.R.,Harvey,NA-(Estate),Two Dimensional,Painting,oil on canvas,,Center City Development & Operations,"Impressionist style painting of the back of the house, viewing the pool, fountain and rear staircase",basement,,,2012.0,Donation,Red Berry Estate,,Red Berry Mansion,856 Gembler Road ,78219,-98.41862,29.43408,2,No,Storage,Yes,,,500,,,No,,,,,,,,,,
468,2012.BRI.1.1-2,,Public Art - Exterior,Yes,,Rolando,Briseno ,"Puente de Encuentros (Bridge of Encounters) 
Puente de Rippling Shadows (Bridge of Rippling Shadows)",Three Dimensional ,Shade Structure,Steel,,Center City Development & Operations,"2 sets of railings 
1. More than two dozen steel structures with  overlapping concentric discs of perforated aqua metal sheets, meant to invoke the feeling of rippilng water
2. Painted metal sheets of overlapping hands, resembling traditional papel picadao style.",Part of Museum Reach on the San Antonio River,,2012,2012.0,Donation,San Antonio River Foundation,Museum Reach ,San Antonio River Walk ,"543-549 McCullough Ave
528-552 Brooklyn Ave Bridge",78205,"(-98.48691;
 -98.485121)","29.432619
29.433402",1,RIO-2 ,Outdoor - Display,Yes,,150000,75000,,,No,,,Latina / o,,Man,,,,"San Antonio, TX",
469,2012.AUD.1,,Public Art - Interior,Yes,,John James,Audubon,Red Shouldered Hawk,Two Dimensional,Print,Print,,Center City Development & Operations,"Two realistically depicted hawks, perched on branches",Original work was a watercolor drawing by John James Audubon from 1829. Printed & Colored by R. Havell Sen. 2nd floor,,,2012.0,Donation,Red Berry Estate,,Red Berry Mansion,856 Gembler Road ,78219,-98.41862,29.43408,2,No,Storage,Yes,,,500,,,No,,,,,,,,,,
470,2012.ARR.6,,Public Art - Interior,Yes,,Daniel,Arredondo,NA-(peacocks),Two Dimensional,Painting,oil on canvas,,Center City Development & Operations,Four peacocks in an open field,2nd Floor,,,2012.0,Donation,Red Berry Estate,,Red Berry Mansion,856 Gembler Road ,78219,-98.41862,29.43408,2,No,Storage,Yes,,,1000,,,No,,,Latina / o,,Man ,,,,"San Antonio, TX",
471,2012.ARR.5,,Public Art - Interior,Yes,,Daniel,Arredondo,NA-(Antelope Fighting),Two Dimensional,Painting,oil on canvas,,Center City Development & Operations,Two antelope locking horns in an open field; horizontal orientation,2nd Floor,,,2012.0,Donation,Red Berry Estate,,Red Berry Mansion,856 Gembler Road ,78219,-98.41862,29.43408,2,No,Storage,Yes,,,1000,,,No,,,Latina / o,,Man ,,,,"San Antonio, TX",
472,2012.ARR.4,,Public Art - Interior,Yes,,Daniel,Arredondo,Black Swan,Two Dimensional,Painting,oil on canvas,,Center City Development & Operations,Oil painting of 3 swans and reflections in a pond,,,,2012.0,Donation,Red Berry Estate,,Red Berry Mansion,856 Gembler Road ,78219,-98.41862,29.43408,2,No,Storage,Yes,,,1000,,,No,,,Latina / o,,Man ,,,,"San Antonio, TX",
473,2012.ARR.3,,Public Art - Interior,Yes,,Daniel,Arredondo,NA-(Antelope Sunset),Two Dimensional,Painting,oil on canvas,,Center City Development & Operations,Oil painting of 3 antelope at sunset; vertical orientation,Dining Room ,,,2012.0,Donation,Red Berry Estate,,Red Berry Mansion,856 Gembler Road ,78219,-98.41862,29.43408,2,No,Storage,Yes,,,1000,,,No,,,Latina / o,,Man ,,,,"San Antonio, TX",
474,2012.ARR.2,,Public Art - Interior,Yes,,Daniel,Arredondo,NA-(Antelope),Two Dimensional,Painting,oil on canvas,,Center City Development & Operations,Oil painting of family of antelope,Front Parlor,,,2012.0,Donation,Red Berry Estate,,Red Berry Mansion,856 Gembler Road ,78219,-98.41862,29.43408,2,No,Storage,Yes,,,1000,,,No,,,Latina / o,,Man ,,,,"San Antonio, TX",
475,2012.ARR.1,,Public Art - Interior,Yes,,Daniel,Arredondo,NA-(Trees),Two Dimensional,Painting,oil on canvas,,Center City Development & Operations,"Oil painting of trees and a path by a lake, located on the estate grounds",Front Parlor,,,2012.0,Donation,Red Berry Estate,,Red Berry Mansion,856 Gembler Road ,78219,-98.41862,29.43408,2,No,Storage,Yes,,,1000,,,No,,,Latina / o,,Man ,,,,"San Antonio, TX",
476,2011.ZUB.1.1-6,,Public Art - Exterior,Yes,,Peter,Zubiate,Stone Oak Shadows,Three Dimensional ,Bench,"Wood, steel","8'x8'
10'x 8'6"" x 3'6""",Library,"Sculpture and 5 benches. 
Benches: colorful steel cut tree shadows are supported by reclaimed tree trunks, creating large 'trunk' benches that are shaded by the shadow sillouettes. 
Sculpture: colorful steel cut tree shadows, layered in a niche in the library's entrance",,,2011,2011.0,2007 Bond Program,,Branch Libraries ,Parman Branch library,20735 Wilderness Oak Dr ,78260,-98.514636,29.636478,9,No,Outdoor - Display,Yes,,43724,10000,2011.0,2007 Bond Libraries: Stone Oak Branch Library,Yes,Marmom Mok Architects,,White ,,Man,No,,,"San Antonio, TX",
477,2011.VAL.2,,Public Art - Interior,Yes,,Ramiro,Valdez,Henry Guerra,Two Dimensional,Painting,Oil on canvas,"24"" x 18""",Library,Contemporary portrait style paintings in tones of yellow.,"
Central Library Vault",,,,Donation,Artist,Central Library ,Central Library ,600 Soledad Street ,78205,-98.492909,29.43247,1,"RIO-3
RIO-7A Downtown Design Area
Individual Landmark",Storage,Yes,,,1000,,,No,,,,,,,,,,
478,2011.VAL.1,,Public Art - Interior,Yes,,Ramiro,Valdez,Henry B. Gonzalez,Two Dimensional,Painting,Oil on canvas,"24"" x 18""",Library,Contemporary portrait style paintings in tones of yellow.,"
Central Library Vault
",,,,Donation,Artist,Central Library ,Central Library ,600 Soledad Street ,78205,-98.492909,29.43247,1,"RIO-3
RIO-7A Downtown Design Area
Individual Landmark",Storage,Yes,,,1000,,,No,,,,,,,,,,
479,2011.SCH.1,,Public Art - Exterior,Yes,,George,Schroeder,River Orgin and Movements (1),Three Dimensional ,Bridge,Steel ,"120' by 3' 6"" (x 2)",Center City Development & Operations,Ornamental forged  steel railings/screen depicting native plants and vegetation along the SA river,"On Public Art tab it states that  River Origins and Movements #1 and #2 combined should be insured for $350,000.  That is not shown on this tab.

Part of Museum Reach on the San Antonio River ",,2009,2009.0,Donation,San Antonio River Foundation,Museum Reach ,San Antonio River Walk ,1272 Camden Street Bridge ,78215,-98.48210199999994,29.44051500000006,1,RIO-2 ,Outdoor - Display,Yes,,,100000,,SARIP  Museum Reach,Yes,,,White ,,Man ,,,,"San Antonio, TX",
480,2011.SAU.1.1-3,,Public Art - Exterior,Yes,,Chris ,Sauter,Core Samples & Foundations ,Both ,Sculpture ,"Concrete, stone, and artifacts 
Acrylic paint, mixed media",,Library,"Two outdoor sculptures and 1 mixed media mural:
Sculpture 1: resembles geological core samples. Positioned near library entrance, features a projector that projects the library’s name on the building. Features embedded artifacts in the stained concrete.
Sculpture 2:  resembles geological core samples. Features embedded artifacts in the stained concrete.
Mural: mixed media mural located inside the library. Shows geological layering of the new library.",,,2011,2011.0,2007 Bond Program,,Branch Libraries ,Mission Branch Library,3134 Roosevelt Ave. ,78214,-98.48008,29.36514,3,"Mission
Mission San Jose",Outdoor - Display,Yes,,66750,35000,2011.0,2007 Bond Libraries: Mission Branch Library ,Yes,,,White,,Man,Yes ,No,No,3,
481,2011.PEL.2,,Public Art - Exterior,Yes,,Katie,Pell,Nani Falcone Skate Park Mural,Two Dimensional,Mural,Stained concrete,,Parks & Recreation,"concrete, paint (concrete dye & acid stain)",,,2011,2011.0,2007 Bond Program,,Parks ,Nani Falcone Park,7625 Mystic Park,78242,-98.642413,29.525895,7,No,Outdoor - Display,Yes,,5500,5500,,2007 Bond Parks: D4 Parks Bundle,Yes ,Grindline,Grindline,White,,Woman ,,,,"San Antonio, TX",
482,2011.PEL.1.1-2,,Public Art - Exterior,Yes,,Katie,Pell,Arnold Park Playground,Two Dimensional,Functional ,Toturf ,1000 sq. feet (each),Parks & Recreation,"2 colorfully designed play surface pads. Each surface is made out of 'toturf,' a rubber recycled material. Imagery surrounds the theme of metamorphosis and transformation. Floor imagery is designed to encourage play: hopping, running and jumping.
1.) Combination of blue, organe and green organic shapes
2.) Yellow and blue butterfly",,,2011,2011.0,2007 Bond Program,,Parks ,Arnold Park,"1101 Gillette Ave
",78224,-98.531784,29.331021000000078,4,No,Outdoor - Display,Yes,,5500,5500,,2007 Bond Parks: Dist 4 Parks Bundle Arnold Park ,yes,RVK Architect,,White ,,Woman,,,,"San Antonio, TX",
483,2011.LAY.1,,Public Art - Interior,Yes,,Jay,Laycox,Sunday Afternoon,Two Dimensional,Print,Printed photo,"24"" x 26""",Library,Printed photo image on paper pasted on matboard,Central Library Vault,,,,Donation,,Central Library ,Central Library ,600 Soledad Street ,78205,-98.492909,29.43247,1,"RIO-3
RIO-7A Downtown Design Area
Individual Landmark",Storage,Yes,,,1000,,,No,,,,,,,,,,
484,2011.KRA.1,,Public Art - Interior,Yes,,Lee,Krause,The Herons,Two Dimensional,Print,Engraving,"42"" x 18""",Library,"Printed engraving, blue with black and some yellow. Print # 52/60",Central Library Vault,,,,Donation,,Central Library ,Central Library ,600 Soledad Street ,78205,-98.492909,29.43247,1,"RIO-3
RIO-7A Downtown Design Area
Individual Landmark",Storage,Yes,,,1000,,,No,,,,,,,,,,
485,2011.KER.2,,Public Art - Exterior,Yes,,Diana ,Kersey,Millrace Bridge,Two Dimensional,Bridge,Ceramic mosaic on bridge railing ,,Parks & Recreation,"24 ceramic panels integrated into the cement guardrails of the bridge. Each unique insert features designs that portray various golf scenes,  portraying the historic relevance of the game to  Brackenridge Park.","Brackenridge Park at Millrace Bridge.

Millrace brige was completed in the fall of 2011",,2011,2011.0,2007 Bond Program,,Parks ,Brackenridge Park,Millrace Bridge,78215,-98.476227,29.448707,1,"RIO-1 
Individual Landmark",Outdoor - Display,Yes,,,30000,,Catapala Pershing Bridge Modification,yes,Unintech,,White ,,Woman,Yes,No,No,1,
486,2011.KER.1,,Public Art - Exterior,Yes,,Diana ,Kersey,Mulberry Bridge,Two Dimensional,Bridge ,Ceramic mosaic on bridge railing ,Various,Parks & Recreation,"24 ceramic panels integrated into the cement guardrails of the bridge. Each unique insert features designs that portray the life cycle of the Gulf Coast Toad, which is commonly found in Brackenridge Park.","Brackenridge Park at Millrace Bridge.

Millrace brige was completed in the fall of 2011",,2011,2011.0,2007 Bond Program,,Parks ,Brackenridge Park,987 E. Mulberry Avenue ,78209,-98.47260399999993,29.455032999000082,2,"RIO-1 
Individual Landmark",Outdoor - Display,Yes,,,30000,,Catapala Pershing Bridge Modification,yes,Unintech,,White ,,Woman,Yes,No,No,1,
487,2011.CAR.1,,Public Art - Exterior,Yes,,Elizabeth,Carrington,Nessie,Three Dimensional ,Sculpture,Steel,,Parks & Recreation,Steel sculpture silhouette of the Loch Ness monster,,,2011,2011.0,2007 Bond Program,,Parks ,Tom Slick Park,"7400 Tx-151, San Antonio, TX ",78227,-98.636053,29.428266,6,No,Outdoor - Display,Yes,,7000,10000,,Tom Slick Park,yes,Bender Wells & Clark,Signs & Designs,White,,Woman ,No,No,No,1,
488,2011.1.1-3,2011.DAW.1,Public Art - Exterior,Yes,,,,Dawson Community Center Murals,Two Dimensional,Mural ,Acrylic,8' x 5',Parks & Recreation,"Three murals
1. learning mural 
2. Sports mural
3. Robert Dawson mural
Sports mural and learning mural are on same side of the wall facing Commerce under the window. Robert Dawson is on a smaller wall. Murals are colorful and depict images from which they are named.",Not records on murals ,,,,Donation,,,Dawson Community Center,2500 East Commerce,78203,-98.45444490299991,29.41939538300005,2,No,,Yes,,,5000,,,No,,,,,,,,,,
489,2010.VAL.1,,Public Art - Interior,Yes,,Anita,Valencia,Palimpsest #5 ,Two Dimensional,Painting,Oil on canvas,,Library,Abstract painting,,,,2010.0,Donation,John and Melody Lindquist ,Branch Libraries ,Forest Hills Branch Library ,5245 Ingram Road ,78228,-98.58867,29.463932,7,No,Storage,Yes,,,10000,,,No,,,Latina / o ,,Woman ,,,,"San Antonio,  TX",
490,2010.STO.1,,Public Art - Interior,Yes,,Jim,Stoker,Wildflowers,Two Dimensional,Painting,Oil Painting,,Library,Oil painting,,,,2010.0,Donation,John and Melody Lindquist ,Branch Libraries ,Thousand Oaks Branch Library,"4618 Thousand Oaks Drive, ",78233,-98.401234,29.545223,10,No,Storage,Yes,,,5000,,,No,,,,,,,,,,
491,2010.SEA.1.2-5,,Public Art - Interior,Yes,,Ansen,Seale,Confluence: Flowing Together,Two Dimensional,Photograph,"Acrylic Plates, LED ","40"" x 72"" each",Convention & Sports Facilities,"Fifty-six self-illuminated photographs, suspended from the ceiling on the North and South walls of the theater house. The overall installation forms a single image of water spanning the entire wall on each side of the house. The image is printed directly onto LED panels using UV-cured ink. Power supplies at the base of each of eight columns of panels convert AC power into DC power for the panels. A dimming circuit is tied together with the house lights. All control is via the lighting booth.",Lila Cockrell Theater,,2010,2010.0,Non-Bond (Convention Center),,Convention Center,Convention Center,900 E Market Street,78205,-98.48324,29.42044,1,"RIO-3
Downtown Design Area 
Hemisfair",Indoor - Display,Yes,,146250,120000,,Lila Cockrell Theater Renovation,yes,Marmom Mok Architects,,Prefer to self describe ,Anglo / Saxon ,Man ,No,No,No,Bexar County,
492,2010.SEA.1.1,,Public Art - Interior,Yes,,Ansen,Seale,San Antonio-Cibolo (Confluence Series),Two Dimensional,Photograph,"Acrylic Plates, LED ","96"" x 48"" x 2'1""",Convention & Sports Facilities,"Four niches in the lobby of the Lila Cockrell Theater. Each of the four photo/sculptures  are lit from behind using LED panels for long life, low power consumption and limited UV radiation. The images themselves are multi-layered within the 2.1 inch depth of the acrylic giving a 3-D sculptural effect, especially when the viewer is moving past the piece.The artwork is all about flow--the flow of water and the flow of time, and the confluences of people in this area over time.",Lila Cockrell Theater,,2010,2010.0,Non-Bond (Convention Center),,Convention Center,Convention Center,900 E Market Street,78205,-98.48324,29.42044,1,"RIO-3
Downtown Design Area 
Hemisfair",Indoor - Display,yes,,146250,25000,,Lila Cockrell Theater Renovation,yes,Marmom Mok Architects,,Prefer to self describe ,Anglo / Saxon ,Man ,No,No,No,Bexar County,
493,2010.ROB.2.2,,Public Art - Exterior,Yes,,Riley,Robinson,Soccer Ball,Three Dimensional ,Sculpture,Galvanized and COR-TEN steel,16' x 4',Parks & Recreation,Two steel 1/3 spheres that look like giant soccer balls emerging from the earth.,Series of two sculptures in two parks one each located Culebra and Pearsall ,,2010,2010.0,2003 Bond Program,,Parks ,Pearsall Park,4838 Old Pearsall Rd.,78242,-98.597661,29.354783,4,No,Outdoor - Display,Yes,,,50000,,,Yes,,Artist: Wallis Design ,Prefer not to answer,,Man,No,No,No,1,
494,2010.ROB.2.1,,Public Art - Exterior,Yes,,Riley,Robinson,Soccer Ball,Three Dimensional ,Sculpture,Galvanized and COR-TEN steel,16' x 4',Parks & Recreation,Steel & corten 1/3 spheres that look like giant soccer ball emerging from the earth.,Series of two sculptures in two parks one each located Culebra and Pearsall ,,2010,2010.0,2003 Bond Program,,Parks ,Culebra Park,10919 Westwood Loop,78254,-98.710139,29.498675,6,No,Outdoor - Display,Yes,,62000,50000,,,Yes,,Artist: Wallis Design ,Prefer not to answer,,Man,No,No,No,1,
495,2010.ROB.1,,Public Art - Exterior,Yes,,Riley,Robinson,Trains,Three Dimensional ,Bridge ,Galvanized steel,,Center City Development & Operations,"Train silhouettes representing the trains that historically operated under the Hays Street Bridge. The steam engine silhouette is the 2-8-2 “Mikado” built by Baldwin Locomotive Works, which was used by Southern Pacific Railroad. Also is a representation of the 1947 American Freedom Train which toured 324 cities in the US and stopped in San Antonio in 1948. Made from galvanized steel to match the railing and for durability. A GP38 and Amtrak Genesis locomotives are also represtented.",,,2010,2010.0,1999 Bond Program,,,Hays Street Bridge,803 N Cherry Street,78202,-98.477311,29.430222,2,"Dignowity Hill
Downtown Design Area",Outdoor - Display,Yes,,40000,40000,,,yes,Spraks Engineering,,Prefer not to answer,,Man,No,No,No,1,
496,2010.MAD.1,,Public Art - Interior,Yes,,Rogelio,Madero de la Pena,Orchid,Three Dimensional ,Sculpture,Bronze,,Library,Small bronze abstract sculpture on triangular base.,,,,2010.0,Donation,John and Melody Lindquist ,Branch Libraries ,Guerra Branch Library,7978 Military Drive West,78227,-98.625736,29.424784,6,No,Storage,Yes,,,3000,,,No,,,,,,,,,,
497,2010.KNA.1.3,,Public Art - Exterior,Yes,,Stephen,Knapp,The Search,Two Dimensional,Mural ,Glass glazed ceramic,"8' 9"" x 24' 6""",Convention & Sports Facilities,"The largest glass glaze ceramic murals in the world, these three pieces were produced in Shigaraki, Japan, one of the historic ceramic villages in Japan. Having selected exotic flowers for a large atrium planting, the architect wanted to emphasize that with the murals. Many of the glazes for the murals were developed just for this project, and some of the lines and colors are the result of ""the magic of the fire"", where a controlled reaction took place to determine the final result. Each of the tile panels here is 8'9"" tall and nearly 2' wide, and are among the largest ever made. ","Donated in 2007, installed in June 2011
Relocated inside in May 2024
Mural features more leaves, is mostly red, blue, with green/black flashes.
",,1985,2007.0,Donation,USAA,Convention Center,Convention Center,900 E Market Street,78205,-98.48324,29.42044,1,"RIO-3
Downtown Design Area 
Hemisfair",Outdoor - Display,Yes,,62702,100000,,,no,,,,,,,,,,
498,2010.KNA.1.2,,Public Art - Exterior,Yes,,Stephen,Knapp,Homage to Shigaraki,Two Dimensional,Mural ,Glass glazed ceramic,"8' 9"" x 24' 6""",Convention & Sports Facilities,"The largest glass glaze ceramic murals in the world, these three pieces were produced in Shigaraki, Japan, one of the historic ceramic villages in Japan. Having selected exotic flowers for a large atrium planting, the architect wanted to emphasize that with the murals. Many of the glazes for the murals were developed just for this project, and some of the lines and colors are the result of ""the magic of the fire"", where a controlled reaction took place to determine the final result. Each of the tile panels here is 8'9"" tall and nearly 2' wide, and are among the largest ever made. ","Donated in 2007, installed in June 2011
Relocated inside in May 2024
",,1985,2007.0,Donation,USAA,Convention Center,Convention Center,900 E Market Street,78205,-98.48324,29.42044,1,"RIO-3
Downtown Design Area 
Hemisfair",Outdoor - Display,Yes,,62702,100000,,,no,,,,,,,,,,
499,2010.KNA.1.1,,Public Art - Interior,Yes,,Stephen,Knapp,American Odyssey,Two Dimensional,Mural ,Glass glazed ceramic,"8' 9"" x 37'",Convention & Sports Facilities,"The largest glass glaze ceramic murals in the world, these three pieces were produced in Shigaraki, Japan, one of the historic ceramic villages in Japan. Having selected exotic flowers for a large atrium planting, the architect wanted to emphasize that with the murals. Many of the glazes for the murals were developed just for this project, and some of the lines and colors are the result of ""the magic of the fire"", where a controlled reaction took place to determine the final result. Each of the tile panels here is 8'9"" tall and nearly 2' wide, and are among the largest ever made. ","Donated in 2007, installed in June 2011
Relocated inside in May 2024
Largest of three murals features red, blue, and purple flowers.",,1985,2007.0,Donation,USAA,Convention Center,Convention Center,900 E Market Street,78205,-98.48324,29.42044,1,"RIO-3
Downtown Design Area 
Hemisfair",Outdoor - Display,Yes,,62702,100000,,,no,,,,,,,,,,
500,2010.JEN.1.1-6,2010.JEN.1.6,Public Art - Exterior,Yes,,Dale,Jenssen,Untitled ,Three Dimensional ,Architectural ,"metal, ceramic tile, concrete",Various ,Parks & Recreation,"Project includes 2 benches, 2 tile murals, 1 shower stall base, and one gate design
1) Gate made of perforated powder coated metal, with abstract design. Designed by artist only
2) Blue, orange and yellow mosaic tile surrouning the base of a free standing, cylindrical metal shower stall. 14"" moasic
3) Square mosiac tile murals, with incorporated tile ""drawings"" created by local children. 
4) Concrete bench in the shape of a U, with blue, orange and yellow mosaic tile. 3' 9"" x 8' 7.5 ""
5) Concrete bench in the shape of a stretched oval, with blue, orange and yellow mosaic tile 3' x 7' 5""",Design only by artist,,2010,2010.0,2007 Bond Program,,Parks ,Joe Ward Park Community Center,435 E. Sunshine ,78228,-98.55002764799991,29.472741107000047,7,No,Outdoor-Display,Yes,,19500,5000,,2007 Bond Parks: District 7 Pools bundle,yes,Rialto Studio Landscape Architect,,,,,,,,,
501,2010.GAR.1,,Public Art - Interior,Yes,,Ann ,Gardner,Lumen,Three Dimensional ,Sculpture,"Glass Tiles, urethane foam core, fiberglass",4’ x 16’ x 16’,Aviation,"The sculpture is a large, sun-like circular coil that is 16 feet in diameter and comprised of a series of spiraling loops. The surface is made from thousands of small, hand-cut pieces of glass, each one backed with metal leaf to reflect the light. The glass is laid on the composite/fiberglass coil and then grouted.",Located in Terminal B,,2010,2010.0,Non-Bond (Aviation),,Airport,San Antonio International Airport,9800 Airport Blvd. ,78216,-98.473378,29.527987,9,No,Indoor - Display,Yes,,250000,200000,,Terminal B expansion Project,yes,Parsons Architecture- Milston Babbit & CT Engineering,Clark Construction,,,Woman ,,,,,"Seattle, WA"
502,2010.BRI.1.1-2,,Public Art - Interior,Yes,,Rolando,Briseno ,Portales: Las Cuatro Direcciones (Gateways: The Four Directions),Two Dimensional,Architectural,Terrazzo tile file and glass / pigment murals ,Various ,Aviation,"Terrazo floor treatment and window treatments
1. Terrazo floor design that spans the entire terminal. It features medallion-shaped motifs inspired by Mesoamerican illustrations of the four cardinal directions.
2. The project includes 43 total window treatments, each a unique building façade in San Antonio. ","Located in Terminal B
",,2010,2010.0,Non-Bond (Aviation),,Airport,San Antonio International Airport,9800 Airport Blvd. ,78216,-98.473378,29.527987,9,No,Indoor - Restricted,Yes,,100000,100000,,Terminal B expansion Project,yes,3DI Architects,,Latina / o,,Man,,,,"San Antonio, TX",
503,2010.ALV.1,,Public Art - Exterior,Yes,,Oscar ,Alvarado,Rip Rap 69 Mosaic Bollards,Three Dimensional ,Mosaic ,Mosaic ,1' diameter ,Public Works ,"25 glass mosaic tile covered spheres. Each cap has three stripes, one each of gold, blue, and red tiles.  The blue stripe is for water, red for the sun, and gold is for the earth.  ",25 Art Bollard caps total,,2010,2010.0,2003 Bond Program,,,Fitch Street,500 Fitch Street,78214,-98.50561526906,29.3707743131886,3,No,Outdoor-Display,Yes,,24000,10000,,2003 Bond Drainage: Rip Rap 69,yes,,,Latina / o; Native American; Alaska Native,,Man ,No,No,No,1; 3,
504,2009.SCH.1,,Public Art - Exterior,Yes,,Mark,Schlesinger,Under the Over Bridge,Two Dimensional,Sidewalk Art,"lighting, polymer stucco paints",100' x 44',Center City Development & Operations,"Bands of polymer stucco and aluminum framed, stainless steel panels with power-coated paints and color; bolted to ceiling of underpass and lit by flood lights",Part of Museum Reach on the San Antonio River,,2009,2009.0,Donation,San Antonio River Foundation,Museum Reach ,San Antonio River Walk ,"100 9th street, bridge ",78205,-98.483621,29.435021,1,RIO-2 ,Outdoor - Display,Yes,,150000,50000,,SARIP  Museum Reach,Yes,Penn Engineering,Metropolitan Construction,,,,,,,,
505,2009.SAL.1,,Public Art - Exterior,Yes,,Enrico,Salinas,Consciousness,Both ,Mural ,Acrylic & 3D pieces,,Parks & Recreation,"2-panel concrete mural, depicting imagery important to the community and also representing its historical roots and traditions. Contains 3D elements ",Done with San Anto Cultural Arts,,2010,2010.0,HOT Grant,,Parks ,Escobar Park,1400 S. Zarzamora,78207,-98.52788,29.41411,5,,Outdoor - Display,Yes,,,5000,,,Yes,,,,,,,,,,
506,2009.ROD.1,,Public Art - Interior,Yes,,Angel,Rodríguez-Díaz,Phil Hardberger,Two Dimensional,Painting,Oil on canvas,,Office of the City Clerk,Mayoral Portrait,served 2005-2009,,2009,2009.0,Donation,,Municipal Plaza,Municipal Plaza Building,114 West Commerce,78205,-98.493886,29.424944,1,"Main / Military Plaza
Individual Landmark
Downtown Design Area",Indoor - Display,Yes,,,5000,,,No,,,Latina / o ,,Man ,,,,"San Antonio,  TX",
507,2009.LIP.1,,Public Art - Exterior,Yes,,Donald,Lipski,F.I.S.H.,Three Dimensional ,Sculpture,"Fiberglass, LED lighting, steel cable",240' x 160',Center City Development & Operations,"25 7' long fiberglass replicas of native long-eared sunfish, suspended from the underpass of I-35",Part of Museum Reach on the San Antonio River,,2009,2009.0,Donation,San Antonio River Foundation,Museum Reach ,San Antonio River Walk ,Riverwalk at I-35 underpass ,78215,-98.481736,29.439496,1,RIO-2 ,Outdoor - Display,Yes,,300000,400000,,SARIP  Museum Reach,Yes,,Metropolitan Construction,White ,,Man ,,,,,"Philadelphia, PA"
508,2009.HAR.1,,Public Art - Exterior,Yes,,Ethel,Wilson Harris,Maverick Tile Mural ,Two Dimensional,Mural,Ceramic tile,,Center City Development & Operations,"Romantic images of village life in Mexico are set on a colorful tile mural crafted in the 1930’s by Mexican Arts and Crafts, a San Antonio company owned and run by Ethel Wilson Harris,","Rescued from a house demolition in 1998, the mural decorated a family kitchen for nearly 60 years. Art historian Susan Toomey Frost had it removed and lovingly restored, then donated it to the River Foundation for all to enjoy. Now located just north of the Lexington Street Bridge, the mural has returned to near where it was originally created at 1002 N. St. Mary’s Street

San Antonio River Walk from Houston to Lexington",,1930's,2009.0,Donation,San Antonio River Foundation,River ,San Antonio River Walk ,"River Walk- North of Lexington St. Bridge, west bank ",78205,-98.48803,29.43176,1,"RIO-2
Individual Landmark",Outdoor - Display,Yes,,,50000,,SARIP - Museum Reach,No,,,White ,,Woman ,,,,"San Antonio, TX",
509,2009.FON.1,,Public Art - Exterior,Yes,,Bill,Fontana,Sonic Passage,Three Dimensional ,Sound Art,Sound installation,120' x 130',Center City Development & Operations,Audio equipment and a 3 zone speaker system 'wash' pedestrians and boat passengers in the sounds of the San Antonio River.,Part of Museum Reach on the San Antonio River,,2009,2009.0,Donation,San Antonio River Foundation,Museum Reach ,San Antonio River Walk ,101 W. Jones Avenue ,78215,-98.480951,29.436163,1,RIO-2 ,Outdoor - Display,Yes,,150000,75000,,SARIP Museum Reach,Yes,,Big House Sound?,White ,,Man,,,,,"San Fransico, CA"
510,2009.FIT.1,,Public Art - Exterior,Yes,,Bill,FitzGibbons,W. Woodlawn Ave Bus Shelter,Three Dimensional ,Bus Shelter,Steel,,Public Works ,Custom bus shelter made from left over shade canopy from SAT Airport,,,2009,2009.0,1999 Bond Program,,,West Woodlawn Avenue,Woodlawn & Camino Santa Maria,78228,-98.56011063,29.45721797,7,No,Condition issues,Yes,,50000,50000,,,Yes,,,White ,,Man ,No,No,No,D5,
511,2009.COR.1,,Public Art - Exterior,Yes,,Carlos,Cortes,Grotto,Three Dimensional ,Sculpture,"Concrete, steel",,Center City Development & Operations,"Monumental concrete faux bois structure, incluidng benches, lighting, stairway leading into the jaws of a giant jaguar head, a palapa with benches.","The three-story, dream-like sculpted structure is located in a bend of the river between the Camden and Newell Street bridges, adorning both roadway and riverway.",,2009,2009.0,Donation,San Antonio River Foundation,River ,San Antonio River Walk ,River Walk between Camden and Newel,78215,-98.4824345,29.44059853,1,RIO 2 ,Outdoor - Display,Yes,,3500000,200000,,SARIP Museum Reach,No,,,Latina / o,,Man ,No,No,No,1,
512,2009.BRA.2,,Public Art - Interior,Yes,,Cakky,Brawley,Stinson Airport Compass,Two Dimensional,Architectural,Terrazzo  floor,,Aviation,"Terrazo floor treatment, gray traditonal compass design, in central entrance way of administration building",Located in Terminal,,2009,2009.0,Non-Bond (Aviation),,Airport,Stinson- Mission Municipal Airport,8535 Mission Road,78214,-98.467804,29.339154,3,"Mission 
RIO-6",Indoor - Display,Yes,,,20000,,,Yes,,,Native American / Alaska Native,I am CDIB Registered w/ the Choctaw Nation (Certificate of Degree of Indian Blood),Woman,No,No,No,1,
513,2009.BRA.1,,Public Art - Exterior,Yes,,Cakky,Brawley,Brackenridge Park parking garage,Three Dimensional ,Architectural ,Steel,,Parks & Recreation,Cut aluminim decorative façade treatment,,,2009,2009.0,2007 Bond Program,,Parks ,Witte Parking Garage,3509 N. Avenue B ,78209,-98.46867774,29.4606395,2,RIO-6,Outdoor - Display,Yes,,,50000,,,Yes,,,Native American / Alaska Native,I am CDIB Registered w/ the Choctaw Nation (Certificate of Degree of Indian Blood),Woman,No,No,No,1,
514,2009.ALL.1.2,,Public Art - Exterior,Yes,,Stuart,Allen,"29° 26' 00"" N and 98° 29' 07"" W",Three Dimensional ,Bridge,"Stainless steel, steel wire, poweder coated paints","6' 8"" x 18' ",Center City Development & Operations,"Suspended steel panels, containing colored steel wire, shift and morph with changing patterns of color and texture as visitors pass by. (4 units total: measurements are per unit)",Part of Museum Reach on the San Antonio River,,2009,2009.0,Donation,San Antonio River Foundation,Museum Reach ,San Antonio River Walk ,541 Brooklyn Ave. Bridge ,78205,-98.485319,29.433476,1,RIO-2 ,Outdoor - Display,Yes,,75000,50000,,SARIP  Museum Reach,Yes,,Mueller & Wilson- fabrication & Metropolitan Construction,Prefer not to answer ,,Prefer not to answer ,Prefer not to answer,No,No,5,
515,2009.ALL.1.1,,Public Art - Exterior,Yes,,Stuart,Allen,"29° 25' 57"" N and 98° 29' 13"" W",Three Dimensional ,Bridge ,"Stainless steel, steel wire, poweder coated paints","6' 8"" x 18' ",Center City Development & Operations,"Suspended steel panels, containing colored steel wire, shift and morph with changing patterns of color and texture as visitors pass by. (4 units total: measurements are per unit)",Part of Museum Reach on the San Antonio River,,2009,2009.0,Donation,San Antonio River Foundation,Museum Reach ,San Antonio River Walk ,544 McCullough Ave. Bridge ,78205,-98.486957,29.432436,1,RIO-2 ,Outdoor - Display,Yes,,75000,50000,,SARIP  Museum Reach,Yes,,Mueller & Wilson- fabrication & Metropolitan Construction,Prefer not to answer,,Prefer not to answer ,Prefer not to answer,No,No,5,
516,2008.SWE.1.1-8,,Public Art - Exterior,Yes,,Gary,Sweeney,Nostalgia Texas,Two Dimensional,Sculpture,Porcelain enamled signs,,Aviation,"8 porcelain enameled signs which resemble nostalgic ""baggage labels"" and poke gentle fun of San Antonio and South Texas. The signs are placed along the roadway running between the short-term and long-term parking facilities.",Located in long term garage,,2008,2008.0,Non-Bond (Aviation),,Airport,San Antonio International Airport,9800 Airport Blvd,78216,-98.473448,29.525568,9,No,Outdoor - Display,Yes,,250000,200000,,,Yes,HNTB,,White ,,Man ,No,No,No,Bexar County,
517,2008.ROD.1,,Public Art - Exterior,Yes,,Angel ,Rodríguez-Díaz,The Beacon,Three Dimensional ,Sculpture,Steel,28' h,Public Works ,"28-foot-tall illuminated sculpture serves as a ""signifier” to identify the crossroad between Blanco Road and Fulton Street 
With its perforated design on all sides and illuminated from within like a luminaria (Mexican tin lamp), it becomes a “beacon” at night. ",,,2008,2008.0,2003 Bond Program,,,Blanco Road Roundabout,Blanco Road and Fulton Ave Intersection,78212,-98.50788702799991,29.461546154000075,1,No,Outdoor - Display,Yes,,45000,50000,,2003 Bond Streets: Midtown on Blanco Road reconstruction,yes,,,Latina / o ,,Man ,,,,"San Antonio,  TX",
518,2008.RAM.1.1-12,,Public Art - Exterior,Yes,,Chuck,Ramirez,Suitcase Portraits,Two Dimensional,Photograph,"Glass, steel, Lighting",6' x 5' ,Aviation,Series of 12 light boxeshousing individual photographs of 12 unique portraits of opened suitcases and their contents. Boxes are located along the north elevation atop spandrels in the ground level of the new parking structure.,"Located in long term garage
12 Kodak duratrans light boxes operating on a solar cell faded and were replaced by permanent glass artworks",,2008,2008.0,Non-Bond (Aviation),,Airport,San Antonio International Airport,9800 Airport Blvd,78216,-98.473448,29.525568,9,No,Outdoor - Display,Yes,,100000,110000,,,Yes,HNTB,,,,Man,,,,"San Antonio, TX",
519,2008.HOL.1.1-9,,Public Art - Exterior,Yes,,Paige,Holland,Chips and Salsa,Three Dimensional ,Sculpture,Steel,14’ x 20’ ,Animal Care Services,"2 locations with 9 total sculptures: 
1. entrance signifier made from brightly-colored cut steel cat and dog figures, 6 sculptures
2. Smaller cat and dogs, 3 sculptures.","1. located within the vehicular roundabout in front of facility
2. located within fenced area of ACS",,2008,2008.0,2003 Bond Program,,,Animal Care Services Facility,4710 State Highway 151 ,78227,-98.590325,29.415159,6,No,Outdoor - Display,Yes,,82000,50000,,2003 Bond Facilities: Animal Care Services Facility ,yes,Fisher Heck,,White ,,Woman,,,,"San Antonio, TX",
520,2008.HEN.1.1-6,2008.HEN.1.1,Public Art - Exterior,Yes,,James ,Hendricks,East Commerce Street Benches ,Three Dimensional ,Bench,Steel and marble,Various,Public Works ,"Series of 6 Artist-designed benches highlighting various characteristics of the city's East side.
1) Children's Bench
2) Chinese Bench
3) Friedrich Bench
4) Ballenger Newspaper Bench
5) Victorian Bench
6) Magott's Grocery Bench","Located at: 
1) 1700 E. Commerce St. & Pine; -98.4701078, 29.41988327
2) 1634 E. Commerce St. & Pine; -98.47043041, 29.41976931
3) 1603 E. Commerce St. & Olive; -98.47166211, 29.42020563
4) 1501 E. Commerce St. & Hackberry;-98.47310281, 29.42057879
5) 1598 E. Commerce St. & Olive; -98.47186746, 29.42010391
6) 1312 E. Commerce St & Swiss; -98.4756195, 29.4209413",,2008,2008.0,2003 Bond Program,,,E. Commerce St.,Various locations on E. Commerce St.,78205,-98.4701078,29.41988327,2,Dignowity Hill,Outdoor-Display,Yes,,23500,6000,,2003 Bond: Streets COMMERCE STREET - RAILROAD TO S. PALMETTO ,Yes,,"Poznecki-Camarillo, Inc",White ,,Man ,No,No,No,Bexar County,"Pipe Creek, TX"
521,2008.ART.1,,Public Art - Exterior,Yes,,Twyla,Arthur,Bernards Bench,Three Dimensional ,Bench,"Tile mosaic, concrete",,Center City Development & Operations,"Comprised of mosaic tile and small mementos contributed by the community and features the phrase Ars Longa, Vita Brevis (“Art is Long, Life is Short”).  The artwork serves to honor the memory of Bernard Lifshutz as well as more clearly establish the presence of SWSAC’s entrance to the River.  A memorial plaque is also proposed to be placed above the bench.",,,2008,2008.0,Donation,Southwest School of Art,River ,San Antonio River Walk ,River Walk by Augusta ,78205,-98.4923149999999,29.430425333000073,"CW
1","RIO 3 
Downtown Design Area ",Outdoor - Display,Yes,,13500,25000,,,No,,,White ,,Woman ,No,No,No,7,
522,2007.MEH.1,,Public Art - Interior,Yes,,Michael,Mehl,Flights of Fancy,Two Dimensional,Print,Monoprint,,Aviation,26 black and white monoprints. Printed on vinyl,In Storage,,2001,2007.0,Donation,Courtesy of the artist,Airport,San Antonio International Airport,9800 Airport Blvd,78216,-98.471845,29.52662,9,No,Storage,Yes,,,5000,,,no,,,,,,,,,,
523,2007.HUE.1,,Public Art - Exterior,Yes,,Leticia,Huerta,Falcone Park Art Benches,Three Dimensional ,Bench,Limestone  ,2'x2'x4',Parks & Recreation,"Limestone benches with carved native tree foliage and descriptive text: pecan, live oak, cedar elm & mesquite.",,,2007,2007.0,1999 Bond Program,,Parks ,Nani Falcone Park,7625 Mystic Park,78254,-98.64363,29.524048,7,No,Outdoor - Display,Yes,,10000,10000,,1999 Bond Drainage: Nani Falcone Park,Yes ,Lafoon Associates,,Latina / o,,Woman ,No,No,No,Bexar County ,"Helotes, TX"
524,2007.HET.1,,Public Art - Exterior,Yes,,James ,Hetherington,Elements,Three Dimensional ,Sculpture,Steel,"50' H x 12' W x 16' D
",Library,Windmill Signifier,,,2007,2007.0,1999 Bond Program,,Branch Libraries ,John Igo Branch Library,13330 Kyle Seale Parkway,78249,-98.643091,29.569381,8,No,Outdoor - Display,Yes,,30000,30000,2007.0,1999 Bond Libraries: John Igo Branch Library,Yes,RVK Architect,,,Other ,,No,,No,2,
525,2007.CAS.1,,Public Art - Exterior,Yes,,David,Zamora Casas,Cuentos Grotto,Two Dimensional,Mural ,Paint on concrete,15' x 11' x 3',Convention & Sports Facilities,"Cuentos means stories: the grotto is a colorful representation of maps and history, and tells the ""story"" of San Antonio. Also painted on the mural is ""The Voices of Yanaguana"" poem.","As part of the public art plan for the Convention Center expansion, this is one of 6 grottos. 'Commission budget' reflects the overall project cost. ",,2007,2007.0,Non-Bond (Convention Center),,Convention Center,Convention Center,900 E Market Street,78205,-98.48324,29.42044,1,"RIO-3
Downtown Design Area 
Hemisfair",Outdoor - Display,Yes,,15000,15000,,Convention center expansion project,Yes ,Kell Munoz,,Latina / o,Chicano,Man ,Yes ,,,"San Antonio, TX",
526,2007.ART.1,,Public Art - Exterior,Yes,,Twyla,Arthur,Turkey Roost,Two Dimensional,Mosaic ,Mosaic ,,Parks & Recreation,Mosaic tile surrounds the concrete floor at Turkey Roost Pavillion in McAllister Park. The mosaic tile features turkey related imagery as well as fossils found in the park.,,,2007,2007.0,2003 Bond Program,,Parks ,McAllister Park,13102 Jones Maltsberger Rd,78247,-98.454309,29.563262,10,No,Outdoor - Display,Yes,,25000,25000,,,yes,C.F. Zavala,,White ,,Woman ,No,No,No,7,
527,2007.AMA.1,,Public Art - Exterior,Yes,,Jesse,Amado,Never Forget,Three Dimensional ,Sculpture,painted alluminum cut letters,"11' x 12""",Building & Equipment Services,Stacked aluminum letter sculpture,Located by Brooks City Base in Secure area contacted fiance for entry,,2007,2007.0,2003 Bond Program,,,Emergency Operations Center,8130 Inner Circle Road,78235,-98.443669,29.341593,3,No,Outdoor - Display,Yes,,93000,60000,,2003 Bond Facilities Emergency Operations Center ,Yes,Zachry Construction,Delta Sign Group,Latina / o ,,Man ,,,,"San Antonio, TX",
528,2007.ALV.1.1-8,2007.ALV.1.6-9,Public Art - Exterior,Yes,,Oscar ,Alvarado,Marney Plaza Outfall Mosaics,Three Dimensional ,Mosaic ,Mosaic ,,Public Works ,"Series of 8
1) 5 artist-designed and fabricated outdoor mosaic concrete benches that serve as pedestrian seating and amenities. The tile enhancements vary in shape and form and are intended to provide a cheerful and inviting pedestrian environment.
2) 3 mosaic-covered concrete spheres that serve as pedestrian seating and amenities. The tile enhancements vary in shape and form and are intended to provide a cheerful and inviting pedestrian environment.",,,2007,2007.0,2003 Bond Program,,,Marney Plaza ,6100 Marney Plaza ,78221,-98.50530836,29.36960799,3,No,Outdoor-Display,Yes,,50000,15000,,2003 Bond Drainage: Marney Plaza Outfall,Yes,Bender Wells & Clark,,Latina / o; Native American; Alaska Native,,Man ,No,No,No,1; 3,
529,2006.WAL.1,,Public Art - Exterior,Yes,,Anne ,Wallace,Glorieta,Three Dimensional ,Sculpture,Bronzed tree trunks,,Parks & Recreation,"Cast bronze and natural tree-trunk slices.  Entitled ""Glorieta,""(Glorieta is Spanish for ""traffic circle."")  The name also refers to ""La Gloria,"" or ""heaven"" in Spanish.",Brackenridge Park Wilderness Trails located at the intersection of two pedestrian pathways in the Park ,,2006,2006.0,1999 Bond Program,,Parks ,Brackenridge Park,Wilderness Rd ,78209,-98.4729343329999,29.45687600000008,2,"RIO-1 
Individual Landmark",Outdoor - Display,Yes,,40000,60000,,Brackenridge Park rehabilitation project,yes,Rialto Studio,,Prefer not to answer,,Woman ,No,No,No,1,
530,2006.SCH.1,,Public Art - Exterior,Yes,,George ,Schroeder,Brackenridge Park: Broadway Entrance,Three Dimensional ,Gateway / Arch,Steel,,Parks & Recreation,"Ornate metal entry way, with embedded organic themed  designs",Brackenridge Park Entrance at Brackenrige Dr. and Broadway,,2006,2006.0,1999 Bond Program,,Parks ,Brackenridge Park,3401 Broadway,78209,-98.469224,29.45783,2,"RIO-1 
Individual Landmark",Outdoor - Display,Yes,,,50000,,,Yes,,,White ,,Man ,,,,"San Antonio, TX",
531,2006.SAN.1,,Public Art - Exterior,Yes,,Bill,Sandidge,McMullen Drainage,Two Dimensional,Sidewalk Art,Ceramic tile,,Public Works ,Tiles and sidewalk treatments along General McMullen,,,2006,2006.0,2003 Bond Program,,,Kennedy Park Complex,2488 S. Genral McMullen Dr ,78226,-98.55810133299991,29.39307933300006,5,No,Outdoor-Display,Yes,,11000,11000,,2003 Bond Drainge: General McMullen Area Drainage,yes,Claunch Miller,,,,Man ,,,,,Texas 
532,2006.LAN.1,,Public Art - Exterior,Yes,,Michael,Lance,Red Bird,Three Dimensional ,Sculpture,Steel,,Center City Development & Operations,Kinetic sculpture by local artist Mike Lance entitled “Red Bird”; bright red sculpture was placed at the park’s summit overlooking the river and resembles an intertwining abstract whirly-gig atop a pole pedestal. ,,,1986,2006.0,Donation,Milton & Judy Babbitt,River ,Convent Park ,204 Augusta Street ,78205,-98.49273599899993,29.430067333000068,"CW
1","RIO 3 
Downtown Design Area ",Outdoor - Display,Yes,,100000,15000,,,No,,Mike Lance & Downtown Operations,,,,,,,,
533,2006.FIT.1.1-2,2006.FIT.1.1,Public Art - Exterior,Yes,,Bill,FitzGibbons,Light Channels,Three Dimensional ,Light Art,"LED, perforated aluminum, concrete",,Public Works ,Two sections of underpass at 1) IH37 & Commerce and 2) IH37 & Houston. LED lighting systems with slowly-changing color patterns onto surrounding columns and sidewalks. Nine aluminum-capped concrete columns bridge entrances painted sky-blue.,"Project partners include the Texas Department of Transportation, Bexar County, City of San Antonio and the St. Paul Square Association. 
1) IH37 @ E Houston; -98.481518, 29.425137
2) IH37 @ Commerce; -98.480458, 29.422190
",,2005,2006.0,2003 Bond Program,St Paul Square Association,,IH37 Underpass at E Houston St,IH37 @  Houston Sts ,78205,-98.48151834399994,29.42513681400004,1,St Paul Square,Outdoor - Display,Yes,,335000,250000,,IH37 underpass enhancements project ,yes,Pape Dawson Inc.,,White ,,Man ,No,No,No,D5,
534,2006.DIA.1.1-4,,Public Art - Exterior,Yes,,Alejandro,Diaz,A Can for all Seasons,Three Dimensional ,Sculpture,"Mixed media, aluminum",4'x 3.5' diameter,Aviation,"Four mixed-media sculptures that are replicas of Mexican brand-name canned goods, and inspired by the rural practice of growing plants in empty grocery-store cans.","Located in long term garage
Originally displayed in the Bronx, New York.  Funded by the New York Public Art Fund in 2005, the project’s acquisition by COSA is part of an ongoing partnership between the City’s Design Enhancement Office and Department of Aviation.",,2005,2006.0,Non-Bond (Aviation),,Airport,San Antonio International Airport,9800 Airport Blvd,78216,-98.473448,29.525568,9,No,Outdoor - Display,Yes,,,40000,,,No,,,Latina / o,,Man ,,,,,
535,2006.CHA.1,,Public Art - Exterior ,Yes ,,Danville ,Chadbourne,Mysterious Conjunction - The Great Myth of Transformation,Three Dimensional,Sculpture,"bronze, concrete, stone","12' H.  36"" W.  36"" D.",PWD,"Large scale, permanent, monumental sculpture. Bronze top cast from ceramic original. Cast concrete disks on masonry base.","Liz Davies Green Space, commissioned by Beacon Hill Neighborhood Association with partial funding from City of San Antonio",,2006,2006.0,External commission with partial City funding,Beacon Hill Area Neighborhood Association,,Liz Davies Green Space, 108 Michigan Avenue,78201,-98.51208,29.45039,1,,Outdoor Display ,Yes ,,,25000,2025.0,,,,,Prefer not to answer,,Man,Prefer not to answer,,,1,
536,2006.BUD.1.1-3,,Public Art - Exterior,Yes,,Susan ,Budge,Brackenridge Park Trail Markers ,Three Dimensional ,Sculpture,Ceramic,,Parks & Recreation,"Three fired clay sculptures, incorporate stories of Brackenridge Park's history, located at trailheads within the Park. All mounted on top of rock cairn structure
1. ""Quercus"" is Dark green diamond shaped sculpture, with hollow acorn center. an oak leaf with an acorn shape cut-out in the middle referencing the park's early inhabitants. 
2. ""Anaqua"" Fired clay, burnt orange, vertical bird head, pointing towards the sky, with hollow eye, and small anaqua seed in the its mouth. Represents a bird with an anaqua seed in its mouth.
3. Dark blue and green horizontal form, represents a flowing stream of water. The blue statue references George Brackenridge and his ""waterworks,"" which supplied much of San Antonio with clean water during the late 19th-century.","Brackenridge Park Wilderness Trails 

",,2006,2006.0,1999 Bond Program,,Parks ,Brackenridge Park,3700 N St Mary's,78212,-98.47069066599994,29.458582000000035,2,"RIO-1 
Individual Landmark",Outdoor - Display,Yes,,13000,15000,,Brackenridge Park rehabilitation project,yes,Rialto Studio,,White,,Woman,,,,,"Houston, TX "
537,2005.WAL.1.1-3,,Public Art - Exterior,Yes,,Anne ,Wallace,Southtown Street Improvements,Two Dimensional,Sidewalk Art,Stamped concrete,,Public Works ,Text and photos embedded into concrete depicting histories collected from area residents,various locations: 3 pocket parks on S.Presa south of Durango,,2005,2005.0,1999 Bond Program,,,South Presa,1309 S. Presa ,78210,-98.48438766699991,29.408378333000087,1,Lavaca,Outdoor - Display,Yes,,25000,50000,,,yes,"Roy F. Weston, Inc.",,Prefer not to answer,,Woman ,No,No,No,1,
538,2005.VIL.1,,Public Art - Interior,Yes,,Joe R.,Villarreal,Edward D. Garza,Two Dimensional,Painting,Oil on canvas,,Office of the City Clerk,Mayoral Portrait,served 2001-2005,,2005,2005.0,Donation,,Municipal Plaza,Municipal Plaza Building,114 West Commerce,78205,-98.493886,29.424944,1,"Main / Military Plaza
Individual Landmark
Downtown Design Area",Indoor - Display,Yes,,,5000,,,No,,,,,,,,,,
539,2005.SCH.2,,Public Art - Exterior,Yes,,George,Schroeder,Spirit,Three Dimensional ,Sculpture,Steel,20’ h x 15’ w,Library,"Placed outside the Library facility, this rustic forged steel sculpture consists of three vertical elements that arc and extend to the sky.",,,2005,2005.0,1999 Bond Program,,Branch Libraries ,Julia Yates Semmes Branch Library,15060 Judson Road ,78247,-98.372904,29.579202,10,No,Outdoor - Display,Yes,,20000,40000,2005.0,1999 Bond Libraries: Julia Yates Semmes Branch Library,Yes,RVK Architect,,White ,,Man,,,,"San Antonio, TX",
540,2005.SCH.1,,Public Art - Exterior,Yes,,George,Schroeder,Comanche Lookout Park Trail Markers,Two Dimensional,Plaque / Marker,Steel,,Parks & Recreation,Steel trail markers used as wayfinding throughout Park.,Orginally noted as 1999 Bond but in 2003 Bond folder,,2005,2005.0,2003 Bond Program,,Parks ,Comanche Lookout Park,15551 Nacogdoches ,78247,-98.366864,29.582726,10,No,Outdoor - Display,Yes,,10000,10000,,2003 Bond Parks: Comanche Lookout Park,yes,Gould-Evans,,White ,,Man,,,,"San Antonio, TX",
541,2005.ROB.1,,Public Art - Interior,Yes,,Jack ,Robbins,Brook in the Hollow,Three Dimensional ,Sculpture,Mixed media,,Library,"Fabricated storybook ""pop-up"" tree and vines referencing children's concept of ""the brook in the hollow.""",,,2005,2005.0,1999 Bond Program,,Branch Libraries ,Brookhollow Branch Library,530 Heimer ,78232,-98.473394,29.569733,9,No,Indoor - Display,Yes,,25000,20000,2005.0,1999 Bond Libraries: Brookhollow Branch Library,Yes,Vietta,,Prefer not to answer,,Prefer not to answer ,Prefer not to answer,Prefer not to answer,No,10,
542,2005.RAY.1,,Public Art - Exterior,Yes,,Henry,Rayburn,Maury Maverick Branch Library Façade,Three Dimensional ,Architectural,Steel,,Library,Artist-designed façade treatment on facillity exterior,,,2005,2005.0,1999 Bond Program,,Branch Libraries ,Maury Maverick Branch Library,8700 Mystic Park  ,78250,-98.642126,29.524976,7,No,Outdoor - Display,Yes,,33400,45000,2005.0,1999 Bond Libraries: Maruy Maverick Branch Library,Yes,Alamo Architects,,,,,,,,,
543,2005.COR.1,,Public Art - Exterior,Yes,,Carlos,Cortes,Lavaca Bus Shelter,Three Dimensional ,Bus Shelter,"Concrete, steel",,Public Works ,Bus stop created from concrete in the faux-bois technique to look like thatched tree forms. ,OCA-commissioned,,2005,2005.0,HOT Grant,,,S. Presa and Callahan Sts.,688 South Presa Street ,78210,-98.488198,29.414238,1,Lavaca,Outdoor - Display,Yes,,10000,50000,,,no,,,Latina / o,,Man ,No,No,No,1,
544,2005.BRA.1,,Public Art - Exterior,Yes,,Cakky,Brawley,Grotto de San Antonio,Three Dimensional ,Sculpture,Alumnium ,15' x 11' x 3',Convention & Sports Facilities,Decorative metal works installed in the grotto space,"San Antonio is a traditional nicho treatment, honoring the city’s namesake.",,2005,2005.0,Non-Bond (Convention Center),,Convention Center,Convention Center,900 E Market Street,78205,-98.48324,29.42044,1,"RIO-3
Downtown Design Area 
Hemisfair",Outdoor - Display,Yes,,15000,15000,,Convention center expansion project,Yes ,Kell Munoz,,Native American / Alaska Native,I am CDIB Registered w/ the Choctaw Nation (Certificate of Degree of Indian Blood),Woman,No,No,No,1,
545,2005.ART.2,,Public Art - Exterior,Yes,,Twyla,Arthur,Mockert St. Project,Three Dimensional ,Mosaic ,Mosaic ,,Public Works ,Series of eight ceramic tile-covered bollards to be used as seating/public gathering areas.,Lot across from San Pedro Creek Greenway,,2004,2005.0,1999 Bond Program,,,Mockert Street,Mockert and Cass Sts,78204,-98.506088,29.400599,5,No,Outdoor-Display,Yes,,13000,10000,,,yes,Rialto Studio Landscape Architect,,White ,,Woman ,No,No,No,7,
546,2005.ART.1,,Public Art - Interior,Yes,,Twyla ,Arthur,Great Northwest Library Project,Two Dimensional,Mosaic,Mosaic,,Library,"Mosaic floor treatment creates a flowing ""river"" beginning at entryway ",,,2005,2005.0,1999 Bond Program,,Branch Libraries ,Great Northwest Branch Library,9050 Wellwood ,78251,-98.662949,29.483125,8,No,Outdoor - Display,Yes,,21000,20000,2005.0,1999 Bond Libraries: Great Northwest Branch Library ,Yes,Gould-Evans,,White ,,Woman ,No,No,No,7,
547,2005.ALV.3,,Public Art - Exterior,Yes,,Oscar,Alvarado,Hill Country Water Cycles,Two Dimensional,Mural ,Ceramic tile,,Parks & Recreation,Tile mural depicting the Canyon area's natural history and themes of water. Includes a wall mural and a floor mosaic mural.,"Local artist Jeanette MacDougall has designed the mural, which will be fabricated by Oscar Alvarado using tile and small objects found in the area. The design, which will depict images of the area’s natural history and themes of water, is intended to “flow” down one outside wall of the entrance structure and extend toward the attached breezeway.  This project is funded through an Office of Cultural Affairs’ Arts in the Community grant.
",,2005,2005.0,HOT Grant,,Parks ,Crownridge Canyon Park,7222 Luskey Boulevard ,78256,-98.63055899999995,29.616217000000063,8,,Outdoor - Display,Yes,,,15000,,,Yes,,,Latina / o; Native American; Alaska Native,,Man ,No,No,No,1; 3,
548,2005.ALV.1.1-2,,Public Art - Exterior,Yes,,Oscar ,Alvarado,Deco District Building ,Two Dimensional,Mural ,Mosaic ,Various,Building & Equipment Services,"Interior mural and building façade 
1. Interior mosaic mural depicting a flamingo, water and foliage, surrounding a seating area.
2 exterior mosaic tile mural façade treatment; interior wall mural. Light green and purple.
",,,2005,2005.0,1999 Bond Program,,,Travis Building (Deco District),1800 Fredericksburg Rd ,78201,-98.522625,29.4615,1,No,Outdoor - Display,Yes,,40000,40000,,,Yes,Burton Rose,,Latina / o; Native American; Alaska Native,,Man ,No,No,No,1; 3,
549,2004.STE.1,,Public Art - Exterior,Yes,,Henry,Stein,The Travelers Notebook,Three Dimensional ,Sculpture,Mixed media,,Library,"This mixed-media project consists of a series of artist-fabricated panels that are located in the branch library's main lobby area. Each independent panel is composed of a grid-like pattern that contains images and made-objects that reference the library's regional connection to Kelly and aviation, as well as referring to the legendary local broadcaster and library's namesake, Henry Guerra.",,,2004,2004.0,1999 Bond Program,,Branch Libraries ,Guerra Branch Library,7978 Military Drive West ,78227,-98.625736,29.424784,6,No,Indoor - Display,Yes,,23000,21000,2004.0,1999 Bond Libraries: Guerra Branch Library ,Yes,Sprinkle-Robey,,,,,,,,,
550,2004.SEB.1,,Public Art - Exterior,Yes,,Enrique (Sebastiàn),Carbajal,UNAMITA,Three Dimensional ,Sculpture,Painted steel,,Hemisfair,HemisFair Park: UNAM,"Plaza Mexico
relocated in 2009",,2004,2004.0,Donation,"Originally a gift to UNAM from Gilberto Borja Navarrette in 2004, relocated in 2009",Hemisfair ,Hemisfair,600 Hemisfair Plaza Way,78205,-98.48554033399995,29.41958466600005,1,"Hemisfair
RIO-3
Downtown Design Area",Outdoor - Display,Yes,,,10000,,,no,,,Latina / o,,Man ,No,,,,Mexico 
551,2004.ROB.1,,Public Art - Interior,Yes,,Jack,Robbins,Rainbow Hills mosaics,Two Dimensional,Mural ,Mixed Media,"16""x16""x2 1/4""",Department of Human Services,"Four limestone bas relief panels depicting sports, music, and history themes",,,2003,2004.0,1999 Bond Program,,,Rainbow Hills Community Center,568 Rasa Drive,78227,-98.66304302899994,29.405309831000068,4,No,Indoor - Display,Yes,,,15000,,,Yes,,,Prefer not to answer,,Prefer not to answer,Prefer not to answer,Prefer not to answer,No,10,
552,2004.HUE.1,,Public Art - Exterior,Yes,,Benito,Huerta,Corazon,Three Dimensional ,Sculpture,"Bronze, stainless steel, and corten steel",15' x 11' x 3',Convention & Sports Facilities,"Inspired by San Antonio’s situation, geographically and culturally, at the center - or heart -  of the Americas, Huerta’s proposal is a simple bronze heart, emblazoned with North America and Latin America.  (East Wall exterior)","As part of the public art plan for the Convention Center expansion, this is one of 6 grottos. 'Commission budget' reflects the overall project cost. ",,2004,2004.0,Non-Bond (Convention Center),,Convention Center,Convention Center,900 E Market Street,78205,-98.48324,29.42044,1,"RIO-3
Downtown Design Area 
Hemisfair",Outdoor - Display,Yes,,9000,15000,,Convention center expansion project,Yes ,Kell Munoz,,,,Man ,,,,,"Arlington, TX"
553,2004.DEL.1,,Public Art - Exterior,Yes,,Alex,DeLeon,Some Things I've Experienced in South Texas,Two Dimensional,Mural ,"Ceramic, Mixed media ",15' x 11' x 3',Convention & Sports Facilities,Mural mosaics on walls of grotto depicting contemporary experiences,,,2004,2004.0,Non-Bond (Convention Center),,Convention Center,Convention Center,900 E Market Street,78205,-98.48324,29.42044,1,"RIO-3
Downtown Design Area 
Hemisfair",Outdoor - Display,Yes,,,15000,,Convention center expansion project,Yes,,,Latina / o,,Man,,,,"San Antonio,  TX",
554,2004.BUD.1,,Public Art - Exterior,Yes,,Susan ,Budge,LBJ Skate Park Tiles,Two Dimensional,Tile,Ceramic tile,,Parks & Recreation,Bright colored ceramic tiles in the LBJ Skatepark wall,,,2004,2004.0,1999 Bond Program,,Parks ,Lady Bird Johnson Skate Park,10700 Nacogdoches ,78217,-98.4248746570429,29.5341673577059,10,No,Outdoor - Display,Yes,,,10000,,1999 Bond Parks: Lady Bird Johnson Skate Park,Yes,Rialto Studio Landscape Architect,,White,,Woman,,,,,"Houston, TX "
555,2004.BRO.1,,Public Art - interior,Yes,,Alex ,Brochon,Ferrari Learning Center,Two Dimensional,Print,"Ceiling tiles, paint",,Department of Human Services,Graphically illustrated ceiling panels suspended from the walls and extending onto the ceiling of the building’s main lobby.  Reflects various aspects of the history of literacy.,,,2004,2004.0,1999 Bond Program,,,Ferrari Community Learning Center,107 West Rampart ,78216,-98.49535491899991,29.513746259000072,1,No,Indoor - Display,Yes,,21600,20000,,1999 Bond: Facilities Victor Ferrari Learning Center ,yes,West East Design,,,,Man,,,,"San Antonio,  TX",
556,2004.ART.1.1-6,,Public Art - Exterior,Yes,,Twyla ,Arthur,Rosa Parks Way ,Three Dimensional ,Sidewalk Art,"Mosaic tile, found objects",,Public Works ,"Located along Houston street: the art work includes stone pavers, mosaic tiles and found objects embedded within the walkways. The artist intended to highlight the tradition of stone masonry and brick work.  Text reads ""Rosa Parks Way""",,,2004,2004.0,1999 Bond Program,,,E. Houston Street (Rosa Parks Memorial Way),2299-2223 East Houston ,78202,-98.4600358806222,29.4250141171317,2,Dignowity Hill,Outdoor-Display,Yes,,132000,45000,,1999 Bond: Streets Houston St. from pine to polaris,Yes,"Lockwood, Andrews, Newman, Inc. ",,White ,,Woman,No,No,No,7,
557,2003.ROD.1,,Public Art - Interior,Yes,,Angel ,Rodríguez-Díaz,Birth of a City,Two Dimensional,Mural,"giclee-printed photograph, paint",54' L,Building & Equipment Services,Large panoramic image of the city at night.  Photo is a 2-d Giclee printout rendering with original manipulations in paint.,Noted orginally as part of 2003 Bond but in 1999 Bond folders,,2003,2003.0,1999 Bond Program,,,Cliff Morton Business & Development Center,1901 South Alamo ,78204,-98.500742,29.411819,1,RIO-7D,Indoor - Display,yes,,74000,40000,,1999 Bond Facilities: One Stop Center,Yes,RVK,,Latina / o ,,Man ,,,,"San Antonio,  TX",
558,2003.ROB.1,,Public Art - Exterior,Yes,,Riley,Robinson,Tool Yard,Three Dimensional ,Sculpture,Galvanized steel,11-14 ft. tall,Public Works ,"A ""yard"" of 11 galvanized steel tools standing outside the fencing of the Service Center, and six Wrench Benches interspresed throughout the facility. ",,,2003,2003.0,1999 Bond Program,,,Northeast Service Center,10303 Tool Yard ,78284,-98.400504,29.5333,10,No,Outdoor - Display,Yes,,70000,75000,,1999 Bond Facilities: Northeast Service Center,yes,Kinnison Associates,,Prefer not to answer,,Man,No,No,No,1,
559,2003.JAN.1,,Public Art - Exterior,Yes,,Christopher,Janney,Passing Light,Three Dimensional ,Glass,"Multimedia (glass, sound)",,Aviation,"Meant to help direct parking patrons to Terminal 1 along an avenue covered by a festive colored skylight. It casts a rainbow of colors into the garage’s interior. Additionally, high-tech light fixtures that flicker and flash coinciding with soothing, rhythmic sounds. ",Located in long term garage,,2003,2003.0,Non-Bond (Aviation),,Airport,San Antonio International Airport,9800 Airport Blvd,78216,-98.473448,29.525568,9,No,Indoor - Display,Yes,,160000,150000,,,Yes,Marmom Mok Architects,,White,,Man ,,,,,"Lexington, MA"
560,2003.FRO.1,,Public Art - Interior,Yes,,Colleen,Frost,Seven Moovelous Young Artists,Three Dimensional ,Sculpture,"Fiberglass, tile",,Library,Ceramic tile-covered cow sculpture made by ASKEW students,Part of Cow Parade 2002,,2003,2003.0,Donation,,Central Library ,Central Library ,600 Soledad Street ,78205,-98.492909,29.43247,1,"RIO-3
RIO-7A Downtown Design Area
Individual Landmark",Indoor - Display,Yes,,,10000,,,No,,,,,,,,,,
561,2003.CHI.1,,Public Art - Interior,Yes,,Dale,Chihuly,Fiesta Tower,Three Dimensional ,Sculpture,Glass,26',Library,"Large assemblage of multicolored glass forms. Placed in the Central Library's interior atrium. Quote from Artist: "" Each hand blown piece of this tower represents the multicultural qualitites of the San Antonio community and the role the Central Library plays in the lives of its people.""","Purchased by San Antonio Public Library System for its centennial celebration- Donated by the San Antonio Library Foundation
Central Library, Atrium",,2003,2003.0,Donation,San Antonio Library Foundation & Russell Hill Rogers Foundation,Central Library ,Central Library ,600 Soledad Street ,78205,-98.492909,29.43247,1,"RIO-3
RIO-7A Downtown Design Area
Individual Landmark",Indoor - Display,Yes,,,300000,,,No,3DI Architects,,White ,,Man ,No,,,,"Tacoma, WA"
562,2003.ART.1,,Public Art - Exterior,Yes,,Twyla ,Arthur,Fulton Street Enhancements,Three Dimensional ,Mural,"Ceramic tile, found objects, slate tile","3'8"" H x 333' W x 7"" D",Public Works ,Tile and stone mosaic on retaining wall featuring memorabilia collected from area residents; floral mural on underpass support walls,,,2003,2003.0,1999 Bond Program,,,"Fulton Ave, Railroad underpass","731 Fulton Ave 
San Antonio, TX ",78212,-98.50428,29.461158,1,No,Outdoor - Display,Yes,,35000,25000,,"1999 Bond Streets: Fulton - Blanco to North Flores Street
project.
",Yes,Alamo Consultants Engineers ,,White,,Woman ,No,No,No,7,
563,2002.VAL.1,,Public Art - Interior,Yes,,Anita,Valencia,Lone Star Candelier,Three Dimensional ,Sculpture,Aluminum cans,"1,895 aluminum cans.",Convention & Sports Facilities,"Large-scale, star-shaped chandelier made of recycled aluminium cans","1,895 aluminum cans.",,2002,2002.0,Non-Bond (Convention Center),,Convention Center,Convention Center,900 E Market Street,78205,-98.48324,29.42044,1,"RIO-3
Downtown Design Area 
Hemisfair",Indoor - Display,Yes,,10000,15000,,Convention center expansion project,Yes ,Kell Munoz,,Latina / o ,,Woman,,,,"San Antonio,  TX",
564,2002.SWE.1,,Public Art - Interior,Yes,,Gary,Sweeney,Walk This Way (Please Stay in Line),Two Dimensional,Architectural,Terrazzo tile floor,,Building & Equipment Services,"Terrazzo floors include text and shoe imagery. Humorous text and the placement of the shoes that swirls around the lobby and leads to the outside where the shoes wander down the street. Different shoe styles mark the entry to the elevator on each floor. The appropriate shoe image is then reused as a part of the signage at the elevator at the elevator call buttons. 
",,,2002,2002.0,1999 Bond Program,,,St. Mary's St. Parking Garage,400 North St. Mary's ,78205,-98.490956,29.428258,1,"RIO-3
Downtown Design Area",Indoor - Display,Yes,,74000,50000,,1993 Bond Facilities St. Mary's Parking Garage,Yes,Alamo Architects,,White ,,Man ,No,No,No,Bexar County,
565,2002.MAX.1.5,,Public Art - Exterior,Yes,,Judith,Maxwell,Untitled Light Sconce,Three Dimensional ,Light Art,Copper,,Center City Development & Operations,Copper Light Sconce,,,2002,2002.0,1999 Bond Program,,River ,Convent Park,204 Augusta Street ,78205,-98.49273599899993,29.430067333000068,1,"RIO 3 
Downtown Design Area ",Outdoor - Display,Yes,,,5000,,SARIP Houston- Lexington,Unknown,,,,,,,,,,
566,2002.MAX.1.1-4,,Public Art - Exterior,Yes,,Judith,Maxwell,Untitled Light Fixtures #1,Three Dimensional ,Light Art,Copper,,Center City Development & Operations,,,,2002,2002.0,1999 Bond Program,,River ,Convent Park,204 Augusta Street ,78205,-98.49273599899993,29.430067333000068,1,"RIO 3 
Downtown Design Area ",Outdoor - Display,Yes,,,5000,,SARIP Houston- Lexington,Unknown,,,,,,,,,,
567,2002.GON.1,,Public Art - Interior,Yes,,Anthony,Gonzalez,Nelson C. Wolff,Two Dimensional,Painting,Oil on canvas,,Office of the City Clerk,Mayoral Portrait,"Served 1991-95. 
Replaced previous painting in 2003",,2002,2003.0,Donation,Nelson C. Wolff,Municipal Plaza,Municipal Plaza Building,114 West Commerce,78205,-98.493886,29.424944,1,"Main / Military Plaza
Individual Landmark
Downtown Design Area",Indoor - Display,Yes,,,5000,,,No,,,,,Man ,,,,Comal County ,"Spring Branch, TX"
568,2002.FIT.1,,Public Art - Exterior,Yes,,Bill,FitzGibbons,Duck Pond,Three Dimensional ,Sculpture,Steel,,Parks & Recreation,Entryway and plaza consisting of eight steel columns supporting silhouettes of ducks in flight; columns arc around a curved wall.,,,2002,2002.0,1999 Bond Program,,Parks ,Heritage Park (Duck Pond),900 S. Ellison Drive,78245,-98.683285648779,29.4289248018987,4,No,Outdoor - Display,Yes,,40000,25000,,1999 Bond Parks: Heritage Park ,yes,Urban Spaces,,White ,,Man ,No,No,No,D5,
569,2002.COR.1.3,,Public Art - Exterior,Yes,,Carlos,Cortes,Lovers Chair,Three Dimensional ,Bench,"Concrete, steel, ",,Center City Development & Operations,Two-person concrete chair created in the faux-bois technique to replicate a tree ,San Antonio River Walk from Houston to Lexington,,2002,2002.0,1999 Bond Program,,River ,San Antonio River Walk ,"River Walk:  North Stretch: Soledad St., north side( west bank)",78205,-98.49230199999994,29.428011000000083,1,"RIO 3 
Downtown Design Area ",Outdoor - Display,Yes,,,25000,,SARIP Houston- Lexington,Yes,,,Latina / o,,Man ,No,No,No,1,
570,2002.COR.1.2,,Public Art - Exterior,Yes,,Carlos,Cortes,Fallen Tree bench,Three Dimensional ,Bench,"Concrete, steel",,Center City Development & Operations,Two-person concrete chair created in the faux-bois technique to replicate a fallen tree stump,San Antonio River Walk from Houston to Lexington,,2002,2002.0,1999 Bond Program,,River ,San Antonio River Walk ,"River Walk:  North Stretch: Soledad St., north side(east bank)",78205,-98.49230199999994,29.428011000000083,1,"RIO 3 
Downtown Design Area ",Outdoor - Display,Yes,,,25000,,SARIP Houston- Lexington,Yes,,,Latina / o,,Man ,No,No,No,1,
571,2002.COR.1.1,,Public Art - Exterior,Yes,,Carlos,Cortes,Concrete Trellis,Three Dimensional ,Shade Structure,"Concrete, steel",,Center City Development & Operations,"Concrete trellis, created in the faux-bois technique to replicate trees, that also acts as a flying buttress, supporting the adjacent wall","San Antonio River Walk from Houston to Lexington
By Tobin between Navarro and Lexington",,2002,2002.0,1999 Bond Program,,River ,San Antonio River Walk ,"River walk; @ Navarro St. Bridge, north bank(east bank)",78205,-98.488893,29.431169,1,"RIO 3 
Downtown Design Area ",Outdoor - Display,Yes,,92500,75000,,SARIP Houston- Lexington,Yes,Bender Wells & Clark,Jalco,Latina / o,,Man ,No,No,No,1,
572,2002.ARE.1,,Public Art - Exterior,Yes,,Tre ,Arenz,Yard Art,Three Dimensional ,Sculpture,"Mosaic Tile, concrete",,Hemisfair,Five mosaic tiled prefabricated concrete porch steps  originally installed on south hillside next to HBGCC. Removed and stored in Women's Pavillion.,Womens Pavillion ,,2002,2002.0,Non-Bond (Convention Center),,Hemisfair ,Hemisfair,600 Hemisfair Plaza Way,78205,-98.485367,29.418807,1,"RIO-3
Downtown Design Area 
Hemisfair",Storage,Yes,,18750,20000,,Convention center expansion project,Yes ,Kell Munoz,,,,,,,,,
573,2002.ALV.1.14,,Public Art - Exterior,Yes,,Oscar ,Alvarado,Water Cascade,Three Dimensional ,Architectural,Mixed Media; Mosaic ,,Center City Development & Operations,Small tile mural installation along the sides of a descending water feature. ,Part of the mosaic murals project ,,2002,2002.0,1999 Bond Program,,River ,Convent Park,204 Augusta Street ,78205,-98.49273599899993,29.430067333000068,1,"RIO 3 
Downtown Design Area ",Outdoor - Display,Yes,,4500,50000,,SARIP Houston- Lexington,Yes,Bender Well & Clark,,Latina / o; Native American; Alaska Native,,Man ,No,No,No,1; 3,
574,2002.ALV.1.1-13,,Public Art - Exterior,Yes,,Oscar,Alvarado,Houston to Lexington Murals ,Two Dimensional,Mural ,Mixed Media; Mosaic ,Various,Center City Development & Operations,"11 mosaic murals along the San Antonio River Walk from Houston to Lexington
1. ""A Dogs Eye View of  San Antonio"" San Antonio skyline from the perspective of the artist's 13 year old golden lab, Darla. At Travis Street East Bank.
2. ""Untitled""  Map of downtown San Antonio streets and the river as it flows through downtown, over streets & bridges and beyond the borders of the mural. At Travis Street West Bank
3. ""Untitled"" quatrefoil depicting various creeks and rivers in Bexar County. At Pecan Street East Bank.
4. ""Untitled"" quatrefoil, depicting various freeways in Bexar County At Pecan Street. County. At PecanStreet West Bank.
5. ""Untitled"" abstract, bird's eye view of the river winding through a bend, designed by local artist Jacinto Guevara at Martin Street East Bank.
6. ""Untitled"" perspective view of a stone pedestrian bridge over the river. At Martin Street West Bank.
7. ""Convent Street Mural"" Designed by Larry Clark, the tile mural is a blue and white swirl design. At Convent Park
8. ""Map of San Antonio in 1836. At St. Marys East Street.
9. ""Untitled"" river flowing through each of the San Antonio Missions from an 1825 Map. At St. Marys West Bank
10. ""Untitled"" portrait of Jose Antonio Navarro, artists great x3 grandfather. At Navarro Street Street West Bank.
11. ""Untitled"" one of two tile murals are an abstract of a cross section through Texas with clouds above drawn by local artist Robert Tatum. At Richmond Street Bridge West Bank.
12. ""Untitled"" one of two tile murals are an abstract of a cross section through Texas with clouds above drawn by local artist Robert Tatum. At Richmond Street Bridge West Bank.
13. ""Untiltled"" Convent Street Mural based on shadows and light values cast by the original Isaac Maxwell light fixture.","In various locations along San Antonio River Walk from Houston to Lexington

On inventory it was noted as having both 11 and 12 murals. There was 12 entries but seemed like 11 & 12 were considered one mural",,2002,2002.0,1999 Bond Program,,River ,San Antonio River Walk ,Various location from Houston to Lexington ,78205,-98.49230199999994,29.428011000000083,1,"RIO 3 
Downtown Design Area ",Outdoor - Display,Yes,,17250,55200,,SARIP Houston- Lexington,Yes,Bender Well & Clark,,Latina / o; Native American; Alaska Native,,Man ,No,No,No,1; 3,
575,2001.TRE.1,,Public Art - Interior,Yes,,Jesse,Treviño,Proud Heritage,Two Dimensional,Painting,,,Arts & Culture,"Donated by Lockheed Martin, Inc. The piece honors San Antonio’s manufacture of the C-5 Galaxy airplane in the 1980s and 1990s.",,,,2021.0,Donation,"Lockheed Martin, Inc.",City Tower,City Tower,100 W. Houston St.,78205,-98.4941023594437,29.4263501350618,1,"Main / Military Plaza
Downtown Design Area
RIO-3",Indoor - Restricted,,,,50000,,,No,,,Latina / o,,Man ,,Yes,Yes,"San Antonio, TX",
576,2001.SEB.1,,Public Art - Exterior,Yes,,Enrique (Sebastiàn),Carbajal,Torch of Friendship (Antorcha de Amistad),Three Dimensional ,Sculpture,Steel ,65' tall,Center City Development & Operations,"2-ton orange steel sculpture measuring 65 ft. in height; The sculpture’s design represents two cultures, two languages and two roads merging into one. 
",In round about near River Walk Public Art Garden. (Street Level),,2001,2001.0,Donation,Asociacion de Empresarios Mexicanos,River ,South Alamo and Commerce,351 Losoya Street ,78205,-98.487423,29.423614,"CW 
1","RIO-3
Downtown Design Area",Outdoor - Display,Yes,,300000,1500000,,,No,3DI Architects,,Latina / o,,Man ,No,,,,Mexico 
577,2001.SCH.1,,Public Art - Exterior,Yes,,George,Schroeder,River Walk Park SAWS water pump # 2 enclosure,Three Dimensional ,Architectural ,Steel,,Center City Development & Operations,Forged steel enclosure surrounding water pump in River Walk Park,San Antonio River Walk at River Walk Park,,2002,2002.0,1999 Bond Program,,River ,River Walk Park ,West Market Street at River Walk ,78205,-98.49061,29.42353,1,"RIO 3 
Downtown Design Area ",Outdoor - Display,Yes,,50000,40000,,River link ,Yes,3D/I ?,Winters Construction ,White ,,Man,,,,"San Antonio, TX",
578,2001.SAL.1,,Public Art - Interior,Yes,,Porfirio,Salinas,Autumn in West Texas,Two Dimensional,Painting,Oil on canvas,,Convention & Sports Facilities,"Large oil on canvas scene of the Texas Hill Country in the fall, proclaimed as "" the best landscape painter in Texas"" by President Johnson",Mr. & Mrs. Wallace Rogers originally donated the Salinas mural to the Lee and Zachry memorial fund of the san antonio area foundation. Donated to the City by the Carter family in 2001,,1957,2001.0,Donation,Carter Family,Convention Center,Convention Center,900 E Market Street,78205,-98.48324,29.42044,1,"RIO-3
Downtown Design Area 
Hemisfair",Indoor - Display,Yes,,,70000,,,No,,,,,,,,,,
579,2001.REN.2,,Public Art - Interior,Yes,,Jim,Reno,Quanah Parker,Three Dimensional ,Statue,Bronze," 81""x37""x16"", base 6""x48""",Convention & Sports Facilities,Standing figure holdng spear in right hand.,,,1986,2001.0,Donation,Anheuser Busch / Seaworld of Texas,Convention Center,Convention Center,900 E Market Street,78205,-98.48324,29.42044,1,"RIO-3
Downtown Design Area 
Hemisfair",Outdoor - Display,Yes,,,10000,,,No,,,,,,,,,,
580,2001.REN.1,,Public Art - Interior,Yes,,Jim,Reno,Charles Goodnight,Three Dimensional ,Statue,Bronze,"86"" x 33"" x 35"", base 4""x 48""",Convention & Sports Facilities,Life-size portrait of Goodnight w/shotgun held across his middle body; dressed in full western wear with chaps and a hat,,,1987,2001.0,Donation,Anheuser Busch / Seaworld of Texas,Convention Center,Convention Center,900 E Market Street,78205,-98.48324,29.42044,1,"RIO-3
Downtown Design Area 
Hemisfair",Outdoor - Display,Yes,,,10000,,,No,,,,,,,,,,
581,2001.NIE.1.1-3,,Public Art - Exterior,Yes,,Ries ,Niemi,I Remember Everything ,Three Dimensional ,Sculpture,Metal,10' T ,Center City Development & Operations,"Ries Niemi’s three stainless steel outdoor works are abstract, but based on local symbols and histories. English, Spanish and German text wraps around each piece dealing with remembrance and the process of layering history. 
1. A chimney references different forms of labor.  
2. A stylized wing-shape symbolizes aviation’s role in developing San Antonio. 
3. A large open bench is styled loosely on architecture of the  Municipal Auditorium. ","Originally installed at the Convention Center in 2001. 

Pieces were placed in storaged in women's pavillon at some point. Removed from storage in 2022. 

On view at River Walk Public Art Garden in Labor Plaza (Street Level)",,2001,2001.0,Non-Bond (Convention Center),,River Walk Public Art Garden ,River Walk Public Art Garden ,East Market Street ,78205,-98.485715,29.422711,1,"RIO-3 
Downtown Design Area",Outdoor-Display,Yes,,18750,20000,,"Convention Center expansion project

2017 Bond Streets: River Walk Public Art Garden Labor Plaza ",Yes ,Kell Munoz,,White ,,Man ,,,,,Washington
582,2001.MUN.1,,Public Art - Exterior,Yes,,Celia,Álvarez Muñoz,El Rio Habla / The River Speaks,Three Dimensional ,Sculpture,"Stone, metal, concrete",Various ,Center City Development & Operations,"The unique art components for this area include six landings that include wall text, stone work, decorative pavement treatments, and various incorporated waterfalls.  ",Mezzanine level of Main Plaza between the plaza and San Antonio River Walk,,2001,2001.0,1999 Bond Program,,River ,Main Plaza ,118 E. Commerce St ,78205,-98.492877,29.424604,1,"Main/Military Plaza
Individual Landmark
RIO-3
Downtown Design Area",Outdoor - Display,Yes,,35000,50000,,Historic Civic Center River link Project,Yes,Lake Flato,,Latina / o,Chicana ,Woman ,,,,,"Arlington, TX"
583,2001.LUD.6,,Public Art - Interior,Yes,,Larry ,Ludtke,Edwards Higgins White,Three Dimensional ,Statue,Bronze,"81"" x 41"" x 28"", base 7"" x 61""",Convention & Sports Facilities,Life-size standing figure of White w/his left leg forward (walking position). Dressed in an astronaut's suit w/astronaut helmet in right hand held next to his body. His left arm is held slightly away from body w/hand and open fingers spread. ,Donation from Sea World to COSA,,1986,2001.0,Donation,,Convention Center,Convention Center,900 E Market Street,78205,-98.48324,29.42044,1,"RIO-3
Downtown Design Area 
Hemisfair",Indoor - Display,Yes,,,10000,,,No,,,White ,,Man ,,,,,"Houston, TX"
584,2001.LUD.5,,Public Art - Interior,Yes,,Larry,Ludtke,"Mildred ""Babe"" Zaharias",Three Dimensional ,Statue,Bronze,"71""x19""x15"", base 6""x48""",Convention & Sports Facilities,Standing bronze portrait figure swinging golf club on circular granite base.  Rectangular self base under figure,"Donation from Sea World to COSA
Convention Center Concourse between Meeting Rooms 207 and 208",,1986,2001.0,Donation,,Convention Center,Convention Center,900 E Market Street,78205,-98.48324,29.42044,1,"RIO-3
Downtown Design Area 
Hemisfair",Indoor - Display,Yes,,,10000,,,No,,,White ,,Man ,,,,,"Houston, TX"
585,2001.LUD.4,,Public Art - Interior,Yes,,Larry,Ludtke,Lyndon Baines Johnson,Three Dimensional ,Statue,Bronze,"80""x29""x21.5"", base 6""x48""",Convention & Sports Facilities,"Life-size standing portrait figure of Johnson standing with arm to his side, hat in his right hand next to his body.  Left hand is in his coat pocket. ","Donation from Sea World to COSA
Convention Center Concourse between Meeting Rooms 207 and 208",,1986,2001.0,Donation,,Convention Center,Convention Center,900 E Market Street,78205,-98.48324,29.42044,1,"RIO-3
Downtown Design Area 
Hemisfair",Indoor - Display,Yes,,,10000,,,No,,,White ,,Man ,,,,,"Houston, TX"
586,2001.LUD.3,,Public Art - Interior,Yes,,Larry,Ludtke,Howard Robard Hughes,Three Dimensional ,Statue,Bronze,"77""x28""x22"", base 6""x48""",Convention & Sports Facilities,"Life-size standing portrait figure of Hughes, right hand holding drill bits, left hand gloved and free from body.","Donation from Sea World to COSA
Convention Center Concourse between Meeting Rooms 207 and 208",,1987,2001.0,Donation,,Convention Center,Convention Center,900 E Market Street,78205,-98.48324,29.42044,1,"RIO-3
Downtown Design Area 
Hemisfair",Indoor - Display,Yes,,,10000,,,No,,,White ,,Man ,,,,,"Houston, TX"
587,2001.LUD.2,,Public Art - Interior,Yes,,Larry,Ludtke,Sam Houston,Three Dimensional ,Statue,Bronze,"83"" x 56"" x 30"", base 6"" x 69.5""",Convention & Sports Facilities,Life size portrait figure of Houston.  His right hand holds a walking stick that extends to the base.  His left hand is on his waist and he wears a large duster coat. ,"Donation from Sea World to COSA
Convention Center Concourse between Meeting Rooms 207 and 208",,1986,2001.0,Donation,,Convention Center,Convention Center,900 E Market Street,78205,-98.48324,29.42044,1,"RIO-3
Downtown Design Area 
Hemisfair",Outdoor - Display,Yes,,,10000,,,No,,,White ,,Man ,,,,,"Houston, TX"
588,2001.LUD.1,,Public Art - Exterior,Yes,,Larry,Ludtke,Henry B. Gonzalez,Three Dimensional ,Statue,Bronze,"78"" x 27"" x 22"", base 6"" x 49""",Convention & Sports Facilities,Life-size standing portrait figure of Gonzalez in a suit.  His arms are bent with hands in front of chest. The index finger right pointing to center finger on left hand which is open.,Donation from Sea World to COSA,,1987,2001.0,Donation,,Convention Center,Convention Center,900 E Market Street,78205,-98.48324,29.42044,1,"RIO-3
Downtown Design Area 
Hemisfair",Indoor - Display,Yes,,,10000,,,No,,,White ,,Man ,,,,,"Houston, TX"
589,2001.HIN.1,,Public Art - Interior,Yes,,Armando,Hinojosa,Chester William Nimitz,Three Dimensional ,Statue,Bronze,"79"" x 36"" x 12"", base 8"" x 48""",Convention & Sports Facilities,"Larger than life-size, standing uniformed portrait of Nimitz saluting with right hand.  Bronze self base in center of granite base with uniformed figure on it.  Commemorative plaque placed nearby.","Donation from Sea World to COSA; Fleet Admiral; Commander-in-Chief of Pacific Naval Forces in WWII
Convention Center Concourse between Meeting Rooms 207 and 208",,1986,2001.0,Donation,,Convention Center,Convention Center,900 E Market Street,78205,-98.48324,29.42044,1,"RIO-3
Downtown Design Area 
Hemisfair",Indoor - Display,Yes,,,10000,,,No,,,Latina /o,,Man ,,,,,"Laredo, TX"
590,2001.HAR.2,,Public Art - Interior,Yes,,Elizabeth,Hart,Robert W. Wilson,Three Dimensional ,Statue,Bronze,"74"", base 6"" x 48""",Convention & Sports Facilities,Life-size figure of Wilson reading a computer printout. Tube for scroll under right arm. Standing figure has right foot raised and resting on a square block. ,"Donation from Sea World to COSA
Work is placed on a circular stone base.Convention Center Concourse between Meeting Rooms 207 and 208",,1987,2001.0,Donation,,Convention Center,Convention Center,900 E Market Street,78205,-98.48324,29.42044,1,"RIO-3
Downtown Design Area 
Hemisfair",Indoor - Display,yes,,,10000,,,No,,,,,,,,,,
591,2001.HAR.1,,Public Art - Interior,Yes,,Elizabeth,Hart,Walter Prescott Webb,Three Dimensional ,Statue,Bronze,"73""x26""x15"", base 6""x48""",Convention & Sports Facilities,Standing figure holding open book in left hand. Eye glasses in right hand. Square bronze self-base on circular granite base. Convention Center Concourse between Meeting Rooms 207 and 208,Donation from Sea World to COSA,,1986,2001.0,Donation,,Convention Center,Convention Center,900 E Market Street,78205,-98.48324,29.42044,1,"RIO-3
Downtown Design Area 
Hemisfair",Indoor - Display,yes,,,10000,,,No,,,,,,,,,,
592,2001.GUE.1,,Public Art - Interior,Yes,,Jacinto,Guevara,The Best of the East Side,Two Dimensional,Painting ,Oil on canvas,,Convention & Sports Facilities,Oil on canvas featuring urban landscape looking west from the corner of Olive and Crockett Streets. ,Convention Center Concourse seating area river side of Meeting Rooms 208,,2001,2001.0,Non-Bond (Convention Center),,Convention Center,Convention Center,900 E Market Street,78205,-98.48324,29.42044,1,"RIO-3
Downtown Design Area 
Hemisfair",Indoor - Display,Yes,,,5000,,Convention center expansion project,No,,,,,,,,,,
593,2001.GOO.6,,Public Art - Interior,Yes,,Glenna ,Goodacre,William Barrett Travis,Three Dimensional ,Statue,Bronze,"71"" x 30"" x 14"", base 6"" x 48""",Convention & Sports Facilities,"Figure is standing, but leaning over and a bent sword (in right hand) is tracing a line on ground.  Left hand open and outstretched.  Commemorative plaque nearby. Convention Center Concourse between Meeting Rooms 207 and 208","Texas Commander at the Battle of the Alamo;

Alamo  Calvary Courtyard",,1986,2001.0,Donation,Donation from Sea World to COSA;,World Heritage,Alamo,300 Alamo Plaza ,78205,-98.48678,29.425824,"CW
1","Alamo Plaza
Individual Landmark
RIO-3
Downtown Design Area",Outdoor - Display,Yes,,,10000,,,no,,,White ,,Woman ,,,,,"Lubbock, TX"
594,2001.GOO.5,,Public Art - Interior,Yes,,Glenna,Goodacre,Katherine Ann Porter,Three Dimensional ,Statue,Bronze,"71"" x 40"" x 32.5"", base 6"" x 60""",Convention & Sports Facilities,"Figure walking down two steps, leaning forward with right leg on front step and left leg on upper step, holds book in right hand. Right hand, extended from her body, is worn. ",Convention Center Concourse between Meeting Rooms 207 and 208,,1986,2001.0,Donation,Anheuser Busch / Seaworld of Texas,Convention Center,Convention Center,900 E Market Street,78205,-98.48324,29.42044,1,"RIO-3
Downtown Design Area 
Hemisfair",Indoor - Display,Yes,,,10000,,,No,,,White ,,Woman ,,,,,"Lubbock, TX"
595,2001.GOO.4,,Public Art - Interior,Yes,,Glenna,Goodacre,Barbara Charline Jordan,Three Dimensional ,Statue,Bronze,"69 ""x 29"" x 41"", base 9.5"" x 54""",Convention & Sports Facilities,"Life-size full figure Jordan at podium with hand pointing, left hand resting on pedestal w/papers on top. Figure is portrayed giving animated speech. Positioned on circular stone base. ","Donation from Sea World to COSA
Convention Center Concourse between Meeting Rooms 207 and 208",,1987,2001.0,Donation,,Convention Center,Convention Center,900 E Market Street,78205,-98.48324,29.42044,1,"RIO-3
Downtown Design Area 
Hemisfair",Indoor - Display,Yes,,,10000,,,No,,,White ,,Woman ,,,,,"Lubbock, TX"
596,2001.GOO.3,,Public Art - Interior,Yes,,Glenna,Goodacre,Scott Joplin,Three Dimensional ,Statue,Bronze,"73"" x 30"" x 34"", base 31"" x 62"" x 62""",Convention & Sports Facilities,"Life-size sculpture of Joplin with right leg on a bronze stool.  Left hand holds music sheet with ""Maple Leaf Rag"" printed on it and half complete score.  Poised in the air is his right hand with a pen.","Donation from Sea World to COSA
Convention Center Concourse between Meeting Rooms 207 and 208",,1987,2001.0,Donation,,Convention Center,Convention Center,900 E Market Street,78205,-98.48324,29.42044,1,"RIO-3
Downtown Design Area 
Hemisfair",Indoor - Display,Yes,,,10000,,,No,,,White ,,Woman ,,,,,"Lubbock, TX"
597,2001.GOO.2,,Public Art - Interior,Yes,,Glenna,Goodacre,Dwight D. Eisenhower,Three Dimensional ,Statue,Bronze,"73""x30""x12""x48""",Convention & Sports Facilities,Portrait figure of a smiling Eisenhower walking; he wears a US Army General's uniform.,"Donation from Sea World to COSA; Five-star general; Supreme Commander of Allied Forces during WWII; POTUS.
Convention Center Concourse between Meeting Rooms 207 and 208",,1987,2001.0,Donation,,Convention Center,Convention Center,900 E Market Street,78205,-98.48324,29.42044,1,"RIO-3
Downtown Design Area 
Hemisfair",Indoor - Display,Yes,,,10000,,,No,,,White ,,Woman ,,,,,"Lubbock, TX"
598,2001.GOO.1,,Public Art - Interior,Yes,,Glenna,Goodacre,Stephen Fuller Austin,Three Dimensional ,Statue,Bronze,"85"" x 65"" x 60""",Convention & Sports Facilities,2 figures of the older and younger Austin: a young one seated in buckskins to the back of the older one in swallowtails and coat. No base; placed on stone pavement. Younger Austin holds a scroll.,"Donation from Sea World to COSA; Texas General and statesman; considered the founder of Anglo American Texas
Convention Center Concourse between Meeting Rooms 207 and 208",,1987,2001.0,Donation,,Convention Center,Convention Center,900 E Market Street,78205,-98.48324,29.42044,1,"RIO-3
Downtown Design Area 
Hemisfair",Indoor - Display,Yes,,,20000,,,No,,,White ,,Woman ,,,,,"Lubbock, TX"
599,2001.GON.2,,Public Art - Interior,Yes,,Anthony,Gonzalez,Francois Pierre Giraud,Two Dimensional,Painting,Oil on canvas,"20"" x 16""",Office of the City Clerk,Mayoral Portrait,served 1872-75,,2001,2001.0,Mayor's Office,,Municipal Plaza,Municipal Plaza Building,114 West Commerce,78205,-98.493886,29.424944,1,"Main / Military Plaza
Individual Landmark
Downtown Design Area",Indoor - Display,Yes,,1500,5000,,,No,,,,,Man ,,,,Comal County ,"Spring Branch, TX"
600,2001.GON.1,,Public Art - Interior,Yes,,Anthony,Gonzalez,Howard W. Peak,Two Dimensional,Painting,Oil on canvas,"30"" x 24""",Office of the City Clerk,Mayoral Portrait,served 1997-01,,2001,2001.0,Mayor's Office,,Municipal Plaza,Municipal Plaza Building,114 West Commerce,78205,-98.493886,29.424944,1,"Main / Military Plaza
Individual Landmark
Downtown Design Area",Indoor - Display,Yes,,3000,5000,,,No,,,,,Man ,,,,Comal County ,"Spring Branch, TX"
601,2001.DEL.1,2001.DEL.1,Public Art - Interior,Yes,,Juan ,Dell,Jose Navarro,Three Dimensional ,Statue,Bronze,32 x 33 x77,Convention & Sports Facilities,"Standing bronze statue of Navarro wearing a period suit: long frock coat and trousers that come over his shoes, a shirt, tie, and vest. Figure holds scroll in right hand at waist level. Left hand holds cane. Convention Center Concourse between Meeting Rooms 207 and 208",,,1987,2001.0,Donation,Anheuser Busch / Seaworld of Texas,Convention Center,Briscoe,210 W. Market,78205,-98.49514,29.4246,1,RIO-3,Indoor - Display,Yes,,,10000,,,,,,,,,,,,,
602,2001.CUN.1.1-8,,Public Art - Exterior,Yes,,Cathy,Cunningham-Little,All Walks of Life,Two Dimensional,Sidewalk Art,Glass,"36"" diameter",Center City Development & Operations,"6 etched glass ""stepping stones,"" lit from below, that depict the biodiversity of wildlife found around the San Antonio River Walk. Each unit glows a different color, with cool colors on the river progressing to hotter colors as they approach street level. The images are a montage of photo etchings, with each unit depicting a different aspect of wildlife. ",,,2001,2001.0,1999 Bond Program,,,Presa Street River Linkage,610 N. Presa St. 78205,78205,-98.4887796669999,29.425905666000062,1,"Alamo Plaza
RIO-3
Downtown Design Area",Outdoor-Display,Yes,,35000,25000,,Presa Street Linkage,Yes,Beaty Partners,Berkley Engineering,White ,,Woman,,,,"San Antonio, TX",
603,2000.ROB.1,,Public Art - Exterior,Yes,,Jack,Robbins,"Unique Tiles, Medallions, and Markers (San Pedro Springs Parks Project)",Two Dimensional,Tile ,"Tile, porcelan enamel",,Parks & Recreation,Tiles inset into bases of lampposts along streets,,,2000,2000.0,1999 Bond Program,,Parks ,San Pedro Springs Park,1315 San Pedro ,78212,-98.50169,29.446806,1,Individual Landmark ,Outdoor - Display,Yes,,46000,10000,,1999 Bond Parks: San Pedro Springs Park Improvement,yes,Beaty Partners,,Prefer not to answer,,Prefer not to answer ,Prefer not to answer,Prefer not to answer,No,10,
604,2000.HUE.1,,Public Art - Exterior,Yes,,Leticia,Huerta,Railings and Porcelain Tile Markers,Three Dimensional ,Bridge ,"Metal, porcelain tile",,Parks & Recreation,Porcelain markers and wrought iron railings found on pedestrian bridges along Lake walking path,,,2000,2000.0,1999 Bond Program,,Parks ,Woodlawn Lake Park,1100 Cincinnati ,78201,-98.52802848999994,29.450224295000055,7,Woodlawn Lake,Outdoor - Display,Yes,,25000,30000,,1999 Bond Drainage: Woodlawn Lake Park,Yes ,Sage Group,,Latina / o,,Woman ,No,No,No,Bexar County ,"Helotes, TX"
605,2000.DOW.1,,Public Art - Interior,Yes,,Katayoun ,Dowlatshahi,The Nature of Geometry,Two Dimensional,Painting,Mixed media,,Building & Equipment Services,"Three wood panels, 2 with image prints and the third with a nest and covered glass.",damage report; 2013,,,,General Fund,,,International Center,203 S. St. Mary's St. ,78205,-98.49196,29.42381,1,"Individual Landmark 
RIO-3
Downtown Design Area ",Indoor - Display,Yes,,,20000,,,Unknown,,,,,,,,,,
606,2000.ALV.1,,Public Art - Exterior,Yes,,Carlos,Alves,Grotto de Pensamientos,Three Dimensional ,Sculpture,paint on stone/concrete,15'x11'x3',Convention & Sports Facilities,"The abstract mosaic landscape joins sky, land and water through a depiction of flora and fauna native to San Antonio and South-Central Texas","As part of the public art plan for the Convention Center expansion, this is one of 6 grottos. 'Commission budget' reflects the overall project cost. ",,2000,2000.0,Non-Bond (Convention Center),,Convention Center,Convention Center,900 E Market Street,78205,-98.48324,29.42044,1,"RIO-3
Downtown Design Area 
Hemisfair",Outdoor - Display,Yes,,9000,15000,,Convention center expansion project,Yes ,Kell Munoz,,,,,,,,,
607,2000.ADA.2,,Public Art - Exterior,Yes,,Mac,Adams,Mustangs at Noon (East Wall),Three Dimensional ,Sculpture,Iron,10' x 14' (5),Convention & Sports Facilities,Five 10'x14' steel panels with mustang silhouettes cut out of each creating shadows onto east wall. ,Removed and strored in order to complete Convention Center Expansion.,,2000,2000.0,Non-Bond (Convention Center),,Convention Center,Convention Center,900 E Market Street,78205,-98.48324,29.42044,1,"RIO-3
Downtown Design Area 
Hemisfair",Storage,Yes,,50000,25000,,Convention center expansion project,Yes ,Kell Munoz,,,,,,,,,
608,2000.ADA.1,,Public Art - Exterior,Yes,,Ann,Adams,Trolley Station Tiles,Two Dimensional,Tile,Ceramic tile,"14"" square",Center City Development & Operations,"Decorative mosaic tile work incorporated into trolley station columns; a spiral floor design also leads down to River level- 11 columns, 4 tiles per column, 44 total tiles",Street Level above San Antonio River Walk,,2000,2000.0,1999 Bond Program,,River ,South Alamo Street Car Station,100 S. Alamo,78205,-98.48727133299991,29.42339000000004,1,"RIO 3 
Downtown Design Area ",Outdoor - Display,Yes,,11000,11000,,,Yes,Beaty Partners,,,,Woman ,,,,,"Dallas, TX"
609,1999.FIT.2,,Public Art - Exterior,Yes,,Bill,FitzGibbons,Day Star Canopy,Three Dimensional ,Shade Structure,Tail of airplane,,Aviation,tail of airplane,In Storage,,1999,1999.0,Non-Bond (Aviation),,Airport,San Antonio International Airport,9800 Airport Blvd,78216,-98.471845,29.52662,9,No,Storage,Yes,,,5000,,Paseo Walkway,yes,Marmom Mok Architects,,White ,,Man ,No,No,No,D5,
610,1999.FIT.1,,Public Art - Exterior,Yes,,Bill,FitzGibbons,Day Star Archway,Three Dimensional ,Sculpture,Steel & LED lighting,,Aviation,"Monumental metal sculpture created from salvaged airplane wings. From a BAC 1-11 airplane, & a buried time capsule","Located in long term garage
Completed in 1999 and relocated in 2008",,1999,1999.0,Non-Bond (Aviation),,Airport,San Antonio International Airport,9800 Airport Blvd,78216,-98.473448,29.525568,9,No,Outdoor - Display,Yes,,82000,250000,,,No,HNTB,Bartlett Cocke,White ,,Man ,No,No,No,D5,
611,1999.DAV.1,,Public Art - Exterior,Yes,,Michael,Davis,Castillo,Three Dimensional ,Sculpture,Multimedia,,Parks & Recreation,Sculpture featuring colorful papel picado design translated into metal panel  ,Part of Misson Reach at Mission Espada on the San Antonio River Walk ,,1999,1999.0,1999 Bond Program,,Mission Reach ,San Antonio River Walk ,10040 Espada Road ,78214,-98.4516497709999,29.3184,3,Mission,Condition issues,Yes,,,50000,,,Yes,,,,,,,,,,
612,1998.WAL.1.1-3,,Public Art - Interior,Yes,,Anne ,Wallace,Spheres and Cone,Three Dimensional ,Sculpture,Wood (mesquite root),,Arts & Culture,3 sculptures including 2 spheres and one cone. Rough mesquite wood is shaped in a way that makes the sculptures appear rough and worn from natural elements.,,,1998,1998.0,Certicates of Obligation ,,Plaza de Armas ,Plaza de Armas ,115 Plaza de Armas,78205,-98.495663,29.424561,1,"Main / Military Plaza 
RIO-7b
Indvidual Landmark
Downtown Design Area",Indoor - Display,Yes,,,15000,,,Unknown,,,Prefer not to answer,,Woman ,No,No,No,1,
613,1997.TRE.1,,Public Art - Interior,Yes,,Jesse ,Treviño,William E. Thornton,Two Dimensional,Painting,Oil on canvas,,Office of the City Clerk,Mayoral Portrait,served 1995-97,,1997,1997.0,Mayor's Office,,Municipal Plaza,Municipal Plaza Building,114 West Commerce,78205,-98.493886,29.424944,1,"Main / Military Plaza
Individual Landmark
Downtown Design Area",Indoor - Display,Yes,,,5000,,,No,,,Latina / o,,Man,,Yes,Yes,"San Antonio, TX",
614,1996.ROD.1,,Public Art - Exterior,Yes,,Roland,Rodriguez,West Gate Mandala,Two Dimensional,Architectural,Steel ,,Building & Equipment Services,"Metal works and colorful of mandala like features, various colors",,,1996,1996.0,Certicates of Obligation ,,,Public Safety Technology Center,515 S. Frio,78207,-98.504955,29.421417,5,No,Condition issues,Yes,,,25000,,,Unknown,,,,,,,,,,
615,1996.BUF.2,,Public Art - Interior,Yes,,Sally ,Buffington,Lila Cockrell,Two Dimensional,Painting,Oil on canvas,,Office of the City Clerk,Mayoral Portrait,served 1975-81 & 1989-91,,1996,1996.0,Mayor's Office,,Municipal Plaza,Municipal Plaza Building,114 West Commerce,78205,-98.493886,29.424944,1,"Main / Military Plaza
Individual Landmark
Downtown Design Area",Indoor - Display,Yes,,,5000,,,No,,,,,,,,,,
616,1996.BUF.1,,Public Art - Interior,Yes,,Sally ,Buffington,Henry Cisneros,Two Dimensional,Painting,Oil on canvas,,Office of the City Clerk,Mayoral Portrait,served 1981-89,,1996,1996.0,Mayor's Office,,Municipal Plaza,Municipal Plaza Building,114 West Commerce,78205,-98.493886,29.424944,1,"Main / Military Plaza
Individual Landmark
Downtown Design Area",Indoor - Display,Yes,,,5000,,,No,,,,,,,,,,
617,1995.VAS.1,,Public Art - Interior,Yes,,Ramon,Vasquez y Sanchez,Bejar y Vecinos,Two Dimensional,Painting,Acrylic,,Library,Large map of San Antonio in the 1830s painted by Ramon Vasquez y Sanchez,"Gift of The artist
Texana Collection",,,1995.0,Donation,,Central Library ,Central Library ,600 Soledad Street ,78205,-98.492909,29.43247,1,"RIO-3
RIO-7A Downtown Design Area
Individual Landmark",Storage,Yes,,,5000,,,No,,,,,,,,,,
618,1995.TRE.1,,Public Art - Interior,Yes,,Jesse,Treviño,W.W. II- San Antonio,Two Dimensional,Mural ,Acrylic Paint,10' x 38',Library,,"Central Library, Auditorium Lobby",,1995,1995.0,Donation,,Central Library ,Central Library ,600 Soledad Street ,78205,-98.492909,29.43247,1,"RIO-3
RIO-7A Downtown Design Area
Individual Landmark",Indoor - Display,Yes,,,70000,,,No,,,Latina / o,,Man ,,Yes,Yes,"San Antonio, TX",
619,1995.STE.1,,Public Art - Interior,Yes,,Henry,Stein,High Rise/Descent ,Three Dimensional ,Sculpture,Metaleramic,,Arts & Culture,"Bronze and wood sculpture, resembles a ladder that gradually narrows as it ascends",,,1995,1995.0,Certicates of Obligation ,,Plaza de Armas ,Plaza de Armas ,115 Plaza de Armas,78205,-98.495663,29.424561,1,"Main / Military Plaza 
RIO-7b
Indvidual Landmark
Downtown Design Area",Indoor - Display,Yes,,,5000,,,Unknown,,,,,,,,,,
620,1995.ANT.1,,Public Art - Interior,Yes,,Stephen,Antonakes,Blue Room,Two Dimensional,Light Art,Neon,30'x20'x30',Library,The space is designed to create a sense of place for the Library and give the visitor a clear boundary between the outside world and the world of information.,Central Library Entrance ,,1995,1995.0,Donation,Ewing Halsell Foundation,Central Library ,Central Library ,600 Soledad Street ,78205,-98.492909,29.43247,1,"RIO-3
RIO-7A Downtown Design Area
Individual Landmark",Indoor - Display,Yes,,,150000,,,No,,,,,,,,,,
621,1994.PER.1,,Public Art - Exterior,Yes,,Jonas,Perkins,Night Watch (Korean War Memorial),Three Dimensional ,Monument / Memorial,Bronze,,Parks & Recreation,"The Sculpture is a mound shaped base, formed of stones, with two bronze uniformed figures inside the mound, standing guard.","The memorial was sponsored by ""c"" company 20th infantry battalion USMCR. Erected to honor and pay tribute to Korean War Veterans. Designed by Emilio Aguirre",,1994,1994.0,Donation,,Parks ,Memorial Plaza,100 Auditorium Circle ,78205,-98.488769,29.429861,1,"Auditorium Circle
Individual Landmark
RIO-3
Downtown Design Area",Outdoor - Display,Yes,,,100000,,,No,George Ozuna JR,,,,,,,,,
622,1992.ZAM.1,1988.NA.3,Public Art - Exterior,Yes,,Cuauhtemoc ,Zamudio,Paloma de la Paz,Three Dimensional ,Sculpture,"Bronze, urethane","6' hx 5 w x 5' d, concrete base 3"" h x 4' w 4' d",Hemisfair,Sculpture of dove spreading its wings over and around a world globe held on its back.  Globe depicts the countries of the worked in bas-relief.  Work is stylized & simplified image of a dove and world globe.,Interior Streets,,,1992.0,Donation,"Gift to COSA from their sister city Monterrey, dedicated in 1992.",Hemisfair ,Hemisfair,434 S Alamo St,78205,-98.48618,29.419481,1,"Hemisfair
RIO-3
Downtown Design Area",Outdoor - Display,Yes,,,35000,,,No,,,,,,,,,,
623,1992.CHA.1,,Public Art - Exterior,Yes,,Diana-Cavillo,De Chapa,La Puerta- Mi Casa es tu Casa,Three Dimensional ,Sculpture,Molded sheet metal,"10'x6 1/2'x3"", the door is 69"" x 29""",Hemisfair,"Large scale, freestanding metal sculpture resembling an open door- 2011 metal appears very rusted.",Interior Streets,,1990,1992.0,Donation,"Sister City, Monterrey, Mexico",Hemisfair ,Hemisfair,434 S Alamo St,78205,-98.48533,29.419361,1,"Hemisfair
RIO-3
Downtown Design Area",Outdoor - Display,Yes,,,10000,,,no,,,,,,,,,,
624,1991.BRI.1,,Public Art - Exterior,Yes,,Rolando,Briseno ,Padre Damian Massanet's Table,Three Dimensional ,Sculpture,Wrought iron,"5'6"" h x 5' 7"" diameter",Center City Development & Operations,"Stylized altar of painted wrought iron which symbolizes the first mass said in S.A. by Fr. Damian Massanet in 1691.  Includes 2 hands, chalice, host & cross, and includes gold leaf.",Located on Marriage / heart shaped  island,,1991,1991.0,Donation,Order of the Alhambra,River ,San Antonio River Walk ,River Walk: small Island near Navarro St. Bridge ,78205,-98.49001,29.422814,1,"RIO 3 
Downtown Design Area ",Outdoor - Display,Yes,,4500,40000,,,No,,,Latina / o,,Man,,,,"San Antonio, TX",
625,1989.BIG.1,,Public Art - Exterior,Yes,,Michael ,Biggers,Cor-Lynche Triad,Three Dimensional ,Sculpture,Painted steel,3 pieces 7' each,Parks & Recreation,3 abstracted forms in yellow blue and orange or red with black in a traffic island ,Tobin Hill Neighborhood Association co-owner,,1989,1989.0,Donation,Happy Foundation,Parks ,St Mary's Street,St. Mary's St. & Josephine ,78212,-98.4862938434896,29.4471160511365,1,Tobin Hill ,Outdoor - Display,Yes,,,50000,,,No,,,,,,,,,,
626,1988.SOR.1,,Public Art - Interior,Yes,,Colleen,Sorensen,La Quinta,Two Dimensional,Painting,Oil on canvas,"18"" x 36""",Library,"The old La Quinta seves as home and post office of John Bowen, early postmaster.  On Calle Quinta, now Dwyer Avenue.","*1915- date of completion. 1988- last inventory date
In Central Library Vault",,1915,1988.0,Donation,,Central Library ,Central Library ,600 Soledad Street ,78205,-98.492909,29.43247,1,"RIO-3
RIO-7A Downtown Design Area
Individual Landmark",Storage,Yes,,,1000,,,No,,,,,,,,,,
627,1987.LUD.1,,Public Art - Exterior,Yes,,Larry,Ludtke,Maury Maverick Bust,Three Dimensional ,Statue,"Bronze, red granite","40""h x22""w x 16""d, base 5'6"" h x 32""",Center City Development & Operations,"A larger than life-size bust of former Mayor of San Antonio.  Faces west into Maury Maverick Plaza at La Villita.  Bust atop 5.5' tall Texas granite base.
The work was commissioned from the artist by the city; First Lieutenant in WWI; earned Silver Star and Purple Heart.",Maverick Plaza ,,1987,1987.0,Donation,,La Villita,La Villita,418 Villita Street ,78205,-98.48854486199991,29.421337079000068,1,"La Villita
Individual Landmark
RIO-3
Downtown Design Area",Indoor - Display,Yes,,,35000,,,No,,,White ,,Man ,,,,,"Houston, TX"
628,1986.EAS.1,,Public Art - Exterior,Yes,,William,Easley,Toribio Losoya,Three Dimensional ,Statue,"Bronze, granite","7'hx5'wx1'3""d, base 20""hx51""wx44""d",Center City Development & Operations,"Life size male wearing headband w/gun in right hand & flag draped on the ground, left side.  His legs are apart in an anchoring position and his face is expressive.","Sesquicentennial gift to the people of San Antonio and Texas, from the Adolph Coors Co.; died in the Battle of the Alamo",,1986,1986.0,Donation,,,Losoya Street at Paseo de Alamo,186 Losoya Street ,78205,-98.48780567299991,29.425075571000036,1,RIO-3,Outdoor - Display,Yes,,,75000,,,No,,,,,,,,,,
629,1986.DEU.1,,Public Art - Exterior,Yes,,Austin,Deuel,Hill 881 South (Vietnam War Memorial),Three Dimensional ,Monument / Memorial,"Bronze, granite","10' x 10', base 2' 4"" x 12'",Parks & Recreation,Fallen marine wearing helmet and a second marine (radio tech) checking his pulse and looking up.  An I.V. hangs from the medic's rifle butt.,Lasting tribute to all Vietnam Combat Veterans.,,1986,1986.0,Donation,John D. Baines - President / Fundraiser ,Parks ,Memorial Plaza,100 Auditorium Circle ,78205,-98.488762,29.429412,1,"Auditorium Circle
Individual Landmark
RIO-3
Downtown Design Area",Outdoor - Display,Yes,,600000,200000,,,No,,,,,,,,,,
630,1985.GUE.1,,Public Art - Exterior,Yes,,Bob,Guelich,Fishing Lessons,Three Dimensional ,Sculpture,"Bronze, stone",,Parks & Recreation,"3 Texas Blue herons mounted on a large stone around which water flows.  The subject, movement, sound of the water, and texture of the rock base are all designed for more than one of the senses.",Created for the visually impaired in mind,,1985,1985.0,Donation,,Parks ,San Antonio Botanical Gardens,555 Funston ,78209,-98.45909046499992,29.457684245000053,2,No,Public,Yes,,,5000,,,no,,,,,,,,,,
631,1984.CLE.1,,Public Art - Interior,Yes,,Brother,Cletus,Celebrate Life,Two Dimensional,Painting,Oil on canvas,"36"" x 18""",Library,Modern painting with orange and yellow paint.,"Donation to Main Library
In Central Library Vault",,,1984.0,Donation,,Central Library ,Central Library ,600 Soledad Street ,78205,-98.492909,29.43247,1,"RIO-3
RIO-7A Downtown Design Area
Individual Landmark",Storage,Yes,,,1000,,,No,,,,,,,,,,
632,1983.GUZ.1,,Public Art - Interior,Yes,,Luis,Guzman,Children On Horseback,Two Dimensional,Tile,Glazed metal,"5"" x ""8",Library,Blue tile background with children on a horse,,,,1983.0,Donation,San Pedro Hills Womens club,Branch Libraries ,Brookhollow Branch Library,530 Heimer,78232,-98.473394,29.569733,9,No,Storage,Yes,,,1000,,,No,,,,,,,,,,
633,1983.COO.1,,Public Art - Exterior,Yes,,Richard,Cook,Texas Ranger Monument,Three Dimensional ,Monument / Memorial,"Bronze, stone","48"" x 94"" x 35"", base 46"" x 105"" x 56""",Parks & Recreation,Memorial to all Texas Rangers; Rangers often fought alongside Army troops for Texas independence,,,1983,1983.0,Donation,Texas Rangers Association,Parks ,Brackenridge Park,3805 Broadway,78209,-98.46724,29.46193,2,"RIO-1 
Individual Landmark",Storage,Yes,,,100000,,,No,,,,,,,,,,
634,1982.PER.1,,Public Art - Exterior,Yes,,Jonas,Perkins,George W. Carver Bust,Three Dimensional ,Statue,Bronze,,Parks & Recreation,Bronze bust with wood base,possibly repaired and rededicated in 1997,,1982,1982.0,Donation,,Parks ,Carver Center,226 North Hackberry,78202,-98.472892,29.422261,2,"Dignowity Hill
Individual Landmark",Outdoor - Display,Yes,,,5000,,,No,,,,,,,,,,
635,1981.WIN.1,,Public Art - Exterior,Yes,,"Thomas
Charles","Stell
Winans",San Antonio Mosaic,Two Dimensional,Mural ,Glass Mosaic,10' x 20',Center City Development & Operations,Designed by Thomas Stell Jr. and completed by Charles Winans,Paseo del Alamo Walkway- Below Hyatt Hotel,,1981,1981.0,Donation,Tesoro Petroleum Corporation,River ,San Antonio River Walk ,123 Losoya St. ,78205,-98.487467,29.425567,1,Hemisfair,Outdoor - Display,Yes,,,50000,,,No,,,,,,,,,,
636,1981.TOR.1,,Public Art - Exterior,Yes,,Jose,Acosta Torres,"Reverend Martin Luther King, Jr.",Three Dimensional ,Statue,"Bronze, granite","8' x 2' 6"", base 6'",Public Works ,"Bronze statue of Rev. Martin Luther King Jr. standing with right hand raised, and holding an open book in left hand.",A memorial to MLK Jr.,,1981,1981.0,Donation,,,Martin Luther King Plaza,N New Braunfels Ave & E. Houston St,78202,-98.461132,29.424688,2,No,Outdoor - Display,Yes,,,10000,,,No,,,,,,,,,,
637,1981.GRA.1,,Public Art - Exterior,Yes,,Larry,Graeber,Triumph,Three Dimensional ,Sculpture,"Steel, plexiglass",16'h,Parks & Recreation,"Abstract geometric sculpture with 2 vertical channel steel pieces, one taller and placed parallel to one another. They are connected by cross bar.  Taller and larger piece has yellow plexiglass connected at top.  Clear yellow rises above work.",Commissioned by the San Antonio Arts Council with support from local areas businesses,,1980,1981.0,Donation,,Parks ,Eduardo Garcia Park,1200 N. Frio San Antonio,78207,-98.5045,29.435742,5,No,Outdoor-Display,Yes,,,25000,,,No,,,White ,,Man ,,,,"San Antonio, TX",
638,1981.FLO.1,,Public Art - Exterior,Yes,,Jack ,Flores,Monument to Hispanics of Texas,Three Dimensional ,Monument / Memorial,"Bronze, stone","24"" x 24"" x 8"", base 9' x 2' 4"" x 1' 3""",Center City Development & Operations,"2 eagles, standing on separate branches that spring from an obelisk.  Left eagle has snake in beak, right eagle carries olive branch in beak.  Eagles have wings spread, as heads come together.",In honor of Hispanics in Texas and Mexico ,,1981,1981.0,Donation,Mexican American Business & Professional Assoc.,City Hall,City Hall,"100 Military Plaza, San Antonio, TX",78205,-98.494808,29.42461,1,"
Main/Military Plaza
Individual Landmark
RIO-7B
Downtown Design Area",Outdoor - Restricted,Yes,,,40000,,,No,,,,,,,,,,
639,1979.ALL.1,,Public Art - Interior,Yes,,Thomas,Allen,Old San Pedro Ford,Two Dimensional,Painting,Oil on canvas,"24 x 32""",Library,"Painting with two girls, ducks and a car with two donkeys next to water","* 1979 year appraised- oldest date on record
In Central Library Vault",,,1979.0,Donation,,Central Library ,Central Library ,600 Soledad Street ,78205,-98.492909,29.43247,1,"RIO-3
RIO-7A Downtown Design Area
Individual Landmark",Storage,Yes,,,1000,,,No,,,,,,,,,,
640,1977.MON.1,,Public Art - Exterior,Yes,,Enrique,Monjo,Conquistador,Three Dimensional ,Statue,Bronze,"7'7"" h x 2' 6"" w x 18"" d",World Heritage Office,Over life-size male figure standing w/right leg stepping forward  over edge of metal circular platform mounted in the sidewalk. He is bearded with shoulder length hair.  He stands erect carrying a sword at his left side.,"Given to the people of San Antonio from the government of Spain as a symbol of close ties.

Located in front of the building",,,1977.0,Donation,Government of Spain,World Heritage,Spanish Governors Palace,105 Plaza de Armas,78205,-98.4957006922871,29.42483701745,1,"Main/Military Plaza
Individual Landmark
RIO-7B
Downtown Design Area",Outdoor - Display,Yes,,,40000,,,No,,,,,,,,,,
641,1976.SAM.1,,Public Art - Exterior,Yes,,Oscar ,Samarripa,Francisco Madero,Three Dimensional ,Statue,Bronze ,4ft H,Parks & Recreation,Madero was leader of the Mexican Revolution and served as President until 1913,"Moved from Milam Park and rededicated on Novemver 20, 2018 as part of Tricentennial 
",,1976,1976.0,"Donation
SA Tricentennial ","State of Coahuila, Mexico",River ,E. Nueva Street at San Antonio River,314 E. Nueva St,78205,-98.492027,29.421422,1,"Downtown Design Area
RIO-3",Outdoor - Display,Yes,,,50000,,,no,,,,,,,,,,
642,1976.MAR.1,,Public Art - Interior,Yes,,Raymundo,Martinez,Volcano,Two Dimensional,painting,Oil on canvas,"30"" x 48""",Convention & Sports Facilities,Painting of a volcano,"A gift to San Anotnio and Mayor Lila Cockrell
In Lila Cockrell Theater",,,1976.0,Donation,Gift From Mexican President ,Convention Center,Convention Center,900 E Market Street,78205,-98.48324,29.42044,1,"RIO-3
Downtown Design Area 
Hemisfair",Storage,Yes,,,1000,,,No,,,,,,,,,,
643,1969.JUA.1,,Public Art - Exterior,Yes,,Joe,Juarez,Stained Glass Window,Two Dimensional,Glass,Stained glass,"12"" x 12"" (6)",Center City Development & Operations,"Hand-painted/stained glass w/3d molded ceramic tiles. Installed in 1969 in memory of Rev. Soupiset. Designed by Black Art Glass Studio;funding assistance throug Alan Dale, radio host",Church ,,1969,1969.0,Donation,Alan Dale,La Villita,La Villita,418 Villita Street ,78205,-98.48854486199991,29.421337079000068,1,"La Villita
Individual Landmark
RIO-3
Downtown Design Area",undetermined,Yes,,,10000,,,No,,,,,,,,,,
644,1969.COP.1,,Public Art - Exterior,Yes,,Pompeo,Coppini,George W. Brackenridge,Three Dimensional ,Statue,Bronze,"6' x 5.8', base 11'x36'",Parks & Recreation,Sitting figure in profile.  Legs cross at the ankles.  Figure faces north holding a book on his left knee with his left hand and right hand is resting on back of chair.  A coat is draped over back of Greek style chair. ,"Brackenridge Park Broadway Entrance Funston Place

Monument of George W. Brackenridge *Modeled in 1930s by Coppini, cast in 1969 in Italy*            ",,1969,1969.0,Donation,,Parks ,Brackenridge Park,Broadway at the corner of Brackenridge Drive,78209,-98.469032,29.458037,2,"RIO-1 
Individual Landmark",Outdoor - Display,Yes,,,50000,,,no,,,,,,,,,,
645,1968.VIV.5,,Public Art - Interior,Yes,,Jose,Vives-Atsara,Mission San Juan Capistrano,Two Dimensional,Painting,Oil on canvas,5' x 4' approx.,Convention & Sports Facilities,Large oil painting depicts a realistic landscape view of the Mission.,,,1965,1968.0,Donation,Frost National Bank,Convention Center,Convention Center,900 E Market Street,78205,-98.48324,29.42044,1,"RIO-3
Downtown Design Area 
Hemisfair",Indoor - Display,Yes,,,25000,,,No,,,,,,,,,,
646,1968.VIV.4.2,,Public Art - Interior,Yes,,Jose,Vives-Atsara,Mission San Jose-small,Two Dimensional,Painting,Oil on canvas,5' x 4' approx.,Convention & Sports Facilities,Large oil painting depicts a realistic landscape view of the Mission. ,"Painted in 1965, this Misson scene was painted 2 times; from different perspectives and on different size canvases, both on view in the Mission Room",,1965,1968.0,Donation,,Convention Center,Convention Center,900 E Market Street,78205,-98.48324,29.42044,1,"RIO-3
Downtown Design Area 
Hemisfair",Indoor - Display,Yes,,,10000,,,No,,,,,,,,,,
647,1968.VIV.4.1,,Public Art - Interior,Yes,,Jose,Vives-Atsara,Mission San Jose-large,Two Dimensional,Painting,Oil on canvas,6' x 8' approx.,Convention & Sports Facilities,Large oil painting depicts a realistic landscape view of the Mission. ,"Painted in 1965, this Misson scene was painted 2 times; from different perspectives and on different size canvases, both on view in the Mission Room",,1965,1968.0,Donation,,Convention Center,Convention Center,900 E Market Street,78205,-98.48324,29.42044,1,"RIO-3
Downtown Design Area 
Hemisfair",Indoor - Display,Yes,,,25000,,,No,,,,,,,,,,
648,1968.VIV.3.2,,Public Art - Interior,Yes,,Jose,Vives-Atsara,Mission San Francisco de la Espada-small,Two Dimensional,Painting,Oil on canvas,5' x 4' approx.,Convention & Sports Facilities,"Large oil painting depicts a realistic landscape view of the Mission. Painted in 1965, this Misson scene was painted 2 times, from different perspectives and on different size canvases.",,,1965,1968.0,Donation,Frost National Bank,Convention Center,Convention Center,900 E Market Street,78205,-98.48324,29.42044,1,"RIO-3
Downtown Design Area 
Hemisfair",Indoor - Display,Yes,,,10000,,,No,,,,,,,,,,
649,1968.VIV.3.1,,Public Art - Interior,Yes,,Jose,Vives-Atsara,Mission San Francisco de la Espada-large,Two Dimensional,Painting,Oil on canvas,6' x 8' approx.,Convention & Sports Facilities,"Large oil painting depicts a realistic landscape view of the Mission. Painted in 1965, this Misson scene was painted 2 times, from different perspectives and on different size canvases.",Mission Room,,1965,1968.0,Donation,Frost National Bank,Convention Center,Convention Center,900 E Market Street,78205,-98.48324,29.42044,1,"RIO-3
Downtown Design Area 
Hemisfair",Indoor - Display,Yes,,,25000,,,No,,,,,,,,,,
650,1968.VIV.2,,Public Art - Interior,Yes,,Jose,Vives-Atsara,Mission Concepcion,Two Dimensional,Painting,Oil on canvas,5' x 4' approx.,Convention & Sports Facilities,Large oil painting depicts a realistic landscape view of the Mission. ,Mission Room,,1965,1968.0,Donation,Mr. & Mrs. Bob Roth,Convention Center,Convention Center,900 E Market Street,78205,-98.48324,29.42044,1,"RIO-3
Downtown Design Area 
Hemisfair",Indoor - Display,Yes,,,10000,,,No,,,,,,,,,,
651,1968.VIV.1,,Public Art - Interior,Yes,,Jose,Vives-Atsara,The Alamo,Two Dimensional,Painting,Oil on canvas,5' x 4' approx.,Convention & Sports Facilities,Large oil painting depicts a realistic landscape view of the Mission.  Mission Room,,,1965,1968.0,Donation,Mr. & Mrs. Roger L. Zeller,Convention Center,Convention Center,900 E Market Street,78205,-98.48324,29.42044,1,"RIO-3
Downtown Design Area 
Hemisfair",Indoor - Display,Yes,,,25000,,,No,,,,,,,,,,
652,1968.STE.1.1-6,,Public Art - Exterior,Yes,,Thomas,Stell,Glass Mosaic Murals,Two Dimensional,Mural ,Glass tile,6' x 8',Hemisfair,"Six mosaics depicting Indigenous themes and gods: 1) Diaguita Culture, ""Water God""
 2) Paracas Culture, ""Demon carrying off a trophy head"" 
3) Tiahuacano Culture, ""Warrior lifting eyes to the sun"" 
4) Cocle Culture, ""Crocodile God"" 
5) Aztec Culture, ""King Tizoc""
6) Nootka Culture, ""Firebird carrying off a killer whale"""," Tower of Americas 
Each Mural is represenative of each particular cultures highest art forms.",,1968,1968.0,Donation,Mr. & Mrs. Jay Lewis Rubin,Hemisfair ,Hemisfair,434 S Alamo St,78205,-98.48568599999993,29.419906000000083,1,"Hemisfair
RIO-3
Downtown Design Area",Outdoor - Display,Yes,,,50000,,,no,,,,,,,,,,
653,1968.SAM.1,,Public Art - Interior,Yes,,Fred,Samuelson,Confluence of Civilizations,Two Dimensional,Mural ,Oil on canvas,,Convention & Sports Facilities,"Created for the HemisFair 1968: the mural is broken into 4 large panels, style is abstract expressionist",Gift to the City for HemisFiar '68,,1968,1968.0,Donation,"Commissioned by Anderson, Clayton & Co ",Convention Center,Convention Center,900 E Market Street,78205,-98.48324,29.42044,1,"RIO-3
Downtown Design Area 
Hemisfair",Indoor - Display,Yes,,,150000,,,No,,,,,,,,,,
654,1968.MER.1,,Public Art - Exterior,Yes,,Carlos,Merida,Confluence of Civilizations,Two Dimensional,Mural ,Glass tile,,Convention & Sports Facilities,"Two story glass mosaic mural, created for the 1968 World's Fair.",Gift to the City for HemisFiar '68,,1968,1968.0,Donation,Commisioned by Nancy and Alfred Negley,Convention Center,Convention Center,900 E Market Street,78205,-98.48324,29.42044,1,"RIO-3
Downtown Design Area 
Hemisfair",Outdoor - Display,Yes,,,7500000,,Convention center expansion project,No,,,,,,,,,,
655,1968.HAR.1,,Public Art - Exterior,Yes,,Ethel,Wilson Harris,Woman's Handprint Tile Mural,Two Dimensional,Mural ,Ceramic tile,"73""x117""",Hemisfair,"Individual ceramic tiles containing handprints and names of women responsible for creation of Women's Pavilion at 1968 World's Fair
In Woman's Pavillion","Woman's Pavillion
Designed by Ethel Wilson Harris, Glazed and fired by mamie Sandoval and Lucile Carmona",,1968,1968.0,Donation,,Hemisfair ,Hemisfair,434 S Alamo St,78205,-98.48568599999993,29.419906000000083,1,"Hemisfair
RIO-3
Downtown Design Area",Outdoor - Restricted,Yes,,,5000,,,No,,,White ,,Woman ,,,,"San Antonio, TX",
656,1968.GOR.1,,Public Art - Exterior,Yes,,Juan ,O'Gorman,Confluence of Civilizations,Two Dimensional,Mural ,stone ,110' long,Convention & Sports Facilities,"The mural, Confluence of Civilizations in the Americas, was created by Juan O'Gorman as part of the 1968 HemisFair (the World's Fair). The mural symbolizes the progress made by the confluence of civilizations in the Western Hemisphere. Adam and Eve are in the middle; European civilization is depicted on the right, and indigenous meso-American civilization on the left.","HemisFair 1968

On Lila Cockrell Theater ",,1968,1968.0,Donation,,Convention Center,Convention Center,900 E Market Street,78205,-98.48324,29.42044,1,"RIO-3
Downtown Design Area 
Hemisfair",Outdoor - Display,Yes,,,15000000,,,No,,,,,,,,,,
657,1968.FUS.1,,Public Art - Exterior,Yes,,Guss,Fussell,Berlin Bear,Three Dimensional ,Sculpture,Bronze,"40""hx23""wx23""d, base 30""hx21""wx17""d",Hemisfair,"Stylized representational bear standing on his back feet w/paws extended.  Right paw across chest. Pleasant facial expression, dark brown w/greenish patina.  Left paw polished to shiny golden brown from public interaction.",In Building 307,,1968,1968.0,Donation,"City of Berlin, Germany",Hemisfair ,Hemisfair,434 S Alamo St,78205,-98.486902,29.42009,1,"Hemisfair
RIO-3
Downtown Design Area",Outdoor - Display,Yes,,,20000,,,no,,,,,,,,,,
658,1968.FOR.1,,Public Art - Interior,Yes,,Lynn,Ford,Woman's Pavilion Doors ,Two Dimensional,Architectural,Wood,,Hemisfair,Pair of carved wood doors having repetitive vertical bands of chip-carved simple geometric designs surrounded by a plain frame.  Door pulls appear to be bronze. ,"Important architectural element of Woman's Pavilion at HemisFair '68.  Lynn Ford (1908-1978) was a local artist.
In Woman's Pavillion",,,1968.0,Donation,,Hemisfair,Hemisfair,600 Hemisfair Plaza Way,78205,-98.485367,29.418807,1,"Hemisfair
RIO-3
Downtown Design Area",Storage,Yes,,,25000,,,No,,,,,,,,,,
659,1968.ALM.1,,Public Art - Exterior,Yes,,Leopoldo,Almeida,San Antonio de Padua,Three Dimensional ,Statue,Bronze,"8' h w/ 7'd, base 31""h x 34""",Center City Development & Operations,Male figure facing straight ahead holding book at center in front with left hand and right hand helping to support a male infant standing on the book.  Man wears long robe and sandals and has cross hanging from waist at right side. ,"Gift of Portugal, placed during HemisFair 1968.",,1950,1968.0,Donation,,River ,San Antonio River Walk ,River Walk:   E. Commerce East of Alamo,78205,-98.48529766699994,29.423011000000088,1,"RIO 3 
Downtown Design Area ",Outdoor - Display,Yes,,,10000,,,No,,,,,,,,,,
660,1967.KRA.1,,Public Art - Interior,Yes,,Lee,Krause,Three Gulls,Two Dimensional,Print,,"42"" x 18""",Library,"Printed engraving, blue with black and some yellow",In Central Library Vault,,,1967.0,Donation,,Central Library ,Central Library ,600 Soledad Street ,78205,-98.492909,29.43247,1,"RIO-3
RIO-7A Downtown Design Area
Individual Landmark",Storage,Yes,,,1000,,,No,,,,,,,,,,
661,1964.FEL.1,,Public Art - Interior,Yes,,Manuel,Felguérez,El telón de la paz,Two Dimensional,Mural,"Rod, sheet metal and brass panels",,Hemisfair ,Metal mural within the building. Was found behind a wall during construction.  ,,,1964,2021.0,Unknown,,Hemisfair,Mexican Cultural Institute,600 Hemisfair Plaza Way,78205,-98.485869,29.419697,1,"Hemisfair
Individual Landmark
RIO-3
Downtown Design Area",Indoor - Display,Yes,,,200000,,,No,,,,,,,,,,
662,1958.KRA.1,,Public Art - Interior,Yes,,Lee,Krause,Night Song,Two Dimensional,Print,,"42"" x 18""",Library,"Printed engraving, blue with black and some yellow-- print # 6 of 27",In Central Library Vault,,,1958.0,Donation,,Central Library ,Central Library ,600 Soledad Street ,78205,-98.492909,29.43247,1,"RIO-3
RIO-7A Downtown Design Area
Individual Landmark",Storage,yes,,,1000,,,No,,,,,,,,,,
663,1955.ROD.1,,Public Art - Exterior,Yes,,Louis,Rodriguez,San Antonio de Padua,Three Dimensional ,Statue,"Marble, granite","72""x24""x19"", base 42""x58""x44""",Center City Development & Operations,"Traditional figure of Saint Anthony holding a spray of lilies and a bible, designed by the artist, who went to Italy to choose the marble and direct the sculpting of the figure by artisans in the village of Pietrasanta.",Other collaborators include Rodriguez Brothers Monument Works,,,1955.0,Donation,Order of the Alhambra,River,Main Plaza,109 Main Plaza ,78205,-98.49388333299993,29.424290000000042,CW,"Main / Military Plaza
Rio-3 
Downtown Design Area",Condition issues,Yes,,,50000,,,no,,,,,,,,,,
664,1954.GUE.1,,Public Art - Interior,Yes,,Alfredo G.,Guerra,C.K. Quin,Two Dimensional,Painting,Oil on canvas,,Office of the City Clerk,Mayoral Portrait,"served 1933-43, two terms",,,1954.0,Donation,,Municipal Plaza,Municipal Plaza Building,114 West Commerce,78205,-98.493886,29.424944,1,"Main / Military Plaza
Individual Landmark
Downtown Design Area",Indoor -Display,Yes,,,5000,,,No,,,,,,,,,,
665,1954.BLU.1,,Public Art - Interior,Yes,,R,Blum,A.C. (Jack) White,Two Dimensional,Painting,Oil on canvas,,Office of the City Clerk,Mayoral Portrait,served 1949-54,,,1954.0,Donation,,Municipal Plaza,Municipal Plaza Building,114 West Commerce,78205,-98.493886,29.424944,1,"Main / Military Plaza
Individual Landmark
Downtown Design Area",Indoor -Display,Yes,,,5000,,,No,,,,,,,,,,
666,1953.KRU.1,,Public Art - Interior,Yes,,,Kruester,Sam Bell Steves,Two Dimensional,Painting,Oil on canvas,,Office of the City Clerk,Mayoral Portrait,served 1952-53,,,1953.0,Donation,,Municipal Plaza,Municipal Plaza Building,114 West Commerce,78205,-98.493886,29.424944,1,"Main / Military Plaza
Individual Landmark
Downtown Design Area",Indoor -Display,Yes,,,5000,,,No,,,,,,,,,,
667,1948.ARP.1,,Public Art - Interior,Yes,,Jose,Arpa ,Marquis de Valero,Two Dimensional,Painting,Oil,"36"" x 30""",World Heritage Office,"Oil painting w/decorative wooden frame, portrait",Located in the ballroom,,,1948.0,Donation,Government of Spain,World Heritage,Spanish Governors Palace,105 Military Plaza,78205,-98.4957006922871,29.42483701745,1,"Main / Military Plaza
Individual Landmark
Rio-7B
Downtown Design Area",Storage,Yes,,,1200,,,No,,,,,,,,,,
668,1946.UWI.1,,Public Art - Interior,Yes,,Thomas,Uwinss,Man With Woman on Donkey,Two Dimensional,Painting,Oil on canvas,"28"" x 36""",Library,"Oil painting of a woman on a donkey accompanied by a man, traveling up a rocky hillside path","Uwins was librarian ot the Royal Academy in 1845, and keeper of the National Gallery in 1847.
In Juvenile Fiction Room",,,1946.0,Donation,Harry & Hannah Landa Estate,Branch Libraries ,Landa Branch Library,233 Bushnell,78212,-98.487949,29.46303,1,Monte Vista,Storage,Yes,,,2500,,,No,,,,,,,,,,
669,1946.TIE.3,,Public Art - Interior,Yes,,George,Tielo,Turkey in Brood,Two Dimensional,Painting,Oil on canvas,,Library,19th century painting; realistic depicition of fowl.,In Juvenille easy room,,,1946.0,Donation,Harry & Hannah Landa Estate,Branch Libraries ,Landa Branch Library,233 Bushnell,78212,-98.487949,29.46303,1,Monte Vista,Storage,Yes,,,1000,,,No,,,,,,,,,,
670,1946.TIE.2,,Public Art - Interior,Yes,,George,Tielo,"Goats, Kids, Rooster",Two Dimensional,Painting,Oil on canvas,"15"" x 19""",Library,,In Juvenille easy room,,,1946.0,Donation,Harry & Hannah Landa Estate,Branch Libraries ,Landa Branch Library,233 Bushnell,78212,-98.487949,29.46303,1,Monte Vista,Storage,Yes,,,1000,,,No,,,,,,,,,,
671,1946.TIE.1,,Public Art - Interior,Yes,,George ,Tielo,Barnyard Scene,Two Dimensional,Painting,Oil on canvas,,Library,Realistic scene of two lambs and a rooster in a fenced yard,In Juvenille easy room,,,1946.0,Donation,Harry & Hannah Landa Estate,Branch Libraries ,Landa Branch Library,233 Bushnell,78212,-98.487949,29.46303,1,Monte Vista,Storage,Yes,,,1000,,,No,,,,,,,,,,
672,1946.ROD.1,,Public Art - Exterior,Yes,,Louis,Rodriguez,Franklin D. Roosevelt,Three Dimensional ,Statue,"Bronze, granite"," 23""hx20""lx13""w, base 55""hx36"" lx25"" w",Center City Development & Operations,Heroic size portrait bust of Roosevelt looking straight ahead with a slight smile and kindly expression.,,,1946,1946.0,Donation,Comite  Mexicano de Accion ,City Hall,City Hall,"100 Military Plaza, San Antonio, TX",78205,-98.494826,29.42427,1,"
Main/Military Plaza
Individual Landmark
RIO-7B
Downtown Design Area",Outdoor - Restricted,Yes,,,40000,,,No,,,,,,,,,,
673,1946.REE.2,,Public Art - Interior,Yes,,Lonnie,Rees,Harry Landa,Two Dimensional,Painting,Oil on canvas,"35"" x 35""",Library,Portait of Harry Landa,In lobby,,,1946.0,Donation,Harry & Hannah Landa Estate,Branch Libraries ,Landa Branch Library,233 Bushnell,78212,-98.487949,29.46303,1,Monte Vista,Storage,Yes,,,1000,,,No,,,,,,,,,,
674,1946.REE.1,,Public Art - Interior,Yes,,Lonnie,Rees,Hannah Mansfield Landa,Two Dimensional,Painting,Oil on canvas,"35"" x 45""",Library,Portrait of Hannah Landa,In lobby,,,1946.0,Donation,Harry & Hannah Landa Estate,Branch Libraries ,Landa Branch Library,233 Bushnell,78212,-98.487949,29.46303,1,Monte Vista,Storage,Yes,,,1000,,,No,,,,,,,,,,
675,1946.NIC.1,,Public Art - Interior,Yes,,Erskine,Nicol,Errand Boy,Two Dimensional,Painting,Oil on canvas,,Library,"19th century painting; realistic depicition of a boy on horseback in front of a cottage, a woman, and another boy",In Childrens Fiction ,,,1946.0,Donation,Harry & Hannah Landa Estate,Branch Libraries ,Landa Branch Library,233 Bushnell,78212,-98.487949,29.46303,1,Monte Vista,Storage,Yes,,,1000,,,No,,,,,,,,,,
676,1946.MOH.1,,Public Art - Interior,Yes,,W.W Benhard,Mohrhagen,Villa on Lake Como,Two Dimensional,Painting,Oil on canvas,"29.5"" x 39.5""",Library,"Italian landscape in oil.  Label on back:  Villa on Lake Como, E.W. Bernard Mohragen 1813-1877",In meeting room ,,1850's,1946.0,Donation,Harry & Hannah Landa Estate,Branch Libraries ,Landa Branch Library,233 Bushnell,78212,-98.487949,29.46303,1,Monte Vista,Storage,Yes,,,4000,,,No,,,,,,,,,,
677,1946.MAN.1,,Public Art - Interior,Yes,,Mansurath,,The Washerwoman,Three Dimensional ,Sculpture,Bronze,,Library,Bronze sculpture of woman with laundry basket and wash board,,,,1946.0,Donation,,Branch Libraries ,Landa Branch Library,233 Bushnell,78212,-98.487949,29.46303,1,Monte Vista,Storage,Yes,,,1000,,,No,,,,,,,,,,
678,1946.FAE.1,,Public Art - Interior,Yes,,Frances,Faed,A Highland Milk Maid,Two Dimensional,Painting,Oil on canvas,"24"" x 29""",Library,Realistic pastoral scene of a woman milking cows,In Juvenile Fiction Room,,,1946.0,Donation,Harry & Hannah Landa Estate,Branch Libraries ,Landa Branch Library,233 Bushnell,78212,-98.487949,29.46303,1,Monte Vista,Storage,Yes,,,1000,,,No,,,,,,,,,,
679,1946.CRA.2,,Public Art - Interior,Yes,,Chase,Craig,Indian Squaw,Two Dimensional,Painting,Oil on canvas,"24"" x 30""",Library,"Portrait of a Native American Indain Woman, dressed in traditonal wool dress, with beads and a cropped haircut",reference 2nd floor,,,1946.0,Donation,Harry & Hannah Landa Estate,Branch Libraries ,Landa Branch Library,233 Bushnell,78212,-98.487949,29.46303,1,Monte Vista,Storage,Yes,,,1000,,,No,,,,,,,,,,
680,1946.CRA.1,,Public Art - Interior,Yes,,Chase,Craig,Indian Chief,Two Dimensional,Painting,Oil on canvas,"24"" x 30""",Library,"Portait of a Native American Indian male, dressed in fringed hide and beads; with cropped haircut",reference 2nd floor,,,1946.0,Donation,Harry & Hannah Landa Estate,Branch Libraries ,Landa Branch Library,233 Bushnell,78212,-98.487949,29.46303,1,Monte Vista,Storage,Yes,,,1000,,,No,,,,,,,,,,
681,1946.COP.1,,Public Art - Exterior,Yes,,Pompeo,Coppini,Genius of Music,Three Dimensional ,Statue,"Bronze, red granite","47"" x 12""x 24"", base 58"" x 29.5"" x 22""",Parks & Recreation,"Allegorical, nude figure of child (boy) seated on a red granite base, playing a flute, laurel wreath around head. ","Located at the Tuesday Music Club
Memorial for Ana Hertzberg, allegorical figure   ",,1946,1946.0,Donation,,Parks ,Brackenridge Park,3875 North St. Mary's ,78212,-98.47762166699994,29.45956700000005,2,"RIO-1 
Individual Landmark",Outdoor - Display,Yes,,,50000,,,no,,,,,,,,,,
682,1946.COO.1,,Public Art - Interior,Yes,,Margaret Murray ,Cookesley,Cleopatra,Two Dimensional,Painting,Oil on canvas,"28"" x 33""",Library,"From Lewis Wolff & Co., Ltd., 246 Tottanhan Court Road, London W.I. Framed in lotus motif with lous columns.",In meeting room ,,,1946.0,Donation,Harry & Hannah Landa Estate,Branch Libraries ,Landa Branch Library,233 Bushnell,78212,-98.487949,29.46303,1,Monte Vista,Storage,Yes,,,7500,,,No,,,,,,,,,,
683,1946.COL.2,,Public Art - Interior,Yes,,W.,Cole,Woman Combing Hair,Two Dimensional,Painting,Oil on canvas,,Library,19th century romantic painting of a woman combing her hair,In Juvenile Fiction Room,,,1946.0,Donation,Harry & Hannah Landa Estate,Branch Libraries ,Landa Branch Library,233 Bushnell,78212,-98.487949,29.46303,1,Monte Vista,Storage,Yes,,,1000,,,No,,,,,,,,,,
684,1946.COL.1,,Public Art - Interior,Yes,,W.,Cole,Two Boys with a Rabbit,Two Dimensional,Painting,Oil on canvas,"18"" x 30""",Library,19th century realistic painting of two boys,In Juvenile Fiction Room,,,1946.0,Donation,Harry & Hannah Landa Estate,Branch Libraries ,Landa Branch Library,233 Bushnell,78212,-98.487949,29.46303,1,Monte Vista,Storage,Yes,,,1000,,,No,,,,,,,,,,
685,1946.CIO.1,,Public Art - Interior,Yes,,L.,Ciognaid,French Pastoral (Cows in Field),Two Dimensional,Painting,Oil on canvas,"29"" x 30""",Library,watercolor pastoral scene of cows in a field,In Juvenille easy room,,,1946.0,Donation,Harry & Hannah Landa Estate,Branch Libraries ,Landa Branch Library,233 Bushnell,78212,-98.487949,29.46303,1,Monte Vista,Storage,Yes,,,1000,,,No,,,,,,,,,,
686,1946.BRO.1,,Public Art - Interior,Yes,,Tom,Brown,Old Oaks Salado(Sentinals of the Prarie),Two Dimensional,Painting,Oil on canvas,"43"" x 63""",Library,Lanscape of oak trees in a fall setting,In Mezzanine,,,1946.0,Donation,Harry & Hannah Landa Estate,Branch Libraries ,Landa Branch Library,233 Bushnell,78212,-98.487949,29.46303,1,Monte Vista,Storage,Yes,,,1000,,,No,,,,,,,,,,
687,1946.BES.2,,Public Art - Interior,Yes,,H.T,Best,Scene in Yosemite,Two Dimensional,Painting,Oil,"38"" x 36""",Library,El Capitan Yosemite,In Juvenile Fiction Room,,,1946.0,Donation,Harry & Hannah Landa Estate,Branch Libraries ,Landa Branch Library,233 Bushnell,78212,-98.487949,29.46303,1,Monte Vista,Storage,Yes,,,1000,,,No,,,,,,,,,,
688,1946.BES.1,,Public Art - Interior,Yes,,H.T,Best,Indian,Two Dimensional,Painting,Oil on canvas,"29"" x 35""",Library,"Portait of a Native American Indain Male, wearing a red & black blanket, and a red head scarf",In 700s room,,,1946.0,Donation,Harry & Hannah Landa Estate,Branch Libraries ,Landa Branch Library,233 Bushnell,78212,-98.487949,29.46303,1,Monte Vista,Storage,Yes,,,1000,,,No,,,,,,,,,,
689,1946.2.1-2,,Public Art - Interior,Yes,,,,Cobblestone Street (2 works),Two Dimensional,Painting,Watercolor on canvas,,Library,two paintings; light pastel colors depict small village scenes with cobblestone streets,In Juvenile Fiction Room,,,1946.0,Donation,Harry & Hannah Landa Estate,Branch Libraries ,Landa Branch Library,233 Bushnell,78212,-98.487949,29.46303,1,Monte Vista,Storage,Yes,,,1000,,,No,,,,,,,,,,
690,1945.ROD.1,,Public Art - Exterior,Yes,,Dionicio,Rodriguez,Buckeye Park Entrance,Three Dimensional ,Gateway / Arch,Cement,"7' 8"" x 17' x 10' 11""",Parks & Recreation,"Faux bois gate, 2 Large tree trunks bend and entwine to form a subtle double arch.  Support-like logs, smaller than those that form the arch, flank the sides of the entrance. flat park is part of a parcel purchased by the City of San Antonio in 1945 from American novelist H. L. Davis. ",,, ,1945.0,Donation,,Parks ,Los Angeles Heights Park Entrance,1600 Blk of Wildwood and I 10 off Fresno Rd.,78201,-98.52312838099994,29.478013874000055,1,,Outdoor - Display,Yes,,,25000,,,No,,,Latina / o ,,Man ,,,,"San Antonio, TX",
691,1944.WAT.1,,Public Art - Interior,Yes,,Henry,Wathmore,Maury Maverick,Two Dimensional,Painting,Oil on canvas,,Office of the City Clerk,Mayoral Portrait,served 1939-41,,,1944.0,Donation,,Municipal Plaza,Municipal Plaza Building,114 West Commerce,78205,-98.493886,29.424944,1,"Main / Military Plaza
Individual Landmark
Downtown Design Area",Indoor - Display,Yes,,,5000,,,No,,,,,,,,,,
692,1942.HAR.1,,Public Art - Exterior,Yes,,Ethel,Wilson Harris,Twin Cypress,Two Dimensional,Mural ,Ceramic tile,,Center City Development & Operations,"Tile mural with a painted/glazed image, and text; ""An Old Legend described this Twin Cypress as a lookout of a Mexican sniper who picked off the Texans as they came to the River for water….""River Walk Commerce at River between North St Mary’s and Soledad, south side 78205","The Works Progress Administration constructed the first phase of San Antonio's famous River Walk between 1939 and 1941. WPA Arts and Crafts produced the murals installed along the downtown riverfront.

San Antonio River Walk from Houston to Lexington",,1942,1942.0,Works Progress Administration,WPA,River ,San Antonio River Walk ,Houston to Lexington ,78205,-98.49246666699992,29.42472500000008,1,"RIO 3 
Downtown Design Area ",Outdoor - Display,Yes,,,10000,,,No,,,White ,,Woman ,,,,"San Antonio, TX",
693,1942.BOR.1,,Public Art - Exterior,Yes,,Gutzon ,Borglum,Texas Cowboys,Three Dimensional ,Monument / Memorial,"Bronze, granite","85""hx93""lx34""w, base 46""hx105""lx56""w",Parks & Recreation,Commemoration to Old Trail Drivers of Texas,Brackenridge Park Pioneer Hall,,,1942.0,Donation,,Parks ,Brackenridge Park,3805 Broadway,78209,-98.46724,29.46193,2,"RIO-1 
Individual Landmark",Outdoor - Display,Yes,,,100000,,,No,,,,,,,,,,
694,1941.TER.1,,Public Art - Interior,Yes,,John ,Terrazas,The Surrender of General Cos,Three Dimensional ,Miscellaneous,"Tile, steel","24"" x 42""",Center City Development & Operations,Tile top table with metal legs.  Tiles are colorful and depict 12 men in the room where General Cos is surrenerding. 41 pieces of tile on metal support structure/legs,"Created by WPA artistan John Terrazos, the table is one of the most valuable of the WPA tables located at LaVillita

Located at Bolivar Hall",,,1941.0,Donation,,La Villita,La Villita,418 Villita Street ,78205,-98.48854486199991,29.421337079000068,1,"La Villita
Individual Landmark
RIO-3
Downtown Design Area",Storage,Yes,,,10000,,,No,,,,,,,,,,
695,1941.KEA.1.1-4,,Public Art - Interior,Yes,,Mary Aubrey,Keating,Untitled,Two Dimensional,Painting,Oil on canvas,,Building & Equipment Services,"Four murals depict different eras of San Anotnios history. 
1) Eras of Exploration
2) Mission Expeditions
3) Colonizations
4) Modern Times ","The Murals were donated to the City In 1941, and were originally part of theTexas History Collection, displayed at the Main Library. Murals were restored by Dennis Baltuskonis.",,1940,1941.0,Donation,,,International Center,203 S. St. Mary's St. ,78205,-98.49196,29.42381,1,"Individual Landmark 
RIO-3
Downtown Design Area ",Indoor - Display,Yes,,,25000,,,no,,,,,,,,,,
696,1941.HAR.1,,Public Art - Exterior,Yes,,Ethel,Wilson Harris,Old Mill Crossing,Two Dimensional,Mural ,Ceramic tile,,Center City Development & Operations,"Tile mural with a painted/glazed image and text; "" Old Mill Crossing, last known place where horses drank and forded the river. Dedicated to the memory of our fathers, erected by the daughters of Texas trail drivers","The Works Progress Administration constructed the first phase of San Antonio's famous River Walk between 1939 and 1941. WPA Arts and Crafts produced the murals installed along the downtown riverfront.

San Antonio River Walk Gate 3",,1941,1941.0,Works Progress Administration,WPA,River ,San Antonio River Walk ,Gate 3 ,78205,-98.49036599999994,29.422564666000085,1,"RIO 3 
Downtown Design Area ",Outdoor - Display,Yes,,,10000,,,No,,,White ,,Woman ,,,,"San Antonio, TX",
697,1941.GRE.1,,Public Art - Exterior,Yes,,Mary Vance,Green,1731 Arrival of Canary Islanders,Two Dimensional,Tile,Tile ,Various ,Center City Development & Operations,"A series of 8  hand painted w/3d molded ceramic tiles.The sculptural tiles were designed by artist Mary Vance Green, and carved, glazed and fired by students from the National Youth Administration(NYA) program.
1. 1731 Arrival of Canary Islanders
2.1811 Colonel Delgado
3. 1836 Eve of Battle at the Alamo
4. Cabeza de Vaca Trading Hides with Indians
5. Cattle Herded for Chisolm Trial
6. General Burleson & Cos-Terms of Surrender
7. Maury Maverick & President Roosevelt-La Villita
8. Soldiers Leave for Civil War","Located in Cos House Courtyard

12"""" x 12"""" (1-3)
24"""" x 36"""" (4-7)
36 x 38"""" (8)""",,,1941.0,Donation,,La Villita,La Villita,418 Villita Street ,78205,-98.48854486199991,29.421337079000068,1,"La Villita
Individual Landmark
RIO-3
Downtown Design Area",Storage,Yes,,,5000,,,No,,,,,,,,,,
698,1941.CON.1,,Public Art - Exterior,Yes,,Jesus,Contreras,Miguel Hidalgo y Costilla,Three Dimensional ,Statue,Bronze,"12'hx3'6""wx2'1""d, base 4'hx5'6""wx3'd",Hemisfair,"Depicts hero with right arm extended parallel to the ground, head turned to left. Head uncovered, wears a coat, a sash, and knee-high boots. Carries a bronze banner w/image of the Virgen of Guadalupe in bas relief.  ","Gift to the City of San Antonio by the Mexican President; founder of the Mexican War of Independence mvt.
In Plaza Mexico",,1941,1941.0,Donation,Mexican President- Manuel Avila Camacho,Hemisfair ,Hemisfair,434 S Alamo St,78205,-98.48568599999993,29.419906000000083,1,"Hemisfair
RIO-3
Downtown Design Area",Outdoor - Display,Yes,,,20000,,,no,,"Fabricator- Fundicion Artistica, Mexico",,,,,,,,
699,1940.ROD.1,,Public Art - Exterior,Yes,,Dionicio ,Rodriguez,Japanese Tea Garden Gate,Three Dimensional ,Gateway / Arch,"Concrete, steel","12' x 14' x 6' 6""",Parks & Recreation,"Faux Bois pagoda of 2 tree trunks supporting 3-tiered roof and cross beam.  Appearance of wood, in texture & color. No separate base. Colors range from light to dark brown to rust.","Sunken Garden
Designed by Maximo Cortes
Conceived by Parks Commissioner Ray Lambert, to build on abandoned quarry.",,1940,1940.0,Donation,,Parks ,Brackenridge Park,3875 North St. Mary's ,78212,-98.47716333299991,29.460686000000067,2,"RIO-1 
Individual Landmark",Outdoor - Display,Yes,,,150000,,,no,,,Latina / o ,,Man ,,,,"San Antonio, TX",
700,1939.COP.1,,Public Art - Exterior,Yes,,Pompeo,Coppini,Spirit of Sacrifice (The Alamo Cenotaph),Three Dimensional ,Monument / Memorial,"Pink marble, granite","60'hx58'lx13' base 1'7""hx58'x13'6""w",Center City Development & Operations,Cenotaph memorial to fallen Alamo heroes: a large rectangular shaft w/a wedge at lower area.  Includes a large figure w/2 small figures huddled below to represent the spirit of the heroes rising from of the dead.,"Memorial to those who sacrificed their lives at the Alamo-  Architect was Carlton Adams

Alamo Plaza ",,1939,1939.0,Donation,,World Heritage,Alamo,300 Alamo Plaza ,78205,-98.486718,29.426207,1,"Alamo Plaza
Alamo Viewshed
Individual Landmark
RIO-3
Downtown Design Area",Outdoor - Display,Yes,,,1500000,,,no,,,,,,,,,,
701,1938.ZIR.1,,Public Art - Exterior,Yes,,Clifford,Zirkel,War Mothers Memorial,Three Dimensional ,Monument / Memorial,"Italian marble, granite","7' x 3' x 1', base 3"" x 4' 6"" x 16""",Parks & Recreation,WW I memorial features an heroic standing female in ultra-relief.  At hem of garment are 2 busts of American soldiers carved in high relief.  3 similar busts appear in bas-relief on her left.  The figure clasps her hands & raises eyes in prayer.,"Honoring the Mothers Whose Sons Fought in the  World War, Erected by SA Chapter",,,1938.0,Donation,,Parks ,Memorial Plaza,100 Auditorium Circle ,78205,-98.488439,29.430285,1,"Auditorium Circle
Individual Landmark
RIO-3
Downtown Design Area",Outdoor - Display,Yes,,,15000,,,No,,,,,,,,,,
702,1936.TAU.1,,Public Art - Exterior,Yes,,Waldine,Tauch,Moses Austin,Three Dimensional ,Statue,Bronze,"8' h x 4' h x 1'6""d, base 3' h x 3' d",Center City Development & Operations,"Larger than life size portrait figure on an octagonal bronze pedestal.  Figure is facing to the west holding scroll (agreement w/Spanish govt in outstretched right hand, hat in left hand.  Legs are straight at ease apart in high boots.",,,1936,1936.0,Donation,Commissioned by the Commission for Texas Centennial Celebrations. Bas relief on all sides of base,City Hall,City Hall,"100 Military Plaza, San Antonio, TX",78205,-98.495373,29.424855,1,"
Main/Military Plaza
Individual Landmark
RIO-7B
Downtown Design Area",Outdoor - Restricted,Yes,,,100000,,,No,,,,,,,,,,
703,1936.ROD.1,,Public Art - Exterior,Yes,,Dionicio,Rodriguez,Sunken Garden Theater Gate,Three Dimensional ,Gateway / Arch,Stone ,6' x 20' x 7',Parks & Recreation,"Carved stone marker placed during TX Centennial, depicting bas-relief scene of a covered wagon unhitched from its team and a camp site.","Sunken Garden gateway arch installed at entrance of gardens 
A memorial to the Heroes of the Texas Revolution ",,1936,1936.0,Donation,,Parks ,Brackenridge Park,3700 N St Mary's,78212,-98.477374,29.459822,2,"RIO-1 
Individual Landmark",Outdoor - Display,Yes,,,150000,,,no,,,Latina / o ,,Man ,,,,"San Antonio, TX",
704,1936.NEL.1,,Public Art - Exterior,Yes,,George,Nelson,The Alamo in 1836,Three Dimensional ,Monument / Memorial,"Bronze, limestone ","35"" x 30""",Center City Development & Operations,Stone & bronze map of the Alamo in 1836,"Sesquicentennial dedication

Alamo Plaza",,1936,1936.0,Donation,Meadows Foundation,World Heritage,Alamo,3700 N St Mary's St,78205,-98.48678,29.425824,1,"Alamo Plaza
Individual Landmark
RIO-3
Downtown Design Area",undetermined,Yes,,,10000,,,No,,,,,,,,,,
705,1936.MCL.1,,Public Art - Exterior,Yes,,Bonnie,McLeary,Benjamin Rush Milam,Three Dimensional ,Statue,Bronze,"12' H, marble falls pink granite base 35'",Parks & Recreation,"Life-size bronze portrait figure on top of granite base, holding rifle up overhead in right hand, clenched fist held at side.",Erected by the state of Texas 1936 with federal funds to commemorate 100 years of TX independence; fought for Texas independence in campaigns against Mexican Army,,1936,1936.0,Donation,,Parks ,Milam Park,500 West Commerce,78207,-98.499701,29.426097,1,Downtown Design Area,Outdoor - Display,Yes,,12500,50000,,,No,,,,,,,,,,
706,1935.SAL.1,,Public Art - Interior,Yes,,Sal,Salomon,James H. French,Two Dimensional,Painting,Oil on canvas,,Office of the City Clerk,Mayoral Portrait,served 1875-85,,1935,1935.0,Donation,,Municipal Plaza,Municipal Plaza Building,114 West Commerce,78205,-98.493886,29.424944,1,"Main / Military Plaza
Individual Landmark
Downtown Design Area",Indoor - Display,Yes,,,5000,,,No,,,,,,,,,,
707,1934.ARP.1,,Public Art - Interior,No,,Jose ,Arpa ,Viceroy Jaime Horcasita,Two Dimensional,Painting,Works on Paper,"24"" x 36""",World Heritage Office,"Oil painting w/carved wooden frame, portrait",Located in the ballroom,,1934,1934.0,Donation,,World Heritage,Spanish Governors Palace,105 Military Plaza,78205,-98.4957006922871,29.42483701745,1,"Main / Military Plaza
Individual Landmark
Rio-7B
Downtown Design Area",Storage,Yes,,,3000,,,No,,,,,,,,,,
708,1930.ROD.3,,Public Art - Exterior,Yes,,Dionicio,Rodriguez,Stone Bridge Walk,Three Dimensional ,Bridge,Mixed media,,Parks & Recreation,Faux Bois bridge designed to look made out of logs,,,1930,1930.0,Donation,"Most likey commissioned by Charles Baumberger, president of the San Antonio Portland Cement Company",Parks ,Brackenridge Park,549 Brackenridge Drive,78209,-98.46839566599994,29.464666667000074,2,"RIO-1 
Individual Landmark
National Registrar of Historic Places",Outdoor - Display,Yes,,,100000,,,No,,,Latina / o ,,Man ,,,,"San Antonio, TX",
709,1930.ROD.2,,Public Art - Exterior,Yes,,Dionicio,Rodriguez,Palapa ,Three Dimensional ,Shade Structure,"Concrete, steel",,Parks & Recreation,Faux Bois canopied table and bench,North of Koehler Pavillion ,,1930,1930.0,Donation,"Most likey commissioned by Charles Baumberger, president of the San Antonio Portland Cement Company",Parks ,Brackenridge Park,3903 N. St Mary's,78209,-98.471096,29.461985,2,"RIO-1 
Individual Landmark",Outdoor - Display,Yes,,,100000,,,No,,,Latina / o ,,Man ,,,,"San Antonio, TX",
710,1930.ROD.1,,Public Art - Exterior,Yes,,Dionicio,Rodriguez,Covered Park Bench,Three Dimensional ,Bench,"Concrete, steel","7' x 6' x 4' 6""",Parks & Recreation,"Faux Bois tree trunk form a pagoda roofed park bench.  2 trunks support a thatched roof that has a pagoda style up-turned corners.  Vertical log acts as seating, back is formed by rough flat board.  Upper portion of trunk divides into branches",Koehler Park,,1930,1930.0,Donation,,Parks ,Brackenridge Park,3700 N St Mary's,78212,-98.473312,29.461848,2,"RIO-1 
Individual Landmark",Outdoor - Display,Yes,,,50000,,,No,,,Latina / o ,,Man ,,,,"San Antonio, TX",
711,1929.SAL.2,,Public Art - Interior,Yes,,Sal ,Salomon,William L. Richter,Two Dimensional,Painting,Oil on canvas,,Office of the City Clerk,Mayoral Portrait,served 1912,,1929,1929.0,Donation,,Municipal Plaza,Municipal Plaza Building,114 West Commerce,78205,-98.493886,29.424944,1,"Main / Military Plaza
Individual Landmark
Downtown Design Area",Indoor - Display,Yes,,,5000,,,No,,,,,,,,,,
712,1929.SAL.1,,Public Art - Interior,Yes,,Sal,Salomon,George Paschal,Two Dimensional,Painting,Oil on canvas,,Office of the City Clerk,Mayoral Portrait,served 1893-94,,1929,1929.0,Donation,,Municipal Plaza,Municipal Plaza Building,114 West Commerce,78205,-98.493886,29.424944,1,"Main / Military Plaza
Individual Landmark
Downtown Design Area",Indoor - Display,Yes,,,5000,,,No,,,,,,,,,,
713,1928.SAL.1,,Public Art - Interior,Yes,,Sal,Salomon,C.M. Chambers,Two Dimensional,Painting,Oil on canvas,,Office of the City Clerk,Mayoral Portrait,served 1927-33,,1928,1928.0,Donation,,Municipal Plaza,Municipal Plaza Building,114 West Commerce,78205,-98.493886,29.424944,1,"Main / Military Plaza
Individual Landmark
Downtown Design Area",Indoor - Display,Yes,,,5000,,,No,,,,,,,,,,
714,1926.LUN.5,,Public Art - Interior,Yes,,Herman,Lungkwitz,Lewis Grist Mill,Two Dimensional,Painting,Oil on canvas,,Library,San Antonio looking west from La Villita.,"Will of Louise Ulrich
In Central Library Vault",,1850,1926.0,Donation,,Central Library ,Central Library ,600 Soledad Street ,78205,-98.492909,29.43247,1,"RIO-3
RIO-7A Downtown Design Area
Individual Landmark",Storage,Yes,,,17000,,,No,,,,,,,,,,
715,1926.LUN.4,,Public Art - Interior,Yes,,Herman,Lungkwitz,Mission San Juan Capistrano,Two Dimensional,Painting,Oil on canvas,,Library,lanscape painting of Mission San Juan Capistrano,". *1857 date of completion- *1988- date of last inventory ( Lungkwitz paintings were probably acquired before 1988, but there is no accurate date on record)
In Central Library Vault",,1857,1926.0,Donation,,Central Library ,Central Library ,600 Soledad Street ,78205,-98.492909,29.43247,1,"RIO-3
RIO-7A Downtown Design Area
Individual Landmark",Storage,Yes,,,8000,,,No,,,,,,,,,,
716,1926.LUN.3,,Public Art - Interior,Yes,,Herman,Lungkwitz,Mission Concepcion,Two Dimensional,Painting,Oil on canvas,,Library,lanscape painting of Mission Concepcion,". *1857 date of completion- *1988- date of last inventory ( Lungkwitz paintings were probably acquired before 1988, but there is no accurate date on record)
In Central Library Vault",,1857,1926.0,Donation,,Central Library ,Central Library ,600 Soledad Street ,78205,-98.492909,29.43247,1,"RIO-3
RIO-7A Downtown Design Area
Individual Landmark",Storage,Yes,,,11750,,,No,,,,,,,,,,
717,1926.LUN.2,,Public Art - Interior,Yes,,Herman,Lungkwitz,Mill Bridge,Two Dimensional,Painting,Oil on canvas,,Library,Lansdscape painting of Mill bridge looking west to San Fernando cathedral,". *1857 date of completion- *1988- date of last inventory ( Lungkwitz paintings were probably acquired before 1988, but there is no accurate date on record)
In Central Library Vault",,1857,1926.0,Donation,,Central Library ,Central Library ,600 Soledad Street ,78205,-98.492909,29.43247,1,"RIO-3
RIO-7A Downtown Design Area
Individual Landmark",Storage,Yes,,,13000,,,No,,,,,,,,,,
718,1926.LUN.1,,Public Art - Interior,Yes,,Herman,Lungkwitz,Mission San Jose,Two Dimensional,Painting,Oil on canvas,,Library,"Landscape painting of mission San Jose, circa 1857",". *1857 date of completion- *1988- date of last inventory ( Lungkwitz paintings were probably acquired before 1988, but there is no accurate date on record)
In Central Library Vault",,1857,1926.0,Donation,,Central Library ,Central Library ,600 Soledad Street ,78205,-98.492909,29.43247,1,"RIO-3
RIO-7A Downtown Design Area
Individual Landmark",Storage,Yes,,,14000,,,No,,,,,,,,,,
719,1925.ROD.1,,Public Art - Exterior,Yes,,Louis,Rodriguez,Lion at Lions Field,Three Dimensional ,Sculpture,Italian Marble,"40""x70""x20"", base 57""x80""x20""",Parks & Recreation,White Lion Sculpture,Lions Club of San Antonio,,1925,1925.0,Donation,,Parks ,Lions Field Park,2809 Broadway ,78209,-98.47254499999991,29.45392700000008,1,RIO 1,Outdoor - Display,Yes,,,50000,,,No,,,,,,,,,,
720,1923.RAB.2,,Public Art - Interior,Yes,,Ernst W.,Raba,O.B. Black,Two Dimensional,Painting,Oil on canvas,,Office of the City Clerk,Mayoral Portrait,served 1921-23,,,1923.0,Donation,,Municipal Plaza,Municipal Plaza Building,114 West Commerce,78205,-98.493886,29.424944,1,"Main / Military Plaza
Individual Landmark
Downtown Design Area",Indoor - Display,Yes,,,5000,,,No,,,,,,,,,,
721,1923.RAB.1,,Public Art - Interior,Yes,,Ernst W.,Raba,John W. Tobin,Two Dimensional,Painting,Oil on canvas,,Office of the City Clerk,Mayoral Portrait,served 1923-27,,,1923.0,Donation,,Municipal Plaza,Municipal Plaza Building,114 West Commerce,78205,-98.493886,29.424944,1,"Main / Military Plaza
Individual Landmark
Downtown Design Area",Indoor - Display,Yes,,,5000,,,No,,,,,,,,,,
722,1921.SAL.1,,Public Art - Interior,Yes,,Sal,Salomon,Sam C. Bell,Two Dimensional,Painting,Oil on canvas,,Office of the City Clerk,Mayoral Portrait,served 1917-21,,1921,1921.0,Donation,,Municipal Plaza,Municipal Plaza Building,114 West Commerce,78205,-98.493886,29.424944,1,"Main / Military Plaza
Individual Landmark
Downtown Design Area",Indoor - Display,Yes,,,5000,,,No,,,,,,,,,,
723,1918.SAL.4,,Public Art - Interior,Yes,,Sal,Salomon,A.I. Lockwood,Two Dimensional,Painting,No Record Found,,Office of the City Clerk,Mayoral Portrait,served 1892-93,,1918,1918.0,Donation,,Municipal Plaza,Municipal Plaza Building,114 West Commerce,78205,-98.493886,29.424944,1,"Main / Military Plaza
Individual Landmark
Downtown Design Area",Indoor - Display,Yes,,,5000,,,No,,,,,,,,,,
724,1905.COP.1,,Public Art - Interior,Yes,,Pompeo,Coppini,Dr. Ferdinand Herff Bust,Three Dimensional ,Statue,Bronze,,Library,,Texana Collection,,1905,1905.0,Donation,,Central Library ,Central Library ,600 Soledad Street ,78205,-98.492909,29.43247,1,"RIO-3
RIO-7A Downtown Design Area
Individual Landmark",Storage,Yes,,,15000,,,No,,,,,,,,,,
725,2025.1,,Public Art - Exterior ,Yes ,,R&R&R,,City Lights,Three Dimensional,Sculpture ,"Concrete, steel, bronze",Various,Building & Equipment Services,2 mixed media sculptures. Pecos red concrete forms the central lampposts. These are surrounded by bronze and steel swirling vines. A series of yucca blossom lanterns and bronze butterflies adorn the sculptures. ,"On view along Houston Street in front of City Tower on the corners of Flores & Houston, Main & Houston.

Artists: Robert Diaz de Leon, Ronny Eckels, Ryan Takaba
",,2025,2025.0,2017 Bond Program ,,City Tower,Houston Street between Main & Flores,100 W Houston,78205,-98.49417,29.4264,1,"Main / Military Plaza
Downtown Design Area
RIO-3",Outdoor Display ,Yes,,565000,540000,2025.0,"2017 Bond (2 Props): Drainage (San Pedro Creek-Houston St at Flores), Streets (D1 Mobility-Houston St at Main)",Yes ,"Texas Architecture Workshop (sculpture architect-renderings), aec | A TYLin Company (sculpture structural engineer)","Flux Medal Studio, Redondo Manufacturing, Shadrock Williams","Asian / Asian American
Latina / o
White",,Man,Prefer not to answer,Prefer not to answer,No,3,
726,2022.2,2022.SAC.1,Public Art - Exterior,Yes,1069084,San Anto Cultural Arts,,The Spirit Within,Two Dimensional,Mural,Painted Mural,15' H x 155' L,Center City Development & Operations,Nighttime landscape featuring alebrijes and female figures,Lead artists: Ashleigh Garza and Hailey Marmolejo,,2022,2022.0,2017 Bond Program,,Zona Cultural ,Centro de Artes,"101 S Santa Rosa Ave, San Antonio, TX 78207",78207,-98.49853,29.42534,1,"Individual Landmark 
Downtown Design Area",Outdoor-Display,Yes ,,,140000,2022.0,2017 Bond Streets: Commerce Mural at Farmers Market,Yes ,,,Non-Profit ,,Non-Profit ,Non-Profit ,Non-Profit ,Non-Profit ,5,
727,2020.1,2020.FRE.1,CE - Interior,Yes,1048338 - 1048347,French & Michigan,,10 Bolero Series Benches,Three Dimensional ,Bench,Pecan Wood,72 x 18.5 x 10.5 in. ,Arts & Culture,"10 Bolero Series Benches, Pecan Wood, 6 feet in length",Lobby ,,2020,2020.0,Operating Funds,Artist,Centro de Artes ,Centro de Artes ,101 S Santa Rosa Ave,78207,-98.49853,29.42534,1,"Individual Landmark 
Downtown Design Area",Indoor - Restricted,,,,9000,2020.0,,No,,,Latina / o,,Man ,,,,,
728,2017.1,2017.SMA.1,Public Art - Exterior,Yes,,SMART,,"Pioneers of the Sky, the Stinson School of Flying",Two Dimensional,Mural,Paint ,15' x 300',World Heritage Office & Aviaton ,"The mural features historic portraits of Katherine and Marjorie Stinson, who opened the Stinson school of flying in 1915. The portraits are rendered with Art Deco flourishes that highlight the surrounding architectural elements and the era of early flight.","Andy & Yvette Benavides (leads); Joe De La Cruz, Chris Montoya & Jose Comse",,2017,2017.0,2012 Bond Program,,World Heritage,Stinson- Mission Municipal Airport,8410 Mission Rd,78214,-98.46916,29.34118,3,"Mission 
RIO-6",Outdoor - Display,Yes,,,10000,,,Yes,,,Non-Profit ,,Non-Profit ,Non-Profit ,Non-Profit ,Non-Profit ,5,
729,2016.1,,Public Art - Exterior,Yes,,Legge Lewis Legge,,World Walk,Three Dimensional ,Bridge,Powder coated steel tabs and colored concrete dimples ,8' x 230' ,Public Works ,"Pedestrian bridge with steel tabs installed to transform the bridge into an atlas. Additionally, a topographic map is etched into concrete with a dot matrix.","Artists: Murray Legge, Deborah E. Lewis, Andrea Legge",,2017,2017.0,2012 Bond Program,,,State Highway 16 Pedestrian Bridge,9301- 9341 Poteet Jourdanton Fwy,28224,-98.550555,29.329328,4,No,Outdoor - Display,Yes,,100000,100000,,2012 Bond: Streets D4 Neighborhoods ,Yes,,"Artist Fab: Texas Tool & Die Dallas, TX",,,,,,,,"Austin, TX"
730,2016.1,,Public Art - Exterior,Yes,,Los Dos,,Illuminados ,Two Dimensional,Mural ,Paint,,Arts & Culture,Mural representing the U.S.-Mexico border and those who live there.,Artists: Ramon and Christian Cardenas,,2016,2016.0,2012 Bond Program,,,Hays Street Bridge,803 N Cherry Street,78202,-98.476286,29.430232,2,"Dignowity Hill
Downtown Design Area",Outdoor - Display,Yes,,,5000,,,Yes,,,Latina / o ,,,,,,,"El Paso, TX"
731,2015.1,,Public Art - Exterior,Yes,,Creative Machines,,El Bosque,Three Dimensional ,Sculpture ,"Aluminum, LED lighting ",8' x 30',Library,Cut aluminum with words that grow from abstract oak trees.,Lead artists: Blessing Hancock & Joe O'Connell,,2015,2015.0,2012 Bond Program,,Branch Libraries ,Encino Branch Library,2515 Evans Road,78259,-98.449083,29.636666,9,No,Outdoor - Display,Yes,,100000,100000,2015.0,2012 Bond Libraries: Encino Branch Library ,Yes,,,,,,,,,,"Tuscon, AZ"
732,2013.1,2013.CRE.1,Public Art - Exterior,Yes,,Creative Machines,,Ballroom Luminoso ,Three Dimensional ,Light Art,"Steel, bicycle parts, LED","48"" D (6)",Public Works ,A series of 6 color changing chandeliers hung from an underpass. Created from recycled bike parts.,"On Tab 2017 it states that this art work is insured for $96,500.  That is not reflected on this tab.

Lead artists: Blessing Hancock & Joe O'Connell",,2013,2013.0,2012 Bond Program,,,IH35 Underpass at Theo & Malone,100-198 Rochambeau St.,78214,-98.511863,29.38797,5,No,Outdoor - Display,Yes,,100000,50000,,2012 Bond Streets: Theo & Malone ,Yes,Alvidrez Architecture,"Contractor: Con-Cor, sub Keylich Electrical",,,,,,,,"Tuscon, AZ"
733,2012.2,2012.NA.2,Public Art - Interior,Yes,,,,Pasquale Leo Buquor,Two Dimensional,Painting,Oil on canvas,,Office of the City Clerk,Mayoral Portrait,served 1863-65,,,2012.0,Donation,,Municipal Plaza,Municipal Plaza Building,114 West Commerce,78205,-98.493886,29.424944,1,"Main / Military Plaza
Individual Landmark
Downtown Design Area",Storage,Yes,,,5000,,,No,,,,,,,,,,
734,2012.1,2012.NA.1,Public Art - Interior,Yes,,,,NA-(Wheat Field),Two Dimensional,Painting,oil on canvas,,Center City Development & Operations,Painting of horses and workers in a field,Dining Room ,,,2012.0,Donation,Red Berry Estate,,Red Berry Mansion,856 Gembler Road ,78219,-98.41862,29.43408,2,No,Storage,Yes,,,500,,,No,,,,,,,,,,
735,2011.7,2011.NA.7,Public Art - Exterior,No,,,,Portrait plaque of Fr. Arthur Dorssaerts,Two Dimensional,Plaque / Marker,Bronze,"1' 8"" x 1' 4""",Center City Development & Operations,Bronze plaque set in stone wall and depicting first archbishop of San Antonio.  Medallion w/portrait facing left in upper portion of plaque.  Leaf design beneath medallion and seal beneath & to the left & right of medallion.  Inscription lower left.  Deco border.,"S. Presa St, La Villita, between Market and Nueva Sts. ",,,,Donation,,La Villita,La Villita ,S. Presa Street,78205,-98.48921,29.42171,1,"La Villita
Individual Landmark
RIO-3
Downtown Design Area",Outdoor - Display,Yes,,,1000,,,No,,,,,,,,,,
736,2011.6,2011.NA.6,Public Art - Exterior,No,,,,Sterling Duryee Freeborn & Jr. Memorial,Two Dimensional,Plaque / Marker,Bronze,,Parks & Recreation,Plaque,,,,2011.0,Donation,,Parks ,Travis Park,301 East Travis,78205,-98.4892126289999,29.42805879200006,1,Downtown Design Area,Outdoor - Display,Yes,,,5000,,,No,,,,,,,,,,
737,2011.5,2011.NA.5,Public Art - Exterior,No,,,,San Pedro Springs  Park Monument Marker,Two Dimensional,Plaque / Marker,Bronze,,Parks & Recreation,,,,,,Donation,,Parks ,San Pedro Springs Park,1315 San Pedro,78212,-98.50162289299993,29.44690490100004,1,Individual Landmark,Outdoor - Display,Yes,,,5000,,,No,,,,,,,,,,
738,2011.4,2011.NA.1,Public Art - Interior,No,,,,Henry B. Gonzalez,Two Dimensional,Painting,,,Convention & Sports Facilities,,,,,,Donation,,Convention Center,Convention Center,900 E Market Street,78205,-98.48324,29.42044,1,"RIO-3
Downtown Design Area 
Hemisfair",Storage,Yes,,,10000,,,No,,,,,,,,,,
739,2011.3,,Public Art - Interior,Yes,,,,Texas at 150 years,Two Dimensional,Painting,,,Library,,Central Library Vault,,,,Donation,,Central Library ,Central Library ,600 Soledad Street ,78205,-98.492909,29.43247,1,"RIO-3
RIO-7A Downtown Design Area
Individual Landmark",Storage,Yes,,,13000,,,No,,,,,,,,,,
740,2011.2,,Public Art - Interior,No,,,,Cesar Chavez Signed Poster,Two Dimensional,Print,Poster ,"24"" x 18""",Library,"Poster of Cesar Chavez, signed and behind glass",,,,,Donation,,Branch Libraries ,Las Palmas Branch Library,515 Castroville Rd.,78237,-98.549506,29.417883,5,No,Storage,Yes,,,5000,,,No,,,,,,,,,,
741,2011.1,,Public Art - Interior,No,,,,AFL-CIO Signed Union Flag,Two Dimensional,Textile,Cotton,,Library,"Red, black and white flag of AFL-CIO union.",,,,,Donation,,Branch Libraries ,Las Palmas Branch Library,515 Castroville Rd.,78237,-98.549506,29.417883,5,No,Storage,Yes,,,5000,,,No,,,,,,,,,,
742,2002.1,2002.SAY.1,Public Art - Exterior,Yes,,Say Sí,,Untitled (Say Si Grotto),Three Dimensional ,Sculpture ,Mixed Media,15'x11'x3',Convention & Sports Facilities,"A stylized serape,  this grotto evokes San Antonio’s multi-cultural heritage and history.  In addition to the simple, colorful design, the grotto’s floor includes a meandering mosaic river and concrete cactus plants.",,,2002,2002.0,Non-Bond (Convention Center),,Convention Center,Convention Center,900 E Market Street,78205,-98.48324,29.42044,1,"RIO-3
Downtown Design Area 
Hemisfair",Outdoor - Display,Yes,,15000,10000,,Convention center expansion project,Yes ,Kell Munoz,,Non-Profit ,,Non-Profit ,Non-Profit ,Non-Profit ,Non-Profit ,5,
743,1998.1,,Public Art - Interior,Yes,,Say Sí,,The Hispanic Heroes,Two Dimensional,Mural ,Paint,6' x 22',Library,"The three-dimensional Hispanic Heroes mural located in the children’s section depicts César Chávez, the Hon. Henry B. Gonzalez, Emma Tenayuca, Father Albert Benavides, and Flaco Jimenez against a background of the American and Mexican flags and a series of Texas State symbols (Mission Espada, bluebonnets, and a mockingbird perched in a pecan tree).",,,1998,1998.0,Donation,"Los Padrinos de Las Palmas and funded by Luby’s, Las Palmas Shopping Center",Branch Libraries ,Las Palmas Branch Library,515 Castroville Rd.,78237,-98.549506,29.417883,5,No,Indoor - Display,Yes,,,5000,,,No,,,Non-Profit ,,Non-Profit ,Non-Profit ,Non-Profit ,Non-Profit ,5,
744,1993.3,1993.NA.3,Public Art - Exterior,Yes,,,,Elmer Conrad True Memorial Plaque,Two Dimensional,Plaque / Marker,Bronze,,Parks & Recreation,Memorial plaque for Elmer Conrad True Jr.,,,,1993.0,Donation,,Parks ,Travis Park,301 East Travis,78205,-98.4892126289999,29.42805879200006,1,Downtown Design Area,Outdoor - Display,Yes,,,5000,,,No,,,,,,,,,,
745,1993.2,1993.NA.2,Public Art - Exterior,Yes,,,,Travis Park 10th Anniversary,Two Dimensional,Plaque / Marker,Stone,,Parks & Recreation,Marker,,,,1993.0,Donation,,Parks ,Travis Park,301 East Travis,78205,-98.4892126289999,29.42805879200006,1,Downtown Design Area,Outdoor - Display,Yes,,,5000,,,No,,,,,,,,,,
746,1993.1,1993.NA.1,Public Art - Exterior,Yes,,,,"Jalisco, Mexico Plaque to San Antonio",Two Dimensional,Plaque / Marker,"Bronze, granite",,Parks & Recreation,"Commemorative Plaque: Donated from the state of Jalisco Mexico, in 1993 to the City of San Antonio de Bexar, ",""" in tribute to the relationship, tradition and cultural inheritance""",,,1993.0,Donation,State of Jalisco Mexico,Parks ,Milam Park,500 West Commerce,78207,-98.498964,29.426061,1,Downtown Design Area,Outdoor - Display,Yes,,,5000,,,No,,,,,,,,,,
747,1992.2,1988.NA.2,Public Art - Exterior,No,,,,Organ & Tissue Donors Memorial,Two Dimensional,Plaque / Marker,Bronze,,Parks & Recreation,Plaque,"""A moment of thought for those who have given so others may live""",,,1992.0,Donation,,Parks ,Travis Park,301 East Travis,78205,-98.4892126289999,29.42805879200006,1,Downtown Design Area,Outdoor - Display,Yes,,,5000,,,No,,,,,,,,,,
748,1992.1,1932.NA.1,Public Art - Exterior,Yes,,,,Carolyn Elemendorf Memorial,Two Dimensional,Plaque / Marker,Bronze,,Parks & Recreation,Plaque,,,,1992.0,Donation,,Parks ,Travis Park,301 East Travis,78205,-98.4892126289999,29.42805879200006,1,Downtown Design Area,Outdoor - Display,Yes,,,5000,,,No,,,,,,,,,,
749,1989.1,1989.NA.1,Public Art - Interior,Yes,,,,Untitled (Volcano-Saddle Mt. Monterrey Mexico),Two Dimensional,painting,water color on paper,"30"" x 48""",Convention & Sports Facilities,Saddle Mt. Monterrey Mexico,"A gift to San Anotnio and Mayor Lila Cockrell
Maybe by H Valdez
In Lila Cockrell Theater",,,1989.0,Donation,"Gift of Sister City Monterrey, Nuevo Leon, Mexico",Convention Center,Convention Center,900 E Market Street,78205,-98.48324,29.42044,1,"RIO-3
Downtown Design Area 
Hemisfair",Storage,Yes,,,1000,,,No,,,,,,,,,,
750,1988.3,1988.NA.3,Public Art - Exterior,Yes,,,,1806-1860 Campo Santo Burials,Three Dimensional ,Monument / Memorial,,,Parks & Recreation,Memorial/Burials: 10' monument detailing the history of the burials with commemorative bronze plaques ,,,,1988.0,Donation,,Parks ,Milam Park,500 West Commerce,78207,-98.498289,29.426055,1,Downtown Design Area,Outdoor - Display,Yes,,,10000,,,No,,,,,,,,,,
751,1988.1,1988.NA.1,Public Art - Exterior,Yes,,,,Our Lady of Guadalupe Grotto,Three Dimensional ,Sculpture,Mosaic,5' x 12',Center City Development & Operations,Stucco grotto with Virgen de Guadelupe Statue,,,,,Donation,,La Villita,La Villita,418 Villita Street ,78205,-98.48854486199991,29.421337079000068,1,"La Villita
Individual Landmark
RIO-3
Downtown Design Area",Outdoor - Display,Yes,,,5000,,,No,,,,,,,,,,
752,1986.2,1986.NA.2,Public Art - Exterior,Yes,,,,John Mirza Bennett Memorial,Two Dimensional,Plaque / Marker,Bronze,,Parks & Recreation,Plaque,"""honorary member of the San Antonio conservation society""",,,1986.0,Donation,,Parks ,Travis Park,301 East Travis,78205,-98.4892126289999,29.42805879200006,1,Downtown Design Area,Outdoor - Display,Yes,,,5000,,,No,,,,,,,,,,
753,1986.1,1986.NA.1,Public Art - Exterior,No,,,,Eleanor Freeborn Bennett Memorial,Two Dimensional,Plaque / Marker,Bronze,,Parks & Recreation,Plaque,,,,1986.0,Donation,,Parks ,Travis Park,301 East Travis,78205,-98.4892126289999,29.42805879200006,1,Downtown Design Area,Outdoor - Display,Yes,,,5000,,,No,,,,,,,,,,
754,1974.2,1974.NA.2,Public Art - Interior,No,,,,Wife of King Philip V,Two Dimensional,Painting,Oil,"24"" x 36.5""",World Heritage Office,"Oil painting in detailed wood framed, some gold","1974* year appraised- 1988*last inventoried

Located in the ballroom",,,1974.0,Donation,,World Heritage,Spanish Governors Palace,105 Plaza de Armas,78205,-98.4957006922871,29.42483701745,1,"Main/Military Plaza
Individual Landmark
RIO-7B
Downtown Design Area",Storage,Yes,,,1000,,,No,,,,,,,,,,
755,1974.1,1974.NA.1,Public Art - Interior,No,,,,King Philip V,Two Dimensional,Painting,Oil,"24"" x 36""",World Heritage Office,"Oil painting, detailed wood frame, portrait","1974* year appraised- 1988*last inventoried

Located in the ballroom",,,1974.0,Donation,,World Heritage,Spanish Governors Palace,105 Plaza de Armas,78205,-98.4957006922871,29.42483701745,1,"Main/Military Plaza
Individual Landmark
RIO-7B
Downtown Design Area",Storage,Yes,,,1000,,,No,,,,,,,,,,
756,1968.7,1968.NA.7,Public Art - Exterior,Yes,,,,Benito Juarez,Three Dimensional ,Statue,Bronze Bust,No Record Found,Center City Development & Operations,Bronze bust of Benito Juarez,Juarez Plaza ,,,1968.0,Donation,,La Villita,La Villita,418 Villita Street ,78205,-98.48854486199991,29.421337079000068,1,"La Villita
Individual Landmark
RIO-3
Downtown Design Area",Outdoor - Display,Yes,,,10000,,,No,,,,,,,,,,
757,1968.6,1968.NA.6,Public Art - Interior,Yes,,,,Plaque Honoring Murray Brooks,Two Dimensional,Plaque / Marker,Bronze,,Parks & Recreation,Bronze plaque of Murray Brooks,Brackenridge Park Clubhouse,,,1968.0,Donation,,Parks ,Brackenridge Park,2315 Avenue B,78215,-98.47683999999992,29.44941300000005,1,"RIO-1 
Individual Landmark",Outdoor - Display,Yes,,,1000,,,No,,,,,,,,,,
758,1968.4,1968.NA.4,Public Art - Exterior,Yes,,,,Stone Totem,Three Dimensional ,Sculpture,Stone,"181""x40 1/4""",Hemisfair,Four pieces of stone stacked atop each other to from a totem,Plaza Mexico,,,1968.0,Donation,,Hemisfair ,Hemisfair,434 S Alamo St,78205,-98.48568599999993,29.419906000000083,1,"Hemisfair
RIO-3
Downtown Design Area",Outdoor - Display,Yes,,,5000,,,No,,,,,,,,,,
759,1968.2,1968.NA.2,Public Art - Exterior,Yes,,,,Archangels Baroque Replicas,Three Dimensional ,Sculpture,Pink limestone (rosestone),No Record Found,Hemisfair,"2 archangels, examples of Colonial Church Sculpture. Contemporary replica of Colonial Mexican original","Plaza Mexico
Located near UNAMITA",,,1968.0,Donation,,Hemisfair ,Hemisfair,434 S Alamo St,78205,-98.48568599999993,29.419906000000083,1,"Hemisfair
RIO-3
Downtown Design Area",Outdoor - Display,Yes,,,10000,,,No,,,,,,,,,,
760,1968.1,1968.NA.1,Public Art - Exterior,Yes,,,,Maya Panel Replica,Three Dimensional ,Sculpture,stone,No Record Found,Hemisfair,Replica of relief panel from the tomb at the Temple of Palenque,Plaza Mexico,,,1968.0,Donation,,Hemisfair ,Hemisfair,434 S Alamo St,78205,-98.48568599999993,29.419906000000083,1,"Hemisfair
RIO-3
Downtown Design Area",Outdoor - Display,Yes,,,10000,,,No,,,,,,,,,,
761,1966.1,1966.NA.1,Public Art - Exterior,Yes,,,,Commemorative Plaque ,Two Dimensional,Plaque / Marker,Pink granite," 6' x 48"" x 4' 5""",Center City Development & Operations,Plaque w/Padre Damian Massanet performing communion w/Native Americans and other Spaniards on the banks of the San Antonio River.  The style is figurative and is done in a flat low relief.  ,La Villita Arneson Theatre ,,,1966.0,Donation,Order of the Alhambra,La Villita,La Villita,418 Villita Street ,78205,-98.48868899999991,29.422364334000065,1,"La Villita
Individual Landmark
RIO-3
Downtown Design Area",Outdoor - Display,Yes,,,5000,,,No,,,,,,,,,,
762,1963.1,1963.NA.1,Public Art - Interior,Yes,,,,Edward Dixon Westfall,Two Dimensional,Print,,,Library,"Photograph of Edward Dixon Wesfall, the Texas legend who bequethed his land to the City of San Antonio in 1891, and who the library was named for upon completion in 1963.",,,,1963.0,Donation,,Branch Libraries ,Westfall Branch Library,6111 Rosedale Court,78201,-98.533538,29.485246,1,No,Storage,Yes,,,1000,,,No,,,,,,,,,,
763,1947.1,1947.NA.1,Public Art - Interior,Yes,,,,Gus B. Mauerman,Two Dimensional,Painting,Oil on canvas,,Office of the City Clerk,Mayoral Portrait,served 1943-47,,,1947.0,Donation,,Municipal Plaza,Municipal Plaza Building,114 West Commerce,78205,-98.493886,29.424944,1,"Main / Military Plaza
Individual Landmark
Downtown Design Area",Indoor -Display,Yes,,,5000,,,No,,,,,,,,,,
764,1946.4,1946.NA.1,Public Art - Interior,Yes,,,,Russian Monastery,Two Dimensional,Painting,Oil on canvas,,Library,19th century painting of two monks in an open air monestary,,,,1946.0,Donation,Harry & Hannah Landa Estate,Branch Libraries ,Landa Branch Library,233 Bushnell,78212,-98.487949,29.46303,1,Monte Vista,Storage,Yes,,,1000,,,No,,,,,,,,,,
765,1946.3,1946.NA.1,Public Art - Interior,Yes,,,,Madonna,Two Dimensional,Painting,Oil on canvas,"25"" x 33""",Library,Classical depiction of Madonna with child and male figure- meeting room,,,,1946.0,Donation,Harry & Hannah Landa Estate,Branch Libraries ,Landa Branch Library,233 Bushnell,78212,-98.487949,29.46303,1,Monte Vista,Storage,Yes,,,1000,,,No,,,,,,,,,,
766,1946.1,1946.NA.1,Public Art - Interior,Yes,,,,The Wrestlers,Three Dimensional ,Sculpture,Bronze,,Library,Bronze wrestlers,,,,1946.0,Donation,,Branch Libraries ,Landa Branch Library,233 Bushnell,78212,-98.487949,29.46303,1,Monte Vista,Storage,Yes,,,1000,,,No,,,,,,,,,,
767,1944.1,1944.NA.1,Public Art - Exterior,Yes,,,,Alamo Portland and Roman Cement Works,Three Dimensional ,Monument / Memorial,Stone,,Parks & Recreation,Erected by the City of San Antonio under mayor Gus B. Mauremann,Sunken Gardens,,1944,1944.0,Donation,,Parks ,Brackenridge Park,3875 North St. Mary's ,78212,-98.47716333299991,29.460686000000067,2,"RIO-1 
Individual Landmark",Outdoor - Display,Yes,,,5000,,,No,,,,,,,,,,
768,1942.1,1942.NA.1,Public Art - Interior,Yes,,,,Figurines in Glass Case,Three Dimensional ,Miscellaneous,Wax miniatures,No Record Found,Center City Development & Operations,Wax figure of Mexican Heritage in Glass Case (Inv#110303842-32),La Villita Office ,,,1942.0,Donation,Donation of Ms. Arthur B. Kliefothesr,La Villita,La Villita,418 Villita Street ,78205,-98.48854486199991,29.421337079000068,1,"La Villita
Individual Landmark
RIO-3
Downtown Design Area",Storage,Yes,,,5000,,,No,,,,,,,,,,
769,1941.4,1941.NA.4,Public Art - Interior,Yes,,Ethel,Wilson Harris,Texas Under Six Flags,Three Dimensional ,Miscellaneous,"Tile, steel","30"" x 42"" x 28""",Center City Development & Operations,"Tile top table with 15 pieces of colored tile. Six seals of Spain 1519, France 1685, Mexico 1621, Texas 1836, USA 1845, 1861 Confederacy.","WPA Commission- Directed by Ethel Wilson Harris
La Villita Office ",,,1941.0,Donation,,La Villita,La Villita,418 Villita Street ,78205,-98.48854486199991,29.421337079000068,1,"La Villita
Individual Landmark
RIO-3
Downtown Design Area",Storage,Yes,,,10000,,,No,,,White ,,Woman ,,,,"San Antonio, TX",
770,1941.3,1941.NA.3,Public Art - Interior,Yes,,Ethel,Wilson Harris,Six Seals of Texas,Three Dimensional ,Miscellaneous,"Tile, steel","30"" x 42"" x 28""",Center City Development & Operations,Tile top table with metal support structure/legs depicting the six seals of flags of Texas. Colorful hand painted ceramic tile. 1 tile missing 52 tiles on metal support table.,"WPA Commission- Directed by Ethel Wilson Harris

Located at Bolivar Hall",,,1941.0,Donation,,La Villita,La Villita,418 Villita Street ,78205,-98.48854486199991,29.421337079000068,1,"La Villita
Individual Landmark
RIO-3
Downtown Design Area",Storage,Yes,,,10000,,,No,,,White ,,Woman ,,,,"San Antonio, TX",
771,1941.2,1941.NA.2,Public Art - Interior,Yes,,,,Ceramic Plates,Two Dimensional,Miscellaneous,Ceramic,"9"" (56)",Center City Development & Operations,"Hand painted and designed ceramic plates depicting plain colors, designs, names of locations and wildlife in various colors. 56 hand painted ceramic plates.","Created as part of the National Youth Administration program (NYA) the plates were made by Harding Black and his students 

Located at Bolivar Hall",,,1941.0,Donation,,La Villita,La Villita,418 Villita Street ,78205,-98.48854486199991,29.421337079000068,1,"La Villita
Individual Landmark
RIO-3
Downtown Design Area",Storage,Yes,,,5000,,,No,,,,,,,,,,
772,1941.1,1941.NA.1,Public Art - Interior,Yes,,Harding ,Black,Artisans at Work,Three Dimensional ,Miscellaneous,"Tile, steel","26"" x 38""",Center City Development & Operations,Tile top table with metal support structure/legs depicting artisans working at La Villita. 1 tile missing. 52 tiles on metal support table.,"Created by students as part of the National Youth Administration (NYA). Students drew and executed the tiles under the  supervision of Harding Black, and the tiles depict the work that the students accomplished.

Located at Bolivar Hall",,,1941.0,Donation,,La Villita,La Villita,418 Villita Street ,78205,-98.48854486199991,29.421337079000068,1,"La Villita
Individual Landmark
RIO-3
Downtown Design Area",Storage,Yes,,,10000,,,No,,,,,,,,,,
773,1936.2,1936.NA.2,Public Art - Exterior,Yes,,,,Sunken Garden Theater Monument,Three Dimensional ,Monument / Memorial,"Concrete, steel","stone, bronze",Parks & Recreation,Monument below the Sunken Garden entrance sign. Probably installed at the same time- Pioneer Hall,"""In memory of the heroes of the Texas Revolution, 1986-1936""",,,1936.0,Donation,,Parks ,Brackenridge Park,3805 Broadway,78209,-98.46724,29.46193,2,"RIO-1 
Individual Landmark",Outdoor - Display,Yes,,,75000,,,No,,,,,,,,,,
774,1935.1,1935.NA.1,Public Art - Exterior,Yes,,,,George Washington Tree Dedication,Two Dimensional,Plaque / Marker,,,Parks & Recreation,Stone with bronze plaque,,,,,Donation,,Parks ,San Pedro Springs Park,1315 San Pedro Ave,78212,-98.50162289299993,29.44690490100004,1,Individual Landmark,Outdoor - Display,Yes,,,5000,,,No,,,,,,,,,,
775,1932.2,1932.NA.2,Public Art - Interior,Yes,,,,Putting Green & Golfer with Putter,Two Dimensional,Painting,Paint,,Parks & Recreation,Painting with two golfers playing,Brackenridge Park Clubhouse,,,1932.0,Donation,,Parks ,Brackenridge Park,2315 Avenue B,78215,-98.47683999999992,29.44941300000005,1,"RIO-1 
Individual Landmark",Indoor - Restricted,Yes,,,5000,,,No,,,,,,,,,,
776,1932.1,1932.NA.1,Public Art - Exterior,Yes,,,,Colonel Henry Wax Karnes,Two Dimensional,Plaque / Marker,"Metal, stone, red granite",,Parks & Recreation,stone/red granite scultpure with bronze plaque commemorating henry Wax Karnes.,"Erected by the state of Texas.A monument to Karnes was erected in 1932 in Milam Park as this was the closest to his grave that the city knew of(2)"" Karnes was just shy of being 28 years old when he died in San Antonio. This monolithic memorial to Karnes is located in the northwest corner of Milam Park, near the intersection of W. Houston Street and N. San Saba Street. It is a metal plaque mounted on a rectangular red granite stone about 3 feet high. ",,,1932.0,Donation,,Parks ,Milam Park,500 West Commerce,78207,-98.499706,29.426219,1,Downtown Design Area,Outdoor - Display,Yes,,,10000,,,No,,,,,,,,,,
777,1927.1,1927.NA.1,Public Art - Exterior,Yes,,,,Battle of Mission Concepcion,Two Dimensional,Plaque / Marker,marble,,Parks & Recreation,Erected by the DeZavala chapter of the Daughters of the Repulic of Texas,"located in Concepcion Park, east",,,1927.0,Donation,,Parks ,Concepcion Park,682 E. Theo Ave,78210,-98.4960533339999,29.38980766600008,3,,Storage,Yes,,,10000,,,No,,,,,,,,,,
778,1924.1,1924.NA.1,Public Art - Exterior,Yes,,,,They were True,Three Dimensional ,Monument / Memorial,,,Parks & Recreation,Artwork donated by Pioneer Freighters Association,,,1924,1924.0,Donation,,Parks ,San Pedro Springs Park,1315 San Pedro Ave,78212,-98.50162289299993,29.44690490100004,1,Individual Landmark,Outdoor - Display,Yes,,,5000,,,No,,,,,,,,,,
779,1923.2,1923.NA.2,Public Art - Interior,Yes,,,,"Queenie, Dog Portrait",Two Dimensional,Painting,Paint,,Parks & Recreation,Painting of a dog,Brackenridge Park Clubhouse,,,,Donation,,Parks ,Brackenridge Park,2315 Avenue B,78215,-98.47683999999992,29.44941300000005,1,"RIO-1 
Individual Landmark",Indoor - Restricted,Yes,,,5000,,,No,,,,,,,,,,
780,1923.1,1923.NA.1,Public Art - Interior,Yes,,,,Image of Caddy with Bag,Two Dimensional,Painting,Paint,,Parks & Recreation,Painting with golfer standing,Brackenridge Park Clubhouse,,,1923.0,Donation,,Parks ,Brackenridge Park,2315 Avenue B,78215,-98.47683999999992,29.44941300000005,1,"RIO-1 
Individual Landmark",Indoor - Restricted,Yes,,,5000,,,No,,,,,,,,,,
